customer_id,total_orders,total_revenue,total_profit,avg_order_value,first_order_date,last_order_date,is_repeat_customer,clv,clv_segment
1,30,213026.68,71108.49,7100.889333333332,2022-01-23,2024-12-06,True,213026.68,High Value
2,33,271013.05,91441.22,8212.516666666668,2022-01-02,2024-11-26,True,271013.05,High Value
3,39,456300.95,111865.57,11700.02435897436,2022-02-18,2024-12-10,True,456300.95,High Value
4,30,307898.27,69539.17000000001,10263.275666666665,2022-01-17,2024-12-14,True,307898.27,High Value
5,25,316936.03,81044.36,12677.441200000001,2022-01-14,2024-11-14,True,316936.03,High Value
6,37,439693.04,112089.28,11883.595675675673,2022-01-08,2024-12-16,True,439693.04,High Value
7,34,263219.05,85968.20999999999,7741.736764705882,2022-02-21,2024-12-04,True,263219.05,High Value
8,29,344445.56,103771.85999999999,11877.433103448277,2022-02-08,2024-11-10,True,344445.56,High Value
9,31,253783.91999999998,74811.81,8186.578064516129,2022-02-28,2024-12-28,True,253783.92,High Value
10,30,281946.56,92136.79000000001,9398.21866666667,2022-02-02,2024-12-29,True,281946.56,High Value
11,36,329375.44,92696.18,9149.317777777778,2022-01-14,2024-12-26,True,329375.44,High Value
12,31,243278.07,89983.44,7847.679677419356,2022-01-28,2024-10-17,True,243278.07,High Value
13,35,257470.9,84434.88,7356.311428571429,2022-05-13,2024-12-14,True,257470.9,High Value
14,26,256112.63,66088.48,9850.485769230769,2022-02-23,2024-10-14,True,256112.63,High Value
15,39,562502.28,130652.3,14423.135384615382,2022-02-07,2024-12-07,True,562502.28,High Value
16,30,472000.02999999997,107518.23,15733.334333333334,2022-05-11,2024-12-27,True,472000.03,High Value
17,36,618437.57,135999.33000000002,17178.82138888889,2022-01-11,2024-12-18,True,618437.57,High Value
18,29,290520.68,75743.24,10017.954482758623,2022-01-07,2024-12-29,True,290520.68,High Value
19,30,397189.76,93494.89,13239.658666666668,2022-02-08,2024-12-30,True,397189.76,High Value
20,30,229120.71,74762.28,7637.356999999999,2022-01-16,2024-12-13,True,229120.71,High Value
21,34,482055.38,106386.12999999999,14178.099411764706,2022-01-05,2024-12-31,True,482055.38,High Value
22,33,324463.33999999997,87460.39,9832.222424242425,2022-05-21,2024-12-11,True,324463.34,High Value
23,22,303068.43,69308.04000000001,13775.837727272727,2022-04-17,2024-12-25,True,303068.43,High Value
24,33,529437.6,108593.73999999999,16043.563636363635,2022-01-16,2024-12-30,True,529437.6,High Value
25,29,243474.89,76935.0,8395.685862068965,2022-01-04,2024-12-08,True,243474.89,High Value
26,28,276906.29,77145.35,9889.510357142859,2022-01-16,2024-12-18,True,276906.29,High Value
27,29,434860.95,105818.88999999998,14995.205172413793,2022-02-07,2024-12-22,True,434860.95,High Value
28,29,570409.73,116229.04000000001,19669.301034482756,2022-02-03,2024-12-05,True,570409.73,High Value
29,37,593385.17,132659.92000000004,16037.437027027025,2022-03-09,2024-10-16,True,593385.17,High Value
30,31,374529.51,107063.16,12081.597096774194,2022-01-08,2024-12-11,True,374529.51,High Value
31,24,151364.14,51163.4,6306.839166666668,2022-01-28,2024-12-27,True,151364.14,Mid Value
32,28,374694.41,100314.63,13381.943214285711,2022-05-04,2024-12-27,True,374694.41,High Value
33,35,650590.4500000001,153529.19,18588.298571428575,2022-01-07,2024-11-29,True,650590.45,High Value
34,31,211567.93,73202.39,6824.771935483872,2022-01-27,2024-11-03,True,211567.93,High Value
35,40,357532.82,101306.42,8938.3205,2022-01-14,2024-09-14,True,357532.82,High Value
36,26,209361.64,61960.740000000005,8052.37076923077,2022-01-23,2024-12-24,True,209361.64,High Value
37,27,241129.44,74464.52,8930.719999999998,2022-02-12,2024-12-27,True,241129.44,High Value
38,35,310104.2,88835.11,8860.119999999999,2022-02-22,2024-12-11,True,310104.2,High Value
39,40,695035.11,156338.75,17375.87775,2022-02-06,2024-12-22,True,695035.11,High Value
40,33,206002.72,63237.06,6242.506666666668,2022-02-23,2024-12-19,True,206002.72,High Value
41,27,315751.96,83509.95000000001,11694.517037037038,2022-03-16,2024-11-28,True,315751.96,High Value
42,26,193973.23,64114.9,7460.508846153846,2022-02-16,2024-10-13,True,193973.23,High Value
43,30,288840.63,74200.54000000001,9628.020999999999,2022-01-23,2024-12-23,True,288840.63,High Value
44,28,545930.83,106965.73000000003,19497.529642857146,2022-03-29,2024-12-23,True,545930.83,High Value
45,31,451166.93,99215.61000000002,14553.771935483874,2022-02-14,2024-12-22,True,451166.93,High Value
46,38,374010.04,93105.18999999999,9842.369473684212,2022-01-05,2024-10-10,True,374010.04,High Value
47,34,244387.9,78914.88,7187.879411764707,2022-04-08,2024-12-20,True,244387.9,High Value
48,41,517278.3,135445.44,12616.543902439023,2022-01-18,2024-12-30,True,517278.3,High Value
49,34,313411.64999999997,100479.90999999999,9217.989705882354,2022-01-16,2024-10-22,True,313411.65,High Value
50,23,802268.9099999999,142059.16999999998,34881.25695652173,2022-01-08,2024-11-25,True,802268.91,High Value
51,36,682010.61,145227.72,18944.739166666666,2022-01-02,2024-12-04,True,682010.61,High Value
52,33,295622.56,97494.14,8958.259393939396,2022-02-25,2024-12-27,True,295622.56,High Value
53,32,427498.78,113116.74,13359.336874999999,2022-01-08,2024-11-06,True,427498.78,High Value
54,34,180066.37,69940.45,5296.0697058823525,2022-01-23,2024-11-22,True,180066.37,High Value
55,21,143953.88,45687.840000000004,6854.946666666667,2022-01-15,2024-12-20,True,143953.88,Mid Value
56,31,482432.61,120497.98999999999,15562.342258064515,2022-01-30,2024-11-14,True,482432.61,High Value
57,39,477780.78,108412.43000000001,12250.789230769231,2022-01-08,2024-12-28,True,477780.78,High Value
58,31,313104.07,94348.34,10100.13129032258,2022-01-03,2024-12-17,True,313104.07,High Value
59,28,372792.42,79915.6,13314.015,2022-01-05,2024-12-31,True,372792.42,High Value
60,29,340300.96,112965.34,11734.515862068962,2022-06-25,2024-12-22,True,340300.96,High Value
61,27,404233.26,105168.31,14971.60222222222,2022-01-27,2024-12-08,True,404233.26,High Value
62,31,694335.15,165594.0,22397.908064516127,2022-03-13,2024-12-06,True,694335.15,High Value
63,28,206081.25,69301.95,7360.044642857143,2022-01-20,2024-12-17,True,206081.25,High Value
64,35,249630.39,70468.8,7132.296857142857,2022-03-16,2024-11-05,True,249630.39,High Value
65,31,328484.28,79524.34999999999,10596.267096774192,2022-02-26,2024-12-20,True,328484.28,High Value
66,19,268456.05,65483.29000000001,14129.265789473684,2022-02-03,2024-10-20,True,268456.05,High Value
67,20,168241.6,59160.21,8412.079999999998,2022-01-05,2024-10-19,True,168241.6,High Value
68,24,262051.18000000002,71554.51000000001,10918.799166666666,2022-01-03,2024-11-07,True,262051.18,High Value
69,28,623067.92,128010.42999999998,22252.425714285713,2022-01-09,2024-11-28,True,623067.92,High Value
70,41,548512.43,137630.6,13378.35195121951,2022-01-03,2024-10-06,True,548512.43,High Value
71,27,405825.67,94376.94,15030.580370370371,2022-04-07,2024-11-23,True,405825.67,High Value
72,22,143371.33,53573.3,6516.878636363637,2022-04-29,2024-11-01,True,143371.33,Mid Value
73,28,279128.27999999997,88736.48999999999,9968.867142857143,2022-01-10,2024-11-12,True,279128.28,High Value
74,27,197816.6,72397.02,7326.54074074074,2022-02-02,2024-10-22,True,197816.6,High Value
75,28,631538.12,139396.13999999998,22554.932857142856,2022-02-21,2024-12-18,True,631538.12,High Value
76,25,226490.13,63913.59000000002,9059.6052,2022-03-06,2024-07-07,True,226490.13,High Value
77,33,572102.87,128948.37999999999,17336.450606060607,2022-04-06,2024-12-27,True,572102.87,High Value
78,30,510068.14999999997,106068.39,17002.271666666664,2022-01-23,2024-11-29,True,510068.15,High Value
79,28,121810.64,50914.78,4350.38,2022-01-30,2024-12-19,True,121810.64,Mid Value
80,32,300534.38,92364.1,9391.699375,2022-03-08,2024-11-07,True,300534.38,High Value
81,31,449993.7,104935.84000000001,14515.925806451613,2022-01-21,2024-12-20,True,449993.7,High Value
82,28,546597.6,108931.22000000002,19521.342857142856,2022-01-02,2024-10-05,True,546597.6,High Value
83,25,422431.25,97469.24,16897.249999999996,2022-05-10,2024-11-26,True,422431.25,High Value
84,38,381581.25,109294.0,10041.611842105265,2022-01-08,2024-12-30,True,381581.25,High Value
85,25,171571.52,64411.58,6862.8608,2022-01-10,2024-12-28,True,171571.52,High Value
86,30,375393.94,90217.59,12513.13133333333,2022-01-27,2024-08-03,True,375393.94,High Value
87,29,302958.36,78041.45999999999,10446.839999999998,2022-01-27,2024-12-22,True,302958.36,High Value
88,34,192047.97,69756.14,5648.469705882352,2022-04-16,2024-12-25,True,192047.97,High Value
89,35,341138.63,102564.27,9746.818,2022-02-11,2024-10-08,True,341138.63,High Value
90,45,680753.41,171416.25,15127.853555555555,2022-01-26,2024-12-03,True,680753.41,High Value
91,38,636469.0399999999,143730.46,16749.18526315789,2022-02-05,2024-11-22,True,636469.04,High Value
92,28,309085.02999999997,86412.44,11038.751071428573,2022-02-23,2024-11-30,True,309085.03,High Value
93,20,257956.05,55727.170000000006,12897.8025,2022-01-19,2024-11-30,True,257956.05,High Value
94,31,444324.3,110542.15999999999,14333.04193548387,2022-01-28,2024-12-13,True,444324.3,High Value
95,27,268241.05,86489.48999999999,9934.853703703704,2022-01-19,2024-12-27,True,268241.05,High Value
96,36,332946.25,92173.77,9248.506944444445,2022-01-09,2024-12-03,True,332946.25,High Value
97,29,395333.27,98053.56,13632.181724137932,2022-01-30,2024-11-15,True,395333.27,High Value
98,29,180882.66,68126.89,6237.333103448276,2022-02-15,2024-10-25,True,180882.66,High Value
99,34,285573.17,76904.3,8399.210882352942,2022-02-20,2024-12-22,True,285573.17,High Value
100,33,241240.47,81457.73,7310.317272727272,2022-01-20,2024-12-12,True,241240.47,High Value
101,30,211114.57,64416.689999999995,7037.1523333333325,2022-01-09,2024-12-25,True,211114.57,High Value
102,31,285386.1,100658.09,9206.003225806451,2022-04-01,2024-12-29,True,285386.1,High Value
103,39,644432.47,145723.08,16523.909487179488,2022-01-19,2024-12-09,True,644432.47,High Value
104,28,829192.81,153411.41999999998,29614.028928571428,2022-01-06,2024-12-14,True,829192.81,High Value
105,36,429954.48,108531.43999999999,11943.18,2022-02-10,2024-10-06,True,429954.48,High Value
106,39,528243.22,138686.1,13544.697948717949,2022-01-02,2024-11-30,True,528243.22,High Value
107,28,355902.31,100699.09,12710.796785714283,2022-02-13,2024-11-12,True,355902.31,High Value
108,21,241339.24,67265.95999999999,11492.344761904762,2022-01-23,2024-11-27,True,241339.24,High Value
109,30,690177.16,142366.06,23005.905333333336,2022-01-14,2024-10-08,True,690177.16,High Value
110,29,345234.67,80654.90999999999,11904.643793103445,2022-01-04,2024-09-02,True,345234.67,High Value
111,34,577011.51,134214.74000000002,16970.92676470588,2022-02-01,2024-11-26,True,577011.51,High Value
112,38,551873.1,136897.32,14522.976315789472,2022-01-03,2024-12-20,True,551873.1,High Value
113,24,107617.84,44062.42,4484.076666666667,2022-03-23,2024-12-26,True,107617.84,Mid Value
114,41,440364.29,134797.2,10740.59243902439,2022-01-01,2024-12-12,True,440364.29,High Value
115,29,400924.52999999997,105341.7,13824.983793103449,2022-01-20,2024-12-09,True,400924.53,High Value
116,36,684904.84,145845.96,19025.134444444444,2022-01-10,2024-12-03,True,684904.84,High Value
117,36,373933.57,92308.79999999999,10387.043611111112,2022-01-01,2024-12-31,True,373933.57,High Value
118,34,328163.62,93982.54,9651.87117647059,2022-01-04,2024-12-05,True,328163.62,High Value
119,31,546374.58,131823.68,17624.9864516129,2022-01-26,2024-11-11,True,546374.58,High Value
120,35,336006.89,95375.39,9600.196857142855,2022-01-26,2024-09-16,True,336006.89,High Value
121,28,381397.69,90506.59000000001,13621.346071428572,2022-02-20,2024-11-26,True,381397.69,High Value
122,22,515442.56999999995,106167.18999999999,23429.207727272726,2022-02-15,2024-09-22,True,515442.57,High Value
123,24,137765.74,48841.99,5740.239166666666,2022-01-03,2024-12-26,True,137765.74,Mid Value
124,28,178560.76,57823.8,6377.169999999999,2022-02-06,2024-11-23,True,178560.76,High Value
125,24,345617.01,87958.03,14400.70875,2022-01-05,2024-12-26,True,345617.01,High Value
126,20,130232.05,45261.51,6511.602500000001,2022-02-13,2024-10-01,True,130232.05,Mid Value
127,29,519179.55999999994,114271.48999999999,17902.74344827586,2022-02-05,2024-07-25,True,519179.56,High Value
128,37,326138.93,107129.29000000001,8814.565675675674,2022-01-14,2024-12-02,True,326138.93,High Value
129,25,614069.16,126670.07999999999,24562.7664,2022-01-03,2024-11-27,True,614069.16,High Value
130,24,367884.56,87782.41,15328.52333333333,2022-01-17,2024-10-08,True,367884.56,High Value
131,45,551308.65,143137.48,12251.303333333333,2022-04-27,2024-12-27,True,551308.65,High Value
132,27,177724.01,66587.67,6582.370740740742,2022-01-29,2024-12-24,True,177724.01,High Value
133,30,138810.48,49976.939999999995,4627.016,2022-03-14,2024-12-07,True,138810.48,Mid Value
134,27,289265.18,82614.90999999999,10713.525185185183,2022-01-18,2024-12-24,True,289265.18,High Value
135,31,280468.42,79545.68000000001,9047.368387096774,2022-01-12,2024-11-09,True,280468.42,High Value
136,30,266700.75,86925.01000000001,8890.025,2022-01-31,2024-11-03,True,266700.75,High Value
137,34,587561.91,147909.88,17281.23264705882,2022-01-02,2024-12-20,True,587561.91,High Value
138,32,318824.62,95392.82,9963.269375,2022-01-10,2024-11-08,True,318824.62,High Value
139,24,177639.38,51917.22,7401.640833333334,2022-02-03,2024-12-28,True,177639.38,High Value
140,34,453181.35,117111.34999999999,13328.863235294117,2022-02-03,2024-12-31,True,453181.35,High Value
141,37,324129.0,98025.90000000001,8760.243243243243,2022-01-08,2024-12-25,True,324129.0,High Value
142,25,136268.23,44836.43,5450.729199999999,2022-04-14,2024-10-28,True,136268.23,Mid Value
143,28,544989.4400000001,113850.12,19463.90857142857,2022-01-12,2024-10-31,True,544989.44,High Value
144,35,532533.91,126752.95,15215.254571428572,2022-04-20,2024-12-14,True,532533.91,High Value
145,28,469166.06,104310.55000000002,16755.930714285718,2022-01-04,2024-10-16,True,469166.06,High Value
146,30,215005.76,74093.97,7166.858666666666,2022-07-20,2024-12-10,True,215005.76,High Value
147,32,564701.8099999999,128107.83,17646.931562499998,2022-02-09,2024-12-24,True,564701.81,High Value
148,24,291756.26,77993.21,12156.510833333334,2022-04-29,2024-12-12,True,291756.26,High Value
149,32,272270.2,82633.19,8508.44375,2022-01-23,2024-11-24,True,272270.2,High Value
150,36,395590.79,96442.91000000002,10988.633055555556,2022-01-08,2024-10-09,True,395590.79,High Value
151,25,153372.71,49608.68,6134.908399999998,2022-01-27,2024-10-16,True,153372.71,Mid Value
152,24,178226.0,58796.29,7426.083333333333,2022-01-07,2024-12-05,True,178226.0,High Value
153,24,410866.83999999997,92240.2,17119.45166666667,2022-02-20,2024-11-12,True,410866.84,High Value
154,28,461464.72,100756.01999999999,16480.882857142857,2022-01-26,2024-12-11,True,461464.72,High Value
155,30,420424.37,100806.42000000001,14014.145666666665,2022-03-24,2024-10-15,True,420424.37,High Value
156,31,263593.75,88617.67,8503.024193548386,2022-01-28,2024-12-22,True,263593.75,High Value
157,29,413882.56,107561.9,14271.8124137931,2022-01-26,2024-12-14,True,413882.56,High Value
158,28,536620.25,120965.15999999999,19165.008928571428,2022-03-26,2024-08-20,True,536620.25,High Value
159,28,124901.53,54009.71,4460.768928571429,2022-04-02,2024-12-29,True,124901.53,Mid Value
160,37,419569.65,114587.58000000002,11339.72027027027,2022-03-10,2024-12-16,True,419569.65,High Value
161,26,258935.11,85985.6,9959.042692307692,2022-01-07,2024-11-06,True,258935.11,High Value
162,32,400680.83999999997,106054.59,12521.276249999999,2022-01-06,2024-12-28,True,400680.84,High Value
163,22,359721.07,87409.40000000001,16350.957727272726,2022-02-12,2024-11-09,True,359721.07,High Value
164,42,722436.95,167514.41,17200.879761904762,2022-01-29,2024-12-13,True,722436.95,High Value
165,34,409193.61,116457.72,12035.10617647059,2022-01-05,2024-12-23,True,409193.61,High Value
166,22,379119.85,83044.29,17232.72045454545,2022-01-15,2024-11-04,True,379119.85,High Value
167,33,307886.73,91317.01999999999,9329.90090909091,2022-01-19,2024-12-31,True,307886.73,High Value
168,32,456985.03,123958.46000000002,14280.7821875,2022-01-02,2024-12-18,True,456985.03,High Value
169,30,209947.78,66236.01000000001,6998.259333333335,2022-01-21,2024-12-29,True,209947.78,High Value
170,35,872199.84,170251.46999999997,24919.995428571427,2022-01-28,2024-12-29,True,872199.84,High Value
171,33,228274.87,75969.19,6917.420303030303,2022-01-03,2024-10-10,True,228274.87,High Value
172,31,223820.09,77035.42,7220.002903225805,2022-02-04,2024-10-31,True,223820.09,High Value
173,30,338315.08,99055.84,11277.169333333331,2022-01-14,2024-12-09,True,338315.08,High Value
174,40,590304.2,141954.61000000002,14757.605,2022-01-03,2024-11-27,True,590304.2,High Value
175,25,195649.83,73635.95,7825.9932,2022-01-12,2024-10-21,True,195649.83,High Value
176,25,968398.39,176211.78999999998,38735.9356,2022-03-25,2024-11-22,True,968398.39,High Value
177,35,208667.21,72293.75,5961.9202857142855,2022-01-27,2024-11-23,True,208667.21,High Value
178,35,367299.97,93695.62999999999,10494.284857142859,2022-02-06,2024-12-12,True,367299.97,High Value
179,25,173937.23,64203.85,6957.4892,2022-01-17,2024-11-18,True,173937.23,High Value
180,29,257927.74,71370.17,8894.06,2022-01-08,2024-12-30,True,257927.74,High Value
181,38,261020.53,91493.44,6868.961315789474,2022-01-03,2024-12-08,True,261020.53,High Value
182,36,358377.29,105915.61,9954.92472222222,2022-02-22,2024-10-16,True,358377.29,High Value
183,30,386731.64999999997,101803.14,12891.054999999998,2022-01-08,2024-12-25,True,386731.65,High Value
184,35,182291.19,59232.11,5208.319714285714,2022-01-10,2024-12-03,True,182291.19,High Value
185,38,397696.17,111774.57999999999,10465.688684210525,2022-01-26,2024-12-14,True,397696.17,High Value
186,26,219358.6,75620.62000000001,8436.869230769229,2022-01-01,2024-12-23,True,219358.6,High Value
187,28,282661.56,81441.36,10095.055714285714,2022-02-17,2024-12-16,True,282661.56,High Value
188,31,214886.7,73058.33,6931.829032258064,2022-02-06,2024-10-06,True,214886.7,High Value
189,24,164418.83,60428.689999999995,6850.784583333333,2022-01-01,2024-12-09,True,164418.83,Mid Value
190,29,517391.83999999997,120414.83,17841.09793103448,2022-01-21,2024-12-02,True,517391.84,High Value
191,28,537433.15,112992.88,19194.04107142857,2022-03-17,2024-10-08,True,537433.15,High Value
192,37,592026.19,131556.16999999998,16000.70783783784,2022-01-22,2024-12-24,True,592026.19,High Value
193,27,142655.66,52444.27,5283.542962962963,2022-03-21,2024-12-19,True,142655.66,Mid Value
194,24,275383.54,73331.29000000001,11474.314166666669,2022-02-08,2024-10-01,True,275383.54,High Value
195,30,404251.04,88517.0,13475.03466666667,2022-02-09,2024-12-31,True,404251.04,High Value
196,27,158318.87,55983.83,5863.661851851852,2022-02-23,2024-12-21,True,158318.87,Mid Value
197,30,457702.69,111390.68,15256.756333333333,2022-03-09,2024-11-09,True,457702.69,High Value
198,37,633627.6,135514.16,17125.070270270266,2022-03-08,2024-09-26,True,633627.6,High Value
199,36,559144.09,137558.47,15531.780277777776,2022-01-25,2024-12-19,True,559144.09,High Value
200,33,335499.78,88506.40999999999,10166.660000000002,2022-01-03,2024-12-24,True,335499.78,High Value
201,31,559097.72,116709.83,18035.41032258064,2022-01-07,2024-12-15,True,559097.72,High Value
202,37,490628.77999999997,118327.1,13260.237297297297,2022-01-09,2024-11-29,True,490628.78,High Value
203,32,434660.06,117107.14,13583.126875,2022-02-11,2024-12-12,True,434660.06,High Value
204,24,455177.36,97884.30999999998,18965.72333333333,2022-01-06,2024-12-21,True,455177.36,High Value
205,28,297122.15,89919.37,10611.505357142856,2022-02-14,2024-10-30,True,297122.15,High Value
206,22,412762.7,94556.35,18761.94090909091,2022-04-17,2024-10-25,True,412762.7,High Value
207,33,530117.23,115690.56,16064.158484848484,2022-01-10,2024-12-23,True,530117.23,High Value
208,33,437814.55,117940.86,13267.107575757576,2022-02-09,2024-12-22,True,437814.55,High Value
209,36,784193.7999999999,162677.69999999998,21783.161111111112,2022-02-19,2024-12-11,True,784193.8,High Value
210,34,358758.04,107465.68,10551.70705882353,2022-02-23,2024-12-13,True,358758.04,High Value
211,34,265753.22000000003,79582.24,7816.271176470589,2022-01-03,2024-12-12,True,265753.22,High Value
212,36,516406.41,108882.93000000001,14344.6225,2022-02-28,2024-12-31,True,516406.41,High Value
213,18,100138.43000000001,40740.479999999996,5563.246111111111,2022-01-01,2024-11-25,True,100138.43,Mid Value
214,20,286284.25,64971.770000000004,14314.2125,2022-03-08,2024-12-28,True,286284.25,High Value
215,30,374888.4,95768.95000000001,12496.28,2022-01-05,2024-12-29,True,374888.4,High Value
216,24,158985.45,63586.15,6624.39375,2022-01-02,2024-11-22,True,158985.45,Mid Value
217,31,365838.25,84357.52,11801.233870967744,2022-04-20,2024-10-31,True,365838.25,High Value
218,22,631791.91,121578.07,28717.81409090909,2022-01-31,2024-12-17,True,631791.91,High Value
219,31,180921.93,70667.14,5836.191290322581,2022-01-02,2024-10-23,True,180921.93,High Value
220,23,265624.78,75820.55000000002,11548.90347826087,2022-05-21,2024-09-19,True,265624.78,High Value
221,38,860510.1,181339.33,22645.002631578944,2022-06-03,2024-11-30,True,860510.1,High Value
222,28,223026.84,64727.76,7965.244285714284,2022-02-12,2024-12-13,True,223026.84,High Value
223,34,411634.97000000003,121896.99,12106.91088235294,2022-01-20,2024-12-14,True,411634.97,High Value
224,32,347638.35,94029.93999999999,10863.6984375,2022-01-07,2024-12-04,True,347638.35,High Value
225,35,496121.51,122939.82999999999,14174.900285714286,2022-02-02,2024-12-24,True,496121.51,High Value
226,35,299826.44,84803.99000000002,8566.469714285715,2022-02-18,2024-09-23,True,299826.44,High Value
227,36,418224.43,97016.29000000001,11617.345277777778,2022-01-28,2024-12-15,True,418224.43,High Value
228,23,172221.64,55575.78999999999,7487.897391304347,2022-02-06,2024-12-25,True,172221.64,High Value
229,32,501571.63,121962.01999999999,15674.113437499998,2022-01-16,2024-11-10,True,501571.63,High Value
230,40,488195.33999999997,126977.37,12204.8835,2022-02-22,2024-12-23,True,488195.34,High Value
231,33,215766.75,79904.58,6538.386363636364,2022-01-08,2024-12-18,True,215766.75,High Value
232,30,351081.54,76422.61,11702.717999999999,2022-02-01,2024-12-08,True,351081.54,High Value
233,22,155207.41,43016.73,7054.882272727275,2022-01-01,2024-11-06,True,155207.41,Mid Value
234,19,216518.62,61728.43,11395.716842105265,2022-03-10,2024-08-09,True,216518.62,High Value
235,24,190546.22,56508.35,7939.425833333334,2022-02-10,2024-11-22,True,190546.22,High Value
236,23,304474.45,75736.12999999999,13238.01956521739,2022-01-07,2024-12-06,True,304474.45,High Value
237,29,263950.28,81390.13,9101.733793103449,2022-01-01,2024-12-02,True,263950.28,High Value
238,22,319717.82,79926.03000000001,14532.62818181818,2022-03-13,2024-08-17,True,319717.82,High Value
239,40,821089.89,159119.77999999997,20527.24725,2022-01-07,2024-12-26,True,821089.89,High Value
240,25,457820.27999999997,103871.19,18312.8112,2022-01-05,2024-12-18,True,457820.28,High Value
241,34,520513.83999999997,133975.87,15309.230588235296,2022-02-04,2024-12-28,True,520513.84,High Value
242,33,273404.71,80863.62,8284.991212121211,2022-01-12,2024-07-13,True,273404.71,High Value
243,22,301372.44,80934.11000000002,13698.747272727276,2022-06-24,2024-12-30,True,301372.44,High Value
244,24,156935.5,56045.25,6538.979166666667,2022-02-22,2024-11-02,True,156935.5,Mid Value
245,27,324757.81,77404.6,12028.06703703704,2022-04-11,2024-12-14,True,324757.81,High Value
246,30,124241.18000000001,44509.75,4141.372666666667,2022-01-12,2024-12-31,True,124241.18,Mid Value
247,33,1111204.97,209875.81,33672.877878787884,2022-03-02,2024-12-20,True,1111204.97,High Value
248,38,382713.21,92186.14000000001,10071.400263157895,2022-01-08,2024-12-18,True,382713.21,High Value
249,20,278795.37,70747.35000000002,13939.768499999996,2022-01-03,2024-10-25,True,278795.37,High Value
250,37,549844.59,120058.34999999999,14860.664594594591,2022-02-18,2024-12-26,True,549844.59,High Value
251,28,533163.03,139808.87,19041.53678571429,2022-02-14,2024-12-16,True,533163.03,High Value
252,30,466349.55,106953.87000000001,15544.984999999999,2022-02-22,2024-12-29,True,466349.55,High Value
253,31,367070.8,107861.18000000001,11840.993548387094,2022-04-15,2024-12-11,True,367070.8,High Value
254,27,285333.58,83631.4,10567.910370370371,2022-03-08,2024-12-15,True,285333.58,High Value
255,40,577592.23,140144.0,14439.80575,2022-01-03,2024-12-20,True,577592.23,High Value
256,27,251546.84,71299.53,9316.549629629628,2022-01-05,2024-12-03,True,251546.84,High Value
257,34,408014.19,101160.82,12000.417352941178,2022-02-09,2024-11-10,True,408014.19,High Value
258,38,564349.94,125250.82999999999,14851.314210526318,2022-01-01,2024-11-16,True,564349.94,High Value
259,33,347979.48,98078.22000000002,10544.832727272727,2022-02-02,2024-11-12,True,347979.48,High Value
260,31,524879.9299999999,120578.46999999999,16931.610645161287,2022-02-01,2024-12-20,True,524879.93,High Value
261,29,632313.34,126967.93,21803.908275862064,2022-01-29,2024-10-29,True,632313.34,High Value
262,35,316777.95999999996,95345.91,9050.798857142856,2022-01-03,2024-11-30,True,316777.96,High Value
263,37,569378.07,128077.57,15388.596486486485,2022-02-07,2024-10-28,True,569378.07,High Value
264,30,273955.79,77746.14,9131.859666666665,2022-04-13,2024-12-29,True,273955.79,High Value
265,22,155180.79,52664.560000000005,7053.672272727273,2022-01-30,2024-10-11,True,155180.79,Mid Value
266,28,275586.96,72967.69,9842.391428571429,2022-01-11,2024-12-10,True,275586.96,High Value
267,23,487567.92000000004,92449.49,21198.6052173913,2022-02-08,2024-12-09,True,487567.92,High Value
268,35,660468.86,151833.88,18870.538857142856,2022-01-03,2024-11-19,True,660468.86,High Value
269,29,128246.62,49364.6,4422.29724137931,2022-04-18,2024-12-29,True,128246.62,Mid Value
270,32,438705.65,108689.49,13709.5515625,2022-01-31,2024-12-11,True,438705.65,High Value
271,27,204006.52,73334.25,7555.797037037037,2022-01-17,2024-12-10,True,204006.52,High Value
272,26,603902.9099999999,125150.29999999999,23227.035,2022-01-06,2024-11-23,True,603902.91,High Value
273,18,389304.47,76992.40999999999,21628.02611111111,2022-02-28,2024-11-01,True,389304.47,High Value
274,38,862660.32,186889.19,22701.587368421053,2022-02-27,2024-10-08,True,862660.32,High Value
275,39,525376.33,122402.12999999999,13471.187948717949,2022-01-06,2024-12-13,True,525376.33,High Value
276,37,450590.09,104821.12,12178.110540540541,2022-01-28,2024-11-07,True,450590.09,High Value
277,33,452153.9,109865.02,13701.633333333331,2022-01-22,2024-12-27,True,452153.9,High Value
278,30,252198.78,81393.01999999999,8406.626,2022-02-16,2024-11-12,True,252198.78,High Value
279,31,238393.04,71912.43000000001,7690.098064516129,2022-01-28,2024-11-25,True,238393.04,High Value
280,28,341590.02,95393.98999999999,12199.64357142857,2022-01-04,2024-12-17,True,341590.02,High Value
281,38,656160.4,144489.7,17267.378947368423,2022-08-20,2024-12-28,True,656160.4,High Value
282,23,157546.84,56912.02,6849.862608695652,2022-01-17,2024-12-26,True,157546.84,Mid Value
283,38,259759.87,103512.43,6835.78605263158,2022-02-10,2024-12-21,True,259759.87,High Value
284,25,339506.46,82565.32,13580.258399999999,2022-01-27,2024-11-03,True,339506.46,High Value
285,30,387982.58999999997,97424.01999999999,12932.752999999997,2022-01-07,2024-11-09,True,387982.59,High Value
286,35,408805.12,104460.03,11680.146285714281,2022-01-03,2024-12-30,True,408805.12,High Value
287,36,286970.0,96696.36,7971.388888888889,2022-01-02,2024-10-28,True,286970.0,High Value
288,25,546244.22,103045.03,21849.768799999998,2022-03-03,2024-12-28,True,546244.22,High Value
289,40,537857.45,141238.16999999998,13446.436249999999,2022-01-03,2024-12-25,True,537857.45,High Value
290,24,289739.6,71352.84999999999,12072.483333333332,2022-01-12,2024-12-21,True,289739.6,High Value
291,24,136461.67,45627.14000000001,5685.902916666667,2022-01-18,2024-11-26,True,136461.67,Mid Value
292,38,410807.44,124480.24,10810.722105263156,2022-01-08,2024-12-31,True,410807.44,High Value
293,23,167747.76,47564.259999999995,7293.380869565217,2022-02-27,2024-12-31,True,167747.76,High Value
294,27,521112.37,114382.37000000001,19300.458148148147,2022-03-14,2024-10-23,True,521112.37,High Value
295,31,368787.05,94703.5,11896.356451612903,2022-01-18,2024-11-26,True,368787.05,High Value
296,24,457745.23,107309.90999999999,19072.717916666665,2022-01-11,2024-11-09,True,457745.23,High Value
297,35,181250.15,81133.38,5178.575714285715,2022-03-11,2024-11-13,True,181250.15,High Value
298,35,297337.11,93932.04,8495.346,2022-02-02,2024-12-22,True,297337.11,High Value
299,31,455740.55,107697.61,14701.308064516126,2022-01-26,2024-11-11,True,455740.55,High Value
300,20,173767.09999999998,55482.67,8688.355,2022-04-16,2024-12-14,True,173767.1,High Value
301,25,280667.2,71628.58,11226.688,2022-02-20,2024-10-31,True,280667.2,High Value
302,24,254545.38,62669.12,10606.0575,2022-03-25,2024-11-05,True,254545.38,High Value
303,26,356239.94,99286.67,13701.536153846151,2022-02-01,2024-12-29,True,356239.94,High Value
304,30,824604.8799999999,148246.61,27486.829333333335,2022-01-26,2024-12-15,True,824604.88,High Value
305,34,363163.81,105057.14,10681.288529411764,2022-02-18,2024-12-06,True,363163.81,High Value
306,37,318883.12,85625.16,8618.462702702702,2022-01-24,2024-11-27,True,318883.12,High Value
307,33,554900.55,124599.74000000002,16815.16818181818,2022-02-05,2024-10-13,True,554900.55,High Value
308,25,169023.53,60838.17999999999,6760.9412,2022-01-16,2024-08-27,True,169023.53,High Value
309,31,425959.14999999997,94463.98999999999,13740.617741935484,2022-02-11,2024-12-30,True,425959.15,High Value
310,41,551565.03,133917.62,13452.805609756098,2022-02-07,2024-10-19,True,551565.03,High Value
311,26,566041.51,119575.23,21770.827307692307,2022-01-22,2024-12-20,True,566041.51,High Value
312,27,447322.49999999994,94181.03000000001,16567.499999999996,2022-01-11,2024-12-29,True,447322.5,High Value
313,30,394281.57,106841.86000000002,13142.719000000001,2022-01-22,2024-12-21,True,394281.57,High Value
314,26,217872.63999999998,78313.65000000001,8379.716923076923,2022-02-11,2024-11-18,True,217872.64,High Value
315,25,220576.28,62600.06,8823.0512,2022-01-05,2024-12-29,True,220576.28,High Value
316,38,512884.98,127665.02,13496.97315789474,2022-01-16,2024-12-28,True,512884.98,High Value
317,26,510446.92999999993,95891.56999999999,19632.57423076923,2022-01-03,2024-12-08,True,510446.93,High Value
318,28,473178.99,115394.75000000001,16899.249642857143,2022-01-13,2024-11-28,True,473178.99,High Value
319,28,483914.25,110698.25,17282.651785714286,2022-01-21,2024-12-24,True,483914.25,High Value
320,33,272278.47,85161.22,8250.86272727273,2022-02-05,2024-12-31,True,272278.47,High Value
321,25,309703.39,75868.8,12388.135600000001,2022-01-07,2024-12-08,True,309703.39,High Value
322,29,139810.87,55476.63,4821.064482758621,2022-01-02,2024-12-27,True,139810.87,Mid Value
323,30,649852.41,135162.37,21661.746999999996,2022-01-27,2024-12-29,True,649852.41,High Value
324,37,586325.39,135359.74,15846.632162162163,2022-02-14,2024-12-18,True,586325.39,High Value
325,34,219810.6,72592.63,6465.017647058825,2022-02-21,2024-12-23,True,219810.6,High Value
326,32,512610.7,124235.10999999999,16019.084375,2022-01-13,2024-12-12,True,512610.7,High Value
327,41,453958.43,111485.26,11072.156829268293,2022-02-10,2024-11-08,True,453958.43,High Value
328,23,348697.5,77511.34999999999,15160.760869565218,2022-04-22,2024-11-21,True,348697.5,High Value
329,23,127934.90000000001,41108.16,5562.386956521741,2022-01-03,2024-11-08,True,127934.9,Mid Value
330,34,329006.76,111425.22,9676.669411764706,2022-01-06,2024-10-13,True,329006.76,High Value
331,41,376056.73,112002.69,9172.115365853659,2022-01-02,2024-12-22,True,376056.73,High Value
332,21,279589.66,70001.89,13313.793333333331,2022-01-04,2024-10-22,True,279589.66,High Value
333,34,344519.56,107403.42,10132.928235294117,2022-02-16,2024-12-17,True,344519.56,High Value
334,29,342118.45,87042.07000000002,11797.187931034481,2022-01-15,2024-11-09,True,342118.45,High Value
335,32,335736.93,89472.22,10491.7790625,2022-01-16,2024-11-21,True,335736.93,High Value
336,26,325343.85,83115.25,12513.224999999999,2022-04-04,2024-12-11,True,325343.85,High Value
337,42,978367.83,192332.66999999998,23294.472142857143,2022-01-17,2024-12-20,True,978367.83,High Value
338,28,174680.95,64625.2,6238.605357142857,2022-02-10,2024-11-02,True,174680.95,High Value
339,23,529196.45,110207.43999999999,23008.541304347826,2022-01-10,2024-11-22,True,529196.45,High Value
340,26,162180.92,56714.4,6237.727692307692,2022-01-10,2024-12-28,True,162180.92,Mid Value
341,40,769215.3099999999,179336.37,19230.382749999997,2022-01-01,2024-12-10,True,769215.31,High Value
342,23,270118.68,98365.66,11744.290434782612,2022-02-20,2024-11-06,True,270118.68,High Value
343,25,532751.54,103396.81999999999,21310.0616,2022-01-28,2024-11-24,True,532751.54,High Value
344,33,295644.95,98657.03,8958.937878787878,2022-01-23,2024-11-18,True,295644.95,High Value
345,32,337806.95999999996,89058.24,10556.467499999999,2022-01-13,2024-12-29,True,337806.96,High Value
346,31,306364.67,72882.20999999999,9882.731290322585,2022-01-09,2024-11-26,True,306364.67,High Value
347,27,487014.18,130115.87000000001,18037.562222222223,2022-02-07,2024-12-21,True,487014.18,High Value
348,32,366740.33,89628.45,11460.635312500002,2022-01-14,2024-12-06,True,366740.33,High Value
349,28,454181.81999999995,95293.18999999999,16220.779285714287,2022-01-03,2024-12-19,True,454181.82,High Value
350,31,174020.03,59199.560000000005,5613.54935483871,2022-01-25,2024-11-21,True,174020.03,High Value
351,26,211272.11000000002,70042.76000000001,8125.850384615385,2022-03-20,2024-10-16,True,211272.11,High Value
352,25,416588.56,89353.1,16663.5424,2022-02-03,2024-12-19,True,416588.56,High Value
353,30,201962.51,70298.26,6732.083666666667,2022-04-25,2024-12-21,True,201962.51,High Value
354,26,373979.71,95283.7,14383.835000000001,2022-01-07,2024-12-15,True,373979.71,High Value
355,37,243190.86000000002,85536.8,6572.725945945947,2022-01-05,2024-12-24,True,243190.86,High Value
356,37,535229.65,127429.53000000001,14465.666216216217,2022-01-04,2024-12-26,True,535229.65,High Value
357,39,451355.19,121075.50000000001,11573.210000000001,2022-01-09,2024-12-27,True,451355.19,High Value
358,20,84658.68,31162.499999999996,4232.933999999999,2022-01-14,2024-10-14,True,84658.68,Mid Value
359,24,193689.37999999998,53470.42,8070.390833333334,2022-01-03,2024-11-23,True,193689.38,High Value
360,31,135895.1,51583.439999999995,4383.712903225806,2022-01-04,2024-12-28,True,135895.1,Mid Value
361,31,525789.28,103646.07,16960.94451612903,2022-02-21,2024-10-27,True,525789.28,High Value
362,31,288540.07,86531.29,9307.744193548386,2022-02-04,2024-09-14,True,288540.07,High Value
363,46,346028.04,108237.03,7522.348695652175,2022-01-16,2024-12-31,True,346028.04,High Value
364,30,313313.64,86215.73000000001,10443.788000000002,2022-01-01,2024-11-15,True,313313.64,High Value
365,32,522100.45999999996,117800.93,16315.639374999999,2022-01-06,2024-12-30,True,522100.46,High Value
366,32,237500.21,81210.54,7421.881562500001,2022-01-23,2024-12-04,True,237500.21,High Value
367,19,646542.65,119698.31,34028.560526315785,2022-03-03,2024-12-29,True,646542.65,High Value
368,41,340721.29,119424.98,8310.275365853659,2022-01-10,2024-12-02,True,340721.29,High Value
369,21,366843.36,95118.92,17468.731428571427,2022-01-09,2024-12-25,True,366843.36,High Value
370,42,693727.35,162740.74,16517.317857142858,2022-01-03,2024-12-31,True,693727.35,High Value
371,26,168790.11,58663.649999999994,6491.927307692307,2022-02-07,2024-12-26,True,168790.11,High Value
372,27,205720.54,54987.509999999995,7619.2792592592605,2022-02-16,2024-11-27,True,205720.54,High Value
373,21,223524.93,69120.20999999999,10644.044285714286,2022-01-29,2024-11-01,True,223524.93,High Value
374,21,128428.01,51745.13,6115.619523809523,2022-07-04,2024-12-02,True,128428.01,Mid Value
375,26,314651.47000000003,89797.94,12101.979615384616,2022-01-10,2024-08-25,True,314651.47,High Value
376,23,295986.85,72539.56999999999,12868.99347826087,2022-04-25,2024-12-27,True,295986.85,High Value
377,28,816628.39,149153.75999999998,29165.29964285714,2022-01-01,2024-11-05,True,816628.39,High Value
378,35,260320.43,88443.62,7437.726571428571,2022-01-04,2024-12-13,True,260320.43,High Value
379,28,144764.21,61015.69,5170.150357142856,2022-03-20,2024-12-29,True,144764.21,Mid Value
380,27,298068.85,83067.89,11039.587037037038,2022-03-03,2024-11-15,True,298068.85,High Value
381,23,431871.15,91904.29999999999,18777.006521739127,2022-01-23,2024-12-23,True,431871.15,High Value
382,37,1062194.41,211992.27,28707.957027027023,2022-01-10,2024-12-14,True,1062194.41,High Value
383,31,292755.12,80225.35,9443.713548387099,2022-01-20,2024-10-19,True,292755.12,High Value
384,26,316238.82,96986.73,12163.031538461539,2022-05-06,2024-10-11,True,316238.82,High Value
385,16,108247.66,33780.8,6765.47875,2022-01-16,2024-12-04,True,108247.66,Mid Value
386,29,285223.14,77985.95999999999,9835.280689655174,2022-01-20,2024-11-18,True,285223.14,High Value
387,30,280427.81,79971.33,9347.593666666664,2022-02-19,2024-12-27,True,280427.81,High Value
388,21,127359.49,40921.670000000006,6064.737619047619,2022-01-12,2024-12-21,True,127359.49,Mid Value
389,26,332677.72,78999.64,12795.296923076921,2022-02-03,2024-12-23,True,332677.72,High Value
390,29,194933.72,72650.29,6721.852413793103,2022-01-03,2024-08-25,True,194933.72,High Value
391,26,535358.67,113763.55000000002,20590.71807692308,2022-02-17,2024-09-13,True,535358.67,High Value
392,22,238952.76,68402.28,10861.489090909092,2022-01-22,2024-12-07,True,238952.76,High Value
393,31,677961.95,134445.87,21869.740322580645,2022-01-04,2024-12-21,True,677961.95,High Value
394,29,422043.97,119618.62,14553.240344827587,2022-01-19,2024-12-01,True,422043.97,High Value
395,28,156918.99,58788.729999999996,5604.249642857142,2022-01-18,2024-11-10,True,156918.99,Mid Value
396,23,446763.76999999996,106275.37,19424.511739130434,2022-03-23,2024-11-23,True,446763.77,High Value
397,23,198111.09,54424.850000000006,8613.525652173914,2022-01-08,2024-10-20,True,198111.09,High Value
398,25,505254.22,121646.46999999999,20210.1688,2022-03-08,2024-12-11,True,505254.22,High Value
399,24,201274.48,53315.33,8386.436666666666,2022-03-05,2024-11-08,True,201274.48,High Value
400,29,492678.13,115026.71999999999,16988.90103448276,2022-01-18,2024-11-03,True,492678.13,High Value
401,37,176029.58,58900.810000000005,4757.556216216217,2022-01-20,2024-12-28,True,176029.58,High Value
402,24,154710.42,55008.63,6446.267500000001,2022-04-08,2024-12-31,True,154710.42,Mid Value
403,22,491841.64999999997,96032.22999999998,22356.438636363633,2022-03-12,2024-12-28,True,491841.65,High Value
404,24,272097.62,76636.37,11337.400833333333,2022-05-01,2024-12-01,True,272097.62,High Value
405,25,239228.66,69240.24,9569.1464,2022-02-15,2024-09-30,True,239228.66,High Value
406,34,380241.07999999996,105860.56999999999,11183.561176470588,2022-02-01,2024-12-12,True,380241.08,High Value
407,22,387412.96,97430.15999999999,17609.680000000004,2022-01-23,2024-08-23,True,387412.96,High Value
408,34,484968.42,129500.31,14263.77705882353,2022-01-23,2024-12-27,True,484968.42,High Value
409,28,374191.44,85383.72,13363.98,2022-02-01,2024-11-30,True,374191.44,High Value
410,24,149987.62,53385.19,6249.484166666666,2022-01-18,2024-12-07,True,149987.62,Mid Value
411,31,388028.98,112811.92,12517.06387096774,2022-02-01,2024-12-28,True,388028.98,High Value
412,33,246371.27,87576.1,7465.7960606060615,2022-01-19,2024-11-30,True,246371.27,High Value
413,31,567599.37,119081.97999999998,18309.657096774197,2022-02-01,2024-12-14,True,567599.37,High Value
414,33,226975.5,71883.41,6878.045454545455,2022-01-11,2024-11-29,True,226975.5,High Value
415,30,228928.55,79565.98,7630.951666666666,2022-01-11,2024-12-23,True,228928.55,High Value
416,28,365099.13,89809.6,13039.254642857146,2022-04-13,2024-09-19,True,365099.13,High Value
417,30,683104.1,145348.25,22770.136666666665,2022-04-01,2024-12-07,True,683104.1,High Value
418,34,694171.92,142601.47999999998,20416.82117647059,2022-01-26,2024-12-15,True,694171.92,High Value
419,31,281351.34,97124.85,9075.849677419355,2022-01-26,2024-11-06,True,281351.34,High Value
420,28,306902.76,94481.18,10960.812857142857,2022-01-24,2024-11-24,True,306902.76,High Value
421,37,239348.03,82250.25,6468.865675675675,2022-02-23,2024-12-25,True,239348.03,High Value
422,28,214062.15,64660.53,7645.0767857142855,2022-03-10,2024-10-09,True,214062.15,High Value
423,27,191106.55,62487.16,7078.02037037037,2022-03-01,2024-12-30,True,191106.55,High Value
424,31,576670.19,125708.16999999998,18602.26419354839,2022-01-28,2024-12-06,True,576670.19,High Value
425,38,323811.05,95915.95000000001,8521.34342105263,2022-01-01,2024-12-02,True,323811.05,High Value
426,28,498192.25,117949.91999999998,17792.58035714286,2022-01-31,2024-12-22,True,498192.25,High Value
427,26,423679.13,95122.56,16295.351153846152,2022-03-02,2024-09-18,True,423679.13,High Value
428,32,546582.0,110480.15999999999,17080.6875,2022-01-14,2024-10-07,True,546582.0,High Value
429,26,296809.61,71043.47,11415.754230769231,2022-01-12,2024-12-17,True,296809.61,High Value
430,34,351892.84,92455.15,10349.789411764705,2022-01-08,2024-11-07,True,351892.84,High Value
431,30,286813.08,78678.54000000002,9560.436,2022-01-26,2024-10-02,True,286813.08,High Value
432,28,398953.95,91720.51,14248.355357142858,2022-01-17,2024-12-22,True,398953.95,High Value
433,30,847731.45,163956.75999999998,28257.715000000004,2022-01-14,2024-12-31,True,847731.45,High Value
434,27,176052.59,58243.409999999996,6520.466296296297,2022-01-16,2024-11-18,True,176052.59,High Value
435,31,227566.5,77986.81,7340.854838709678,2022-01-07,2024-12-12,True,227566.5,High Value
436,23,575936.0599999999,107052.84,25040.69826086957,2022-01-11,2024-10-17,True,575936.06,High Value
437,24,221667.34,74884.07,9236.139166666666,2022-01-03,2024-09-04,True,221667.34,High Value
438,26,205410.55,67074.62,7900.40576923077,2022-01-21,2024-12-23,True,205410.55,High Value
439,35,417875.72,105972.10000000002,11939.306285714285,2022-02-06,2024-11-04,True,417875.72,High Value
440,21,389675.01999999996,85337.65,18555.953333333327,2022-01-18,2024-09-20,True,389675.02,High Value
441,27,224488.25,96243.89,8314.37962962963,2022-02-24,2024-11-24,True,224488.25,High Value
442,35,573163.28,125490.09,16376.093714285715,2022-01-06,2024-11-18,True,573163.28,High Value
443,28,143051.22,51400.37,5108.972142857142,2022-02-09,2024-12-20,True,143051.22,Mid Value
444,50,494926.69,146072.27000000002,9898.5338,2022-01-07,2024-12-22,True,494926.69,High Value
445,29,246374.38,76968.29000000001,8495.66827586207,2022-02-21,2024-11-28,True,246374.38,High Value
446,34,518849.35000000003,112678.43,15260.275,2022-01-13,2024-12-30,True,518849.35,High Value
447,34,648230.48,153423.62,19065.602352941172,2022-01-28,2024-12-06,True,648230.48,High Value
448,18,144837.87,34694.2,8046.548333333331,2022-02-02,2024-12-01,True,144837.87,Mid Value
449,25,205882.69,58293.310000000005,8235.3076,2022-02-11,2024-12-10,True,205882.69,High Value
450,36,423263.53,110314.42,11757.320277777777,2022-01-22,2024-10-30,True,423263.53,High Value
451,30,270227.34,67412.96,9007.578000000001,2022-02-27,2024-12-13,True,270227.34,High Value
452,27,319647.6,76932.97,11838.800000000001,2022-01-09,2024-12-29,True,319647.6,High Value
453,37,427465.43,98778.71999999999,11553.119729729731,2022-01-19,2024-11-26,True,427465.43,High Value
454,26,431333.79,97385.06999999999,16589.76115384615,2022-03-08,2024-12-16,True,431333.79,High Value
455,22,185768.85,50872.24000000001,8444.038636363637,2022-01-20,2024-10-09,True,185768.85,High Value
456,29,231111.41999999998,81362.93,7969.359310344828,2022-01-03,2024-11-10,True,231111.42,High Value
457,28,339942.81,90418.93000000001,12140.814642857145,2022-01-21,2024-12-18,True,339942.81,High Value
458,29,415903.02999999997,108812.8,14341.483793103449,2022-01-30,2024-12-28,True,415903.03,High Value
459,34,445897.63999999996,102738.81999999999,13114.636470588235,2022-02-04,2024-11-04,True,445897.64,High Value
460,25,357666.11,88959.88999999998,14306.644400000001,2022-01-30,2024-12-05,True,357666.11,High Value
461,24,279961.39,69977.68,11665.057916666667,2022-03-10,2024-12-17,True,279961.39,High Value
462,26,200497.29,57080.460000000014,7711.434230769232,2022-02-04,2024-10-13,True,200497.29,High Value
463,34,309043.36,105732.41,9089.510588235295,2022-02-21,2024-12-08,True,309043.36,High Value
464,30,228485.39,61085.540000000015,7616.179666666667,2022-01-14,2024-11-25,True,228485.39,High Value
465,27,243845.98,77287.89,9031.332592592593,2022-01-17,2024-11-10,True,243845.98,High Value
466,27,300206.39,76275.95,11118.755185185184,2022-01-16,2024-11-30,True,300206.39,High Value
467,33,577150.89,121720.1,17489.42090909091,2022-01-06,2024-10-05,True,577150.89,High Value
468,33,354442.56,97294.3,10740.683636363636,2022-01-15,2024-10-06,True,354442.56,High Value
469,35,336629.37,88132.85999999999,9617.982,2022-02-18,2024-11-30,True,336629.37,High Value
470,28,315926.81,88199.81,11283.10035714286,2022-03-06,2024-12-11,True,315926.81,High Value
471,30,315168.12,82546.83000000002,10505.604000000001,2022-02-07,2024-12-04,True,315168.12,High Value
472,19,244960.66,68010.27,12892.66631578947,2022-02-05,2024-11-05,True,244960.66,High Value
473,37,741597.0599999999,163547.78,20043.163783783784,2022-01-12,2024-12-25,True,741597.06,High Value
474,24,211136.58000000002,68495.68,8797.3575,2022-01-09,2024-10-21,True,211136.58,High Value
475,31,796236.6799999999,146906.44999999998,25685.054193548385,2022-01-24,2024-11-18,True,796236.68,High Value
476,29,236990.41,76888.03,8172.083103448275,2022-01-03,2024-11-23,True,236990.41,High Value
477,26,151243.1,56001.61,5817.042307692307,2022-01-17,2024-12-29,True,151243.1,Mid Value
478,29,264004.16,87381.04,9103.591724137932,2022-01-17,2024-12-21,True,264004.16,High Value
479,31,565513.5,132025.11000000002,18242.37096774194,2022-01-18,2024-09-01,True,565513.5,High Value
480,17,480045.27,103191.04999999999,28237.95705882353,2022-01-08,2024-12-02,True,480045.27,High Value
481,39,284993.28,84918.7,7307.52,2022-01-21,2024-12-30,True,284993.28,High Value
482,28,238409.32,81256.62,8514.618571428571,2022-01-11,2024-12-17,True,238409.32,High Value
483,25,567988.87,130194.92000000001,22719.554799999998,2022-04-23,2024-11-06,True,567988.87,High Value
484,29,204529.81,64091.72,7052.7520689655175,2022-01-04,2024-12-25,True,204529.81,High Value
485,29,172432.55,60083.92,5945.950000000001,2022-01-15,2024-11-21,True,172432.55,High Value
486,36,363344.43,94937.16,10092.900833333333,2022-01-12,2024-12-16,True,363344.43,High Value
487,33,275590.47000000003,88562.75000000001,8351.226363636364,2022-02-24,2024-12-05,True,275590.47,High Value
488,31,709055.7999999999,158848.41999999998,22872.76774193548,2022-01-12,2024-11-26,True,709055.8,High Value
489,18,136130.0,44164.649999999994,7562.7777777777765,2022-01-12,2024-11-20,True,136130.0,Mid Value
490,35,221389.53999999998,80425.45999999999,6325.415428571428,2022-04-05,2024-12-25,True,221389.54,High Value
491,33,230481.66,73652.26000000001,6984.2927272727275,2022-02-15,2024-12-12,True,230481.66,High Value
492,33,209426.63,66422.65000000001,6346.261515151516,2022-02-03,2024-12-27,True,209426.63,High Value
493,36,525513.65,127329.06999999999,14597.601388888887,2022-01-24,2024-10-31,True,525513.65,High Value
494,20,209228.18,50234.48,10461.409,2022-01-28,2024-12-03,True,209228.18,High Value
495,35,389690.07,103950.08000000002,11134.002,2022-01-07,2024-08-14,True,389690.07,High Value
496,32,348585.35,84595.81999999999,10893.2921875,2022-02-15,2024-12-31,True,348585.35,High Value
497,28,254134.58,91453.22,9076.234999999999,2022-03-09,2024-11-04,True,254134.58,High Value
498,25,511440.26,122325.12999999999,20457.6104,2022-01-01,2024-12-24,True,511440.26,High Value
499,33,328810.35,78870.59999999999,9963.95,2022-03-15,2024-12-11,True,328810.35,High Value
500,29,410529.02,100732.62000000001,14156.173103448275,2022-01-09,2024-11-25,True,410529.02,High Value
501,25,134825.44999999998,49317.13,5393.018,2022-01-23,2024-12-04,True,134825.45,Mid Value
502,36,556145.3,126189.81,15448.480555555554,2022-01-01,2024-11-12,True,556145.3,High Value
503,32,465478.65,127531.92,14546.2078125,2022-03-16,2024-12-30,True,465478.65,High Value
504,32,204959.55000000002,75081.28,6404.9859375,2022-01-03,2024-12-28,True,204959.55,High Value
505,25,666948.23,118277.98,26677.9292,2022-01-10,2024-10-24,True,666948.23,High Value
506,26,354166.44,86893.62000000002,13621.786153846157,2022-02-25,2024-12-11,True,354166.44,High Value
507,17,266419.13999999996,60913.92999999999,15671.71411764706,2022-03-19,2024-11-02,True,266419.14,High Value
508,32,453890.96,119368.17000000001,14184.0925,2022-03-18,2024-10-25,True,453890.96,High Value
509,26,300984.57,86147.05,11576.329615384615,2022-05-17,2024-12-01,True,300984.57,High Value
510,22,145626.9,58387.88,6619.404545454545,2022-01-08,2024-11-08,True,145626.9,Mid Value
511,45,692624.3099999999,155419.16999999998,15391.65133333333,2022-01-01,2024-12-31,True,692624.31,High Value
512,38,256408.59,80492.96,6747.59447368421,2022-01-28,2024-12-12,True,256408.59,High Value
513,32,361229.27999999997,93867.5,11288.415,2022-01-05,2024-12-20,True,361229.28,High Value
514,30,424769.78,112506.19,14158.992666666663,2022-03-11,2024-12-18,True,424769.78,High Value
515,38,476323.89,134216.92,12534.839210526314,2022-01-15,2024-12-10,True,476323.89,High Value
516,32,784063.5,158833.34999999998,24501.984374999996,2022-02-19,2024-10-08,True,784063.5,High Value
517,32,445815.76,100111.52,13931.7425,2022-01-14,2024-12-23,True,445815.76,High Value
518,27,396678.3,98361.17,14691.78888888889,2022-04-08,2024-12-22,True,396678.3,High Value
519,31,394019.02,103447.76,12710.29096774193,2022-02-04,2024-12-16,True,394019.02,High Value
520,26,323251.07,95842.15,12432.733461538459,2022-01-06,2024-12-18,True,323251.07,High Value
521,28,455282.31999999995,101522.29999999999,16260.082857142854,2022-02-24,2024-12-22,True,455282.32,High Value
522,21,103728.54000000001,30881.25,4939.454285714286,2022-01-15,2024-11-29,True,103728.54,Mid Value
523,27,348914.99,86210.95,12922.777407407408,2022-01-21,2024-10-25,True,348914.99,High Value
524,21,341334.95,87795.06,16254.04523809524,2022-02-06,2024-12-29,True,341334.95,High Value
525,23,271851.35,60471.75,11819.62391304348,2022-01-10,2024-12-19,True,271851.35,High Value
526,35,412875.8,95847.27,11796.451428571429,2022-01-12,2024-12-20,True,412875.8,High Value
527,26,215223.84,69644.98999999999,8277.84,2022-01-08,2024-10-19,True,215223.84,High Value
528,33,645598.11,123803.05000000002,19563.57909090909,2022-01-03,2024-11-04,True,645598.11,High Value
529,32,176273.81,69374.3,5508.5565625,2022-02-07,2024-11-14,True,176273.81,High Value
530,33,249045.13,86008.09,7546.822121212121,2022-02-08,2024-12-12,True,249045.13,High Value
531,31,287024.53,83850.94,9258.855806451613,2022-03-26,2024-12-16,True,287024.53,High Value
532,26,338450.89,93122.22000000002,13017.341923076923,2022-01-09,2024-12-26,True,338450.89,High Value
533,23,286970.49,68922.77000000002,12476.977826086959,2022-01-09,2024-11-30,True,286970.49,High Value
534,32,684701.4099999999,144920.71999999997,21396.919062499997,2022-02-11,2024-11-23,True,684701.41,High Value
535,31,220530.6,80342.28,7113.890322580645,2022-02-27,2024-12-16,True,220530.6,High Value
536,27,263703.02999999997,79130.75,9766.77888888889,2022-02-09,2024-12-30,True,263703.03,High Value
537,25,265450.85,69735.23,10618.034000000001,2022-02-12,2024-12-01,True,265450.85,High Value
538,25,204310.19,71950.41,8172.4076000000005,2022-03-01,2024-10-19,True,204310.19,High Value
539,37,198648.93,76365.7,5368.89,2022-01-05,2024-09-12,True,198648.93,High Value
540,36,308395.05,92550.84000000001,8566.529166666667,2022-01-05,2024-12-10,True,308395.05,High Value
541,37,634771.23,147452.74000000002,17155.97918918919,2022-01-25,2024-12-10,True,634771.23,High Value
542,29,453933.92,107295.79,15652.893793103449,2022-02-08,2024-12-21,True,453933.92,High Value
543,31,418052.76999999996,101774.57999999999,13485.57322580645,2022-01-04,2024-12-30,True,418052.77,High Value
544,41,476560.20999999996,123627.49999999999,11623.419756097563,2022-01-07,2024-12-08,True,476560.21,High Value
545,28,389917.88,91372.87,13925.638571428573,2022-02-08,2024-12-01,True,389917.88,High Value
546,32,356301.94,102936.84000000001,11134.435625000002,2022-02-05,2024-12-28,True,356301.94,High Value
547,30,472053.49,101033.39,15735.116333333333,2022-03-15,2024-12-27,True,472053.49,High Value
548,27,479554.4,98395.43000000001,17761.274074074077,2022-05-10,2024-11-07,True,479554.4,High Value
549,41,795300.44,168240.97,19397.571707317074,2022-01-19,2024-12-23,True,795300.44,High Value
550,26,397786.58999999997,93072.5,15299.484230769229,2022-01-07,2024-12-14,True,397786.59,High Value
551,38,322224.85,99613.64,8479.601315789472,2022-01-06,2024-12-30,True,322224.85,High Value
552,41,652687.65,152936.41,15919.210975609754,2022-01-10,2024-12-02,True,652687.65,High Value
553,29,426894.22000000003,104139.79000000001,14720.490344827585,2022-03-20,2024-12-08,True,426894.22,High Value
554,29,474785.29,99416.62000000001,16371.906551724136,2022-04-26,2024-12-06,True,474785.29,High Value
555,25,278248.76,68030.48999999999,11129.950399999998,2022-04-05,2024-11-08,True,278248.76,High Value
556,29,169970.62,60537.88,5861.055862068964,2022-01-11,2024-12-29,True,169970.62,High Value
557,26,301917.36,74127.46,11612.206153846153,2022-01-20,2024-12-05,True,301917.36,High Value
558,20,205588.12,53739.78,10279.405999999999,2022-01-03,2024-10-10,True,205588.12,High Value
559,31,385947.38,86376.9,12449.915483870966,2022-01-08,2024-08-09,True,385947.38,High Value
560,22,251709.97,61567.240000000005,11441.362272727274,2022-01-12,2024-11-25,True,251709.97,High Value
561,22,323893.2,75107.33,14722.418181818184,2022-01-10,2024-12-31,True,323893.2,High Value
562,27,246212.44,74707.38,9118.979259259258,2022-01-30,2024-12-26,True,246212.44,High Value
563,34,368106.57,93085.7,10826.66382352941,2022-01-12,2024-12-16,True,368106.57,High Value
564,35,268488.45,83477.06,7671.09857142857,2022-02-08,2024-12-26,True,268488.45,High Value
565,28,341666.5,90294.27000000002,12202.375,2022-01-17,2024-10-11,True,341666.5,High Value
566,28,278166.19,81052.04,9934.506785714284,2022-01-14,2024-12-28,True,278166.19,High Value
567,32,536003.13,120938.14,16750.097812499997,2022-02-23,2024-11-29,True,536003.13,High Value
568,25,191726.28,65306.399999999994,7669.0512,2022-05-02,2024-12-28,True,191726.28,High Value
569,36,332824.44,80924.94,9245.123333333333,2022-03-07,2024-08-20,True,332824.44,High Value
570,28,617171.89,140789.49999999997,22041.85321428571,2022-03-17,2024-12-27,True,617171.89,High Value
571,33,376700.09,113252.36,11415.154242424242,2022-01-12,2024-11-24,True,376700.09,High Value
572,31,313492.29000000004,77329.36,10112.654516129036,2022-04-14,2024-11-01,True,313492.29,High Value
573,36,369051.37,122118.35,10251.426944444444,2022-03-18,2024-12-25,True,369051.37,High Value
574,38,386220.87,101302.76999999999,10163.707105263158,2022-01-31,2024-12-31,True,386220.87,High Value
575,32,265875.46,93148.43000000001,8308.608124999999,2022-01-07,2024-11-23,True,265875.46,High Value
576,37,341050.81,92719.78000000001,9217.589459459461,2022-02-02,2024-12-23,True,341050.81,High Value
577,33,794167.56,161681.53999999998,24065.68363636364,2022-03-17,2024-10-17,True,794167.56,High Value
578,23,311819.16,81060.83,13557.354782608692,2022-05-20,2024-12-22,True,311819.16,High Value
579,34,236447.87,96797.44,6954.349117647059,2022-02-06,2024-12-20,True,236447.87,High Value
580,26,549788.14,117597.63,21145.697692307687,2022-03-30,2024-12-30,True,549788.14,High Value
581,30,249738.95,71232.04000000001,8324.631666666664,2022-02-08,2024-10-24,True,249738.95,High Value
582,33,334236.42,98018.56999999999,10128.376363636366,2022-03-01,2024-12-29,True,334236.42,High Value
583,30,667747.99,122145.09,22258.266333333337,2022-01-29,2024-09-26,True,667747.99,High Value
584,27,467818.04,106291.17,17326.594074074077,2022-01-22,2024-11-28,True,467818.04,High Value
585,23,260082.79,64456.53,11307.947391304348,2022-07-23,2024-09-11,True,260082.79,High Value
586,26,362473.85000000003,104728.51,13941.301923076922,2022-01-24,2024-11-28,True,362473.85,High Value
587,36,180628.86,72455.64,5017.468333333334,2022-01-08,2024-11-23,True,180628.86,High Value
588,34,242104.93,81553.5,7120.733235294118,2022-01-01,2024-11-17,True,242104.93,High Value
589,32,281549.3,88786.58,8798.415625000001,2022-01-03,2024-12-16,True,281549.3,High Value
590,29,197512.06,63609.71000000001,6810.760689655172,2022-01-17,2024-11-19,True,197512.06,High Value
591,27,302620.58,73437.18,11208.16962962963,2022-02-15,2024-11-29,True,302620.58,High Value
592,42,488429.31,130081.83,11629.269285714287,2022-03-19,2024-12-27,True,488429.31,High Value
593,24,288691.06,70920.04,12028.794166666668,2022-03-09,2024-12-10,True,288691.06,High Value
594,31,212225.51,75379.2,6845.984193548388,2022-01-15,2024-12-23,True,212225.51,High Value
595,21,102728.01,43374.76,4891.8099999999995,2022-01-06,2024-09-29,True,102728.01,Mid Value
596,25,388628.24,84681.55,15545.1296,2022-01-09,2024-11-28,True,388628.24,High Value
597,27,317942.95,97859.37,11775.664814814816,2022-02-17,2024-11-25,True,317942.95,High Value
598,30,419828.02,105905.09,13994.26733333333,2022-01-22,2024-10-26,True,419828.02,High Value
599,25,273223.09,74848.95000000001,10928.923600000002,2022-01-25,2024-12-22,True,273223.09,High Value
600,34,838788.39,158712.91999999998,24670.246764705884,2022-01-26,2024-11-18,True,838788.39,High Value
601,34,482473.84,139735.38,14190.407058823526,2022-01-02,2024-11-06,True,482473.84,High Value
602,34,232763.99,76920.88,6845.999705882353,2022-02-06,2024-12-30,True,232763.99,High Value
603,30,224715.64,65112.16000000002,7490.521333333334,2022-01-11,2024-11-26,True,224715.64,High Value
604,27,292513.22000000003,77204.5,10833.822962962962,2022-01-22,2024-12-29,True,292513.22,High Value
605,24,313028.75,72232.54000000002,13042.864583333334,2022-04-15,2024-09-29,True,313028.75,High Value
606,30,273830.74,76950.58,9127.691333333334,2022-01-13,2024-12-06,True,273830.74,High Value
607,31,231307.04,90279.06,7461.517419354837,2022-01-08,2024-10-06,True,231307.04,High Value
608,30,281816.31,67487.23999999999,9393.876999999997,2022-01-05,2024-09-09,True,281816.31,High Value
609,31,152926.42,54922.310000000005,4933.1103225806455,2022-03-05,2024-12-14,True,152926.42,Mid Value
610,24,135206.38,53199.52,5633.599166666667,2022-01-20,2024-10-28,True,135206.38,Mid Value
611,34,391885.74,116466.98,11526.051176470588,2022-02-08,2024-12-16,True,391885.74,High Value
612,23,267512.82,71092.28,11630.992173913044,2022-01-18,2024-12-08,True,267512.82,High Value
613,27,528540.46,114472.62,19575.572592592594,2022-01-28,2024-12-27,True,528540.46,High Value
614,42,397956.63,131046.77,9475.157857142858,2022-01-27,2024-10-30,True,397956.63,High Value
615,24,202847.17,60927.81999999999,8451.965416666666,2022-02-19,2024-12-16,True,202847.17,High Value
616,32,373675.38,89857.79,11677.355624999998,2022-03-02,2024-11-15,True,373675.38,High Value
617,26,275847.92,71155.18999999999,10609.535384615385,2022-02-18,2024-12-28,True,275847.92,High Value
618,35,289427.98,91938.3,8269.370857142854,2022-01-03,2024-11-01,True,289427.98,High Value
619,26,168407.37,58832.98999999999,6477.206538461538,2022-01-13,2024-11-25,True,168407.37,High Value
620,44,339599.64,108020.7,7718.173636363638,2022-01-05,2024-11-14,True,339599.64,High Value
621,23,141032.56,44572.25,6131.850434782608,2022-01-19,2024-11-05,True,141032.56,Mid Value
622,39,574757.9,130950.9,14737.38205128205,2022-01-24,2024-12-25,True,574757.9,High Value
623,30,255689.54,85023.28,8522.984666666665,2022-01-10,2024-12-31,True,255689.54,High Value
624,27,567570.87,118726.04,21021.14333333333,2022-04-22,2024-10-20,True,567570.87,High Value
625,43,558235.02,121847.81,12982.209767441858,2022-03-16,2024-12-18,True,558235.02,High Value
626,36,390154.27999999997,107904.43000000001,10837.618888888892,2022-01-15,2024-12-31,True,390154.28,High Value
627,28,435217.52,115161.68000000001,15543.482857142855,2022-01-23,2024-12-05,True,435217.52,High Value
628,23,158095.78,50136.200000000004,6873.729565217392,2022-02-01,2024-11-28,True,158095.78,Mid Value
629,28,724872.7,140121.75999999998,25888.31071428571,2022-01-05,2024-10-06,True,724872.7,High Value
630,30,360760.92000000004,104950.72000000002,12025.363999999998,2022-01-07,2024-12-07,True,360760.92,High Value
631,31,409388.52,101476.08,13206.081290322581,2022-01-15,2024-12-09,True,409388.52,High Value
632,31,227127.27000000002,76758.92,7326.686129032258,2022-03-09,2024-12-09,True,227127.27,High Value
633,33,410272.91,104984.85999999999,12432.51242424242,2022-02-17,2024-12-13,True,410272.91,High Value
634,21,151190.8,45620.8,7199.561904761903,2022-03-19,2024-12-23,True,151190.8,Mid Value
635,28,357388.42,96320.59,12763.872142857144,2022-01-01,2024-11-13,True,357388.42,High Value
636,24,237074.08,68604.54,9878.086666666668,2022-01-08,2024-12-31,True,237074.08,High Value
637,24,178348.39,68559.35,7431.182916666668,2022-01-04,2024-12-14,True,178348.39,High Value
638,31,344509.11,80943.81,11113.197096774193,2022-02-18,2024-12-12,True,344509.11,High Value
639,23,183033.12,63489.159999999996,7957.961739130437,2022-03-08,2024-10-28,True,183033.12,High Value
640,38,575786.37,135989.33000000002,15152.272894736841,2022-01-04,2024-12-30,True,575786.37,High Value
641,25,694748.71,149335.99,27789.948399999997,2022-01-02,2024-10-26,True,694748.71,High Value
642,28,291949.76,84545.16,10426.777142857143,2022-01-04,2024-10-18,True,291949.76,High Value
643,30,421108.06,100898.47,14036.935333333337,2022-03-18,2024-11-19,True,421108.06,High Value
644,27,250931.04,75816.07,9293.742222222221,2022-02-26,2024-11-26,True,250931.04,High Value
645,32,342075.78,85577.81000000001,10689.868125,2022-01-19,2024-12-13,True,342075.78,High Value
646,31,304416.01,86789.29,9819.87129032258,2022-01-18,2024-10-25,True,304416.01,High Value
647,37,443903.21,121051.59000000001,11997.384054054057,2022-01-31,2024-10-15,True,443903.21,High Value
648,25,200175.75,73120.94,8007.03,2022-03-28,2024-12-08,True,200175.75,High Value
649,30,497112.54,121680.42,16570.417999999998,2022-01-27,2024-12-12,True,497112.54,High Value
650,29,570644.63,120469.12999999999,19677.401034482755,2022-02-23,2024-10-25,True,570644.63,High Value
651,33,454963.69,113265.14,13786.778484848484,2022-01-10,2024-11-23,True,454963.69,High Value
652,31,499531.51999999996,124159.89,16113.919999999996,2022-01-07,2024-11-12,True,499531.52,High Value
653,24,209767.43,67791.94,8740.309583333334,2022-01-14,2024-12-04,True,209767.43,High Value
654,29,330250.38,91385.45,11387.944137931034,2022-02-28,2024-11-26,True,330250.38,High Value
655,25,355398.05,79557.56000000001,14215.922000000002,2022-01-16,2024-11-22,True,355398.05,High Value
656,22,353152.10000000003,78286.83000000002,16052.368181818183,2022-01-22,2024-11-07,True,353152.1,High Value
657,36,441413.01999999996,131418.74,12261.472777777779,2022-02-11,2024-12-19,True,441413.02,High Value
658,28,561228.38,100619.89999999998,20043.870714285713,2022-02-06,2024-12-01,True,561228.38,High Value
659,35,403920.84,110151.62999999999,11540.595428571427,2022-01-08,2024-12-29,True,403920.84,High Value
660,23,239947.22999999998,63373.17,10432.488260869564,2022-02-23,2024-12-20,True,239947.23,High Value
661,23,207553.36,68191.91,9024.05913043478,2022-01-09,2024-12-13,True,207553.36,High Value
662,34,208143.7,69472.02,6121.873529411763,2022-03-04,2024-09-24,True,208143.7,High Value
663,25,338596.38,78615.43000000001,13543.8552,2022-01-14,2024-11-29,True,338596.38,High Value
664,38,862084.32,170382.40999999997,22686.429473684206,2022-03-09,2024-11-29,True,862084.32,High Value
665,34,177800.33,65792.33,5229.421470588235,2022-02-03,2024-12-07,True,177800.33,High Value
666,30,398230.77,99632.49,13274.358999999999,2022-02-16,2024-09-18,True,398230.77,High Value
667,30,399774.75,94319.44,13325.825,2022-01-13,2024-10-16,True,399774.75,High Value
668,36,456933.87999999995,123835.54999999999,12692.607777777777,2022-04-22,2024-12-26,True,456933.88,High Value
669,28,468506.47,108921.19,16732.373928571433,2022-07-24,2024-12-30,True,468506.47,High Value
670,37,391396.57,107724.85,10578.285675675674,2022-01-19,2024-11-27,True,391396.57,High Value
671,25,214517.34,69541.03,8580.6936,2022-06-02,2024-10-25,True,214517.34,High Value
672,33,560093.18,133070.92,16972.520606060607,2022-03-29,2024-12-27,True,560093.18,High Value
673,42,506456.29,131371.16,12058.483095238096,2022-01-12,2024-12-27,True,506456.29,High Value
674,25,277815.93,83522.26,11112.6372,2022-03-30,2024-08-19,True,277815.93,High Value
675,32,256596.59,81534.88,8018.643437500001,2022-01-16,2024-11-27,True,256596.59,High Value
676,21,223776.44,63387.4,10656.020952380954,2022-01-21,2024-11-23,True,223776.44,High Value
677,23,852943.99,156078.22999999998,37084.52130434783,2022-01-05,2024-11-27,True,852943.99,High Value
678,19,233593.24,54451.23999999999,12294.38105263158,2022-02-23,2024-10-04,True,233593.24,High Value
679,30,690313.94,139564.63999999998,23010.464666666663,2022-01-24,2024-12-15,True,690313.94,High Value
680,36,315368.32,91135.5,8760.231111111112,2022-01-01,2024-12-23,True,315368.32,High Value
681,31,923732.4,190951.19999999998,29797.819354838706,2022-03-07,2024-12-03,True,923732.4,High Value
682,28,489448.01,113133.6,17480.28607142857,2022-04-04,2024-10-31,True,489448.01,High Value
683,35,273774.63,80996.25000000001,7822.132285714286,2022-02-20,2024-12-27,True,273774.63,High Value
684,23,249370.18,66633.2,10842.181739130436,2022-01-18,2024-12-29,True,249370.18,High Value
685,26,400821.0,111457.1,15416.192307692305,2022-02-15,2024-11-25,True,400821.0,High Value
686,26,316434.26,89905.06999999999,12170.548461538465,2022-03-30,2024-12-29,True,316434.26,High Value
687,24,108822.12,44407.9,4534.255,2022-01-08,2024-12-26,True,108822.12,Mid Value
688,24,158237.6,53250.28,6593.233333333334,2022-01-24,2024-12-22,True,158237.6,Mid Value
689,26,190220.03,61989.41,7316.155,2022-01-31,2024-12-13,True,190220.03,High Value
690,28,475953.96,115607.04000000001,16998.355714285713,2022-02-13,2024-12-24,True,475953.96,High Value
691,29,716121.69,154047.5,24693.851379310338,2022-05-13,2024-12-31,True,716121.69,High Value
692,34,264844.01,78410.83,7789.5297058823535,2022-02-09,2024-12-23,True,264844.01,High Value
693,23,695041.58,129558.18999999999,30219.19913043478,2022-03-03,2024-10-09,True,695041.58,High Value
694,30,417592.64,94185.03000000001,13919.75466666667,2022-06-01,2024-12-24,True,417592.64,High Value
695,17,91464.11,29552.09,5380.241764705883,2022-04-04,2024-12-29,True,91464.11,Mid Value
696,31,325202.41,77320.91,10490.400322580646,2022-02-17,2024-10-29,True,325202.41,High Value
697,35,821335.18,172870.31,23466.71942857143,2022-02-01,2024-08-27,True,821335.18,High Value
698,27,592312.9,135727.18,21937.514814814815,2022-01-21,2024-12-31,True,592312.9,High Value
699,30,860108.1,164689.59,28670.27,2022-05-21,2024-12-01,True,860108.1,High Value
700,30,555794.29,117908.15,18526.47633333333,2022-01-01,2024-11-02,True,555794.29,High Value
701,39,514478.38,121251.64000000001,13191.753333333334,2022-02-07,2024-10-31,True,514478.38,High Value
702,28,262729.39,80276.17,9383.192500000001,2022-01-02,2024-12-30,True,262729.39,High Value
703,27,391769.70999999996,96083.32999999999,14509.989259259259,2022-01-03,2024-11-26,True,391769.71,High Value
704,38,410622.42,125020.01000000001,10805.853157894733,2022-02-03,2024-12-31,True,410622.42,High Value
705,26,297710.27,69064.47000000002,11450.395,2022-01-08,2024-12-16,True,297710.27,High Value
706,32,661670.75,148993.79,20677.2109375,2022-03-17,2024-12-22,True,661670.75,High Value
707,32,898156.8099999999,176308.55,28067.4003125,2022-01-04,2024-11-18,True,898156.81,High Value
708,37,295271.3,84971.49000000002,7980.3054054054055,2022-06-11,2024-12-19,True,295271.3,High Value
709,39,435667.46,109763.42,11170.960512820511,2022-03-01,2024-12-31,True,435667.46,High Value
710,29,475424.52,116381.69000000002,16393.948965517244,2022-02-18,2024-12-25,True,475424.52,High Value
711,22,190061.63,67593.83,8639.164999999999,2022-06-14,2024-11-25,True,190061.63,High Value
712,34,522987.39,123871.58,15381.982058823529,2022-01-12,2024-12-22,True,522987.39,High Value
713,24,201931.35,59607.00000000001,8413.80625,2022-04-06,2024-12-23,True,201931.35,High Value
714,23,410429.55,108093.49000000002,17844.76304347826,2022-01-04,2024-12-18,True,410429.55,High Value
715,26,337992.61,80914.73,12999.715769230768,2022-05-04,2024-11-24,True,337992.61,High Value
716,25,241459.17,70070.59999999999,9658.3668,2022-02-05,2024-10-25,True,241459.17,High Value
717,35,691834.0399999999,149560.87,19766.686857142853,2022-01-13,2024-12-14,True,691834.04,High Value
718,27,386290.17,104281.73999999999,14307.043333333335,2022-02-21,2024-10-21,True,386290.17,High Value
719,30,397045.98,99669.38,13234.866,2022-04-25,2024-12-25,True,397045.98,High Value
720,38,703290.01,164767.19,18507.63184210526,2022-01-01,2024-12-22,True,703290.01,High Value
721,40,645116.15,158212.16,16127.903750000001,2022-01-22,2024-12-27,True,645116.15,High Value
722,36,351199.54,100278.73,9755.542777777779,2022-01-22,2024-11-27,True,351199.54,High Value
723,33,893086.7999999999,174306.05,27063.236363636366,2022-01-01,2024-12-18,True,893086.8,High Value
724,45,731198.33,183306.02000000002,16248.851777777776,2022-01-19,2024-12-15,True,731198.33,High Value
725,30,218660.06,80185.56,7288.668666666667,2022-01-01,2024-12-16,True,218660.06,High Value
726,30,411425.25,91532.18,13714.175,2022-01-22,2024-10-31,True,411425.25,High Value
727,34,310576.22,96598.11000000002,9134.594705882353,2022-02-01,2024-12-22,True,310576.22,High Value
728,32,406712.68,97132.09999999999,12709.771250000002,2022-01-18,2024-09-05,True,406712.68,High Value
729,25,314571.64,74413.55,12582.865600000001,2022-01-19,2024-11-22,True,314571.64,High Value
730,22,173104.61000000002,45751.89,7868.391363636364,2022-03-01,2024-06-08,True,173104.61,High Value
731,22,181502.87,48335.76,8250.130454545455,2022-01-18,2024-12-25,True,181502.87,High Value
732,35,323988.25,81861.4,9256.807142857142,2022-01-21,2024-12-26,True,323988.25,High Value
733,38,260384.06,84615.09,6852.212105263157,2022-01-20,2024-10-25,True,260384.06,High Value
734,31,184157.1,54995.990000000005,5940.551612903226,2022-01-15,2024-12-27,True,184157.1,High Value
735,24,655701.51,127717.35999999999,27320.89625,2022-01-19,2024-11-01,True,655701.51,High Value
736,19,194000.07,45388.42,10210.529999999999,2022-02-07,2024-10-28,True,194000.07,High Value
737,34,382885.51,106909.98,11261.338529411765,2022-01-08,2024-11-20,True,382885.51,High Value
738,34,407706.79000000004,110416.09999999999,11991.376176470587,2022-02-19,2024-12-25,True,407706.79,High Value
739,34,597597.8099999999,126123.29,17576.40617647059,2022-01-25,2024-12-23,True,597597.81,High Value
740,33,599431.26,130703.65,18164.583636363634,2022-01-11,2024-12-19,True,599431.26,High Value
741,32,187933.61000000002,59324.29,5872.9253125,2022-01-16,2024-11-25,True,187933.61,High Value
742,35,356378.16,97822.75,10182.233142857142,2022-01-31,2024-11-13,True,356378.16,High Value
743,36,167189.73,62518.26,4644.159166666667,2022-02-06,2024-12-03,True,167189.73,High Value
744,27,217225.81,75380.82,8045.40037037037,2022-01-14,2024-12-23,True,217225.81,High Value
745,29,551280.11,118361.09,19009.65896551724,2022-01-17,2024-10-18,True,551280.11,High Value
746,26,426235.51,103374.11,16393.673461538463,2022-02-21,2024-12-30,True,426235.51,High Value
747,26,330282.13,70000.08,12703.158846153847,2022-02-14,2024-10-16,True,330282.13,High Value
748,32,327349.04,88440.18999999999,10229.6575,2022-02-16,2024-12-13,True,327349.04,High Value
749,34,363512.25,96757.31000000001,10691.536764705885,2022-03-16,2024-11-12,True,363512.25,High Value
750,35,510717.64999999997,123497.42000000001,14591.932857142856,2022-01-21,2024-12-13,True,510717.65,High Value
751,27,306000.02999999997,80770.47,11333.334444444445,2022-01-15,2024-12-03,True,306000.03,High Value
752,35,430468.0,117728.88,12299.085714285715,2022-02-01,2024-12-18,True,430468.0,High Value
753,32,437947.64,114999.48000000001,13685.86375,2022-01-24,2024-12-19,True,437947.64,High Value
754,23,159677.32,44255.32000000001,6942.492173913042,2022-02-17,2024-12-10,True,159677.32,Mid Value
755,44,484800.83999999997,124113.98999999999,11018.200909090909,2022-01-02,2024-11-04,True,484800.84,High Value
756,36,298901.79,76509.19,8302.827500000001,2022-01-04,2024-12-25,True,298901.79,High Value
757,23,420262.11,85035.29,18272.265652173915,2022-03-14,2024-12-05,True,420262.11,High Value
758,26,393362.07,92017.09,15129.310384615383,2022-02-07,2024-10-27,True,393362.07,High Value
759,40,253725.05,78119.1,6343.12625,2022-03-12,2024-12-28,True,253725.05,High Value
760,26,305635.76,93181.89,11755.22153846154,2022-03-18,2024-10-25,True,305635.76,High Value
761,30,570200.3,117994.18,19006.67666666667,2022-02-19,2024-07-18,True,570200.3,High Value
762,26,229927.69,70590.81,8843.372692307692,2022-04-16,2024-12-09,True,229927.69,High Value
763,28,243345.84,66007.57,8690.922857142858,2022-04-18,2024-11-27,True,243345.84,High Value
764,25,261992.83,72117.86,10479.7132,2022-01-09,2024-11-13,True,261992.83,High Value
765,26,269931.88,60716.22,10381.995384615384,2022-01-05,2024-12-06,True,269931.88,High Value
766,34,394625.74,120342.09,11606.639411764705,2022-03-01,2024-11-07,True,394625.74,High Value
767,39,616081.89,140499.84,15796.97153846154,2022-03-09,2024-12-13,True,616081.89,High Value
768,31,967652.4199999999,172492.75,31214.594193548386,2022-01-22,2024-12-22,True,967652.42,High Value
769,27,222416.0,81808.45,8237.62962962963,2022-01-15,2024-12-02,True,222416.0,High Value
770,19,143928.28999999998,34857.31,7575.173157894737,2022-01-29,2024-05-19,True,143928.29,Mid Value
771,23,192948.5,62667.64,8389.065217391302,2022-02-11,2024-12-30,True,192948.5,High Value
772,23,172730.19,45134.87,7510.008260869567,2022-03-28,2024-11-19,True,172730.19,High Value
773,32,164776.06,60691.53,5149.251875,2022-01-04,2024-12-23,True,164776.06,Mid Value
774,29,222541.97,68123.44,7673.861034482759,2022-01-31,2024-11-09,True,222541.97,High Value
775,26,637402.45,132551.52,24515.478846153845,2022-02-06,2024-12-10,True,637402.45,High Value
776,31,278487.82,88560.34000000001,8983.47806451613,2022-03-16,2024-12-25,True,278487.82,High Value
777,27,255605.0,76910.51,9466.851851851852,2022-01-18,2024-11-17,True,255605.0,High Value
778,32,562748.02,119684.13,17585.875625,2022-01-24,2024-12-25,True,562748.02,High Value
779,26,652854.71,128877.26999999999,25109.796538461538,2022-03-02,2024-12-26,True,652854.71,High Value
780,21,235749.06,70206.40000000001,11226.145714285716,2022-01-15,2024-12-15,True,235749.06,High Value
781,33,383211.45,105775.1,11612.46818181818,2022-01-09,2024-11-10,True,383211.45,High Value
782,37,372803.61,111477.57,10075.773243243244,2022-03-20,2024-12-30,True,372803.61,High Value
783,30,445089.99,102252.28,14836.333,2022-03-05,2024-09-23,True,445089.99,High Value
784,30,261179.13,68729.64,8705.971,2022-02-22,2024-11-14,True,261179.13,High Value
785,28,251421.4,75290.56000000001,8979.335714285715,2022-01-13,2024-07-01,True,251421.4,High Value
786,29,413545.97,103035.87000000001,14260.205862068964,2022-01-19,2024-12-31,True,413545.97,High Value
787,40,647039.6799999999,138662.18,16175.991999999998,2022-03-04,2024-12-18,True,647039.68,High Value
788,31,762842.37,143288.38999999998,24607.818387096773,2022-02-03,2024-12-29,True,762842.37,High Value
789,30,311120.22000000003,73860.62000000001,10370.673999999999,2022-01-16,2024-12-31,True,311120.22,High Value
790,30,387853.73,115875.69,12928.457666666663,2022-02-27,2024-12-29,True,387853.73,High Value
791,29,216820.56,75471.17,7476.571034482759,2022-02-17,2024-12-28,True,216820.56,High Value
792,25,386708.36,91687.18000000001,15468.334399999998,2022-03-01,2024-12-22,True,386708.36,High Value
793,23,461393.33,96310.57,20060.579565217395,2022-01-30,2024-11-20,True,461393.33,High Value
794,37,304727.69,93803.16,8235.883513513516,2022-01-10,2024-12-31,True,304727.69,High Value
795,28,452496.35,96258.51,16160.583928571428,2022-01-09,2024-12-19,True,452496.35,High Value
796,40,265047.33,82027.63,6626.18325,2022-03-04,2024-12-20,True,265047.33,High Value
797,34,169974.29,72077.81999999999,4999.243823529413,2022-04-02,2024-12-17,True,169974.29,High Value
798,22,284550.36,70418.26999999999,12934.10727272727,2022-01-25,2024-09-15,True,284550.36,High Value
799,29,341900.32999999996,84372.83,11789.666551724136,2022-01-04,2024-12-31,True,341900.33,High Value
800,32,598404.5599999999,134268.83,18700.142499999998,2022-04-15,2024-12-29,True,598404.56,High Value
801,25,191983.55,60056.46000000001,7679.3420000000015,2022-04-16,2024-12-15,True,191983.55,High Value
802,39,1197467.22,227371.53999999998,30704.28769230769,2022-01-26,2024-12-12,True,1197467.22,High Value
803,31,415133.75,114785.27,13391.411290322581,2022-01-22,2024-12-02,True,415133.75,High Value
804,23,355033.06,97030.35999999999,15436.220000000003,2022-01-14,2024-11-25,True,355033.06,High Value
805,27,232335.81,66918.44,8605.03,2022-01-12,2024-11-25,True,232335.81,High Value
806,27,157806.6,51218.64,5844.688888888888,2022-01-13,2024-09-25,True,157806.6,Mid Value
807,22,112962.8,44374.63,5134.672727272726,2022-01-27,2024-12-04,True,112962.8,Mid Value
808,27,223479.82,62526.079999999994,8277.030370370372,2022-01-27,2024-12-23,True,223479.82,High Value
809,41,377440.11,104249.64,9205.856341463415,2022-01-16,2024-12-15,True,377440.11,High Value
810,39,657271.15,144402.15999999997,16853.106410256412,2022-01-09,2024-11-12,True,657271.15,High Value
811,25,191549.64,60983.39000000001,7661.985600000002,2022-01-01,2024-07-15,True,191549.64,High Value
812,29,137953.73,55783.84,4757.0251724137925,2022-01-15,2024-12-13,True,137953.73,Mid Value
813,29,500919.73,121126.55,17273.094137931035,2022-01-16,2024-12-22,True,500919.73,High Value
814,42,233490.38,77138.06000000001,5559.294761904763,2022-01-16,2024-11-19,True,233490.38,High Value
815,36,426610.64,100506.90999999999,11850.295555555555,2022-01-15,2024-12-30,True,426610.64,High Value
816,33,838685.0,164167.83,25414.696969696968,2022-01-10,2024-12-07,True,838685.0,High Value
817,29,235121.97,71983.29000000001,8107.654137931036,2022-03-08,2024-10-23,True,235121.97,High Value
818,40,835151.51,164270.56,20878.78775,2022-01-30,2024-12-08,True,835151.51,High Value
819,28,221752.81,63269.35,7919.743214285713,2022-01-09,2024-12-23,True,221752.81,High Value
820,25,364807.89,92044.3,14592.3156,2022-01-24,2024-08-16,True,364807.89,High Value
821,40,467854.73,116643.66000000002,11696.368250000001,2022-01-20,2024-11-18,True,467854.73,High Value
822,31,440682.73,106949.23,14215.571935483867,2022-02-12,2024-12-22,True,440682.73,High Value
823,38,554094.75,120052.24999999999,14581.440789473685,2022-01-05,2024-12-13,True,554094.75,High Value
824,27,336582.92,100005.22,12466.034074074074,2022-02-06,2024-12-14,True,336582.92,High Value
825,20,127789.84,42330.17,6389.492,2022-01-28,2024-11-07,True,127789.84,Mid Value
826,36,315793.39,93555.28,8772.038611111111,2022-01-27,2024-11-21,True,315793.39,High Value
827,27,571225.3,121048.84,21156.492592592593,2022-02-08,2024-12-30,True,571225.3,High Value
828,36,522001.95999999996,110696.75999999998,14500.054444444444,2022-01-12,2024-12-23,True,522001.96,High Value
829,25,185247.34,57679.399999999994,7409.893599999999,2022-04-07,2024-09-12,True,185247.34,High Value
830,28,364253.22,94320.82,13009.043571428572,2022-02-06,2024-12-24,True,364253.22,High Value
831,38,236838.61,84661.06,6232.595,2022-01-21,2024-12-28,True,236838.61,High Value
832,22,148086.3,50149.5,6731.195454545454,2022-03-10,2024-11-15,True,148086.3,Mid Value
833,30,347222.74,90757.95,11574.091333333334,2022-01-12,2024-12-04,True,347222.74,High Value
834,24,509129.54,105929.95,21213.73083333333,2022-01-09,2024-11-06,True,509129.54,High Value
835,35,314856.62,90022.33,8995.903428571426,2022-01-25,2024-12-20,True,314856.62,High Value
836,30,365243.71,99528.84000000001,12174.790333333332,2022-02-22,2024-11-17,True,365243.71,High Value
837,42,791203.64,173630.47,18838.181904761906,2022-01-08,2024-12-21,True,791203.64,High Value
838,32,220917.87,77167.20000000001,6903.6834375,2022-01-18,2024-12-02,True,220917.87,High Value
839,31,475942.47,106175.35,15352.982903225806,2022-01-19,2024-12-31,True,475942.47,High Value
840,27,489208.00999999995,123060.50999999998,18118.815185185184,2022-03-05,2024-12-09,True,489208.01,High Value
841,34,406345.71,101931.37999999999,11951.344411764705,2022-01-09,2024-12-30,True,406345.71,High Value
842,20,215151.56,74782.37,10757.578,2022-01-07,2024-11-30,True,215151.56,High Value
843,26,244842.67,69857.07,9417.02576923077,2022-02-26,2024-12-25,True,244842.67,High Value
844,39,623849.76,139666.6,15996.147692307686,2022-01-25,2024-12-04,True,623849.76,High Value
845,33,428046.27999999997,105077.42,12971.099393939396,2022-02-01,2024-11-23,True,428046.28,High Value
846,43,339690.81,113273.67,7899.786279069767,2022-01-13,2024-12-03,True,339690.81,High Value
847,28,164952.57,55618.2,5891.163214285713,2022-01-08,2024-12-24,True,164952.57,Mid Value
848,27,407808.33,87805.02,15104.01222222222,2022-01-28,2024-12-26,True,407808.33,High Value
849,26,327478.67,90047.8,12595.333461538461,2022-01-18,2024-12-20,True,327478.67,High Value
850,32,430429.42,98253.81,13450.919375000001,2022-03-20,2024-07-19,True,430429.42,High Value
851,34,468107.4,118821.77000000002,13767.864705882352,2022-03-09,2024-11-10,True,468107.4,High Value
852,19,427295.46,104076.24,22489.234736842107,2022-02-11,2024-06-03,True,427295.46,High Value
853,26,372864.11,99041.57,14340.92730769231,2022-02-06,2024-12-04,True,372864.11,High Value
854,39,427383.12,122099.56999999999,10958.541538461539,2022-01-14,2024-12-09,True,427383.12,High Value
855,38,330989.66000000003,94435.46,8710.254210526315,2022-03-04,2024-11-22,True,330989.66,High Value
856,34,369373.8,97923.08,10863.935294117646,2022-01-16,2024-12-11,True,369373.8,High Value
857,30,340552.24,98679.90999999999,11351.741333333332,2022-01-12,2024-12-31,True,340552.24,High Value
858,26,189488.96,66339.23000000001,7288.036923076923,2022-01-19,2024-11-27,True,189488.96,High Value
859,24,187067.65,58734.079999999994,7794.485416666666,2022-03-14,2024-10-12,True,187067.65,High Value
860,30,166332.99,59162.82,5544.432999999999,2022-01-30,2024-11-27,True,166332.99,High Value
861,36,459277.42,121238.40000000001,12757.706111111112,2022-01-14,2024-11-19,True,459277.42,High Value
862,37,202202.86000000002,80530.42,5464.942162162162,2022-01-26,2024-11-27,True,202202.86,High Value
863,35,494611.32999999996,134439.25,14131.752285714285,2022-01-19,2024-12-30,True,494611.33,High Value
864,40,351509.58,113160.45,8787.7395,2022-01-14,2024-12-30,True,351509.58,High Value
865,30,313017.49,88484.08,10433.916333333333,2022-04-24,2024-11-10,True,313017.49,High Value
866,20,122963.11,48297.54,6148.155499999999,2022-04-04,2024-12-11,True,122963.11,Mid Value
867,34,486498.1,95906.61999999998,14308.767647058821,2022-01-02,2024-12-15,True,486498.1,High Value
868,23,319125.14,91283.72,13875.006086956522,2022-01-23,2024-12-21,True,319125.14,High Value
869,38,253749.9,87396.94,6677.628947368421,2022-03-09,2024-12-15,True,253749.9,High Value
870,33,187215.92,68846.89,5673.209696969698,2022-02-27,2024-12-06,True,187215.92,High Value
871,30,333212.78,86837.53,11107.092666666667,2022-01-31,2024-10-25,True,333212.78,High Value
872,40,510414.6,128902.67,12760.365,2022-01-15,2024-12-20,True,510414.6,High Value
873,28,263889.33,63954.85,9424.618928571432,2022-02-21,2024-12-21,True,263889.33,High Value
874,27,332015.58999999997,92856.7,12296.873703703704,2022-01-10,2024-10-01,True,332015.59,High Value
875,34,577936.49,128563.03,16998.13205882353,2022-01-12,2024-12-13,True,577936.49,High Value
876,29,253168.27,90015.81,8729.940344827586,2022-02-10,2024-11-28,True,253168.27,High Value
877,28,181187.63,60279.47,6470.986785714286,2022-01-06,2024-12-13,True,181187.63,High Value
878,24,431515.82999999996,111543.61,17979.826250000002,2022-01-10,2024-11-26,True,431515.83,High Value
879,26,698276.2,140716.49,26856.776923076923,2022-02-13,2024-12-13,True,698276.2,High Value
880,35,289182.65,86237.94,8262.361428571428,2022-02-09,2024-10-17,True,289182.65,High Value
881,24,258527.46999999997,64440.009999999995,10771.977916666667,2022-02-14,2024-12-08,True,258527.47,High Value
882,33,842590.4099999999,155574.55999999997,25533.042727272725,2022-01-07,2024-09-07,True,842590.41,High Value
883,30,306719.2,103410.9,10223.973333333335,2022-01-27,2024-10-08,True,306719.2,High Value
884,23,191918.71,55465.09,8344.291739130435,2022-02-15,2024-12-01,True,191918.71,High Value
885,32,324351.58,90601.90000000001,10135.986875,2022-02-09,2024-12-21,True,324351.58,High Value
886,34,296104.26,77846.19,8708.948823529412,2022-02-17,2024-10-19,True,296104.26,High Value
887,47,655362.4099999999,157612.38,13943.881063829787,2022-01-12,2024-12-09,True,655362.41,High Value
888,32,381806.12,107153.7,11931.44125,2022-02-19,2024-12-21,True,381806.12,High Value
889,21,236451.69,67256.72,11259.604285714284,2022-01-09,2024-09-07,True,236451.69,High Value
890,30,218138.17,68385.33,7271.272333333333,2022-01-12,2024-12-30,True,218138.17,High Value
891,34,205359.88999999998,67999.52,6039.996764705883,2022-01-08,2024-12-19,True,205359.89,High Value
892,29,278431.06,76645.14,9601.071034482757,2022-02-09,2024-12-27,True,278431.06,High Value
893,30,245926.0,74405.84,8197.533333333333,2022-01-31,2024-12-17,True,245926.0,High Value
894,33,374666.02,98779.95,11353.515757575758,2022-01-17,2024-12-28,True,374666.02,High Value
895,25,377895.93999999994,83503.63999999998,15115.8376,2022-01-16,2024-10-27,True,377895.94,High Value
896,22,272119.38,78214.45999999999,12369.06272727273,2022-02-10,2024-11-15,True,272119.38,High Value
897,38,416300.07,103990.56999999999,10955.265000000001,2022-03-27,2024-10-28,True,416300.07,High Value
898,37,640353.81,146341.16999999998,17306.85972972973,2022-01-01,2024-12-27,True,640353.81,High Value
899,32,293178.72000000003,79569.97000000002,9161.835,2022-02-25,2024-12-21,True,293178.72,High Value
900,34,480363.43,122536.31,14128.336176470586,2022-02-19,2024-11-17,True,480363.43,High Value
901,27,234259.35,66976.97,8676.272222222222,2022-02-19,2024-11-23,True,234259.35,High Value
902,37,410380.54000000004,105356.25,11091.365945945945,2022-01-05,2024-12-28,True,410380.54,High Value
903,32,274342.13,73825.25,8573.1915625,2022-02-25,2024-09-26,True,274342.13,High Value
904,31,300960.12,85265.81,9708.390967741936,2022-01-19,2024-10-20,True,300960.12,High Value
905,33,729935.63,161162.99,22119.261515151513,2022-01-15,2024-11-15,True,729935.63,High Value
906,32,361571.52,96218.99000000002,11299.11,2022-05-10,2024-12-03,True,361571.52,High Value
907,40,301337.48,103433.62000000001,7533.437000000001,2022-01-13,2024-12-09,True,301337.48,High Value
908,24,212872.05,70817.03,8869.668749999999,2022-01-03,2024-12-10,True,212872.05,High Value
909,22,94902.38,35879.46,4313.744545454546,2022-02-10,2024-12-01,True,94902.38,Mid Value
910,24,436210.33999999997,94181.3,18175.430833333332,2022-01-07,2024-12-06,True,436210.34,High Value
911,29,414565.72,88316.74,14295.369655172417,2022-03-01,2024-10-11,True,414565.72,High Value
912,31,317513.76,80512.57,10242.379354838708,2022-02-23,2024-12-27,True,317513.76,High Value
913,33,175966.24,82660.52,5332.310303030303,2022-01-02,2024-05-12,True,175966.24,High Value
914,28,237594.95,67797.37,8485.533928571429,2022-01-26,2024-09-11,True,237594.95,High Value
915,28,210337.45,74496.6,7512.051785714285,2022-01-06,2024-08-09,True,210337.45,High Value
916,26,120204.47,43802.25,4623.248846153846,2022-01-02,2024-12-25,True,120204.47,Mid Value
917,30,236392.59,73141.3,7879.753000000001,2022-04-21,2024-11-08,True,236392.59,High Value
918,30,388130.62,87528.98999999999,12937.687333333335,2022-01-04,2024-12-19,True,388130.62,High Value
919,31,241564.47999999998,72557.37999999999,7792.402580645162,2022-01-27,2024-12-27,True,241564.48,High Value
920,33,185017.17,66334.32,5606.580909090909,2022-03-20,2024-11-28,True,185017.17,High Value
921,33,432682.35000000003,112846.68000000001,13111.586363636365,2022-01-07,2024-07-19,True,432682.35,High Value
922,28,224033.71,74503.85,8001.203928571429,2022-01-11,2024-12-22,True,224033.71,High Value
923,35,385177.89,120234.69,11005.082571428571,2022-01-10,2024-12-25,True,385177.89,High Value
924,22,290027.99,74044.35,13183.090454545454,2022-01-14,2024-09-11,True,290027.99,High Value
925,29,507481.23,112254.99,17499.352758620687,2022-02-03,2024-10-14,True,507481.23,High Value
926,33,812133.9299999999,157665.08,24610.119090909084,2022-01-08,2024-12-06,True,812133.93,High Value
927,30,284301.15,81807.45000000001,9476.705,2022-01-20,2024-12-08,True,284301.15,High Value
928,26,917843.9099999999,165163.03999999998,35301.68884615385,2022-04-12,2024-12-05,True,917843.91,High Value
929,32,298552.17,68578.22,9329.7553125,2022-01-02,2024-12-18,True,298552.17,High Value
930,30,535955.03,121789.29,17865.167666666668,2022-03-31,2024-11-17,True,535955.03,High Value
931,19,270024.45,59675.9,14211.813157894738,2022-04-04,2024-12-14,True,270024.45,High Value
932,29,306611.5,84734.45,10572.810344827583,2022-01-12,2024-10-30,True,306611.5,High Value
933,24,563928.15,115611.79999999999,23497.006250000002,2022-06-21,2024-08-30,True,563928.15,High Value
934,39,274122.72000000003,85124.3,7028.787692307693,2022-01-20,2024-12-17,True,274122.72,High Value
935,31,297220.92,87146.38,9587.771612903225,2022-02-21,2024-12-31,True,297220.92,High Value
936,33,386158.51,105951.73,11701.77303030303,2022-01-01,2024-12-21,True,386158.51,High Value
937,26,301591.41000000003,72924.48000000003,11599.669615384617,2022-01-19,2024-11-03,True,301591.41,High Value
938,30,943577.44,176673.59999999998,31452.581333333335,2022-02-11,2024-11-20,True,943577.44,High Value
939,34,455117.44,96951.58999999998,13385.807058823528,2022-01-23,2024-11-06,True,455117.44,High Value
940,30,403096.25,100649.26999999999,13436.541666666668,2022-01-02,2024-12-26,True,403096.25,High Value
941,33,230372.9,71700.36,6980.99696969697,2022-01-31,2024-09-23,True,230372.9,High Value
942,26,309332.02,81628.29,11897.385384615385,2022-01-09,2024-11-27,True,309332.02,High Value
943,29,366543.96,89112.42,12639.446896551723,2022-01-27,2024-12-28,True,366543.96,High Value
944,29,304553.75,70494.80000000002,10501.853448275862,2022-01-30,2024-12-25,True,304553.75,High Value
945,30,315570.03,87176.76999999999,10519.001000000002,2022-04-15,2024-11-22,True,315570.03,High Value
946,30,308318.44,84273.36000000002,10277.281333333336,2022-01-24,2024-10-16,True,308318.44,High Value
947,25,113831.45,44060.78,4553.258000000001,2022-03-12,2024-11-04,True,113831.45,Mid Value
948,28,198674.64,64816.8,7095.522857142858,2022-01-08,2024-10-19,True,198674.64,High Value
949,43,396192.39,103355.82,9213.776511627908,2022-02-03,2024-12-29,True,396192.39,High Value
950,30,257608.6,75387.62,8586.953333333335,2022-02-04,2024-10-07,True,257608.6,High Value
951,29,162001.59,65135.39,5586.26172413793,2022-01-07,2024-12-21,True,162001.59,Mid Value
952,24,122224.02,43016.79,5092.6675000000005,2022-01-10,2024-12-12,True,122224.02,Mid Value
953,27,312937.27,76727.41,11590.269259259258,2022-01-07,2024-12-26,True,312937.27,High Value
954,26,119378.37999999999,41242.68,4591.476153846154,2022-03-06,2024-12-04,True,119378.38,Mid Value
955,34,273645.97,102723.12999999999,8048.4108823529405,2022-01-07,2024-09-27,True,273645.97,High Value
956,27,411760.43,102141.79000000002,15250.386296296296,2022-01-06,2024-12-29,True,411760.43,High Value
957,27,477860.33,103335.22999999998,17698.53074074074,2022-01-12,2024-12-04,True,477860.33,High Value
958,30,561393.12,125442.09,18713.103999999996,2022-02-01,2024-10-16,True,561393.12,High Value
959,39,374348.97,100650.84,9598.691538461539,2022-01-07,2024-12-13,True,374348.97,High Value
960,35,869296.85,184696.49,24837.052857142855,2022-01-29,2024-11-08,True,869296.85,High Value
961,44,301458.66,102558.79,6851.333181818181,2022-02-10,2024-12-14,True,301458.66,High Value
962,25,498678.66,105176.06,19947.146399999998,2022-03-26,2024-12-26,True,498678.66,High Value
963,29,248252.11,72500.03,8560.417586206895,2022-03-30,2024-11-03,True,248252.11,High Value
964,25,514831.46,101675.99,20593.2584,2022-01-29,2024-10-06,True,514831.46,High Value
965,31,596614.9400000001,137811.88,19245.64322580645,2022-01-05,2024-10-24,True,596614.94,High Value
966,32,630217.9299999999,135836.65,19694.3103125,2022-02-20,2024-12-19,True,630217.93,High Value
967,35,301785.21,81198.16,8622.43457142857,2022-04-29,2024-12-11,True,301785.21,High Value
968,31,178926.22,65609.82,5771.813548387097,2022-02-10,2024-09-20,True,178926.22,High Value
969,31,449700.13999999996,109850.97,14506.456129032258,2022-02-01,2024-12-25,True,449700.14,High Value
970,26,219520.74,65982.1,8443.105384615385,2022-01-19,2024-09-19,True,219520.74,High Value
971,30,160770.45,62438.21,5359.014999999999,2022-01-25,2024-10-14,True,160770.45,Mid Value
972,25,264217.29,66554.42,10568.691599999998,2022-01-21,2024-12-09,True,264217.29,High Value
973,33,306448.14999999997,86100.33,9286.307575757577,2022-03-10,2024-11-14,True,306448.15,High Value
974,25,156014.09,55692.26,6240.5635999999995,2022-04-17,2024-11-28,True,156014.09,Mid Value
975,23,163342.76,52407.48,7101.859130434785,2022-03-05,2024-11-27,True,163342.76,Mid Value
976,40,713261.14,160517.66,17831.528499999997,2022-01-07,2024-11-27,True,713261.14,High Value
977,32,453457.32999999996,101094.31,14170.5415625,2022-02-11,2024-12-30,True,453457.33,High Value
978,31,807396.55,166892.66999999998,26045.050000000003,2022-02-02,2024-12-27,True,807396.55,High Value
979,30,641619.63,135003.54,21387.321,2022-01-07,2024-11-23,True,641619.63,High Value
980,27,717897.86,131599.83,26588.80962962963,2022-01-07,2024-12-26,True,717897.86,High Value
981,31,459741.74,125751.68000000001,14830.378709677416,2022-01-14,2024-10-20,True,459741.74,High Value
982,21,153419.75,44584.899999999994,7305.702380952381,2022-02-28,2024-12-23,True,153419.75,Mid Value
983,24,490284.68,94560.40000000001,20428.528333333332,2022-01-30,2024-12-03,True,490284.68,High Value
984,27,286691.29,92060.63,10618.195925925924,2022-03-06,2024-11-27,True,286691.29,High Value
985,25,138356.66,46697.29,5534.2664,2022-01-09,2024-11-21,True,138356.66,Mid Value
986,30,286731.7,85179.93,9557.723333333333,2022-02-12,2024-08-20,True,286731.7,High Value
987,26,194566.92,61818.12,7483.343076923076,2022-03-24,2024-09-17,True,194566.92,High Value
988,37,985957.1399999999,179738.75999999998,26647.490270270264,2022-01-13,2024-12-31,True,985957.14,High Value
989,40,381142.5,123300.70999999999,9528.5625,2022-01-27,2024-12-11,True,381142.5,High Value
990,21,380958.96,77414.22000000002,18140.902857142857,2022-01-07,2024-12-27,True,380958.96,High Value
991,32,192956.74,72062.31,6029.898125,2022-01-16,2024-12-18,True,192956.74,High Value
992,37,488778.89,123178.41,13210.240270270271,2022-01-09,2024-12-16,True,488778.89,High Value
993,24,430163.05,90574.39,17923.460416666665,2022-02-17,2024-11-03,True,430163.05,High Value
994,22,236817.43,78749.23000000001,10764.428636363637,2022-01-20,2024-12-21,True,236817.43,High Value
995,30,764842.98,145673.46,25494.766,2022-01-07,2024-12-17,True,764842.98,High Value
996,28,198625.31,68243.6,7093.761071428571,2022-01-05,2024-10-21,True,198625.31,High Value
997,29,196356.53,69476.7,6770.914827586208,2022-01-17,2024-11-26,True,196356.53,High Value
998,32,255271.51,73946.27,7977.234687499999,2022-01-02,2024-04-16,True,255271.51,High Value
999,33,319411.55,90837.17,9679.13787878788,2022-01-26,2024-12-14,True,319411.55,High Value
1000,39,616496.83,134546.25999999998,15807.611025641025,2022-01-24,2024-12-30,True,616496.83,High Value
1001,8,204300.31,41192.30999999999,25537.53875,2022-01-22,2024-12-16,True,204300.31,High Value
1002,5,42864.18,11755.680000000002,8572.836,2022-04-29,2024-07-22,True,42864.18,Low Value
1003,1,6730.19,1252.6099999999992,6730.19,2022-08-13,2022-08-13,False,6730.19,Churned Risk
1004,5,15066.57,7291.02,3013.314,2022-02-09,2024-07-17,True,15066.57,Churned Risk
1005,7,54429.45,13616.23,7775.635714285715,2022-04-10,2024-07-23,True,54429.45,Mid Value
1006,7,94034.69,23516.640000000007,13433.527142857143,2022-03-07,2024-11-26,True,94034.69,Mid Value
1007,3,8064.65,3368.9299999999994,2688.2166666666667,2023-02-25,2024-03-03,True,8064.65,Churned Risk
1008,7,22977.27,11666.6,3282.467142857143,2022-03-02,2024-10-26,True,22977.27,Churned Risk
1009,3,9540.170000000002,4695.490000000001,3180.0566666666673,2022-05-05,2024-11-21,True,9540.17,Churned Risk
1010,4,29787.27,10528.2,7446.817499999999,2022-05-14,2024-11-05,True,29787.27,Low Value
1011,5,24173.550000000003,8096.890000000001,4834.710000000001,2022-05-19,2024-12-05,True,24173.55,Churned Risk
1012,6,19997.09,8071.959999999999,3332.848333333333,2022-02-14,2024-06-16,True,19997.09,Churned Risk
1013,3,17767.43,5401.120000000001,5922.4766666666665,2022-08-23,2024-02-18,True,17767.43,Churned Risk
1014,8,55433.91,15952.380000000001,6929.23875,2022-07-01,2024-11-07,True,55433.91,Mid Value
1015,4,73881.26,27254.039999999997,18470.315000000002,2022-03-16,2024-11-26,True,73881.26,Mid Value
1016,4,14736.28,5711.43,3684.07,2022-05-30,2024-04-14,True,14736.28,Churned Risk
1017,8,119591.09000000001,22819.65000000001,14948.88625,2022-06-30,2024-12-17,True,119591.09,Mid Value
1018,9,69794.72,23229.29,7754.96888888889,2022-06-20,2024-09-10,True,69794.72,Mid Value
1019,2,6218.29,3150.41,3109.145,2024-06-17,2024-08-06,True,6218.29,Churned Risk
1020,7,143035.09,34986.76,20433.584285714285,2022-04-15,2024-12-03,True,143035.09,Mid Value
1021,3,18284.9,7467.95,6094.966666666667,2023-04-01,2024-11-08,True,18284.9,Churned Risk
1022,5,66594.66,19369.850000000002,13318.932,2022-09-16,2024-11-27,True,66594.66,Mid Value
1023,4,85791.11,16094.839999999997,21447.7775,2022-02-17,2024-02-14,True,85791.11,Mid Value
1024,4,31002.02,11168.599999999999,7750.504999999999,2022-04-19,2022-12-30,True,31002.02,Low Value
1025,7,32437.61,10990.159999999998,4633.944285714285,2022-02-04,2024-11-05,True,32437.61,Low Value
1026,4,22522.98,8707.21,5630.744999999999,2023-07-14,2024-12-12,True,22522.98,Churned Risk
1027,7,44051.380000000005,17457.03,6293.0542857142855,2022-04-17,2024-11-05,True,44051.38,Low Value
1028,6,21690.59,9934.66,3615.0983333333334,2022-12-09,2024-09-22,True,21690.59,Churned Risk
1029,4,16681.47,8888.29,4170.3675,2022-04-12,2024-08-11,True,16681.47,Churned Risk
1030,3,51669.479999999996,18423.839999999997,17223.16,2022-02-13,2024-07-19,True,51669.48,Low Value
1031,5,16182.029999999999,4031.96,3236.406,2022-10-10,2024-11-19,True,16182.03,Churned Risk
1032,9,249836.24999999997,40361.84999999999,27759.58333333333,2022-04-04,2024-12-20,True,249836.25,High Value
1033,5,24869.989999999998,10143.149999999998,4973.9980000000005,2022-10-20,2024-12-17,True,24869.99,Low Value
1034,3,55257.25,8756.690000000004,18419.083333333332,2022-01-27,2022-10-16,True,55257.25,Mid Value
1035,5,76527.02,16393.950000000004,15305.404,2022-01-15,2024-07-10,True,76527.02,Mid Value
1036,4,6949.65,3948.19,1737.4125,2022-09-21,2023-10-10,True,6949.65,Churned Risk
1037,5,18913.63,5388.2300000000005,3782.7259999999997,2022-09-27,2023-12-06,True,18913.63,Churned Risk
1038,3,68429.97,21763.510000000002,22809.99,2022-06-19,2023-11-28,True,68429.97,Mid Value
1039,6,43170.840000000004,10862.920000000002,7195.14,2022-04-12,2024-11-23,True,43170.84,Low Value
1040,7,59939.729999999996,20545.359999999997,8562.81857142857,2022-07-06,2024-09-01,True,59939.73,Mid Value
1041,1,86424.84999999999,14639.25,86424.84999999999,2022-12-17,2022-12-17,False,86424.85,Mid Value
1042,7,56682.11,17633.17,8097.444285714286,2022-08-04,2024-10-20,True,56682.11,Mid Value
1043,4,22759.64,9412.470000000001,5689.91,2022-04-15,2024-12-01,True,22759.64,Churned Risk
1044,1,13825.09,3132.0899999999992,13825.09,2023-06-14,2023-06-14,False,13825.09,Churned Risk
1045,7,98402.17,23038.410000000003,14057.452857142856,2022-03-03,2024-05-25,True,98402.17,Mid Value
1046,7,77957.61,23589.4,11136.80142857143,2022-03-21,2024-06-06,True,77957.61,Mid Value
1047,11,131786.39,34785.880000000005,11980.58090909091,2022-07-15,2024-07-13,True,131786.39,Mid Value
1048,4,19859.6,5675.17,4964.9,2023-05-31,2024-07-19,True,19859.6,Churned Risk
1049,5,47832.58,16005.910000000002,9566.516,2022-10-13,2024-08-26,True,47832.58,Low Value
1050,7,30167.36,14351.03,4309.622857142857,2022-03-30,2024-12-10,True,30167.36,Low Value
1051,1,8775.310000000001,3479.4700000000007,8775.310000000001,2022-10-19,2022-10-19,False,8775.31,Churned Risk
1052,6,28402.579999999998,10690.24,4733.763333333333,2022-05-22,2024-11-06,True,28402.58,Low Value
1053,1,337.0,185.92,337.0,2024-07-31,2024-07-31,False,337.0,Churned Risk
1054,6,34636.2,14521.25,5772.7,2022-06-26,2024-07-15,True,34636.2,Low Value
1055,3,10762.779999999999,2969.9799999999987,3587.593333333333,2022-03-20,2024-04-04,True,10762.78,Churned Risk
1056,8,24830.81,9498.220000000001,3103.85125,2022-01-05,2024-06-01,True,24830.81,Low Value
1057,3,6059.46,3653.6900000000005,2019.8199999999997,2022-10-18,2024-04-05,True,6059.46,Churned Risk
1058,8,148392.99000000002,33121.68000000001,18549.12375,2022-02-05,2024-12-06,True,148392.99,Mid Value
1059,2,26198.28,7966.650000000001,13099.14,2022-03-14,2022-10-28,True,26198.28,Low Value
1060,3,96783.33,19404.569999999996,32261.109999999997,2023-04-10,2024-07-25,True,96783.33,Mid Value
1061,3,26936.84,7014.469999999999,8978.946666666665,2022-10-19,2024-11-01,True,26936.84,Low Value
1062,2,26453.46,9747.589999999998,13226.730000000001,2022-02-21,2023-01-08,True,26453.46,Low Value
1063,3,16116.55,4704.370000000001,5372.183333333333,2022-12-06,2024-11-29,True,16116.55,Churned Risk
1064,8,128923.6,31977.000000000007,16115.45,2022-06-10,2024-11-21,True,128923.6,Mid Value
1065,7,336723.43,61661.03,48103.347142857136,2022-02-14,2024-09-14,True,336723.43,High Value
1066,3,38908.57,10106.689999999999,12969.523333333333,2022-09-16,2023-08-30,True,38908.57,Low Value
1067,6,46669.74,11987.990000000002,7778.29,2023-08-17,2024-11-05,True,46669.74,Low Value
1068,4,22116.68,6732.4400000000005,5529.17,2022-08-18,2024-08-30,True,22116.68,Churned Risk
1069,3,398490.82,59846.89999999999,132830.27333333335,2022-01-13,2024-05-19,True,398490.82,High Value
1070,6,148299.81,28709.040000000005,24716.635,2022-01-01,2024-07-26,True,148299.81,Mid Value
1071,8,179086.76,39322.56,22385.845,2022-08-31,2024-05-26,True,179086.76,High Value
1072,8,170633.12,31159.36,21329.14,2022-01-11,2024-08-17,True,170633.12,High Value
1073,7,10329.16,4321.15,1475.5942857142857,2022-03-25,2024-11-28,True,10329.16,Churned Risk
1074,6,42637.07,15265.999999999998,7106.178333333332,2022-08-15,2024-08-09,True,42637.07,Low Value
1075,7,51001.7,18517.24,7285.957142857143,2022-08-31,2024-11-17,True,51001.7,Low Value
1076,3,85020.84,14422.489999999998,28340.280000000002,2022-02-04,2023-06-13,True,85020.84,Mid Value
1077,6,44473.01,17220.46,7412.168333333334,2022-03-27,2024-07-05,True,44473.01,Low Value
1078,6,18229.21,8306.53,3038.2016666666664,2022-01-08,2024-04-24,True,18229.21,Churned Risk
1079,2,4263.79,1523.5,2131.895,2023-11-18,2024-03-20,True,4263.79,Churned Risk
1080,6,137993.48,24564.609999999997,22998.91333333333,2022-10-18,2024-10-17,True,137993.48,Mid Value
1081,3,11584.38,4277.62,3861.4600000000005,2022-04-21,2024-11-21,True,11584.38,Churned Risk
1082,5,173642.38999999998,27506.689999999995,34728.478,2022-03-25,2023-07-23,True,173642.39,High Value
1083,5,19185.66,8364.84,3837.132,2022-03-12,2024-12-16,True,19185.66,Churned Risk
1084,7,85112.86,27245.300000000003,12158.98,2022-01-18,2024-11-03,True,85112.86,Mid Value
1085,6,201508.47,38410.509999999995,33584.744999999995,2022-02-04,2024-03-23,True,201508.47,High Value
1086,4,54037.39,13831.02,13509.3475,2023-10-06,2024-12-09,True,54037.39,Mid Value
1087,3,34284.119999999995,11187.359999999997,11428.039999999999,2022-04-17,2023-01-02,True,34284.12,Low Value
1088,5,22404.4,9570.009999999998,4480.88,2022-07-27,2024-04-08,True,22404.4,Churned Risk
1089,4,45212.020000000004,14076.050000000001,11303.005000000001,2024-05-24,2024-12-05,True,45212.02,Low Value
1090,6,28267.14,11197.42,4711.19,2022-01-15,2024-10-20,True,28267.14,Low Value
1091,5,36450.78,14904.28,7290.156,2022-04-07,2024-12-18,True,36450.78,Low Value
1092,4,322035.73,49324.06999999999,80508.9325,2023-07-16,2024-02-14,True,322035.73,High Value
1093,10,109509.84000000001,28376.610000000004,10950.984,2022-06-14,2024-09-17,True,109509.84,Mid Value
1094,5,26238.03,11163.02,5247.606,2022-10-31,2024-10-01,True,26238.03,Low Value
1095,7,89718.76,24182.97,12816.965714285716,2022-04-03,2024-02-20,True,89718.76,Mid Value
1096,6,91623.73,16875.729999999996,15270.621666666668,2022-04-04,2024-09-15,True,91623.73,Mid Value
1097,3,9683.26,2463.6599999999994,3227.7533333333336,2022-03-12,2024-08-27,True,9683.26,Churned Risk
1098,7,23904.49,9612.66,3414.9271428571433,2022-01-10,2024-12-19,True,23904.49,Churned Risk
1099,5,14745.649999999998,7703.74,2949.13,2023-06-06,2024-12-15,True,14745.65,Churned Risk
1100,10,158176.78999999998,39822.45,15817.678999999998,2022-03-02,2024-05-21,True,158176.79,Mid Value
1101,7,32552.22,12909.84,4650.317142857143,2022-09-02,2024-06-08,True,32552.22,Low Value
1102,8,71295.76,18634.010000000002,8911.97,2022-03-24,2024-06-21,True,71295.76,Mid Value
1103,6,63284.03,18778.64,10547.338333333333,2023-06-20,2024-11-02,True,63284.03,Mid Value
1104,6,12220.81,3903.689999999999,2036.8016666666665,2022-02-02,2023-10-12,True,12220.81,Churned Risk
1105,3,134282.35,24336.450000000004,44760.78333333333,2022-12-24,2024-12-29,True,134282.35,Mid Value
1106,7,43728.38,14184.3,6246.911428571429,2023-06-30,2024-11-27,True,43728.38,Low Value
1107,7,49695.88,12254.560000000001,7099.4114285714295,2023-06-03,2024-11-11,True,49695.88,Low Value
1108,9,74192.11,23576.87,8243.567777777778,2022-11-06,2024-07-12,True,74192.11,Mid Value
1109,3,5539.410000000001,2357.9300000000003,1846.47,2022-08-12,2024-11-09,True,5539.41,Churned Risk
1110,4,18168.65,7258.82,4542.1625,2022-01-22,2024-05-22,True,18168.65,Churned Risk
1111,7,64669.090000000004,20071.34,9238.441428571428,2022-06-02,2024-10-08,True,64669.09,Mid Value
1112,6,9803.47,3381.6699999999996,1633.9116666666666,2022-03-10,2024-08-27,True,9803.47,Churned Risk
1113,7,40544.03,17148.7,5792.004285714284,2022-01-23,2024-11-10,True,40544.03,Low Value
1114,7,335457.86999999994,56888.969999999994,47922.55285714286,2022-03-11,2023-09-25,True,335457.87,High Value
1115,5,42108.1,12861.54,8421.619999999999,2022-04-15,2024-04-21,True,42108.1,Low Value
1116,4,49805.11,16048.199999999999,12451.277499999998,2022-01-21,2024-07-19,True,49805.11,Low Value
1117,4,14744.439999999999,6459.9400000000005,3686.11,2022-02-15,2023-12-30,True,14744.44,Churned Risk
1118,1,77232.68,11230.639999999998,77232.68,2022-02-16,2022-02-16,False,77232.68,Mid Value
1119,4,17995.57,7866.689999999999,4498.8925,2022-02-18,2024-08-07,True,17995.57,Churned Risk
1120,5,23937.239999999998,7928.759999999999,4787.447999999999,2022-02-09,2023-04-30,True,23937.24,Churned Risk
1121,9,33138.14,10615.529999999999,3682.0155555555557,2023-04-08,2024-10-02,True,33138.14,Low Value
1122,5,491083.25,77449.35999999999,98216.65,2022-03-19,2023-12-29,True,491083.25,High Value
1123,2,10553.98,2926.0099999999998,5276.99,2023-02-11,2023-03-20,True,10553.98,Churned Risk
1124,4,44141.01,9952.86,11035.2525,2022-03-18,2023-02-02,True,44141.01,Low Value
1125,6,196894.44999999998,36305.33999999999,32815.74166666666,2022-04-10,2024-11-14,True,196894.45,High Value
1126,4,105291.02,21196.39,26322.755,2022-09-28,2023-12-28,True,105291.02,Mid Value
1127,6,68361.98,19052.75,11393.663333333332,2022-07-19,2024-12-26,True,68361.98,Mid Value
1128,3,54563.03,9685.36,18187.67666666667,2022-10-19,2024-04-15,True,54563.03,Mid Value
1129,3,12327.85,3687.58,4109.283333333334,2022-06-12,2023-04-30,True,12327.85,Churned Risk
1130,3,18404.22,8550.52,6134.740000000001,2023-07-17,2024-08-14,True,18404.22,Churned Risk
1131,3,20204.75,8667.589999999998,6734.916666666667,2022-02-11,2023-03-07,True,20204.75,Churned Risk
1132,5,13751.9,6085.29,2750.38,2022-03-15,2024-06-20,True,13751.9,Churned Risk
1133,9,147463.73,32709.260000000002,16384.858888888888,2022-08-30,2024-02-18,True,147463.73,Mid Value
1134,5,18850.35,7787.579999999999,3770.0699999999997,2023-10-17,2024-10-30,True,18850.35,Churned Risk
1135,8,64807.5,23463.11,8100.9375,2022-03-19,2024-12-20,True,64807.5,Mid Value
1136,6,81268.09,23403.18,13544.681666666665,2023-02-27,2024-09-18,True,81268.09,Mid Value
1137,7,199428.32,38854.15,28489.760000000002,2022-03-26,2024-12-07,True,199428.32,High Value
1138,4,18572.57,8393.16,4643.1425,2023-05-17,2024-04-20,True,18572.57,Churned Risk
1139,2,29841.930000000004,6046.930000000002,14920.965000000002,2022-02-19,2023-05-12,True,29841.93,Low Value
1140,9,154128.14,35746.16000000001,17125.34888888889,2022-04-25,2024-11-11,True,154128.14,Mid Value
1141,5,39923.14,10144.110000000002,7984.628,2022-05-29,2024-05-17,True,39923.14,Low Value
1142,8,204204.93,39081.659999999996,25525.61625,2022-01-28,2024-05-02,True,204204.93,High Value
1143,6,76517.34,27041.41,12752.89,2022-03-25,2024-10-06,True,76517.34,Mid Value
1144,10,81081.94,23728.53,8108.194,2022-01-08,2024-12-30,True,81081.94,Mid Value
1145,5,91465.82000000002,18935.930000000015,18293.164,2022-01-11,2024-10-05,True,91465.82,Mid Value
1146,4,26768.870000000003,14049.600000000002,6692.217500000001,2022-06-08,2024-04-01,True,26768.87,Low Value
1147,5,24259.98,7054.409999999999,4851.996,2022-06-08,2024-10-09,True,24259.98,Low Value
1148,5,59123.69,22324.5,11824.738,2022-11-10,2024-02-16,True,59123.69,Mid Value
1149,4,50767.85,14028.27,12691.962500000001,2023-03-05,2024-10-04,True,50767.85,Low Value
1150,3,6982.98,2503.49,2327.66,2022-11-16,2024-04-07,True,6982.98,Churned Risk
1151,4,9570.94,3854.9900000000002,2392.735,2022-06-12,2024-11-20,True,9570.94,Churned Risk
1152,2,19938.71,7037.13,9969.355,2024-08-08,2024-09-03,True,19938.71,Churned Risk
1153,8,115603.99,33027.91,14450.49875,2022-02-04,2024-03-31,True,115603.99,Mid Value
1154,5,13614.09,5098.74,2722.818,2022-06-11,2024-10-15,True,13614.09,Churned Risk
1155,4,419322.11,65296.51999999999,104830.5275,2022-04-24,2023-03-10,True,419322.11,High Value
1156,5,30136.45,12315.32,6027.29,2022-01-10,2024-01-06,True,30136.45,Low Value
1157,8,24372.39,9753.109999999999,3046.54875,2022-06-08,2024-11-24,True,24372.39,Low Value
1158,4,36486.130000000005,11276.69,9121.5325,2022-05-18,2024-08-04,True,36486.13,Low Value
1159,4,97584.45999999999,20012.76,24396.114999999994,2022-03-05,2023-06-20,True,97584.46,Mid Value
1160,5,17974.09,8069.2,3594.818,2022-01-18,2024-12-02,True,17974.09,Churned Risk
1161,10,39308.88,13924.519999999999,3930.8880000000004,2022-04-04,2024-07-22,True,39308.88,Low Value
1162,5,19219.18,5266.65,3843.8360000000002,2022-03-27,2024-07-06,True,19219.18,Churned Risk
1163,11,75524.85,23252.94,6865.895454545455,2022-03-25,2024-09-15,True,75524.85,Mid Value
1164,6,115173.25,25559.809999999998,19195.541666666668,2023-04-19,2024-11-17,True,115173.25,Mid Value
1165,2,5751.51,3006.56,2875.755,2022-08-06,2023-05-02,True,5751.51,Churned Risk
1166,5,55568.240000000005,9940.050000000005,11113.648000000001,2022-05-13,2023-09-24,True,55568.24,Mid Value
1167,3,27681.57,9945.57,9227.19,2022-03-26,2024-11-14,True,27681.57,Low Value
1168,4,38308.55,10622.409999999998,9577.1375,2022-02-22,2024-08-01,True,38308.55,Low Value
1169,2,62912.79,15209.779999999999,31456.395,2022-04-24,2023-01-03,True,62912.79,Mid Value
1170,6,280708.24,51112.72999999999,46784.706666666665,2022-02-15,2024-11-06,True,280708.24,High Value
1171,4,34167.61,13063.999999999998,8541.9025,2022-03-24,2024-06-28,True,34167.61,Low Value
1172,6,357370.88999999996,54435.28999999999,59561.815,2022-11-22,2024-12-30,True,357370.89,High Value
1173,6,26349.53,9586.9,4391.588333333333,2022-04-23,2024-05-17,True,26349.53,Low Value
1174,5,35771.87,17270.85,7154.374000000001,2022-06-29,2024-06-07,True,35771.87,Low Value
1175,6,33820.69,12813.82,5636.781666666667,2022-08-11,2024-12-24,True,33820.69,Low Value
1176,3,35417.28,14039.93,11805.76,2023-01-12,2024-09-07,True,35417.28,Low Value
1177,4,95389.88,21770.53,23847.47,2022-10-16,2024-11-15,True,95389.88,Mid Value
1178,6,64838.68,24360.79,10806.446666666667,2022-07-11,2023-04-16,True,64838.68,Mid Value
1179,7,42974.18,14205.94,6139.168571428571,2022-04-10,2024-06-25,True,42974.18,Low Value
1180,10,48443.88,17075.84,4844.388,2022-07-05,2024-10-12,True,48443.88,Low Value
1181,3,5539.889999999999,1955.12,1846.6299999999999,2022-06-22,2023-03-21,True,5539.89,Churned Risk
1182,7,33876.53,14706.21,4839.504285714286,2022-02-23,2024-12-07,True,33876.53,Low Value
1183,6,22774.83,8148.7,3795.8050000000003,2022-03-13,2024-04-27,True,22774.83,Churned Risk
1184,8,64461.689999999995,19997.769999999997,8057.711249999999,2022-06-03,2024-11-16,True,64461.69,Mid Value
1185,3,50266.97,14672.689999999999,16755.656666666666,2022-03-12,2022-09-07,True,50266.97,Low Value
1186,6,20448.81,9681.66,3408.135,2023-01-29,2024-12-02,True,20448.81,Churned Risk
1187,4,39797.93,11053.880000000001,9949.4825,2022-01-16,2024-08-04,True,39797.93,Low Value
1188,8,71076.15,26744.39,8884.51875,2022-05-11,2024-06-07,True,71076.15,Mid Value
1189,8,16619.579999999998,6653.52,2077.4475,2022-02-08,2024-08-29,True,16619.58,Churned Risk
1190,3,28266.88,13666.539999999999,9422.293333333333,2023-02-03,2024-12-09,True,28266.88,Low Value
1191,4,60980.31,14788.690000000002,15245.0775,2022-03-31,2023-08-02,True,60980.31,Mid Value
1192,5,116103.43,24842.35,23220.686000000005,2022-12-20,2024-08-17,True,116103.43,Mid Value
1193,3,12174.81,5329.95,4058.27,2022-01-11,2024-04-25,True,12174.81,Churned Risk
1194,6,97866.51,21174.789999999997,16311.085000000001,2022-01-02,2024-10-08,True,97866.51,Mid Value
1195,5,23513.45,8542.42,4702.6900000000005,2022-04-05,2024-12-28,True,23513.45,Churned Risk
1196,3,103851.9,19877.03,34617.299999999996,2022-01-16,2023-10-26,True,103851.9,Mid Value
1197,5,58755.810000000005,12112.810000000005,11751.162,2023-02-10,2024-09-20,True,58755.81,Mid Value
1198,4,14368.59,5889.359999999999,3592.1475,2022-07-26,2024-11-03,True,14368.59,Churned Risk
1199,8,48757.17,20466.469999999998,6094.64625,2022-09-13,2024-07-17,True,48757.17,Low Value
1200,5,50713.990000000005,14427.140000000001,10142.797999999999,2022-01-23,2023-06-05,True,50713.99,Low Value
1201,6,78750.56,25057.270000000004,13125.093333333336,2022-03-27,2024-10-06,True,78750.56,Mid Value
1202,7,38828.99,13828.859999999997,5546.99857142857,2022-02-16,2024-05-23,True,38828.99,Low Value
1203,6,63595.99,18020.04,10599.331666666667,2022-10-16,2024-08-09,True,63595.99,Mid Value
1204,4,26517.21,7547.38,6629.3025,2022-01-17,2024-04-16,True,26517.21,Low Value
1205,6,70906.23,17781.79,11817.705000000002,2022-02-16,2024-02-07,True,70906.23,Mid Value
1206,4,15626.369999999999,6185.19,3906.5925,2022-06-16,2023-05-13,True,15626.37,Churned Risk
1207,6,36109.88,13835.419999999998,6018.313333333334,2022-04-07,2024-05-30,True,36109.88,Low Value
1208,3,14633.130000000001,5886.349999999999,4877.71,2022-04-14,2024-04-16,True,14633.13,Churned Risk
1209,6,43518.36,16967.21,7253.06,2022-02-14,2024-08-13,True,43518.36,Low Value
1210,8,57847.75,18633.670000000002,7230.96875,2022-01-18,2024-07-06,True,57847.75,Mid Value
1211,4,47278.130000000005,16225.159999999998,11819.532500000001,2022-03-08,2024-02-02,True,47278.13,Low Value
1212,3,36096.03,7571.280000000002,12032.01,2022-03-02,2024-02-25,True,36096.03,Low Value
1213,5,82834.84,27851.93,16566.968,2022-06-11,2024-09-26,True,82834.84,Mid Value
1214,3,14410.95,6165.5,4803.65,2022-02-02,2023-08-05,True,14410.95,Churned Risk
1215,6,22490.5,7317.839999999997,3748.416666666666,2022-01-08,2024-07-18,True,22490.5,Churned Risk
1216,7,84928.08,26203.520000000004,12132.582857142857,2022-01-17,2024-08-27,True,84928.08,Mid Value
1217,3,28195.8,11608.119999999999,9398.6,2022-02-08,2024-09-10,True,28195.8,Low Value
1218,6,51481.29,23867.730000000003,8580.215,2022-02-09,2024-11-29,True,51481.29,Low Value
1219,4,41658.6,6923.92,10414.650000000001,2022-02-10,2023-06-29,True,41658.6,Low Value
1220,8,50649.57,18383.36,6331.19625,2022-04-03,2023-11-03,True,50649.57,Low Value
1221,4,30671.170000000002,6702.170000000002,7667.7925000000005,2022-09-03,2024-06-28,True,30671.17,Low Value
1222,6,144540.4,27152.200000000004,24090.066666666662,2022-04-04,2024-12-20,True,144540.4,Mid Value
1223,6,38438.65,13214.659999999998,6406.441666666667,2022-01-18,2023-03-05,True,38438.65,Low Value
1224,8,57503.74,24025.23,7187.967500000001,2022-03-26,2024-09-11,True,57503.74,Mid Value
1225,7,73375.73,30240.76,10482.247142857144,2022-07-01,2024-11-17,True,73375.73,Mid Value
1226,2,4988.700000000001,2371.1400000000003,2494.3500000000004,2022-02-04,2023-10-05,True,4988.7,Churned Risk
1227,10,264775.8,48183.939999999995,26477.579999999998,2022-07-04,2024-06-07,True,264775.8,High Value
1228,4,22383.8,7529.059999999998,5595.95,2022-08-30,2024-11-11,True,22383.8,Churned Risk
1229,2,25221.079999999998,7917.660000000001,12610.539999999999,2022-01-17,2024-10-22,True,25221.08,Low Value
1230,6,30881.86,13388.170000000002,5146.9766666666665,2022-10-22,2024-12-06,True,30881.86,Low Value
1231,6,36806.58,11193.48,6134.43,2022-07-27,2024-12-05,True,36806.58,Low Value
1232,5,102219.98999999999,20325.159999999996,20443.998,2022-10-10,2024-07-24,True,102219.99,Mid Value
1233,8,69843.41,22595.1,8730.42625,2022-05-17,2024-08-24,True,69843.41,Mid Value
1234,6,55254.09,16272.18,9209.015000000001,2022-03-17,2024-08-15,True,55254.09,Mid Value
1235,4,33710.78,8598.750000000002,8427.695,2022-02-21,2024-11-15,True,33710.78,Low Value
1236,5,39098.0,13757.869999999999,7819.6,2022-06-11,2024-03-31,True,39098.0,Low Value
1237,7,157609.29,38424.110000000015,22515.61285714286,2022-07-26,2024-07-11,True,157609.29,Mid Value
1238,7,63392.12,20704.609999999997,9056.017142857143,2022-09-29,2024-12-02,True,63392.12,Mid Value
1239,5,91187.29,17621.930000000004,18237.458000000002,2023-03-21,2024-10-04,True,91187.29,Mid Value
1240,4,19893.870000000003,6552.18,4973.467500000001,2022-05-22,2024-10-06,True,19893.87,Churned Risk
1241,4,89674.58,19801.76,22418.645,2023-08-27,2024-08-04,True,89674.58,Mid Value
1242,4,49251.12,16734.780000000002,12312.78,2022-02-16,2024-05-17,True,49251.12,Low Value
1243,10,147402.72999999998,34732.0,14740.273000000001,2022-03-12,2024-02-26,True,147402.73,Mid Value
1244,4,47406.99,17904.55,11851.747500000001,2022-06-19,2024-08-15,True,47406.99,Low Value
1245,4,83799.43,21402.64,20949.8575,2022-10-16,2023-07-13,True,83799.43,Mid Value
1246,9,126831.81,31028.740000000005,14092.423333333332,2022-05-20,2024-11-14,True,126831.81,Mid Value
1247,4,25940.24,12229.41,6485.0599999999995,2023-04-18,2024-11-10,True,25940.24,Low Value
1248,6,301932.37999999995,54674.29999999999,50322.06333333333,2022-02-18,2024-08-18,True,301932.38,High Value
1249,4,21382.68,7149.399999999999,5345.669999999999,2022-10-23,2024-06-19,True,21382.68,Churned Risk
1250,3,83085.2,13460.949999999997,27695.066666666662,2022-12-03,2024-11-21,True,83085.2,Mid Value
1251,6,62247.79,25132.84,10374.631666666666,2022-02-27,2024-08-07,True,62247.79,Mid Value
1252,7,116778.38,26083.62000000001,16682.625714285714,2022-02-18,2024-09-29,True,116778.38,Mid Value
1253,7,36519.85,12489.74,5217.121428571429,2022-08-13,2024-08-28,True,36519.85,Low Value
1254,2,5504.73,3056.77,2752.365,2022-04-23,2022-08-11,True,5504.73,Churned Risk
1255,3,12537.99,4909.400000000001,4179.33,2024-01-05,2024-09-11,True,12537.99,Churned Risk
1256,6,32556.36,13876.240000000002,5426.0599999999995,2022-12-06,2024-02-21,True,32556.36,Low Value
1257,4,47329.53,17890.55,11832.3825,2024-07-07,2024-12-06,True,47329.53,Low Value
1258,7,36853.380000000005,13919.92,5264.768571428571,2022-04-01,2024-04-25,True,36853.38,Low Value
1259,3,37332.700000000004,9153.510000000002,12444.233333333332,2022-03-25,2024-03-08,True,37332.7,Low Value
1260,5,23920.57,9321.570000000002,4784.114,2022-09-08,2024-09-19,True,23920.57,Churned Risk
1261,4,24787.420000000002,11697.890000000001,6196.8550000000005,2022-05-02,2024-12-18,True,24787.42,Low Value
1262,6,70161.3,17273.800000000003,11693.550000000001,2022-06-24,2024-07-17,True,70161.3,Mid Value
1263,7,113316.68,24667.749999999996,16188.09714285714,2022-07-11,2024-12-24,True,113316.68,Mid Value
1264,3,270596.18,43829.399999999994,90198.72666666664,2022-10-03,2023-11-19,True,270596.18,High Value
1265,4,64541.47,18353.11,16135.3675,2022-01-22,2023-02-11,True,64541.47,Mid Value
1266,10,68349.35,28303.25,6834.9349999999995,2022-02-11,2024-11-26,True,68349.35,Mid Value
1267,2,3696.2799999999997,2080.9,1848.1399999999999,2023-11-27,2024-09-04,True,3696.28,Churned Risk
1268,2,4339.51,2386.84,2169.755,2022-11-16,2023-01-02,True,4339.51,Churned Risk
1269,2,7296.02,3542.0800000000004,3648.01,2022-07-27,2023-01-29,True,7296.02,Churned Risk
1270,2,44991.10999999999,15262.599999999997,22495.554999999997,2022-11-25,2024-11-25,True,44991.11,Low Value
1271,6,116281.24,28559.100000000002,19380.206666666665,2022-06-04,2024-11-20,True,116281.24,Mid Value
1272,7,32536.64,14539.18,4648.091428571429,2022-02-10,2024-12-29,True,32536.64,Low Value
1273,6,105049.5,22086.28,17508.25,2023-05-03,2024-05-14,True,105049.5,Mid Value
1274,8,54224.05,13703.280000000002,6778.00625,2022-01-04,2024-07-02,True,54224.05,Mid Value
1275,6,25932.34,10522.26,4322.056666666666,2023-02-13,2024-07-25,True,25932.34,Low Value
1276,5,18422.03,7613.87,3684.406,2022-10-21,2024-08-30,True,18422.03,Churned Risk
1277,4,36528.07,11662.23,9132.0175,2022-04-24,2023-01-28,True,36528.07,Low Value
1278,7,192951.74,40977.56999999999,27564.53428571429,2022-05-16,2024-05-10,True,192951.74,High Value
1279,4,74649.7,21379.71,18662.425,2022-08-17,2024-02-28,True,74649.7,Mid Value
1280,2,6539.84,3662.8399999999997,3269.92,2022-10-10,2024-08-31,True,6539.84,Churned Risk
1281,7,91068.31,17770.89,13009.75857142857,2022-02-13,2024-10-15,True,91068.31,Mid Value
1282,3,24038.48,5820.0,8012.826666666667,2022-08-12,2023-11-08,True,24038.48,Churned Risk
1283,5,26526.45,7715.510000000002,5305.289999999999,2022-08-28,2024-10-08,True,26526.45,Low Value
1284,5,120794.74,22289.100000000002,24158.948,2022-08-23,2024-12-01,True,120794.74,Mid Value
1285,8,498113.8,78680.79999999999,62264.225,2022-11-07,2024-11-15,True,498113.8,High Value
1286,8,64568.96,18258.410000000003,8071.119999999999,2022-03-06,2024-08-15,True,64568.96,Mid Value
1288,6,21153.0,9440.36,3525.5,2023-03-29,2024-06-19,True,21153.0,Churned Risk
1289,5,25639.250000000004,11752.510000000002,5127.85,2022-12-29,2024-10-12,True,25639.25,Low Value
1290,6,52422.22,14616.92,8737.036666666665,2022-02-25,2024-12-08,True,52422.22,Low Value
1291,5,22728.46,10933.76,4545.692000000001,2022-01-28,2024-01-13,True,22728.46,Churned Risk
1292,4,24693.35,6786.500000000002,6173.3375,2022-02-09,2023-11-28,True,24693.35,Low Value
1293,5,31607.4,11902.7,6321.48,2022-04-18,2024-10-12,True,31607.4,Low Value
1294,6,96509.11,25567.570000000003,16084.851666666667,2022-04-29,2024-09-20,True,96509.11,Mid Value
1295,4,18228.73,8097.82,4557.1825,2022-11-10,2024-04-17,True,18228.73,Churned Risk
1296,5,41841.18,9832.760000000002,8368.235999999999,2022-04-03,2023-09-25,True,41841.18,Low Value
1297,9,96674.41,27470.34,10741.601111111111,2022-07-16,2024-12-14,True,96674.41,Mid Value
1298,6,57076.51,14699.85,9512.751666666665,2023-03-15,2024-08-30,True,57076.51,Mid Value
1299,3,94794.58,18195.699999999997,31598.193333333333,2022-03-25,2023-06-29,True,94794.58,Mid Value
1300,4,20835.4,7310.06,5208.849999999999,2023-08-08,2024-08-15,True,20835.4,Churned Risk
1301,4,16821.86,7846.11,4205.465,2023-09-11,2024-09-12,True,16821.86,Churned Risk
1302,6,87720.06,15343.519999999997,14620.01,2022-12-13,2024-05-15,True,87720.06,Mid Value
1303,10,109714.94,24394.569999999996,10971.493999999997,2022-06-08,2024-09-03,True,109714.94,Mid Value
1304,4,37239.619999999995,12544.35,9309.904999999997,2022-01-07,2023-11-10,True,37239.62,Low Value
1306,6,195341.91,38461.52,32556.984999999997,2022-05-08,2023-04-13,True,195341.91,High Value
1307,4,23016.010000000002,8938.75,5754.0025000000005,2022-12-13,2024-05-26,True,23016.01,Churned Risk
1308,2,7344.53,2535.1299999999997,3672.265,2022-05-09,2023-11-29,True,7344.53,Churned Risk
1309,4,19268.8,5376.19,4817.2,2023-01-18,2024-12-01,True,19268.8,Churned Risk
1310,6,35945.77,11496.47,5990.961666666667,2022-09-06,2024-09-05,True,35945.77,Low Value
1311,4,19030.440000000002,5444.18,4757.610000000001,2022-06-27,2023-12-21,True,19030.44,Churned Risk
1312,5,39341.57,14307.969999999998,7868.314,2022-06-01,2023-08-07,True,39341.57,Low Value
1313,7,50505.62,18813.800000000003,7215.088571428571,2022-11-10,2024-11-22,True,50505.62,Low Value
1314,6,301095.12,62043.939999999995,50182.51999999999,2022-04-29,2024-11-17,True,301095.12,High Value
1315,7,29877.14,10956.519999999999,4268.162857142857,2022-01-26,2024-10-03,True,29877.14,Low Value
1316,4,17639.66,7225.59,4409.915,2022-02-13,2024-04-12,True,17639.66,Churned Risk
1317,6,36241.0,16333.52,6040.166666666667,2022-07-04,2024-11-12,True,36241.0,Low Value
1318,5,40188.11,17525.11,8037.622,2022-07-26,2023-10-15,True,40188.11,Low Value
1319,5,32224.29,10825.96,6444.858,2023-09-08,2024-06-24,True,32224.29,Low Value
1320,2,26216.07,8065.06,13108.035,2022-07-05,2023-04-03,True,26216.07,Low Value
1321,3,12548.34,6454.42,4182.78,2022-07-29,2024-01-18,True,12548.34,Churned Risk
1322,6,114178.54,26335.729999999996,19029.756666666664,2022-09-04,2024-12-18,True,114178.54,Mid Value
1323,4,11053.37,4805.820000000001,2763.3424999999997,2023-06-09,2024-05-09,True,11053.37,Churned Risk
1324,5,426759.64,67817.25,85351.928,2023-07-16,2024-06-23,True,426759.64,High Value
1325,5,38268.39,13085.33,7653.678,2022-01-11,2024-07-29,True,38268.39,Low Value
1326,4,85927.43000000001,15574.770000000015,21481.857500000002,2022-10-01,2024-10-05,True,85927.43,Mid Value
1327,7,39450.56,12765.52,5635.794285714285,2022-01-03,2024-11-05,True,39450.56,Low Value
1328,11,170760.56999999998,35374.14,15523.688181818183,2022-01-24,2024-12-06,True,170760.57,High Value
1329,5,22376.14,6224.63,4475.228,2022-08-15,2024-12-23,True,22376.14,Churned Risk
1330,7,200105.46999999997,38120.06,28586.495714285713,2022-04-04,2024-11-03,True,200105.47,High Value
1331,7,39891.05,15356.560000000001,5698.721428571429,2022-03-29,2024-06-08,True,39891.05,Low Value
1332,7,360613.61,63641.71999999999,51516.23,2022-01-12,2024-01-16,True,360613.61,High Value
1333,2,9189.48,4487.860000000001,4594.74,2022-08-05,2024-09-17,True,9189.48,Churned Risk
1334,11,126013.92,37381.149999999994,11455.81090909091,2022-11-26,2024-12-19,True,126013.92,Mid Value
1335,8,109206.19,28282.4,13650.77375,2022-03-06,2024-09-10,True,109206.19,Mid Value
1336,3,9469.19,4483.4400000000005,3156.396666666667,2022-02-28,2024-06-06,True,9469.19,Churned Risk
1337,5,11395.99,4819.56,2279.198,2022-02-01,2024-09-27,True,11395.99,Churned Risk
1338,7,48843.61,17269.659999999996,6977.658571428571,2022-03-04,2024-11-23,True,48843.61,Low Value
1339,3,16629.870000000003,6889.34,5543.29,2024-03-31,2024-05-02,True,16629.87,Churned Risk
1340,4,27128.78,10614.27,6782.195,2023-03-12,2024-12-22,True,27128.78,Low Value
1341,1,654.32,353.55000000000007,654.32,2023-10-14,2023-10-14,False,654.32,Churned Risk
1342,9,46136.14,19468.5,5126.237777777777,2022-07-04,2024-09-06,True,46136.14,Low Value
1343,3,323047.2,50891.959999999985,107682.40000000001,2022-09-03,2024-04-12,True,323047.2,High Value
1344,6,34974.43,12428.35,5829.071666666667,2022-08-14,2024-07-11,True,34974.43,Low Value
1345,3,26108.73,10040.039999999999,8702.91,2023-03-10,2024-04-16,True,26108.73,Low Value
1346,9,32708.11,14896.86,3634.2344444444443,2022-01-07,2024-06-06,True,32708.11,Low Value
1347,5,33198.020000000004,8715.5,6639.604000000001,2022-02-14,2023-09-17,True,33198.02,Low Value
1348,5,22264.639999999996,9097.009999999998,4452.928,2022-05-11,2024-07-07,True,22264.64,Churned Risk
1349,8,83959.25,25480.82,10494.90625,2022-02-04,2023-12-23,True,83959.25,Mid Value
1350,3,29508.6,11902.98,9836.199999999999,2022-10-22,2024-10-03,True,29508.6,Low Value
1351,5,112239.95,22845.01,22447.989999999998,2024-01-20,2024-12-10,True,112239.95,Mid Value
1352,8,106241.24,29269.320000000003,13280.154999999999,2022-04-19,2024-12-12,True,106241.24,Mid Value
1353,6,44325.92,17577.96,7387.653333333333,2023-05-30,2024-09-07,True,44325.92,Low Value
1354,8,130535.73000000001,33255.37,16316.966250000001,2022-01-29,2024-10-18,True,130535.73,Mid Value
1355,4,18290.92,6323.179999999999,4572.73,2022-08-11,2024-10-18,True,18290.92,Churned Risk
1356,6,80545.61,22401.64,13424.268333333335,2023-03-17,2024-11-21,True,80545.61,Mid Value
1357,3,30846.25,15268.03,10282.083333333334,2022-04-01,2023-10-03,True,30846.25,Low Value
1358,4,9023.77,3799.6099999999997,2255.9425,2022-09-23,2024-12-13,True,9023.77,Churned Risk
1359,6,135271.68,26591.55,22545.28,2022-08-20,2024-07-24,True,135271.68,Mid Value
1360,3,22380.59,8035.6900000000005,7460.196666666667,2022-05-22,2024-04-30,True,22380.59,Churned Risk
1361,5,53319.58,13841.330000000002,10663.916000000001,2022-02-16,2024-01-29,True,53319.58,Mid Value
1362,4,99984.3,19504.609999999997,24996.075,2022-05-22,2024-11-23,True,99984.3,Mid Value
1363,7,57026.68,16964.72,8146.66857142857,2022-03-16,2024-12-04,True,57026.68,Mid Value
1364,2,8700.37,4535.620000000001,4350.185,2022-11-06,2024-01-19,True,8700.37,Churned Risk
1365,2,8082.96,3478.56,4041.4799999999996,2023-08-26,2023-12-04,True,8082.96,Churned Risk
1366,1,728.19,301.49000000000007,728.19,2023-08-30,2023-08-30,False,728.19,Churned Risk
1367,3,40637.28,19420.6,13545.76,2023-08-20,2024-11-19,True,40637.28,Low Value
1368,5,17198.65,8092.66,3439.7300000000005,2022-08-27,2024-12-24,True,17198.65,Churned Risk
1369,2,6580.02,2783.9100000000003,3290.01,2022-07-29,2022-09-24,True,6580.02,Churned Risk
1370,2,3034.95,1169.9099999999999,1517.475,2023-05-26,2024-06-21,True,3034.95,Churned Risk
1371,3,87886.98999999999,15627.859999999997,29295.66333333333,2022-12-10,2023-06-25,True,87886.99,Mid Value
1372,3,20412.13,4199.819999999999,6804.043333333334,2022-03-10,2024-06-08,True,20412.13,Churned Risk
1373,6,28189.46,12421.16,4698.243333333333,2022-02-09,2024-05-13,True,28189.46,Low Value
1374,3,101236.81,19813.930000000004,33745.60333333333,2022-03-02,2024-06-17,True,101236.81,Mid Value
1375,7,16173.06,7433.5599999999995,2310.4371428571426,2022-02-25,2024-04-07,True,16173.06,Churned Risk
1376,8,84236.41,32245.89,10529.55125,2022-02-03,2024-12-19,True,84236.41,Mid Value
1377,3,326960.64,51357.49999999999,108986.87999999999,2022-08-19,2024-12-22,True,326960.64,High Value
1378,1,26820.96,4978.800000000002,26820.96,2023-12-30,2023-12-30,False,26820.96,Low Value
1379,7,42770.63,13973.93,6110.089999999998,2022-08-01,2024-05-01,True,42770.63,Low Value
1380,3,19229.27,7254.68,6409.756666666667,2023-06-11,2024-08-10,True,19229.27,Churned Risk
1381,5,29077.309999999998,9166.269999999999,5815.462,2022-03-31,2024-02-09,True,29077.31,Low Value
1382,4,109549.23,21134.79,27387.3075,2023-03-11,2024-11-07,True,109549.23,Mid Value
1383,1,4486.44,1443.7599999999998,4486.44,2022-04-25,2022-04-25,False,4486.44,Churned Risk
1384,6,62411.14000000001,12880.890000000005,10401.856666666668,2023-04-18,2024-11-15,True,62411.14,Mid Value
1385,8,95214.30000000002,19459.920000000016,11901.7875,2022-08-13,2024-08-22,True,95214.3,Mid Value
1386,1,403.87,235.81,403.87,2022-12-16,2022-12-16,False,403.87,Churned Risk
1387,5,69303.22,21784.940000000002,13860.644,2022-02-18,2024-08-14,True,69303.22,Mid Value
1388,7,99256.39,18678.059999999998,14179.484285714283,2022-09-18,2024-07-01,True,99256.39,Mid Value
1389,3,15308.17,7100.790000000001,5102.723333333333,2022-08-18,2024-12-25,True,15308.17,Churned Risk
1390,3,101144.6,21317.94,33714.86666666667,2022-05-28,2024-08-08,True,101144.6,Mid Value
1391,7,55599.6,25008.420000000002,7942.8,2022-06-16,2024-09-12,True,55599.6,Mid Value
1392,2,28270.809999999998,9131.829999999998,14135.404999999999,2022-09-28,2023-12-07,True,28270.81,Low Value
1393,3,33997.6,8229.41,11332.533333333333,2022-01-26,2023-09-29,True,33997.6,Low Value
1394,5,84513.56,14529.019999999997,16902.712,2022-01-03,2024-03-31,True,84513.56,Mid Value
1395,3,24538.82,8509.759999999998,8179.606666666667,2022-11-01,2024-10-28,True,24538.82,Low Value
1396,4,85557.25,14217.869999999997,21389.312499999996,2022-01-06,2024-06-16,True,85557.25,Mid Value
1397,5,14605.48,5721.0,2921.096,2022-07-30,2024-08-16,True,14605.48,Churned Risk
1398,2,2982.0,1648.4299999999998,1491.0,2022-10-21,2023-08-16,True,2982.0,Churned Risk
1399,7,37656.81,16342.369999999999,5379.544285714285,2022-02-28,2024-10-27,True,37656.81,Low Value
1400,3,16454.82,6306.669999999999,5484.94,2022-11-26,2024-05-28,True,16454.82,Churned Risk
1401,1,46810.12,6332.520000000004,46810.12,2022-06-02,2022-06-02,False,46810.12,Low Value
1402,7,118660.26999999999,31520.3,16951.467142857142,2022-05-12,2024-04-20,True,118660.27,Mid Value
1403,4,11484.98,5105.870000000001,2871.245,2022-01-18,2024-08-05,True,11484.98,Churned Risk
1404,3,15029.900000000001,5646.64,5009.966666666666,2022-06-19,2024-07-12,True,15029.9,Churned Risk
1405,5,88848.66,17176.960000000014,17769.732,2022-03-29,2023-06-21,True,88848.66,Mid Value
1406,5,20994.93,6227.509999999999,4198.986,2022-03-02,2024-04-12,True,20994.93,Churned Risk
1407,2,8943.039999999999,4926.139999999999,4471.5199999999995,2023-11-16,2024-09-15,True,8943.04,Churned Risk
1408,7,96550.09999999999,20055.079999999998,13792.871428571427,2022-03-06,2024-11-17,True,96550.1,Mid Value
1409,4,15198.95,6343.72,3799.7374999999997,2022-02-19,2023-05-19,True,15198.95,Churned Risk
1410,8,197083.00999999998,45172.99,24635.37625,2022-02-06,2024-11-03,True,197083.01,High Value
1411,5,26503.41,9133.789999999999,5300.681999999999,2022-01-16,2024-12-07,True,26503.41,Low Value
1412,3,18751.78,6165.150000000001,6250.593333333333,2023-03-27,2023-10-04,True,18751.78,Churned Risk
1413,3,86764.57,15743.269999999999,28921.523333333334,2023-10-14,2024-09-11,True,86764.57,Mid Value
1414,8,64048.060000000005,18123.500000000004,8006.0075000000015,2022-05-02,2024-11-02,True,64048.06,Mid Value
1415,3,30788.019999999997,7832.3899999999985,10262.673333333332,2022-02-11,2024-02-27,True,30788.02,Low Value
1416,4,19925.89,8411.56,4981.4725,2022-03-09,2024-07-23,True,19925.89,Churned Risk
1417,6,20784.71,9695.230000000001,3464.1183333333333,2022-08-10,2024-10-04,True,20784.71,Churned Risk
1418,8,67020.41,22115.07,8377.55125,2022-03-25,2024-11-20,True,67020.41,Mid Value
1419,6,85353.68,23757.5,14225.613333333333,2022-02-04,2022-12-10,True,85353.68,Mid Value
1420,4,70020.82,14829.340000000004,17505.204999999998,2022-04-26,2024-10-11,True,70020.82,Mid Value
1421,2,7267.76,2533.149999999999,3633.88,2022-06-05,2023-11-12,True,7267.76,Churned Risk
1422,1,19125.52,6002.5,19125.52,2022-01-21,2022-01-21,False,19125.52,Churned Risk
1423,8,307977.32999999996,59863.24999999999,38497.16625,2022-08-16,2024-11-19,True,307977.33,High Value
1424,2,7354.889999999999,1495.3599999999997,3677.4449999999997,2022-07-25,2022-12-25,True,7354.89,Churned Risk
1425,4,48216.28,14925.949999999999,12054.07,2022-09-04,2024-09-01,True,48216.28,Low Value
1426,2,9446.18,3107.019999999999,4723.09,2022-09-21,2023-03-22,True,9446.18,Churned Risk
1427,2,12593.51,4995.9400000000005,6296.755,2022-09-15,2024-08-18,True,12593.51,Churned Risk
1428,3,55553.52,20091.68,18517.84,2023-10-29,2024-12-04,True,55553.52,Mid Value
1429,8,26601.33,10615.68,3325.1662499999998,2022-04-10,2024-08-24,True,26601.33,Low Value
1430,3,10810.59,4142.870000000001,3603.53,2022-04-15,2024-04-25,True,10810.59,Churned Risk
1431,7,69931.79,14775.890000000003,9990.255714285713,2022-05-29,2024-12-21,True,69931.79,Mid Value
1432,5,19015.35,7952.87,3803.0699999999997,2022-04-05,2024-11-29,True,19015.35,Churned Risk
1433,5,34503.5,10114.33,6900.7,2022-01-01,2024-10-10,True,34503.5,Low Value
1434,5,17794.49,7029.93,3558.8979999999997,2023-02-23,2024-08-09,True,17794.49,Churned Risk
1435,3,16909.99,4419.220000000001,5636.663333333334,2022-12-30,2024-09-06,True,16909.99,Churned Risk
1436,7,284006.27999999997,52833.33999999999,40572.32571428572,2022-04-13,2024-11-29,True,284006.28,High Value
1437,5,286429.05,56775.70999999999,57285.81,2022-04-27,2024-12-06,True,286429.05,High Value
1438,7,99844.54,20683.749999999996,14263.505714285713,2022-07-16,2024-12-13,True,99844.54,Mid Value
1439,4,49374.25,11839.320000000003,12343.5625,2022-01-02,2023-05-29,True,49374.25,Low Value
1440,4,75180.29000000001,25474.220000000005,18795.072500000002,2022-04-01,2023-12-17,True,75180.29,Mid Value
1441,4,14550.8,6880.55,3637.7000000000003,2022-05-01,2023-08-03,True,14550.8,Churned Risk
1442,6,55130.33,18226.88,9188.38833333333,2022-04-06,2024-01-14,True,55130.33,Mid Value
1443,7,91728.28,31363.68,13104.039999999999,2022-01-12,2024-10-08,True,91728.28,Mid Value
1444,3,10241.439999999999,4647.88,3413.813333333333,2022-12-04,2024-05-23,True,10241.44,Churned Risk
1445,4,131793.37999999998,28862.809999999998,32948.345,2022-09-01,2024-10-11,True,131793.38,Mid Value
1446,4,10542.89,4495.58,2635.7225,2022-02-25,2024-04-06,True,10542.89,Churned Risk
1447,6,119115.68000000001,26201.579999999998,19852.61333333334,2022-03-12,2024-12-16,True,119115.68,Mid Value
1448,4,28294.84,9685.01,7073.71,2022-07-16,2024-04-20,True,28294.84,Low Value
1449,5,187671.43999999997,36688.10999999999,37534.28799999999,2022-08-15,2024-11-09,True,187671.44,High Value
1450,4,47231.909999999996,12336.869999999999,11807.977499999999,2023-06-01,2024-06-19,True,47231.91,Low Value
1451,2,8791.72,3831.79,4395.86,2023-01-04,2023-04-19,True,8791.72,Churned Risk
1452,3,22030.46,6532.919999999998,7343.486666666667,2022-03-04,2023-07-12,True,22030.46,Churned Risk
1453,2,24234.83,9613.399999999998,12117.415,2022-02-22,2022-08-14,True,24234.83,Low Value
1454,3,10727.02,3540.99,3575.6733333333327,2022-07-02,2024-01-08,True,10727.02,Churned Risk
1455,5,45013.51,17988.54,9002.702000000001,2022-11-08,2024-02-15,True,45013.51,Low Value
1456,5,59335.490000000005,10722.180000000004,11867.098000000002,2023-07-11,2024-12-06,True,59335.49,Mid Value
1457,8,177473.47,33881.33,22184.183749999997,2022-03-04,2024-10-20,True,177473.47,High Value
1458,4,20486.02,6442.410000000001,5121.505,2022-01-03,2023-10-27,True,20486.02,Churned Risk
1459,4,112265.77000000002,22563.170000000013,28066.442500000005,2023-01-30,2024-10-18,True,112265.77,Mid Value
1460,3,5218.98,1605.5799999999995,1739.6599999999999,2022-04-14,2024-01-11,True,5218.98,Churned Risk
1461,6,173490.66,30248.169999999995,28915.11,2022-04-14,2024-06-16,True,173490.66,High Value
1462,9,64632.810000000005,20260.600000000002,7181.423333333335,2022-09-25,2024-08-13,True,64632.81,Mid Value
1463,2,93673.16,17660.14,46836.58,2023-02-11,2023-04-09,True,93673.16,Mid Value
1464,6,44924.95,17906.68,7487.491666666666,2022-05-19,2024-05-10,True,44924.95,Low Value
1465,5,32368.13,10621.269999999999,6473.625999999999,2022-07-11,2024-06-05,True,32368.13,Low Value
1466,3,24616.0,7423.290000000002,8205.333333333334,2023-01-24,2024-06-24,True,24616.0,Low Value
1467,4,115008.67000000001,21665.540000000008,28752.167500000007,2023-03-28,2024-12-25,True,115008.67,Mid Value
1468,7,33801.78,13900.59,4828.825714285714,2022-07-09,2024-10-13,True,33801.78,Low Value
1469,4,10590.3,4417.58,2647.575,2024-03-27,2024-09-01,True,10590.3,Churned Risk
1470,6,48320.03,17804.15,8053.338333333334,2022-09-23,2023-06-01,True,48320.03,Low Value
1471,4,184849.69,35147.03999999999,46212.4225,2022-05-23,2023-06-05,True,184849.69,High Value
1472,10,198010.09,41232.979999999996,19801.009,2022-04-10,2024-10-03,True,198010.09,High Value
1473,7,49142.61,19190.8,7020.372857142858,2022-05-04,2024-03-06,True,49142.61,Low Value
1474,5,84777.79,20281.85,16955.558,2022-12-15,2024-06-23,True,84777.79,Mid Value
1475,4,32050.13,13550.82,8012.5325,2022-04-22,2023-06-05,True,32050.13,Low Value
1476,3,10491.66,1914.159999999999,3497.22,2022-04-01,2023-10-05,True,10491.66,Churned Risk
1477,6,45961.31,12431.109999999999,7660.218333333333,2022-01-14,2024-12-05,True,45961.31,Low Value
1478,7,20762.09,8369.69,2966.012857142857,2022-02-08,2024-09-01,True,20762.09,Churned Risk
1479,3,32975.57,5981.830000000002,10991.856666666668,2022-09-12,2024-08-03,True,32975.57,Low Value
1480,3,58017.75,10784.420000000004,19339.25,2022-08-04,2024-02-19,True,58017.75,Mid Value
1481,1,7435.16,2803.89,7435.16,2023-05-23,2023-05-23,False,7435.16,Churned Risk
1482,8,39592.93,15247.859999999999,4949.11625,2022-04-04,2024-12-31,True,39592.93,Low Value
1483,8,154848.96,34525.93,19356.12,2022-03-15,2024-12-26,True,154848.96,Mid Value
1484,6,49659.9,20142.97,8276.65,2022-05-16,2024-02-23,True,49659.9,Low Value
1485,4,15995.41,6067.900000000001,3998.8525,2022-02-04,2024-11-21,True,15995.41,Churned Risk
1486,3,36665.71,14776.400000000001,12221.903333333335,2022-10-20,2024-08-14,True,36665.71,Low Value
1487,3,20446.829999999998,6612.829999999999,6815.610000000001,2023-04-25,2024-09-16,True,20446.83,Churned Risk
1488,3,4601.58,1297.6599999999996,1533.86,2022-11-23,2023-09-13,True,4601.58,Churned Risk
1489,5,24367.82,8420.710000000001,4873.564,2022-08-19,2024-08-04,True,24367.82,Low Value
1490,5,277308.27999999997,54003.40999999999,55461.655999999995,2022-11-02,2024-12-15,True,277308.28,High Value
1491,2,10631.609999999999,5830.759999999999,5315.804999999999,2022-04-08,2023-01-08,True,10631.61,Churned Risk
1492,7,33525.9,11713.82,4789.414285714286,2022-10-21,2024-07-18,True,33525.9,Low Value
1493,10,364125.04,64371.14,36412.504,2022-05-16,2024-09-06,True,364125.04,High Value
1494,6,19962.31,8942.71,3327.0516666666667,2022-05-08,2024-10-12,True,19962.31,Churned Risk
1495,5,46094.54,18115.32,9218.908000000001,2022-01-27,2024-08-19,True,46094.54,Low Value
1496,4,12937.11,5706.68,3234.2774999999997,2023-01-19,2024-10-06,True,12937.11,Churned Risk
1497,4,33494.38,11360.05,8373.595000000001,2022-12-13,2024-09-12,True,33494.38,Low Value
1498,7,48591.92,12489.970000000001,6941.702857142857,2022-01-09,2024-05-14,True,48591.92,Low Value
1499,3,10746.62,4721.07,3582.2066666666665,2022-11-13,2023-06-24,True,10746.62,Churned Risk
1500,3,8570.380000000001,3060.4700000000003,2856.7933333333335,2023-05-09,2024-10-22,True,8570.38,Churned Risk
1501,2,8820.04,3131.5200000000004,4410.02,2024-02-17,2024-08-20,True,8820.04,Churned Risk
1502,6,103205.86,19723.05,17200.976666666666,2022-02-05,2024-06-13,True,103205.86,Mid Value
1503,4,29166.789999999997,11432.07,7291.6975,2022-06-08,2023-02-13,True,29166.79,Low Value
1504,3,12501.48,3597.69,4167.16,2022-04-08,2024-02-03,True,12501.48,Churned Risk
1505,6,59938.87,19183.780000000002,9989.811666666666,2022-06-12,2024-07-18,True,59938.87,Mid Value
1506,8,39266.46,14414.8,4908.3075,2022-08-30,2024-12-28,True,39266.46,Low Value
1507,4,60054.14,12483.810000000003,15013.534999999998,2023-02-08,2024-12-28,True,60054.14,Mid Value
1508,7,40741.65,8640.350000000002,5820.2357142857145,2022-06-01,2024-11-18,True,40741.65,Low Value
1509,6,262472.3,47499.06999999999,43745.38333333333,2022-08-20,2024-09-30,True,262472.3,High Value
1510,12,61913.17,21720.420000000002,5159.430833333333,2022-02-06,2024-09-03,True,61913.17,Mid Value
1511,4,19044.5,8382.47,4761.125,2022-03-20,2024-02-10,True,19044.5,Churned Risk
1512,4,19971.61,8245.300000000001,4992.902500000001,2022-08-22,2023-10-13,True,19971.61,Churned Risk
1513,5,39696.08,13754.240000000002,7939.216,2022-03-28,2024-12-28,True,39696.08,Low Value
1514,1,11732.08,3938.7599999999998,11732.08,2022-04-16,2022-04-16,False,11732.08,Churned Risk
1515,6,76395.20000000001,21376.260000000002,12732.533333333333,2022-02-05,2024-09-05,True,76395.2,Mid Value
1516,7,165368.06,42879.55999999999,23624.008571428567,2023-05-20,2024-05-24,True,165368.06,Mid Value
1517,7,29197.29,12177.02,4171.041428571429,2022-12-15,2024-10-26,True,29197.29,Low Value
1518,11,250876.59,58485.35,22806.962727272723,2022-05-24,2024-11-01,True,250876.59,High Value
1519,3,15566.45,4287.300000000001,5188.816666666667,2023-06-06,2024-10-04,True,15566.45,Churned Risk
1520,7,54802.17,26981.78,7828.881428571428,2022-06-13,2024-12-22,True,54802.17,Mid Value
1521,6,23964.8,11065.37,3994.1333333333337,2022-01-01,2024-10-15,True,23964.8,Churned Risk
1522,6,67292.04,13796.630000000001,11215.340000000002,2022-04-28,2024-10-29,True,67292.04,Mid Value
1523,2,18077.54,4735.379999999998,9038.77,2022-10-20,2024-01-28,True,18077.54,Churned Risk
1524,3,8962.730000000001,3298.1,2987.5766666666664,2024-06-19,2024-07-27,True,8962.73,Churned Risk
1525,7,86426.34,15778.530000000006,12346.62,2022-08-23,2024-11-28,True,86426.34,Mid Value
1526,6,71933.45,23866.89,11988.908333333333,2022-02-26,2024-10-16,True,71933.45,Mid Value
1527,3,10490.56,4938.08,3496.853333333333,2023-10-10,2024-07-29,True,10490.56,Churned Risk
1528,4,9827.32,3749.13,2456.83,2023-02-24,2024-06-07,True,9827.32,Churned Risk
1529,3,8650.98,3507.239999999999,2883.66,2022-07-04,2023-08-08,True,8650.98,Churned Risk
1530,7,58811.73,18872.49,8401.675714285713,2022-11-30,2024-10-22,True,58811.73,Mid Value
1531,4,33680.19,8091.120000000001,8420.0475,2022-03-12,2024-11-29,True,33680.19,Low Value
1532,7,48577.97,18983.28,6939.71,2022-03-13,2024-11-08,True,48577.97,Low Value
1533,8,219495.18,41916.869999999995,27436.8975,2022-04-22,2024-07-26,True,219495.18,High Value
1534,1,5458.3099999999995,2469.24,5458.3099999999995,2022-08-11,2022-08-11,False,5458.31,Churned Risk
1535,7,195519.86,40704.159999999996,27931.40857142857,2022-10-29,2024-08-25,True,195519.86,High Value
1536,5,69884.85,13738.680000000004,13976.970000000001,2022-01-08,2023-07-23,True,69884.85,Mid Value
1537,10,71368.44,21617.29,7136.844,2022-01-24,2024-11-02,True,71368.44,Mid Value
1538,2,6743.96,1315.6999999999996,3371.98,2022-04-14,2022-08-14,True,6743.96,Churned Risk
1539,4,12999.75,4680.71,3249.9375,2022-06-05,2023-08-08,True,12999.75,Churned Risk
1540,3,22817.48,8587.2,7605.826666666667,2024-02-07,2024-10-28,True,22817.48,Churned Risk
1541,1,1731.4,597.8900000000001,1731.4,2023-12-16,2023-12-16,False,1731.4,Churned Risk
1542,4,5464.36,2813.2000000000003,1366.0900000000001,2022-03-27,2023-11-17,True,5464.36,Churned Risk
1543,6,44305.18,10859.420000000002,7384.196666666667,2022-01-22,2024-11-07,True,44305.18,Low Value
1544,2,15841.74,5333.98,7920.87,2023-01-09,2023-12-04,True,15841.74,Churned Risk
1545,5,68068.72,14225.670000000006,13613.744,2022-05-31,2024-11-26,True,68068.72,Mid Value
1546,3,16209.05,7031.09,5403.016666666666,2023-06-19,2024-01-06,True,16209.05,Churned Risk
1547,7,153199.44,35827.33000000001,21885.634285714284,2022-03-18,2024-10-01,True,153199.44,Mid Value
1548,2,26643.5,10517.68,13321.75,2023-07-01,2023-09-26,True,26643.5,Low Value
1549,4,13523.64,5919.64,3380.91,2022-01-31,2023-12-11,True,13523.64,Churned Risk
1550,2,7757.38,3871.7900000000004,3878.69,2022-07-02,2024-06-24,True,7757.38,Churned Risk
1551,4,13349.74,6362.73,3337.435,2022-08-27,2024-11-16,True,13349.74,Churned Risk
1552,6,69356.48999999999,19113.82,11559.415,2022-10-14,2024-09-20,True,69356.49,Mid Value
1553,3,26308.35,9190.679999999997,8769.449999999999,2022-07-15,2024-04-26,True,26308.35,Low Value
1554,2,14392.84,4632.64,7196.42,2022-02-03,2024-03-26,True,14392.84,Churned Risk
1555,2,13358.050000000001,5136.76,6679.025000000001,2022-06-17,2023-10-25,True,13358.05,Churned Risk
1556,5,176734.29,30048.649999999994,35346.858,2022-04-30,2024-03-20,True,176734.29,High Value
1557,7,82174.92,18356.800000000003,11739.274285714286,2022-02-13,2024-11-04,True,82174.92,Mid Value
1558,2,67043.2,14078.590000000004,33521.6,2023-02-01,2023-02-05,True,67043.2,Mid Value
1559,6,114823.89,26336.019999999997,19137.315,2022-04-21,2024-12-21,True,114823.89,Mid Value
1560,7,48048.29,19540.52,6864.041428571429,2022-04-10,2024-08-14,True,48048.29,Low Value
1561,6,52817.770000000004,13987.820000000003,8802.961666666668,2022-06-11,2024-11-02,True,52817.77,Low Value
1562,6,60794.950000000004,17784.54,10132.491666666669,2022-02-24,2024-07-11,True,60794.95,Mid Value
1563,1,692.16,413.33,692.16,2023-12-24,2023-12-24,False,692.16,Churned Risk
1564,3,9614.73,4021.3999999999996,3204.91,2023-03-12,2024-06-21,True,9614.73,Churned Risk
1566,4,68403.08,24384.420000000006,17100.77,2022-09-12,2024-12-06,True,68403.08,Mid Value
1567,2,30801.08,6147.370000000003,15400.54,2024-01-08,2024-05-31,True,30801.08,Low Value
1568,1,2243.22,721.8799999999999,2243.22,2022-07-15,2022-07-15,False,2243.22,Churned Risk
1569,4,100101.49,21480.76,25025.3725,2022-04-11,2024-11-04,True,100101.49,Mid Value
1570,4,266845.44,44967.88999999999,66711.35999999999,2022-08-13,2024-07-09,True,266845.44,High Value
1571,3,18061.09,5775.62,6020.363333333334,2022-02-18,2024-10-11,True,18061.09,Churned Risk
1572,2,5914.18,2223.5,2957.09,2022-03-04,2023-01-19,True,5914.18,Churned Risk
1573,6,88846.66,17916.130000000016,14807.77666666667,2022-08-14,2024-08-13,True,88846.66,Mid Value
1574,3,16677.63,6231.25,5559.209999999999,2022-07-22,2024-02-25,True,16677.63,Churned Risk
1575,8,53869.52,21502.69,6733.6900000000005,2022-05-14,2024-12-15,True,53869.52,Mid Value
1576,3,12009.06,3359.0999999999995,4003.02,2022-01-25,2023-12-20,True,12009.06,Churned Risk
1577,3,5314.929999999999,2938.3199999999997,1771.6433333333334,2022-03-13,2022-07-01,True,5314.93,Churned Risk
1578,2,1043.1599999999999,517.96,521.5799999999999,2023-02-19,2024-02-26,True,1043.16,Churned Risk
1579,6,28476.35,9323.46,4746.058333333333,2022-06-03,2024-12-01,True,28476.35,Low Value
1580,6,43559.83,15639.54,7259.971666666667,2022-03-07,2024-11-12,True,43559.83,Low Value
1581,12,645084.14,115906.6,53757.01166666666,2022-03-30,2024-11-21,True,645084.14,High Value
1582,6,47655.25,13099.46,7942.541666666667,2022-04-13,2024-05-04,True,47655.25,Low Value
1583,5,107299.87,21896.48,21459.974000000002,2022-02-20,2023-11-12,True,107299.87,Mid Value
1584,10,262873.62,52675.82,26287.362,2022-01-26,2024-12-15,True,262873.62,High Value
1585,5,38307.32,15118.36,7661.464,2022-11-05,2024-11-18,True,38307.32,Low Value
1586,1,17065.16,6768.939999999999,17065.16,2022-07-04,2022-07-04,False,17065.16,Churned Risk
1587,4,11570.72,3863.9200000000005,2892.68,2022-07-28,2024-10-25,True,11570.72,Churned Risk
1588,9,135632.35,33509.710000000014,15070.261111111111,2022-09-24,2024-12-28,True,135632.35,Mid Value
1589,3,24338.86,9984.62,8112.953333333334,2023-01-04,2024-01-02,True,24338.86,Low Value
1590,5,26391.65,10331.66,5278.33,2022-06-03,2024-12-13,True,26391.65,Low Value
1591,4,30828.4,12668.470000000001,7707.1,2023-07-28,2024-12-29,True,30828.4,Low Value
1592,2,4159.87,1414.3900000000003,2079.935,2023-04-06,2023-10-22,True,4159.87,Churned Risk
1593,8,60167.91,26116.45,7520.98875,2022-08-07,2024-08-08,True,60167.91,Mid Value
1594,4,43022.93,11171.77,10755.7325,2022-05-27,2023-02-03,True,43022.93,Low Value
1595,5,64174.42,23759.489999999998,12834.884,2022-10-01,2024-08-19,True,64174.42,Mid Value
1596,4,9068.130000000001,3470.2999999999997,2267.0325000000003,2022-01-20,2024-07-23,True,9068.13,Churned Risk
1597,7,26562.239999999998,11304.5,3794.6057142857144,2022-05-20,2024-08-08,True,26562.24,Low Value
1598,9,76438.92,27822.47,8493.213333333333,2022-02-04,2024-11-13,True,76438.92,Mid Value
1599,3,45751.100000000006,15910.81,15250.366666666669,2022-07-27,2024-06-10,True,45751.1,Low Value
1600,3,40468.24,11443.11,13489.413333333332,2022-05-30,2024-10-24,True,40468.24,Low Value
1601,8,71343.88,25037.12,8917.985,2022-04-07,2024-10-05,True,71343.88,Mid Value
1602,8,68523.2,24928.600000000002,8565.400000000001,2022-07-19,2024-10-27,True,68523.2,Mid Value
1603,4,89658.65999999999,23507.719999999998,22414.665,2022-01-18,2024-05-02,True,89658.66,Mid Value
1604,6,107482.08,24072.420000000002,17913.679999999997,2022-03-02,2024-10-28,True,107482.08,Mid Value
1605,8,36233.32,12723.39,4529.165,2022-06-22,2024-11-27,True,36233.32,Low Value
1606,5,43824.94,10992.170000000002,8764.988000000001,2022-12-11,2024-04-02,True,43824.94,Low Value
1607,4,102932.01,23279.369999999995,25733.002499999995,2023-12-28,2024-09-20,True,102932.01,Mid Value
1608,7,42113.799999999996,14853.23,6016.257142857142,2022-04-03,2024-08-20,True,42113.8,Low Value
1609,6,90451.58,17742.48,15075.263333333334,2022-01-01,2024-10-02,True,90451.58,Mid Value
1610,7,23963.18,10557.65,3423.311428571428,2023-06-19,2024-12-15,True,23963.18,Churned Risk
1611,6,39725.07,16844.73,6620.844999999998,2022-03-14,2024-12-26,True,39725.07,Low Value
1612,5,43407.08,15176.28,8681.416000000001,2022-01-14,2023-07-08,True,43407.08,Low Value
1613,1,8178.23,2751.0600000000004,8178.23,2024-04-03,2024-04-03,False,8178.23,Churned Risk
1614,5,60046.66,22850.350000000002,12009.332,2022-02-06,2024-05-28,True,60046.66,Mid Value
1615,8,180280.48,35248.72000000001,22535.059999999998,2023-01-06,2024-09-15,True,180280.48,High Value
1616,9,49922.67,14063.930000000002,5546.963333333333,2022-05-16,2024-10-02,True,49922.67,Low Value
1617,5,29395.16,11757.130000000001,5879.031999999999,2022-06-13,2024-03-07,True,29395.16,Low Value
1618,10,108549.09,34288.71,10854.909,2022-07-07,2024-09-30,True,108549.09,Mid Value
1619,5,87974.49,15943.139999999996,17594.897999999997,2022-10-20,2024-09-28,True,87974.49,Mid Value
1620,9,142056.31999999998,32031.129999999997,15784.035555555556,2022-04-20,2024-10-29,True,142056.32,Mid Value
1621,4,24553.29,9355.27,6138.3225,2022-03-25,2024-11-04,True,24553.29,Low Value
1622,3,8732.41,4551.46,2910.8033333333333,2022-02-13,2024-08-03,True,8732.41,Churned Risk
1623,2,52531.94,14421.680000000002,26265.97,2022-06-03,2022-09-09,True,52531.94,Low Value
1624,8,88686.93,32157.13,11085.86625,2022-03-25,2024-11-15,True,88686.93,Mid Value
1625,5,22899.11,7885.59,4579.822,2022-08-27,2024-03-30,True,22899.11,Churned Risk
1626,5,22991.91,8882.880000000001,4598.382,2022-06-10,2024-11-01,True,22991.91,Churned Risk
1627,5,21384.4,7684.199999999999,4276.879999999999,2022-02-19,2024-11-02,True,21384.4,Churned Risk
1628,3,16690.73,5424.889999999999,5563.576666666667,2022-04-06,2024-05-10,True,16690.73,Churned Risk
1629,4,52883.22,16501.62,13220.805,2023-06-09,2024-09-11,True,52883.22,Low Value
1630,3,7099.74,4234.82,2366.5800000000004,2022-01-16,2023-09-24,True,7099.74,Churned Risk
1631,7,21239.45,9205.710000000001,3034.207142857143,2022-03-28,2024-04-07,True,21239.45,Churned Risk
1632,2,12648.5,4960.839999999999,6324.25,2024-03-09,2024-04-16,True,12648.5,Churned Risk
1633,7,108129.23,28560.0,15447.032857142854,2022-04-09,2024-09-30,True,108129.23,Mid Value
1634,2,29571.379999999997,9212.689999999999,14785.689999999999,2024-01-03,2024-08-05,True,29571.38,Low Value
1635,3,11745.26,5922.450000000001,3915.0866666666666,2022-12-24,2023-12-07,True,11745.26,Churned Risk
1636,4,39965.51,8651.800000000003,9991.3775,2022-03-07,2024-03-20,True,39965.51,Low Value
1637,8,122239.00000000001,27130.510000000017,15279.875000000004,2022-01-16,2024-09-14,True,122239.0,Mid Value
1638,8,143836.77,30973.679999999997,17979.596250000002,2022-07-11,2024-10-03,True,143836.77,Mid Value
1639,8,75018.93000000001,26974.63,9377.36625,2022-02-11,2024-08-07,True,75018.93,Mid Value
1640,5,196456.69999999998,31381.29,39291.340000000004,2022-01-08,2023-11-14,True,196456.7,High Value
1641,10,86899.43,23006.350000000002,8689.943,2022-01-04,2024-12-07,True,86899.43,Mid Value
1642,9,145991.16,31437.359999999997,16221.24,2022-01-03,2024-12-27,True,145991.16,Mid Value
1643,6,42594.1,13615.880000000001,7099.016666666667,2022-04-18,2023-11-28,True,42594.1,Low Value
1644,5,53850.7,17616.28,10770.14,2022-05-19,2024-04-25,True,53850.7,Mid Value
1645,5,19430.14,6770.419999999999,3886.028,2022-03-26,2024-08-24,True,19430.14,Churned Risk
1646,3,19529.76,7482.999999999999,6509.920000000001,2022-09-02,2024-02-01,True,19529.76,Churned Risk
1647,5,432464.64,68091.35999999999,86492.928,2022-06-26,2024-04-14,True,432464.64,High Value
1648,5,100343.01000000001,20604.300000000014,20068.602000000003,2022-06-11,2024-10-30,True,100343.01,Mid Value
1649,4,8431.39,2702.4200000000005,2107.8475,2023-01-21,2024-10-29,True,8431.39,Churned Risk
1650,10,99968.32999999999,34608.95,9996.833,2022-08-17,2024-08-23,True,99968.33,Mid Value
1651,8,71083.67,22678.92,8885.458749999998,2022-06-26,2024-05-20,True,71083.67,Mid Value
1652,8,33531.9,12138.119999999999,4191.4875,2022-04-18,2024-12-27,True,33531.9,Low Value
1653,6,36686.43,12657.71,6114.405,2023-12-08,2024-12-26,True,36686.43,Low Value
1654,9,58137.17,18370.01,6459.685555555556,2022-01-06,2024-05-18,True,58137.17,Mid Value
1655,2,21737.87,6979.909999999999,10868.935,2024-02-27,2024-11-30,True,21737.87,Churned Risk
1656,10,99354.72,20029.61000000001,9935.472,2022-01-08,2024-06-15,True,99354.72,Mid Value
1657,6,43651.380000000005,18821.239999999998,7275.2300000000005,2023-02-23,2024-10-02,True,43651.38,Low Value
1658,5,193098.54,31513.949999999997,38619.708,2022-05-01,2024-05-05,True,193098.54,High Value
1659,2,6712.71,2507.56,3356.355,2022-07-05,2022-12-27,True,6712.71,Churned Risk
1660,2,7008.59,3810.82,3504.295,2022-11-25,2024-11-06,True,7008.59,Churned Risk
1661,7,400219.6,68753.84999999999,57174.22857142857,2022-02-10,2024-05-09,True,400219.6,High Value
1662,5,40106.33,10289.04,8021.2660000000005,2022-03-15,2024-11-20,True,40106.33,Low Value
1663,5,31124.04,11120.369999999999,6224.807999999999,2022-09-29,2024-05-07,True,31124.04,Low Value
1664,6,43375.81,17069.629999999997,7229.301666666666,2022-11-21,2024-06-06,True,43375.81,Low Value
1665,3,6548.030000000001,2515.12,2182.6766666666667,2023-05-27,2024-06-22,True,6548.03,Churned Risk
1666,3,18383.32,7209.360000000001,6127.7733333333335,2022-10-14,2023-12-22,True,18383.32,Churned Risk
1667,5,41024.46,12341.09,8204.892,2023-04-12,2024-09-27,True,41024.46,Low Value
1668,6,62780.99,20369.46,10463.498333333333,2023-03-25,2024-04-14,True,62780.99,Mid Value
1669,8,338316.32999999996,58255.93999999999,42289.541249999995,2022-05-19,2024-12-25,True,338316.33,High Value
1670,3,23329.02,8551.82,7776.34,2022-07-04,2024-07-24,True,23329.02,Churned Risk
1671,7,46996.06,15364.02,6713.722857142857,2022-11-17,2024-12-20,True,46996.06,Low Value
1672,5,47255.41,16905.61,9451.081999999999,2022-02-15,2024-11-12,True,47255.41,Low Value
1673,5,161453.64,26508.400000000012,32290.728000000003,2022-02-08,2023-07-08,True,161453.64,Mid Value
1674,3,47249.60999999999,16047.299999999996,15749.869999999997,2022-04-30,2024-04-30,True,47249.61,Low Value
1675,3,6040.35,3038.09,2013.4499999999998,2022-02-28,2024-09-14,True,6040.35,Churned Risk
1676,3,20176.42,8322.759999999998,6725.473333333332,2022-02-16,2023-08-21,True,20176.42,Churned Risk
1677,4,165478.08,28515.209999999995,41369.52,2023-03-05,2024-12-13,True,165478.08,High Value
1678,4,31665.8,11073.130000000001,7916.45,2022-08-05,2024-08-28,True,31665.8,Low Value
1679,5,46375.17,15296.559999999998,9275.034,2022-03-21,2024-08-27,True,46375.17,Low Value
1680,3,6860.26,2654.4400000000005,2286.7533333333336,2022-01-21,2023-08-20,True,6860.26,Churned Risk
1681,6,134886.07,25521.049999999996,22481.01166666666,2023-01-28,2024-12-12,True,134886.07,Mid Value
1682,6,76179.17,25060.839999999997,12696.528333333334,2022-04-01,2024-11-15,True,76179.17,Mid Value
1683,4,62908.4,22727.3,15727.1,2022-05-28,2024-05-26,True,62908.4,Mid Value
1684,5,90766.36,24025.12,18153.272000000004,2022-02-01,2024-07-18,True,90766.36,Mid Value
1685,4,12893.02,4995.64,3223.255,2022-05-19,2024-07-31,True,12893.02,Churned Risk
1686,8,117591.75,24511.690000000013,14698.96875,2022-01-24,2024-06-08,True,117591.75,Mid Value
1687,5,90574.03,23445.679999999997,18114.806,2022-04-17,2024-10-05,True,90574.03,Mid Value
1688,4,24758.06,8760.93,6189.514999999999,2022-07-20,2024-09-10,True,24758.06,Low Value
1689,5,15089.77,6780.33,3017.954,2022-08-27,2024-11-27,True,15089.77,Churned Risk
1690,9,113339.88,35239.13,12593.32,2022-02-26,2023-11-29,True,113339.88,Mid Value
1691,3,29574.96,8743.699999999997,9858.32,2022-10-12,2024-01-16,True,29574.96,Low Value
1692,4,54479.97,17937.6,13619.9925,2022-03-01,2024-08-29,True,54479.97,Mid Value
1693,8,45481.7,19153.5,5685.212500000001,2022-03-27,2024-10-27,True,45481.7,Low Value
1694,5,106137.66,23194.329999999998,21227.532,2022-10-21,2024-09-23,True,106137.66,Mid Value
1695,4,80880.34,30856.16,20220.085,2022-08-20,2024-12-23,True,80880.34,Mid Value
1696,5,19244.47,7362.949999999999,3848.8939999999993,2023-09-24,2024-07-07,True,19244.47,Churned Risk
1697,6,39913.62,12134.640000000001,6652.27,2022-09-22,2024-09-22,True,39913.62,Low Value
1698,3,58706.0,15090.18,19568.666666666668,2022-03-05,2024-02-16,True,58706.0,Mid Value
1699,8,207498.22,37710.43000000001,25937.2775,2022-01-26,2024-06-14,True,207498.22,High Value
1700,6,197233.5,39545.7,32872.25000000001,2023-05-20,2024-08-24,True,197233.5,High Value
1701,10,395552.83,75138.76999999999,39555.283,2022-07-24,2024-08-30,True,395552.83,High Value
1702,3,13979.15,4598.82,4659.716666666666,2022-12-19,2024-08-05,True,13979.15,Churned Risk
1703,3,28534.760000000002,12041.69,9511.586666666666,2022-12-02,2024-08-15,True,28534.76,Low Value
1704,6,21684.47,8522.439999999999,3614.0783333333334,2022-07-28,2024-12-18,True,21684.47,Churned Risk
1705,8,51028.27,12370.869999999999,6378.53375,2023-06-05,2024-08-23,True,51028.27,Low Value
1706,6,38374.43,13741.069999999996,6395.738333333334,2022-06-09,2024-10-27,True,38374.43,Low Value
1707,4,14782.19,5112.209999999999,3695.5475000000006,2022-10-26,2024-12-31,True,14782.19,Churned Risk
1708,4,72460.51000000001,15811.530000000004,18115.1275,2022-04-03,2024-10-11,True,72460.51,Mid Value
1709,1,1343.48,676.2,1343.48,2024-07-12,2024-07-12,False,1343.48,Churned Risk
1710,4,26356.42,10728.83,6589.105,2022-03-07,2024-10-14,True,26356.42,Low Value
1711,5,33159.36,12290.42,6631.872,2022-09-20,2023-11-04,True,33159.36,Low Value
1712,4,30760.05,8473.269999999999,7690.012500000001,2022-03-13,2023-05-02,True,30760.05,Low Value
1713,7,191779.17,35829.13999999999,27397.024285714288,2022-08-14,2024-12-21,True,191779.17,High Value
1714,3,28871.17,8366.060000000001,9623.723333333333,2023-05-21,2024-01-11,True,28871.17,Low Value
1715,7,37822.4,11929.24,5403.2,2022-01-04,2024-10-01,True,37822.4,Low Value
1716,4,10763.62,4104.96,2690.9049999999997,2022-03-06,2023-03-04,True,10763.62,Churned Risk
1717,5,81424.61,25247.759999999995,16284.921999999997,2022-08-13,2024-11-10,True,81424.61,Mid Value
1718,3,7169.300000000001,2999.4800000000005,2389.766666666667,2023-01-02,2024-04-22,True,7169.3,Churned Risk
1719,3,57240.25,17011.230000000003,19080.083333333332,2023-10-25,2024-05-07,True,57240.25,Mid Value
1720,5,9093.8,4386.33,1818.7599999999998,2022-09-05,2024-10-08,True,9093.8,Churned Risk
1721,8,68180.23,26676.46,8522.52875,2022-02-11,2024-12-27,True,68180.23,Mid Value
1722,5,11440.35,4548.88,2288.07,2022-02-19,2024-11-22,True,11440.35,Churned Risk
1723,7,62218.34,19286.47,8888.334285714285,2022-03-09,2024-01-23,True,62218.34,Mid Value
1724,4,141930.7,22881.400000000005,35482.675,2022-06-04,2024-08-26,True,141930.7,Mid Value
1725,5,18800.44,8143.68,3760.0879999999997,2022-04-08,2024-07-20,True,18800.44,Churned Risk
1726,4,90699.55,15297.109999999997,22674.8875,2022-10-14,2024-12-08,True,90699.55,Mid Value
1727,7,10522.77,4305.459999999999,1503.2528571428572,2022-03-26,2024-12-06,True,10522.77,Churned Risk
1728,5,118010.29,19472.37,23602.057999999997,2022-10-26,2024-05-21,True,118010.29,Mid Value
1729,4,15539.78,5918.18,3884.9450000000006,2023-09-07,2024-11-02,True,15539.78,Churned Risk
1730,7,65763.62,22783.410000000003,9394.802857142855,2022-01-10,2024-11-24,True,65763.62,Mid Value
1731,1,7797.5599999999995,3253.1,7797.5599999999995,2023-09-24,2023-09-24,False,7797.56,Churned Risk
1732,3,42098.92999999999,13758.269999999999,14032.976666666664,2022-06-18,2024-05-03,True,42098.93,Low Value
1733,8,35529.4,14874.46,4441.175,2022-02-19,2024-05-05,True,35529.4,Low Value
1734,3,10059.94,3985.7000000000003,3353.3133333333335,2022-01-18,2024-08-26,True,10059.94,Churned Risk
1735,5,63930.53,18085.99,12786.106,2022-04-03,2024-02-03,True,63930.53,Mid Value
1736,5,43258.62,12003.710000000001,8651.724000000002,2022-05-27,2024-11-06,True,43258.62,Low Value
1737,8,41746.36,14945.949999999999,5218.295,2022-01-12,2024-10-06,True,41746.36,Low Value
1738,8,42786.43,17391.68,5348.30375,2022-05-06,2024-11-06,True,42786.43,Low Value
1739,6,37562.409999999996,10988.5,6260.401666666668,2022-08-09,2024-11-01,True,37562.41,Low Value
1740,5,42000.18,11747.320000000002,8400.036,2023-08-31,2024-11-14,True,42000.18,Low Value
1741,3,2835.73,1206.48,945.2433333333333,2023-10-23,2024-12-28,True,2835.73,Churned Risk
1742,1,16781.13,6134.0599999999995,16781.13,2024-11-14,2024-11-14,False,16781.13,Churned Risk
1743,5,110230.62,23028.449999999997,22046.124,2022-06-27,2024-09-08,True,110230.62,Mid Value
1744,7,69688.8,27488.18,9955.542857142858,2022-06-23,2024-06-29,True,69688.8,Mid Value
1745,6,127387.65,25720.319999999996,21231.275,2022-06-02,2024-10-07,True,127387.65,Mid Value
1746,3,53462.9,15525.129999999997,17820.966666666664,2022-01-02,2024-05-18,True,53462.9,Mid Value
1747,6,59815.0,19474.15,9969.166666666666,2022-02-21,2024-10-07,True,59815.0,Mid Value
1748,4,9621.67,3339.8300000000004,2405.4175,2022-07-07,2024-02-05,True,9621.67,Churned Risk
1749,7,69842.14,26394.350000000002,9977.448571428571,2022-05-07,2024-09-27,True,69842.14,Mid Value
1750,3,97087.59,20083.67,32362.53,2023-01-25,2024-04-06,True,97087.59,Mid Value
1751,1,11458.02,3534.2200000000003,11458.02,2024-09-04,2024-09-04,False,11458.02,Churned Risk
1752,3,27912.65,5125.180000000002,9304.216666666667,2022-02-27,2023-09-22,True,27912.65,Low Value
1753,3,16662.28,8264.320000000002,5554.093333333334,2022-07-01,2024-07-24,True,16662.28,Churned Risk
1754,8,63745.37,16775.06,7968.17125,2022-01-30,2024-11-04,True,63745.37,Mid Value
1755,7,33179.82,14419.119999999999,4739.9742857142855,2022-02-26,2024-11-20,True,33179.82,Low Value
1756,2,19792.14,6570.84,9896.07,2022-11-20,2023-12-08,True,19792.14,Churned Risk
1757,8,295451.35,49614.44999999999,36931.41874999999,2022-05-08,2024-11-05,True,295451.35,High Value
1758,6,197179.12999999998,36517.549999999996,32863.18833333334,2022-06-19,2023-08-27,True,197179.13,High Value
1759,3,6970.13,2617.4199999999996,2323.3766666666666,2023-06-28,2023-11-12,True,6970.13,Churned Risk
1760,4,16538.43,5552.379999999999,4134.6075,2022-01-22,2024-10-16,True,16538.43,Churned Risk
1761,2,9380.71,3459.55,4690.355,2023-01-03,2023-01-09,True,9380.71,Churned Risk
1762,4,7984.289999999999,2941.8099999999995,1996.0724999999998,2023-02-03,2024-12-12,True,7984.29,Churned Risk
1763,3,44941.74,8837.19,14980.580000000002,2023-03-30,2024-10-16,True,44941.74,Low Value
1764,6,169993.92,32965.45000000001,28332.320000000003,2022-01-16,2024-12-24,True,169993.92,High Value
1765,7,140478.29,27738.53,20068.32714285714,2022-01-02,2024-10-20,True,140478.29,Mid Value
1766,6,39883.35,9693.519999999999,6647.224999999999,2022-01-27,2024-11-28,True,39883.35,Low Value
1767,2,4877.8099999999995,2279.83,2438.9049999999997,2022-10-29,2024-06-19,True,4877.81,Churned Risk
1768,3,8770.68,3922.999999999999,2923.56,2022-07-15,2024-02-14,True,8770.68,Churned Risk
1769,6,57995.020000000004,20276.780000000002,9665.836666666666,2022-05-25,2023-12-14,True,57995.02,Mid Value
1770,2,47866.07,11554.4,23933.034999999996,2023-04-03,2024-02-13,True,47866.07,Low Value
1771,8,185331.3,35359.13,23166.412500000002,2022-03-08,2024-05-06,True,185331.3,High Value
1772,3,80040.72000000002,13737.710000000014,26680.240000000005,2022-05-13,2024-11-23,True,80040.72,Mid Value
1773,7,104106.13,24772.960000000006,14872.304285714286,2022-03-02,2024-12-12,True,104106.13,Mid Value
1774,6,42350.19,14738.37,7058.365000000001,2022-12-25,2024-12-16,True,42350.19,Low Value
1775,4,25305.37,9505.08,6326.342500000001,2022-08-09,2024-02-14,True,25305.37,Low Value
1776,4,20439.23,7828.26,5109.8075,2022-11-06,2024-11-27,True,20439.23,Churned Risk
1777,5,5810.6900000000005,2315.9300000000003,1162.138,2022-07-06,2024-10-07,True,5810.69,Churned Risk
1778,5,56981.47,18954.590000000004,11396.294,2022-05-04,2024-11-19,True,56981.47,Mid Value
1779,9,66020.4,22770.13,7335.600000000001,2022-03-28,2024-03-08,True,66020.4,Mid Value
1780,2,1427.46,731.4599999999999,713.73,2022-05-09,2022-06-17,True,1427.46,Churned Risk
1781,4,29920.329999999998,13267.139999999998,7480.0825,2022-10-25,2024-11-19,True,29920.33,Low Value
1782,3,12885.08,6176.75,4295.026666666668,2022-12-01,2024-11-01,True,12885.08,Churned Risk
1783,5,35776.82,13736.09,7155.364000000001,2022-05-25,2024-07-20,True,35776.82,Low Value
1784,6,27073.19,10899.35,4512.198333333333,2022-01-28,2024-06-10,True,27073.19,Low Value
1785,6,124848.93,24186.33,20808.155000000002,2022-12-21,2024-11-11,True,124848.93,Mid Value
1787,8,132387.19,26449.01000000001,16548.39875,2022-05-02,2024-05-15,True,132387.19,Mid Value
1788,2,10262.42,3611.34,5131.21,2023-04-05,2023-11-02,True,10262.42,Churned Risk
1789,4,23199.5,8911.92,5799.875,2022-01-14,2023-07-31,True,23199.5,Churned Risk
1790,4,35121.14,10729.77,8780.285,2022-02-20,2024-01-11,True,35121.14,Low Value
1791,8,101420.58,32707.389999999996,12677.572499999998,2022-02-16,2024-10-28,True,101420.58,Mid Value
1792,4,88559.62000000001,17637.86000000001,22139.905000000002,2022-10-18,2023-03-14,True,88559.62,Mid Value
1793,8,78927.63,24805.22,9865.95375,2022-06-08,2024-12-11,True,78927.63,Mid Value
1794,3,4121.6900000000005,2138.4400000000005,1373.8966666666668,2022-03-14,2024-07-30,True,4121.69,Churned Risk
1795,6,106126.20999999999,22976.399999999998,17687.701666666668,2022-10-04,2024-06-24,True,106126.21,Mid Value
1796,5,181746.68,32794.03999999999,36349.335999999996,2022-10-21,2024-07-26,True,181746.68,High Value
1797,2,52961.15,8666.130000000005,26480.575,2024-04-30,2024-05-07,True,52961.15,Mid Value
1798,6,20482.41,7529.0,3413.735,2022-04-10,2024-02-20,True,20482.41,Churned Risk
1799,4,4854.63,2541.44,1213.6574999999998,2022-01-20,2024-06-27,True,4854.63,Churned Risk
1800,4,21191.62,5624.32,5297.905,2022-02-09,2024-05-30,True,21191.62,Churned Risk
1801,3,9024.37,4161.6,3008.123333333333,2022-06-26,2024-11-25,True,9024.37,Churned Risk
1802,10,71442.7,25265.18,7144.270000000001,2022-01-10,2024-11-09,True,71442.7,Mid Value
1803,4,70611.3,23345.77,17652.824999999997,2022-01-29,2024-11-14,True,70611.3,Mid Value
1804,3,20329.940000000002,7975.14,6776.6466666666665,2023-02-23,2024-12-27,True,20329.94,Churned Risk
1805,11,99982.81,29486.580000000005,9089.346363636361,2022-01-12,2024-12-28,True,99982.81,Mid Value
1806,1,153350.4,22059.119999999995,153350.4,2023-06-09,2023-06-09,False,153350.4,Mid Value
1807,4,168356.13,28464.649999999994,42089.0325,2022-01-16,2024-12-05,True,168356.13,High Value
1808,4,30527.88,10995.94,7631.969999999999,2022-03-09,2023-10-11,True,30527.88,Low Value
1809,5,261998.3,46826.53999999999,52399.659999999996,2023-02-27,2024-09-14,True,261998.3,High Value
1810,7,38531.88,14476.63,5504.5542857142855,2022-06-26,2024-10-07,True,38531.88,Low Value
1811,6,100809.51999999999,21430.979999999996,16801.586666666666,2022-10-21,2024-12-10,True,100809.52,Mid Value
1812,8,52786.05,21774.94,6598.25625,2022-04-10,2024-07-14,True,52786.05,Low Value
1813,4,36577.79,10382.77,9144.4475,2022-02-13,2024-02-07,True,36577.79,Low Value
1814,2,17422.95,3759.67,8711.475,2022-07-27,2024-09-02,True,17422.95,Churned Risk
1815,6,40267.01,18251.97,6711.168333333334,2022-02-08,2024-03-17,True,40267.01,Low Value
1816,2,8553.76,3636.25,4276.88,2023-04-07,2024-01-02,True,8553.76,Churned Risk
1817,1,9851.0,1677.959999999999,9851.0,2022-04-30,2022-04-30,False,9851.0,Churned Risk
1818,5,72776.42,23995.05,14555.284,2022-08-15,2024-04-22,True,72776.42,Mid Value
1819,3,18653.62,7366.83,6217.873333333333,2023-02-01,2024-04-21,True,18653.62,Churned Risk
1820,4,63053.740000000005,13342.160000000003,15763.435000000001,2022-06-20,2023-12-11,True,63053.74,Mid Value
1821,6,194682.92,37032.81,32447.153333333332,2022-01-29,2024-07-07,True,194682.92,High Value
1822,8,32555.97,13992.66,4069.49625,2022-07-04,2024-08-26,True,32555.97,Low Value
1823,11,93451.96,30748.9,8495.632727272729,2022-01-27,2024-12-28,True,93451.96,Mid Value
1824,5,83534.87000000001,24536.170000000002,16706.974000000002,2022-04-16,2024-12-07,True,83534.87,Mid Value
1825,7,19391.2,6254.289999999999,2770.171428571429,2022-07-29,2024-11-24,True,19391.2,Churned Risk
1826,9,39236.11,14530.749999999998,4359.567777777778,2022-09-23,2024-10-18,True,39236.11,Low Value
1827,3,7051.370000000001,2445.5200000000004,2350.456666666667,2022-03-01,2024-09-15,True,7051.37,Churned Risk
1828,2,20247.76,6226.69,10123.88,2022-05-05,2022-09-11,True,20247.76,Churned Risk
1829,1,836.22,301.6200000000001,836.22,2023-11-28,2023-11-28,False,836.22,Churned Risk
1830,4,13971.68,5696.030000000001,3492.92,2022-01-10,2023-12-01,True,13971.68,Churned Risk
1831,5,32328.63,11237.689999999999,6465.726,2022-05-05,2024-01-28,True,32328.63,Low Value
1832,7,142794.63,33426.86,20399.23285714286,2022-06-24,2024-09-08,True,142794.63,Mid Value
1833,2,11301.880000000001,4238.09,5650.9400000000005,2022-01-06,2023-05-20,True,11301.88,Churned Risk
1834,4,18919.34,6912.4299999999985,4729.834999999999,2023-09-02,2024-07-17,True,18919.34,Churned Risk
1835,3,18647.82,5899.08,6215.94,2022-04-20,2024-08-18,True,18647.82,Churned Risk
1836,7,53763.43,17427.45,7680.49,2022-05-13,2024-12-30,True,53763.43,Mid Value
1837,5,14383.6,5073.909999999999,2876.7200000000003,2022-02-16,2024-05-18,True,14383.6,Churned Risk
1838,5,50204.04,14192.06,10040.807999999999,2022-07-01,2024-03-28,True,50204.04,Low Value
1839,5,120337.12,22164.249999999996,24067.424000000003,2022-06-21,2024-10-08,True,120337.12,Mid Value
1840,2,5072.86,2175.4599999999996,2536.43,2023-08-29,2024-02-03,True,5072.86,Churned Risk
1841,6,79306.04,21937.679999999997,13217.673333333332,2022-08-26,2024-09-29,True,79306.04,Mid Value
1842,7,128674.3,25475.13,18382.042857142857,2022-01-15,2024-09-10,True,128674.3,Mid Value
1843,4,32546.84,7414.420000000002,8136.710000000001,2022-07-13,2024-06-01,True,32546.84,Low Value
1844,9,55861.96,20632.480000000003,6206.884444444444,2022-07-02,2024-12-13,True,55861.96,Mid Value
1845,5,120056.65,25016.369999999995,24011.33,2022-08-12,2024-11-24,True,120056.65,Mid Value
1846,5,32614.77,13459.5,6522.954000000001,2022-02-20,2024-12-31,True,32614.77,Low Value
1847,5,128036.20999999999,25619.629999999997,25607.242,2022-02-06,2023-11-13,True,128036.21,Mid Value
1848,5,32086.51,12979.649999999998,6417.301999999999,2022-11-19,2024-11-17,True,32086.51,Low Value
1849,3,47550.0,14771.86,15850.0,2023-04-29,2024-02-20,True,47550.0,Low Value
1850,3,30490.03,12091.46,10163.343333333332,2023-06-02,2024-04-23,True,30490.03,Low Value
1851,1,902.21,283.6700000000001,902.21,2024-12-19,2024-12-19,False,902.21,Churned Risk
1852,6,82084.16,19128.3,13680.693333333335,2022-06-04,2024-10-27,True,82084.16,Mid Value
1853,7,58325.630000000005,19080.370000000003,8332.232857142857,2022-04-20,2023-12-15,True,58325.63,Mid Value
1854,6,42830.18,18392.5,7138.363333333334,2023-05-31,2024-10-15,True,42830.18,Low Value
1855,6,22495.55,9181.21,3749.258333333333,2022-05-04,2024-08-18,True,22495.55,Churned Risk
1856,6,36293.090000000004,13196.97,6048.848333333332,2022-02-14,2023-10-02,True,36293.09,Low Value
1857,3,172441.58,29817.389999999992,57480.52666666667,2022-06-04,2024-11-24,True,172441.58,High Value
1859,7,23301.03,10544.65,3328.7185714285706,2022-01-02,2024-11-30,True,23301.03,Churned Risk
1860,5,26325.08,9299.550000000001,5265.016000000001,2022-04-04,2024-02-21,True,26325.08,Low Value
1861,3,12821.97,5117.589999999999,4273.990000000001,2022-04-03,2023-08-05,True,12821.97,Churned Risk
1862,3,21343.19,8126.079999999998,7114.3966666666665,2023-05-09,2024-11-25,True,21343.19,Churned Risk
1863,8,131921.62,27020.85,16490.2025,2022-01-10,2024-12-11,True,131921.62,Mid Value
1864,6,42975.78,14665.489999999998,7162.630000000001,2022-04-30,2024-08-29,True,42975.78,Low Value
1865,2,14636.25,7128.45,7318.125,2022-10-05,2022-11-24,True,14636.25,Churned Risk
1866,10,48702.53,15813.6,4870.253,2022-03-08,2024-08-27,True,48702.53,Low Value
1867,5,32209.18,12713.480000000001,6441.836,2022-05-21,2024-11-30,True,32209.18,Low Value
1868,2,53838.78,13068.91,26919.39,2022-06-19,2022-11-25,True,53838.78,Mid Value
1869,2,19404.72,5588.849999999999,9702.359999999999,2023-09-10,2024-03-01,True,19404.72,Churned Risk
1870,5,98513.56999999999,22601.89,19702.714,2022-03-04,2023-12-22,True,98513.57,Mid Value
1871,8,72756.55,25401.75,9094.56875,2022-08-15,2024-12-25,True,72756.55,Mid Value
1872,5,167479.36,28412.469999999998,33495.87199999999,2022-05-23,2023-07-21,True,167479.36,High Value
1873,2,32519.940000000002,7240.830000000003,16259.970000000001,2024-09-04,2024-09-26,True,32519.94,Low Value
1874,1,3916.45,1689.6399999999999,3916.45,2023-12-13,2023-12-13,False,3916.45,Churned Risk
1875,3,15868.39,6889.900000000001,5289.463333333333,2022-09-02,2024-08-23,True,15868.39,Churned Risk
1876,6,269668.91000000003,47260.1,44944.818333333336,2022-08-14,2024-09-29,True,269668.91,High Value
1877,7,31742.09,10990.550000000001,4534.584285714286,2022-05-07,2024-08-18,True,31742.09,Low Value
1878,10,151385.71,37785.21,15138.570999999996,2022-02-07,2024-07-26,True,151385.71,Mid Value
1879,8,137762.29,34917.409999999996,17220.28625,2022-02-28,2024-07-25,True,137762.29,Mid Value
1880,3,120451.26,21431.709999999995,40150.42,2022-09-04,2023-02-01,True,120451.26,Mid Value
1881,3,46514.14,12761.699999999999,15504.713333333333,2023-03-31,2024-10-30,True,46514.14,Low Value
1882,5,14747.41,6807.500000000001,2949.482,2022-11-02,2024-05-22,True,14747.41,Churned Risk
1883,4,22704.07,8878.21,5676.0175,2023-09-27,2024-12-15,True,22704.07,Churned Risk
1884,3,164492.44999999998,26826.759999999995,54830.81666666666,2022-04-18,2024-10-13,True,164492.45,Mid Value
1885,4,18573.3,5485.699999999998,4643.325,2024-05-05,2024-11-21,True,18573.3,Churned Risk
1886,2,37675.78,8797.279999999999,18837.89,2022-03-01,2022-09-05,True,37675.78,Low Value
1887,4,40456.670000000006,10190.830000000002,10114.167500000001,2022-08-04,2023-11-30,True,40456.67,Low Value
1888,3,27115.0,11140.509999999998,9038.333333333334,2023-06-28,2024-11-02,True,27115.0,Low Value
1889,2,6356.99,2527.33,3178.495,2022-06-18,2023-06-23,True,6356.99,Churned Risk
1890,4,18380.78,7735.85,4595.195,2022-01-22,2024-11-10,True,18380.78,Churned Risk
1891,7,139263.97,31224.699999999997,19894.852857142858,2022-01-02,2024-08-25,True,139263.97,Mid Value
1892,4,89167.94,16414.239999999998,22291.985,2022-03-21,2022-11-12,True,89167.94,Mid Value
1893,7,69464.33,26680.239999999998,9923.475714285714,2022-08-24,2024-10-28,True,69464.33,Mid Value
1894,7,62425.71000000001,13066.590000000002,8917.958571428573,2022-06-23,2024-08-01,True,62425.71,Mid Value
1895,8,114101.80999999998,26391.449999999997,14262.72625,2022-10-18,2024-12-20,True,114101.81,Mid Value
1896,3,11957.34,4861.49,3985.78,2022-04-09,2023-09-13,True,11957.34,Churned Risk
1897,3,106621.25,21825.089999999997,35540.416666666664,2022-09-02,2024-10-17,True,106621.25,Mid Value
1898,6,46377.53,12371.73,7729.588333333333,2022-03-08,2024-05-17,True,46377.53,Low Value
1899,3,13757.28,5524.370000000001,4585.759999999999,2022-08-01,2024-01-17,True,13757.28,Churned Risk
1900,7,286430.68,51791.189999999995,40918.66857142856,2022-07-28,2024-05-09,True,286430.68,High Value
1901,2,1423.18,550.0500000000001,711.59,2024-05-23,2024-11-03,True,1423.18,Churned Risk
1902,2,3816.58,1451.3200000000002,1908.29,2023-10-10,2024-12-17,True,3816.58,Churned Risk
1903,7,130778.29000000001,27939.219999999998,18682.612857142856,2022-01-18,2024-08-04,True,130778.29,Mid Value
1904,9,70029.83,18973.030000000002,7781.0922222222225,2022-03-06,2024-10-11,True,70029.83,Mid Value
1905,1,183.24,66.61000000000001,183.24,2022-04-01,2022-04-01,False,183.24,Churned Risk
1906,8,39018.11,15198.41,4877.26375,2022-01-02,2024-11-08,True,39018.11,Low Value
1907,5,11336.94,5703.25,2267.388,2022-06-27,2024-10-14,True,11336.94,Churned Risk
1908,4,100943.70000000001,24224.27,25235.925,2022-02-14,2024-11-17,True,100943.7,Mid Value
1909,1,45491.57,18928.03,45491.57,2022-01-16,2022-01-16,False,45491.57,Low Value
1910,5,25445.01,9703.519999999999,5089.0019999999995,2023-01-01,2024-05-09,True,25445.01,Low Value
1911,3,21109.73,5418.079999999999,7036.576666666667,2022-12-11,2023-06-18,True,21109.73,Churned Risk
1912,6,169029.69,28176.489999999994,28171.615,2022-11-05,2024-06-05,True,169029.69,High Value
1913,6,26049.68,10157.099999999999,4341.613333333334,2022-05-15,2024-05-03,True,26049.68,Low Value
1914,8,127765.0,25415.72,15970.625,2022-12-27,2024-08-17,True,127765.0,Mid Value
1915,5,31292.45,8270.7,6258.49,2022-09-30,2024-11-22,True,31292.45,Low Value
1916,4,61465.64000000001,12541.670000000004,15366.41,2022-07-23,2024-05-30,True,61465.64,Mid Value
1917,5,55622.94,23104.95,11124.588,2022-04-24,2024-12-15,True,55622.94,Mid Value
1918,2,19426.17,6166.99,9713.085,2022-03-10,2023-09-18,True,19426.17,Churned Risk
1919,6,52201.51,18054.7,8700.251666666667,2022-08-24,2024-06-03,True,52201.51,Low Value
1920,6,30711.17,11904.01,5118.528333333334,2022-08-07,2024-10-19,True,30711.17,Low Value
1921,2,14418.54,4436.619999999999,7209.27,2022-01-28,2024-11-09,True,14418.54,Churned Risk
1922,6,262012.94999999998,44614.67999999999,43668.82499999999,2022-02-26,2024-10-11,True,262012.95,High Value
1923,3,46573.89,12678.240000000003,15524.63,2022-11-05,2024-09-22,True,46573.89,Low Value
1924,2,3713.41,1739.3100000000002,1856.705,2022-11-23,2024-12-09,True,3713.41,Churned Risk
1925,3,12984.73,5883.579999999999,4328.243333333333,2022-02-04,2024-02-15,True,12984.73,Churned Risk
1926,2,16369.279999999999,6337.799999999999,8184.639999999999,2022-09-16,2023-01-28,True,16369.28,Churned Risk
1927,4,87112.74,16451.140000000014,21778.185,2022-05-18,2024-02-11,True,87112.74,Mid Value
1928,5,46887.61,14838.200000000003,9377.522,2023-06-12,2024-08-04,True,46887.61,Low Value
1929,8,60588.31,22794.15,7573.538750000001,2022-04-22,2024-10-20,True,60588.31,Mid Value
1931,3,14397.550000000001,6394.460000000001,4799.183333333333,2022-02-07,2024-06-08,True,14397.55,Churned Risk
1932,5,39454.96,14103.16,7890.992,2022-01-04,2024-08-13,True,39454.96,Low Value
1933,8,124051.95,30977.129999999997,15506.49375,2022-09-20,2024-11-14,True,124051.95,Mid Value
1934,8,348231.54,65325.369999999995,43528.9425,2022-06-13,2024-12-23,True,348231.54,High Value
1935,6,59171.78,21346.27,9861.963333333333,2022-05-16,2024-09-01,True,59171.78,Mid Value
1936,6,18899.41,7820.9,3149.901666666666,2022-02-14,2024-01-01,True,18899.41,Churned Risk
1937,6,107367.94,21969.889999999996,17894.656666666666,2022-04-21,2024-12-30,True,107367.94,Mid Value
1938,6,26993.52,11793.96,4498.919999999999,2022-04-20,2023-11-28,True,26993.52,Low Value
1939,4,12881.96,5417.65,3220.49,2022-02-01,2024-05-05,True,12881.96,Churned Risk
1940,3,12836.54,5363.73,4278.846666666667,2022-06-19,2023-05-19,True,12836.54,Churned Risk
1941,7,37886.78,14176.179999999998,5412.397142857143,2022-02-14,2024-05-10,True,37886.78,Low Value
1942,4,16003.31,4922.299999999999,4000.8274999999994,2022-08-14,2024-12-06,True,16003.31,Churned Risk
1943,6,273754.43,46061.34,45625.73833333334,2022-01-16,2024-11-07,True,273754.43,High Value
1944,2,5595.39,2421.75,2797.695,2022-01-05,2022-11-04,True,5595.39,Churned Risk
1945,10,424573.75999999995,71072.46999999999,42457.376,2022-03-09,2024-10-26,True,424573.76,High Value
1946,9,63964.05,18367.57,7107.116666666667,2022-01-10,2024-09-08,True,63964.05,Mid Value
1947,6,46663.909999999996,17222.760000000002,7777.318333333333,2022-03-07,2023-12-10,True,46663.91,Low Value
1948,4,8967.71,3799.98,2241.9275,2022-02-25,2024-07-15,True,8967.71,Churned Risk
1949,5,67363.45,21488.960000000003,13472.689999999999,2022-03-19,2023-06-29,True,67363.45,Mid Value
1950,9,43814.87,17411.61,4868.318888888889,2022-01-08,2024-05-05,True,43814.87,Low Value
1951,1,13221.53,2613.88,13221.53,2022-05-08,2022-05-08,False,13221.53,Churned Risk
1952,7,37714.2,13754.759999999998,5387.742857142856,2022-10-29,2024-12-16,True,37714.2,Low Value
1953,3,24845.22,8806.67,8281.74,2023-01-18,2024-05-27,True,24845.22,Low Value
1954,6,38026.39,14232.24,6337.731666666666,2022-05-25,2024-12-31,True,38026.39,Low Value
1955,3,66313.36,10391.430000000004,22104.453333333335,2022-07-04,2024-12-12,True,66313.36,Mid Value
1956,4,16374.67,7238.96,4093.6675,2022-04-26,2024-09-24,True,16374.67,Churned Risk
1957,7,106077.54,24898.059999999998,15153.934285714286,2022-04-21,2024-09-25,True,106077.54,Mid Value
1958,6,75482.62,24838.97,12580.436666666666,2022-01-03,2023-12-23,True,75482.62,Mid Value
1959,2,8133.7,5157.950000000001,4066.85,2022-05-10,2024-08-21,True,8133.7,Churned Risk
1960,4,25222.050000000003,7136.420000000001,6305.512500000001,2022-08-21,2024-05-08,True,25222.05,Low Value
1961,4,29048.02,9638.75,7262.005000000001,2022-10-08,2024-04-04,True,29048.02,Low Value
1962,7,21903.85,11441.380000000001,3129.121428571428,2022-01-14,2024-05-26,True,21903.85,Churned Risk
1963,5,391118.62000000005,58657.71999999999,78223.72400000002,2022-11-21,2024-06-14,True,391118.62,High Value
1964,5,25513.63,12490.35,5102.726000000001,2022-12-06,2024-07-29,True,25513.63,Low Value
1965,6,27904.46,10383.6,4650.743333333333,2022-07-03,2024-12-01,True,27904.46,Low Value
1966,8,127358.84000000001,30080.739999999998,15919.855,2022-04-07,2024-08-30,True,127358.84,Mid Value
1967,7,67119.16,21577.67,9588.451428571429,2022-12-04,2024-07-20,True,67119.16,Mid Value
1968,8,73421.96,32191.260000000002,9177.744999999999,2022-12-31,2024-10-15,True,73421.96,Mid Value
1969,5,30212.87,11877.470000000001,6042.5740000000005,2022-07-21,2024-09-06,True,30212.87,Low Value
1970,6,27708.329999999998,10509.93,4618.054999999999,2022-02-12,2023-09-24,True,27708.33,Low Value
1971,2,22249.14,6293.319999999999,11124.57,2023-07-14,2023-08-10,True,22249.14,Churned Risk
1972,7,86423.94,23367.720000000005,12346.277142857143,2022-04-12,2024-01-30,True,86423.94,Mid Value
1973,6,400310.89,66712.12999999999,66718.48166666666,2022-11-16,2024-07-17,True,400310.89,High Value
1974,3,31414.71,8550.72,10471.57,2023-10-16,2024-12-29,True,31414.71,Low Value
1975,3,17867.19,6860.379999999999,5955.73,2022-05-08,2024-12-05,True,17867.19,Churned Risk
1976,7,22016.77,7793.3099999999995,3145.252857142858,2022-01-27,2024-11-16,True,22016.77,Churned Risk
1977,6,72987.0,23451.57,12164.500000000002,2022-03-04,2024-12-07,True,72987.0,Mid Value
1978,6,44161.42,14292.330000000002,7360.236666666667,2022-04-21,2024-04-15,True,44161.42,Low Value
1979,4,9387.68,4058.2100000000005,2346.92,2022-02-04,2024-01-15,True,9387.68,Churned Risk
1980,3,5537.19,2066.97,1845.7300000000002,2023-03-06,2023-10-16,True,5537.19,Churned Risk
1981,5,11747.69,5320.14,2349.5379999999996,2023-01-06,2024-10-23,True,11747.69,Churned Risk
1982,7,67745.37,23377.199999999997,9677.910000000002,2022-07-15,2024-07-22,True,67745.37,Mid Value
1983,7,197083.27,45329.110000000015,28154.752857142863,2022-04-03,2024-11-03,True,197083.27,High Value
1984,9,341605.77999999997,57087.88999999999,37956.19777777778,2022-02-25,2024-12-18,True,341605.78,High Value
1985,6,18258.87,8467.51,3043.145,2022-01-14,2024-04-17,True,18258.87,Churned Risk
1986,9,54118.92,20359.8,6013.213333333333,2022-03-05,2024-12-12,True,54118.92,Mid Value
1987,5,19952.980000000003,7338.77,3990.5960000000005,2022-01-09,2023-11-24,True,19952.98,Churned Risk
1988,3,8440.08,3612.2800000000007,2813.36,2023-02-10,2024-12-08,True,8440.08,Churned Risk
1989,6,60904.77,20389.349999999995,10150.794999999998,2022-01-04,2023-03-19,True,60904.77,Mid Value
1990,5,18369.34,7559.650000000001,3673.868,2023-01-02,2024-08-24,True,18369.34,Churned Risk
1991,6,54514.59,15732.65,9085.765,2022-05-08,2024-01-13,True,54514.59,Mid Value
1992,3,35671.13,9217.880000000001,11890.376666666669,2022-07-07,2024-01-27,True,35671.13,Low Value
1993,3,79608.32,12404.989999999998,26536.10666666667,2022-05-04,2022-12-17,True,79608.32,Mid Value
1994,4,28055.14,15155.05,7013.785,2022-04-29,2023-09-30,True,28055.14,Low Value
1995,6,24537.309999999998,9504.06,4089.5516666666663,2022-01-27,2024-06-15,True,24537.31,Low Value
1996,4,89851.45,16846.289999999997,22462.862500000003,2022-02-18,2024-08-30,True,89851.45,Mid Value
1997,3,3520.71,1641.9699999999998,1173.57,2022-04-26,2024-03-03,True,3520.71,Churned Risk
1998,7,57326.39,19006.32,8189.484285714285,2022-09-14,2024-07-19,True,57326.39,Mid Value
1999,4,9351.89,4244.610000000001,2337.9725000000003,2023-08-07,2024-11-20,True,9351.89,Churned Risk
2000,6,57452.88,25834.850000000002,9575.480000000001,2022-06-15,2024-03-18,True,57452.88,Mid Value
2001,5,85739.11,27921.850000000002,17147.822,2023-03-05,2024-06-26,True,85739.11,Mid Value
2002,3,19683.05,6831.24,6561.016666666666,2022-10-10,2023-06-20,True,19683.05,Churned Risk
2003,7,101268.16,26784.55,14466.88,2022-06-05,2024-08-18,True,101268.16,Mid Value
2004,5,82593.56,23270.530000000002,16518.712,2022-01-10,2023-04-27,True,82593.56,Mid Value
2005,7,128518.25,26810.53,18359.750000000004,2023-02-25,2024-06-03,True,128518.25,Mid Value
2006,4,12079.69,5075.66,3019.9225,2022-02-08,2024-07-24,True,12079.69,Churned Risk
2007,5,22779.7,8635.83,4555.9400000000005,2022-08-10,2024-12-12,True,22779.7,Churned Risk
2008,7,77450.0,19692.480000000003,11064.285714285714,2022-06-13,2024-10-13,True,77450.0,Mid Value
2009,3,17078.53,5257.059999999999,5692.843333333333,2022-03-28,2024-08-16,True,17078.53,Churned Risk
2010,8,257485.93,43545.63,32185.74125,2022-06-30,2024-09-23,True,257485.93,High Value
2011,5,42029.75,13593.29,8405.95,2022-03-04,2022-11-22,True,42029.75,Low Value
2012,6,90672.47000000002,20271.090000000015,15112.078333333333,2022-08-07,2024-10-14,True,90672.47,Mid Value
2013,4,115861.91,24775.45,28965.4775,2024-02-29,2024-12-14,True,115861.91,Mid Value
2014,7,60153.28,18185.690000000002,8593.325714285715,2022-02-19,2024-08-11,True,60153.28,Mid Value
2015,3,22957.82,8929.630000000001,7652.606666666667,2022-04-10,2024-09-27,True,22957.82,Churned Risk
2016,7,176526.07,41383.69000000002,25218.010000000002,2022-01-21,2024-08-10,True,176526.07,High Value
2017,9,186865.74,36941.829999999994,20762.86,2022-01-19,2024-11-01,True,186865.74,High Value
2018,5,126944.36,24655.96,25388.871999999996,2022-05-05,2024-03-23,True,126944.36,Mid Value
2019,10,120148.41,27210.07,12014.840999999999,2022-02-08,2024-12-25,True,120148.41,Mid Value
2020,9,84220.15,23883.939999999995,9357.794444444444,2023-04-11,2024-10-21,True,84220.15,Mid Value
2021,9,36260.38,12266.629999999997,4028.9311111111115,2022-01-15,2024-12-13,True,36260.38,Low Value
2022,4,42936.41,9491.400000000001,10734.1025,2023-05-05,2024-11-30,True,42936.41,Low Value
2023,9,83355.24,22192.04,9261.693333333335,2022-01-27,2024-09-18,True,83355.24,Mid Value
2024,6,191910.84,39144.45,31985.14,2022-02-08,2024-11-18,True,191910.84,High Value
2025,5,16251.17,7127.44,3250.234,2022-04-07,2024-07-12,True,16251.17,Churned Risk
2026,8,81106.1,26356.32,10138.2625,2022-01-14,2024-04-15,True,81106.1,Mid Value
2027,6,24233.47,12283.1,4038.911666666667,2022-02-22,2023-11-04,True,24233.47,Low Value
2028,5,46709.86,16906.79,9341.972,2022-09-04,2024-09-09,True,46709.86,Low Value
2029,6,47444.04,14041.000000000002,7907.34,2023-01-21,2024-09-03,True,47444.04,Low Value
2030,5,42897.920000000006,13994.04,8579.583999999999,2022-02-04,2024-03-18,True,42897.92,Low Value
2031,3,11099.54,3401.31,3699.8466666666664,2022-11-11,2023-06-10,True,11099.54,Churned Risk
2032,5,96565.9,25927.44,19313.18,2023-02-11,2023-10-15,True,96565.9,Mid Value
2033,1,1616.14,786.0400000000001,1616.14,2023-10-29,2023-10-29,False,1616.14,Churned Risk
2034,6,107651.45,22100.539999999997,17941.908333333333,2022-07-09,2024-11-07,True,107651.45,Mid Value
2035,4,25477.18,13266.890000000001,6369.294999999999,2022-08-15,2024-11-03,True,25477.18,Low Value
2036,8,142993.37,32246.17,17874.17125,2022-05-14,2024-09-17,True,142993.37,Mid Value
2037,5,74516.96,24624.990000000005,14903.392000000002,2022-12-13,2024-10-03,True,74516.96,Mid Value
2038,5,42024.52,15345.729999999998,8404.904,2022-08-13,2024-02-29,True,42024.52,Low Value
2039,5,28884.6,13223.19,5776.92,2022-03-04,2023-07-20,True,28884.6,Low Value
2040,5,23691.54,10491.11,4738.308,2023-02-10,2024-10-20,True,23691.54,Churned Risk
2041,5,167015.29,27637.539999999997,33403.058000000005,2022-02-26,2024-05-19,True,167015.29,High Value
2042,12,119496.48999999999,37802.0,9958.040833333333,2022-02-04,2024-09-19,True,119496.49,Mid Value
2043,6,44960.45,14725.68,7493.408333333333,2022-11-25,2024-12-04,True,44960.45,Low Value
2044,4,26953.670000000002,10586.95,6738.4175,2022-12-14,2024-07-23,True,26953.67,Low Value
2045,3,40076.619999999995,11492.25,13358.873333333335,2022-02-22,2024-06-18,True,40076.62,Low Value
2046,5,17434.4,7315.24,3486.88,2022-01-23,2024-12-18,True,17434.4,Churned Risk
2047,5,37801.1,12079.01,7560.220000000001,2022-02-17,2024-11-14,True,37801.1,Low Value
2048,6,26347.04,10297.949999999999,4391.173333333333,2022-12-18,2024-10-25,True,26347.04,Low Value
2049,5,91818.27,17777.960000000014,18363.654,2022-09-01,2024-07-26,True,91818.27,Mid Value
2050,8,78641.49,27337.38,9830.18625,2022-02-17,2024-05-28,True,78641.49,Mid Value
2051,5,17579.7,7123.59,3515.94,2024-01-07,2024-12-31,True,17579.7,Churned Risk
2052,7,77072.55,24458.730000000003,11010.364285714286,2022-07-24,2024-12-10,True,77072.55,Mid Value
2053,6,104508.06,20378.77,17418.01,2022-03-04,2024-12-11,True,104508.06,Mid Value
2054,10,55678.299999999996,21326.68,5567.83,2022-01-24,2024-12-10,True,55678.3,Mid Value
2055,4,83903.55,20757.41,20975.887499999997,2024-02-03,2024-09-11,True,83903.55,Mid Value
2056,3,30274.7,10211.02,10091.566666666668,2022-07-10,2024-11-19,True,30274.7,Low Value
2057,6,130816.90000000001,27956.969999999998,21802.81666666667,2022-06-12,2024-02-19,True,130816.9,Mid Value
2058,1,2819.84,1639.8,2819.84,2023-07-31,2023-07-31,False,2819.84,Churned Risk
2059,5,20157.94,6754.789999999999,4031.5879999999997,2022-07-15,2024-11-21,True,20157.94,Churned Risk
2060,3,148024.09,29842.679999999997,49341.363333333335,2022-10-13,2023-11-22,True,148024.09,Mid Value
2061,2,1732.1999999999998,786.5699999999999,866.0999999999999,2022-09-14,2024-02-13,True,1732.2,Churned Risk
2062,7,115128.63999999998,25782.119999999995,16446.948571428573,2022-07-06,2024-12-07,True,115128.64,Mid Value
2063,7,80734.36,22365.71,11533.48,2022-06-03,2024-10-08,True,80734.36,Mid Value
2064,5,35759.5,8679.15,7151.899999999999,2022-06-01,2024-11-13,True,35759.5,Low Value
2065,4,18476.63,7996.95,4619.1575,2022-01-09,2024-07-30,True,18476.63,Churned Risk
2066,4,34227.48,14745.45,8556.869999999999,2022-07-23,2024-12-09,True,34227.48,Low Value
2067,4,21387.76,9253.019999999999,5346.9400000000005,2022-01-12,2024-01-14,True,21387.76,Churned Risk
2068,2,17256.31,5344.98,8628.154999999999,2022-04-04,2023-04-22,True,17256.31,Churned Risk
2069,5,21668.8,8799.9,4333.76,2022-05-01,2024-12-28,True,21668.8,Churned Risk
2070,8,110439.68,22354.699999999997,13804.96,2022-08-23,2024-10-13,True,110439.68,Mid Value
2071,3,33549.67,8159.27,11183.223333333333,2022-12-03,2024-04-04,True,33549.67,Low Value
2072,9,400714.33999999997,66826.4,44523.81555555555,2022-09-18,2024-11-17,True,400714.34,High Value
2073,4,28203.47,9795.850000000002,7050.8675,2022-02-04,2024-11-23,True,28203.47,Low Value
2074,4,51768.6,24868.35,12942.15,2022-11-06,2024-10-20,True,51768.6,Low Value
2075,7,59802.380000000005,16396.920000000002,8543.197142857145,2022-09-24,2024-04-19,True,59802.38,Mid Value
2076,2,6198.639999999999,2365.3999999999996,3099.3199999999997,2022-03-27,2022-10-02,True,6198.64,Churned Risk
2077,5,56101.63,15991.739999999998,11220.326000000001,2022-07-24,2024-11-16,True,56101.63,Mid Value
2078,5,38097.009999999995,8746.09,7619.401999999999,2022-01-02,2024-09-29,True,38097.01,Low Value
2079,7,185398.18000000002,33195.200000000026,26485.454285714288,2023-06-14,2024-11-30,True,185398.18,High Value
2080,4,41764.43,13433.99,10441.1075,2022-10-29,2023-06-11,True,41764.43,Low Value
2081,6,110311.73,29409.039999999997,18385.28833333333,2023-03-16,2024-12-25,True,110311.73,Mid Value
2082,3,4648.43,2148.73,1549.4766666666667,2023-11-15,2024-09-09,True,4648.43,Churned Risk
2083,3,33704.53,9755.65,11234.843333333332,2022-10-15,2024-06-18,True,33704.53,Low Value
2084,5,12919.83,5739.549999999999,2583.966,2023-09-02,2024-10-19,True,12919.83,Churned Risk
2085,8,144470.21,35177.06,18058.77625,2022-02-23,2023-09-25,True,144470.21,Mid Value
2086,5,62330.22,27973.670000000002,12466.044,2022-02-21,2024-11-22,True,62330.22,Mid Value
2087,6,119511.18999999999,25933.539999999997,19918.531666666666,2022-10-12,2024-12-10,True,119511.19,Mid Value
2088,5,19766.95,7671.64,3953.3899999999994,2022-11-08,2023-11-02,True,19766.95,Churned Risk
2089,8,56732.24,20805.129999999997,7091.53,2022-01-20,2024-07-08,True,56732.24,Mid Value
2090,6,29272.809999999998,10551.769999999999,4878.801666666667,2022-06-17,2024-07-04,True,29272.81,Low Value
2091,4,12386.33,4101.389999999999,3096.5825,2022-05-21,2024-07-24,True,12386.33,Churned Risk
2092,5,180495.83,30075.27000000001,36099.166,2022-04-06,2024-10-01,True,180495.83,High Value
2093,5,44240.479999999996,14246.14,8848.096,2022-06-14,2024-11-01,True,44240.48,Low Value
2094,5,59436.72,11703.859999999999,11887.344000000001,2023-08-16,2024-12-15,True,59436.72,Mid Value
2095,5,69086.41,18009.91,13817.281999999997,2022-03-20,2024-06-05,True,69086.41,Mid Value
2096,3,33045.46,11552.500000000002,11015.153333333334,2022-06-03,2023-09-15,True,33045.46,Low Value
2097,4,85755.73999999999,15014.539999999997,21438.935,2022-05-13,2024-11-22,True,85755.74,Mid Value
2098,9,41540.42,11713.5,4615.602222222222,2022-02-12,2024-12-07,True,41540.42,Low Value
2099,7,39163.85,12769.64,5594.835714285714,2022-01-21,2024-11-17,True,39163.85,Low Value
2100,9,287025.68,56046.329999999994,31891.742222222216,2022-03-17,2024-09-20,True,287025.68,High Value
2101,1,10148.81,3535.499999999999,10148.81,2024-12-04,2024-12-04,False,10148.81,Churned Risk
2102,3,19402.88,8147.900000000001,6467.626666666668,2022-12-06,2024-05-06,True,19402.88,Churned Risk
2103,7,42533.72,14531.869999999999,6076.245714285715,2022-12-16,2024-08-16,True,42533.72,Low Value
2104,4,181744.26,34694.579999999994,45436.064999999995,2023-01-28,2024-10-15,True,181744.26,High Value
2105,5,8608.43,4159.55,1721.6860000000001,2024-02-03,2024-10-02,True,8608.43,Churned Risk
2106,7,106587.17000000001,22616.350000000013,15226.738571428572,2022-06-18,2024-04-20,True,106587.17,Mid Value
2107,5,30667.77,11514.97,6133.553999999999,2022-11-05,2023-08-26,True,30667.77,Low Value
2108,8,105558.06,21460.109999999997,13194.7575,2022-04-14,2024-07-06,True,105558.06,Mid Value
2109,7,77503.32,27802.58,11071.902857142859,2022-04-21,2024-12-29,True,77503.32,Mid Value
2110,9,30686.14,12214.33,3409.571111111111,2022-04-27,2024-10-14,True,30686.14,Low Value
2111,4,4414.77,2063.46,1103.6925,2022-12-31,2024-04-02,True,4414.77,Churned Risk
2112,6,47572.63,14774.769999999999,7928.771666666667,2022-02-05,2024-12-24,True,47572.63,Low Value
2113,3,10618.68,3797.79,3539.56,2022-02-03,2024-02-01,True,10618.68,Churned Risk
2114,4,14476.45,5791.3,3619.1125,2023-01-19,2024-08-05,True,14476.45,Churned Risk
2115,7,53276.380000000005,19228.06,7610.9114285714295,2022-01-26,2024-04-05,True,53276.38,Mid Value
2116,3,15076.5,8198.81,5025.5,2022-11-27,2024-07-23,True,15076.5,Churned Risk
2117,4,16486.47,6098.15,4121.6175,2023-03-03,2024-10-22,True,16486.47,Churned Risk
2118,6,15391.19,5601.98,2565.1983333333333,2022-10-10,2023-11-04,True,15391.19,Churned Risk
2119,5,50129.840000000004,15521.200000000003,10025.967999999999,2023-02-13,2024-10-02,True,50129.84,Low Value
2120,2,22471.8,6427.27,11235.9,2022-05-07,2023-05-11,True,22471.8,Churned Risk
2121,3,13898.03,4511.08,4632.676666666666,2022-11-04,2024-12-23,True,13898.03,Churned Risk
2122,2,32396.229999999996,9854.27,16198.114999999998,2023-12-14,2024-07-08,True,32396.23,Low Value
2123,5,51406.8,13840.880000000003,10281.36,2022-01-15,2023-12-03,True,51406.8,Low Value
2124,9,35633.159999999996,12136.42,3959.2400000000002,2022-03-07,2024-12-19,True,35633.16,Low Value
2125,3,8190.35,2563.6700000000005,2730.1166666666663,2022-03-24,2024-12-20,True,8190.35,Churned Risk
2126,7,81857.17,31123.47,11693.88142857143,2022-02-03,2024-10-07,True,81857.17,Mid Value
2127,11,228553.7,46192.780000000006,20777.60909090909,2023-07-02,2024-11-08,True,228553.7,High Value
2128,1,11292.54,4070.99,11292.54,2022-03-18,2022-03-18,False,11292.54,Churned Risk
2129,5,19372.87,8522.73,3874.5739999999996,2022-06-28,2023-05-23,True,19372.87,Churned Risk
2130,10,56702.12,20240.61,5670.212000000001,2022-06-08,2024-11-15,True,56702.12,Mid Value
2131,9,252282.16,42287.33,28031.35111111111,2022-02-20,2024-08-15,True,252282.16,High Value
2132,3,5600.4,1872.7599999999995,1866.8,2022-12-31,2024-11-25,True,5600.4,Churned Risk
2133,7,75531.85,19950.770000000004,10790.264285714287,2022-05-16,2024-02-15,True,75531.85,Mid Value
2134,5,193976.37,34935.439999999995,38795.274,2024-02-29,2024-12-14,True,193976.37,High Value
2135,5,258102.02,39587.15999999999,51620.403999999995,2022-02-26,2024-09-18,True,258102.02,High Value
2136,8,34143.15,11481.69,4267.893749999999,2022-07-21,2024-08-30,True,34143.15,Low Value
2137,3,8997.42,3948.86,2999.140000000001,2022-07-29,2023-06-01,True,8997.42,Churned Risk
2138,6,43528.47,16168.529999999999,7254.744999999999,2022-03-06,2024-02-06,True,43528.47,Low Value
2139,10,52417.66,21496.22,5241.7660000000005,2022-06-28,2024-08-14,True,52417.66,Low Value
2140,1,18055.82,8617.279999999999,18055.82,2024-06-30,2024-06-30,False,18055.82,Churned Risk
2141,7,40360.6,15141.29,5765.800000000001,2022-05-16,2024-07-19,True,40360.6,Low Value
2142,4,10933.19,5414.880000000001,2733.2975,2022-07-19,2024-10-09,True,10933.19,Churned Risk
2143,2,22217.21,6666.67,11108.605,2022-06-01,2024-08-20,True,22217.21,Churned Risk
2144,3,12982.82,5458.49,4327.606666666667,2022-04-03,2024-04-22,True,12982.82,Churned Risk
2145,8,75655.68,18892.260000000002,9456.96,2022-02-07,2024-09-28,True,75655.68,Mid Value
2146,10,106829.12,40145.32,10682.912,2022-02-13,2024-09-05,True,106829.12,Mid Value
2147,2,10067.93,3075.88,5033.965,2023-06-17,2024-01-28,True,10067.93,Churned Risk
2148,5,61633.69,23998.26,12326.738000000001,2022-10-26,2024-11-07,True,61633.69,Mid Value
2149,9,281505.70999999996,58018.149999999994,31278.412222222218,2022-05-02,2024-11-11,True,281505.71,High Value
2150,8,54120.82,22699.86,6765.102500000001,2022-07-11,2024-11-05,True,54120.82,Mid Value
2151,3,12254.75,5729.839999999999,4084.9166666666665,2022-03-07,2023-08-14,True,12254.75,Churned Risk
2152,6,53655.11,21331.63,8942.518333333335,2022-09-30,2023-10-30,True,53655.11,Mid Value
2153,3,18071.89,5963.91,6023.963333333333,2023-06-21,2024-09-12,True,18071.89,Churned Risk
2154,6,176510.68,34764.19000000001,29418.44666666667,2022-02-15,2024-12-09,True,176510.68,High Value
2155,4,175098.46,28465.670000000013,43774.615000000005,2023-04-26,2024-06-27,True,175098.46,High Value
2156,6,43794.159999999996,16932.579999999998,7299.026666666666,2022-03-22,2024-04-19,True,43794.16,Low Value
2157,3,31125.91,11266.81,10375.303333333333,2022-04-28,2024-10-26,True,31125.91,Low Value
2158,4,48012.89,10435.79,12003.222500000002,2022-04-08,2024-08-27,True,48012.89,Low Value
2159,10,86502.06,21554.0,8650.206,2022-04-22,2024-10-31,True,86502.06,Mid Value
2160,5,49259.63,17190.12,9851.926000000001,2022-06-12,2024-04-07,True,49259.63,Low Value
2161,5,116230.34999999999,28873.559999999998,23246.07,2023-10-22,2024-09-12,True,116230.35,Mid Value
2162,2,3930.96,1950.3600000000001,1965.48,2023-05-25,2024-01-11,True,3930.96,Churned Risk
2164,7,199991.89,35550.27000000001,28570.269999999997,2022-02-09,2024-05-30,True,199991.89,High Value
2165,6,134537.25999999998,21784.36,22422.876666666667,2022-01-09,2023-11-11,True,134537.26,Mid Value
2166,6,36437.14,14701.249999999998,6072.8566666666675,2023-10-16,2024-11-18,True,36437.14,Low Value
2167,6,203739.38,38223.66000000002,33956.56333333333,2022-08-01,2024-01-20,True,203739.38,High Value
2168,5,57901.03,17868.64,11580.206,2022-03-25,2024-01-23,True,57901.03,Mid Value
2169,10,46874.56,17646.72,4687.456,2022-08-16,2024-11-21,True,46874.56,Low Value
2170,5,31502.93,14138.040000000003,6300.586,2022-11-02,2024-10-03,True,31502.93,Low Value
2171,10,140059.72,40731.909999999996,14005.972,2022-09-19,2024-09-11,True,140059.72,Mid Value
2172,9,40475.61,17004.45,4497.29,2022-05-15,2024-10-22,True,40475.61,Low Value
2173,6,24370.899999999998,9112.849999999999,4061.816666666667,2022-01-07,2024-11-13,True,24370.9,Low Value
2174,5,29548.95,10123.380000000001,5909.79,2022-09-29,2023-12-28,True,29548.95,Low Value
2175,5,25438.33,6480.600000000001,5087.665999999999,2022-02-21,2024-11-30,True,25438.33,Low Value
2176,5,84906.29,19579.089999999997,16981.258,2022-10-29,2024-06-21,True,84906.29,Mid Value
2177,4,99838.62999999999,16125.049999999997,24959.6575,2022-09-06,2024-09-21,True,99838.63,Mid Value
2178,7,52446.74,14693.089999999998,7492.391428571427,2022-03-20,2024-12-21,True,52446.74,Low Value
2179,7,37705.65,13829.419999999998,5386.521428571427,2022-05-07,2024-10-29,True,37705.65,Low Value
2180,3,29303.440000000002,11339.070000000002,9767.813333333334,2022-05-24,2024-06-13,True,29303.44,Low Value
2181,7,75584.35,17861.520000000004,10797.764285714287,2022-06-25,2024-05-31,True,75584.35,Mid Value
2182,2,13247.89,4033.6800000000003,6623.945,2022-06-30,2023-01-02,True,13247.89,Churned Risk
2183,8,33822.67,11824.4,4227.83375,2022-03-18,2024-08-19,True,33822.67,Low Value
2184,5,108416.85,22398.280000000002,21683.370000000003,2023-01-12,2024-12-12,True,108416.85,Mid Value
2185,9,330309.35,64618.10999999999,36701.038888888885,2023-04-26,2024-07-18,True,330309.35,High Value
2186,8,55884.72,19053.61,6985.59,2022-10-27,2024-05-11,True,55884.72,Mid Value
2187,2,15103.48,4738.3499999999985,7551.74,2022-01-27,2023-02-13,True,15103.48,Churned Risk
2188,4,71464.85,21355.589999999997,17866.2125,2022-04-27,2024-04-06,True,71464.85,Mid Value
2189,3,25770.74,7943.220000000001,8590.246666666668,2022-08-25,2024-10-21,True,25770.74,Low Value
2190,9,95022.79,33959.1,10558.087777777779,2022-01-12,2024-07-14,True,95022.79,Mid Value
2191,4,20343.35,7519.569999999999,5085.8375,2023-05-07,2023-10-27,True,20343.35,Churned Risk
2192,5,27956.02,9714.210000000001,5591.204000000001,2022-02-24,2024-03-23,True,27956.02,Low Value
2193,5,35484.79,11470.320000000002,7096.9580000000005,2022-10-29,2023-08-05,True,35484.79,Low Value
2194,7,148897.47,46811.02,21271.067142857144,2022-03-28,2023-07-04,True,148897.47,Mid Value
2195,6,59237.59,18065.839999999997,9872.931666666665,2022-01-01,2024-07-27,True,59237.59,Mid Value
2196,4,78950.72000000002,13459.600000000013,19737.680000000004,2022-12-22,2024-05-31,True,78950.72,Mid Value
2197,7,299284.57,65522.56,42754.93857142855,2022-07-25,2024-01-29,True,299284.57,High Value
2198,4,25705.370000000003,10385.810000000001,6426.3425,2022-11-28,2024-09-16,True,25705.37,Low Value
2199,3,7849.66,3294.56,2616.5533333333333,2023-04-13,2024-07-06,True,7849.66,Churned Risk
2200,5,111931.4,24991.839999999997,22386.28,2022-03-24,2024-06-12,True,111931.4,Mid Value
2201,4,15804.42,6729.77,3951.1050000000005,2022-10-30,2024-11-05,True,15804.42,Churned Risk
2202,12,69006.84,22793.569999999996,5750.57,2022-08-18,2024-09-26,True,69006.84,Mid Value
2203,8,63567.06,18636.53,7945.8825,2022-02-24,2024-10-15,True,63567.06,Mid Value
2204,5,40616.54,13453.539999999999,8123.307999999999,2022-07-22,2023-06-24,True,40616.54,Low Value
2205,4,120015.27,22584.94,30003.8175,2022-01-14,2023-03-12,True,120015.27,Mid Value
2206,7,40614.23,16701.65,5802.032857142857,2022-01-11,2024-07-05,True,40614.23,Low Value
2207,8,33216.54,13838.5,4152.0675,2022-01-28,2024-01-09,True,33216.54,Low Value
2208,1,75173.91,11544.090000000015,75173.91,2024-01-09,2024-01-09,False,75173.91,Mid Value
2209,5,31117.59,10909.25,6223.517999999999,2022-01-11,2024-10-10,True,31117.59,Low Value
2210,4,20571.01,6080.829999999998,5142.7525,2022-07-12,2024-11-11,True,20571.01,Churned Risk
2211,7,115111.58,24147.079999999998,16444.51142857143,2022-01-14,2024-07-16,True,115111.58,Mid Value
2212,6,60979.93,17577.579999999998,10163.321666666665,2022-06-17,2023-04-25,True,60979.93,Mid Value
2213,2,24791.58,6766.84,12395.79,2022-09-10,2024-08-11,True,24791.58,Low Value
2214,7,75905.2,23385.07,10843.6,2022-01-21,2024-02-24,True,75905.2,Mid Value
2215,5,70906.42,18444.9,14181.284000000003,2022-02-05,2024-12-17,True,70906.42,Mid Value
2216,3,81888.8,17390.370000000003,27296.266666666666,2023-04-12,2024-07-01,True,81888.8,Mid Value
2217,3,21490.12,5699.11,7163.373333333333,2024-02-19,2024-12-23,True,21490.12,Churned Risk
2218,5,70951.73,19241.38,14190.346000000001,2022-07-30,2023-07-05,True,70951.73,Mid Value
2219,4,113084.06,24804.899999999998,28271.015,2022-09-29,2024-05-27,True,113084.06,Mid Value
2220,7,54646.08,21783.239999999998,7806.582857142856,2022-06-06,2024-07-24,True,54646.08,Mid Value
2221,3,19347.56,6567.24,6449.186666666667,2022-01-18,2024-09-09,True,19347.56,Churned Risk
2222,10,53497.59,19724.839999999997,5349.759,2023-01-24,2024-12-01,True,53497.59,Mid Value
2223,9,105688.12,23218.080000000005,11743.124444444444,2022-01-27,2024-12-19,True,105688.12,Mid Value
2224,2,70215.18000000001,9498.780000000006,35107.590000000004,2022-10-06,2023-06-13,True,70215.18,Mid Value
2225,3,32718.03,10498.519999999999,10906.01,2023-08-16,2024-02-20,True,32718.03,Low Value
2226,3,23623.23,7775.529999999999,7874.410000000001,2022-01-28,2023-08-10,True,23623.23,Churned Risk
2227,3,11386.19,4219.41,3795.396666666667,2022-06-19,2023-05-02,True,11386.19,Churned Risk
2228,6,32375.57,11293.35,5395.928333333334,2023-04-16,2024-03-06,True,32375.57,Low Value
2229,8,183481.12,33086.909999999996,22935.14,2022-04-12,2024-12-11,True,183481.12,High Value
2230,6,60777.06999999999,15036.399999999998,10129.511666666665,2022-04-20,2024-07-14,True,60777.07,Mid Value
2231,3,28348.94,14544.09,9449.646666666666,2022-05-18,2024-03-13,True,28348.94,Low Value
2232,3,3386.52,1907.01,1128.8400000000001,2022-01-13,2024-08-10,True,3386.52,Churned Risk
2233,9,132006.33000000002,29579.920000000002,14667.370000000003,2022-06-01,2024-10-06,True,132006.33,Mid Value
2234,7,41347.1,14739.29,5906.728571428571,2022-01-20,2024-08-02,True,41347.1,Low Value
2235,2,19379.91,4427.639999999999,9689.955,2022-05-02,2024-01-25,True,19379.91,Churned Risk
2236,3,8048.21,3894.71,2682.7366666666667,2023-06-25,2024-05-12,True,8048.21,Churned Risk
2237,1,2946.5200000000004,1351.8000000000002,2946.5200000000004,2023-01-03,2023-01-03,False,2946.52,Churned Risk
2238,9,80520.70999999999,20091.809999999998,8946.745555555555,2022-04-19,2024-04-13,True,80520.71,Mid Value
2239,5,41705.21,14791.860000000002,8341.042,2022-06-05,2024-07-03,True,41705.21,Low Value
2240,2,21323.15,8020.4,10661.575,2022-09-16,2023-04-07,True,21323.15,Churned Risk
2241,6,186214.92,38641.92999999999,31035.820000000003,2022-08-18,2024-09-20,True,186214.92,High Value
2242,8,33249.67,13608.08,4156.20875,2022-02-08,2024-12-24,True,33249.67,Low Value
2243,3,20891.96,10549.800000000001,6963.986666666668,2022-01-25,2024-07-14,True,20891.96,Churned Risk
2244,3,14623.15,5410.19,4874.383333333334,2022-05-10,2024-05-28,True,14623.15,Churned Risk
2245,6,148806.54,34854.57000000001,24801.089999999997,2022-04-03,2024-09-05,True,148806.54,Mid Value
2246,5,49058.72,17151.260000000002,9811.744000000002,2022-03-26,2024-07-15,True,49058.72,Low Value
2247,5,185834.16999999998,34984.159999999996,37166.833999999995,2022-05-13,2024-05-15,True,185834.17,High Value
2248,1,23237.88,7537.3200000000015,23237.88,2023-08-27,2023-08-27,False,23237.88,Churned Risk
2249,2,16868.62,5965.289999999999,8434.31,2023-11-28,2024-12-16,True,16868.62,Churned Risk
2250,7,106798.52,23034.030000000013,15256.931428571432,2022-01-06,2024-10-11,True,106798.52,Mid Value
2251,6,53091.49,16144.71,8848.581666666667,2022-04-30,2024-09-20,True,53091.49,Mid Value
2252,4,128168.81,20657.90000000001,32042.2025,2022-01-18,2024-11-28,True,128168.81,Mid Value
2253,5,50912.799999999996,15532.509999999998,10182.560000000001,2022-01-02,2024-01-27,True,50912.8,Low Value
2254,7,64407.700000000004,22487.65,9201.1,2022-02-22,2024-10-13,True,64407.7,Mid Value
2255,6,182116.78999999998,36648.20999999999,30352.79833333333,2022-01-29,2024-08-19,True,182116.79,High Value
2256,2,16812.760000000002,6837.900000000001,8406.380000000001,2022-01-01,2022-11-17,True,16812.76,Churned Risk
2257,5,135340.86,28914.009999999995,27068.172,2022-04-24,2024-11-20,True,135340.86,Mid Value
2258,6,79777.54,17274.089999999997,13296.256666666666,2022-03-12,2024-07-26,True,79777.54,Mid Value
2259,6,46135.369999999995,19072.37,7689.228333333333,2022-03-02,2024-08-24,True,46135.37,Low Value
2260,4,16641.91,6282.47,4160.477500000001,2022-03-21,2024-09-14,True,16641.91,Churned Risk
2261,1,1335.82,761.02,1335.82,2024-05-28,2024-05-28,False,1335.82,Churned Risk
2262,8,44639.54,19000.6,5579.942499999999,2023-06-22,2024-12-28,True,44639.54,Low Value
2263,9,37898.88,13076.41,4210.986666666667,2022-03-04,2024-12-22,True,37898.88,Low Value
2264,2,90117.62,16399.659999999996,45058.81,2022-01-21,2023-04-15,True,90117.62,Mid Value
2265,6,75773.34000000001,18225.730000000003,12628.89,2022-01-10,2022-09-21,True,75773.34,Mid Value
2266,3,10728.880000000001,4797.150000000001,3576.2933333333335,2023-03-22,2024-11-29,True,10728.88,Churned Risk
2267,4,54927.87,13467.870000000003,13731.9675,2023-02-19,2024-12-24,True,54927.87,Mid Value
2268,4,52825.18,11933.860000000002,13206.294999999998,2022-08-17,2024-08-23,True,52825.18,Low Value
2269,6,36868.34,14855.99,6144.723333333332,2022-04-14,2024-09-11,True,36868.34,Low Value
2270,9,49515.11,16451.810000000005,5501.678888888889,2022-01-30,2024-08-22,True,49515.11,Low Value
2271,4,36635.94,11716.51,9158.984999999999,2022-08-25,2024-07-23,True,36635.94,Low Value
2272,5,16027.890000000001,8614.18,3205.5780000000004,2023-02-08,2024-09-05,True,16027.89,Churned Risk
2273,3,93024.6,18130.370000000014,31008.199999999997,2022-07-24,2024-07-20,True,93024.6,Mid Value
2274,4,15745.26,6386.18,3936.315,2022-09-05,2024-10-08,True,15745.26,Churned Risk
2275,9,150029.42,42408.14,16669.935555555552,2022-06-15,2024-09-24,True,150029.42,Mid Value
2276,2,6455.1900000000005,2466.81,3227.5950000000003,2022-01-04,2022-08-07,True,6455.19,Churned Risk
2277,4,26634.82,8323.359999999999,6658.705,2022-02-27,2024-05-19,True,26634.82,Low Value
2278,3,12514.09,4292.880000000001,4171.363333333334,2023-02-06,2024-07-18,True,12514.09,Churned Risk
2279,4,36423.979999999996,8635.939999999999,9105.994999999999,2022-01-07,2024-12-11,True,36423.98,Low Value
2280,5,78332.05,18529.650000000005,15666.41,2023-04-05,2024-11-13,True,78332.05,Mid Value
2281,7,65755.8,22875.530000000002,9393.685714285713,2022-04-14,2024-12-18,True,65755.8,Mid Value
2282,6,99829.06,25853.22,16638.176666666666,2022-01-21,2024-12-19,True,99829.06,Mid Value
2283,7,31166.03,13291.96,4452.29,2022-02-25,2024-08-05,True,31166.03,Low Value
2284,3,115443.45,22514.789999999997,38481.15,2022-04-01,2023-03-26,True,115443.45,Mid Value
2285,4,20167.23,6331.699999999999,5041.8075,2022-03-07,2024-09-01,True,20167.23,Churned Risk
2286,3,18953.11,7202.969999999999,6317.703333333334,2022-05-11,2024-11-23,True,18953.11,Churned Risk
2287,4,18727.55,5223.489999999999,4681.8875,2022-06-30,2023-08-31,True,18727.55,Churned Risk
2288,2,17194.92,5688.43,8597.46,2024-10-28,2024-11-18,True,17194.92,Churned Risk
2289,2,34431.44,7341.789999999999,17215.72,2024-03-19,2024-06-05,True,34431.44,Low Value
2290,8,64628.39,26488.350000000002,8078.54875,2022-03-10,2024-12-09,True,64628.39,Mid Value
2291,10,65763.72,25143.510000000002,6576.372,2022-02-13,2024-12-11,True,65763.72,Mid Value
2292,8,77468.63,17686.61,9683.57875,2022-02-24,2024-08-24,True,77468.63,Mid Value
2293,4,89604.87,16576.789999999997,22401.2175,2023-09-15,2023-12-25,True,89604.87,Mid Value
2294,4,71545.36,18554.09,17886.339999999997,2022-07-13,2024-11-19,True,71545.36,Mid Value
2295,4,61420.990000000005,16819.63,15355.247500000001,2022-12-15,2024-12-16,True,61420.99,Mid Value
2296,7,97610.72,20515.51,13944.38857142857,2022-06-08,2024-11-25,True,97610.72,Mid Value
2297,3,36365.32,12872.320000000002,12121.773333333333,2023-03-29,2024-12-28,True,36365.32,Low Value
2298,5,41674.340000000004,16340.279999999999,8334.868,2022-01-01,2024-05-03,True,41674.34,Low Value
2299,1,7708.49,4377.95,7708.49,2022-09-21,2022-09-21,False,7708.49,Churned Risk
2300,5,91386.8,34921.89000000001,18277.36,2022-12-14,2024-08-16,True,91386.8,Mid Value
2301,4,118716.55,20783.390000000003,29679.1375,2022-05-29,2024-02-25,True,118716.55,Mid Value
2302,5,10122.91,3965.1199999999994,2024.5819999999999,2022-06-04,2023-10-02,True,10122.91,Churned Risk
2303,4,62075.12,17960.920000000002,15518.779999999999,2022-06-18,2022-12-24,True,62075.12,Mid Value
2304,3,16176.740000000002,5598.590000000001,5392.246666666667,2023-10-26,2024-06-14,True,16176.74,Churned Risk
2305,4,109794.52,23093.380000000016,27448.63,2022-01-05,2024-12-09,True,109794.52,Mid Value
2306,5,350478.38,55172.409999999996,70095.676,2022-12-08,2024-06-11,True,350478.38,High Value
2307,7,52235.76,19106.43,7462.251428571428,2022-01-26,2024-09-22,True,52235.76,Low Value
2308,2,21171.899999999998,5100.839999999999,10585.95,2023-11-13,2024-06-23,True,21171.9,Churned Risk
2309,5,23775.559999999998,8542.119999999999,4755.111999999999,2022-03-10,2023-10-29,True,23775.56,Churned Risk
2310,10,383144.48,72041.85999999999,38314.448000000004,2022-04-25,2024-01-18,True,383144.48,High Value
2311,1,3699.99,1324.6999999999996,3699.99,2022-01-03,2022-01-03,False,3699.99,Churned Risk
2312,9,140245.56,33707.09,15582.840000000004,2022-03-15,2024-10-07,True,140245.56,Mid Value
2313,6,141354.52,27290.829999999994,23559.086666666666,2022-02-11,2024-11-15,True,141354.52,Mid Value
2314,6,16779.13,6722.16,2796.521666666667,2022-04-13,2024-03-07,True,16779.13,Churned Risk
2315,7,60040.56,22091.51,8577.222857142859,2022-09-29,2024-11-21,True,60040.56,Mid Value
2316,5,6969.4,3289.9399999999996,1393.8799999999999,2022-02-07,2024-07-09,True,6969.4,Churned Risk
2317,7,100652.78,19672.94,14378.968571428575,2022-07-18,2024-11-13,True,100652.78,Mid Value
2318,3,6870.34,3388.51,2290.1133333333332,2022-01-10,2024-11-15,True,6870.34,Churned Risk
2319,8,146917.0,30804.479999999996,18364.625,2022-07-04,2023-12-09,True,146917.0,Mid Value
2320,4,12608.78,5437.4400000000005,3152.195,2022-03-11,2024-08-04,True,12608.78,Churned Risk
2321,6,53075.82,20615.32,8845.970000000001,2022-05-11,2024-08-19,True,53075.82,Mid Value
2322,4,21809.59,8913.22,5452.3975,2023-02-21,2024-07-27,True,21809.59,Churned Risk
2323,2,96359.22,20021.05,48179.61,2023-11-16,2024-11-07,True,96359.22,Mid Value
2324,11,176270.58000000002,37583.250000000015,16024.598181818183,2022-01-22,2024-12-28,True,176270.58,High Value
2325,8,93201.26,27809.149999999998,11650.1575,2022-01-03,2024-12-17,True,93201.26,Mid Value
2326,5,17796.88,8861.85,3559.376,2022-11-27,2024-07-31,True,17796.88,Churned Risk
2327,1,18383.73,4186.1900000000005,18383.73,2023-09-22,2023-09-22,False,18383.73,Churned Risk
2328,4,35895.45,10808.199999999999,8973.8625,2022-04-01,2024-09-02,True,35895.45,Low Value
2329,6,151479.78,34219.5,25246.629999999994,2022-02-26,2023-11-17,True,151479.78,Mid Value
2330,6,37538.24,12160.52,6256.373333333333,2023-01-06,2024-10-17,True,37538.24,Low Value
2331,7,64720.72,14852.939999999999,9245.817142857142,2022-03-16,2024-12-11,True,64720.72,Mid Value
2332,6,232067.55,46503.92999999999,38677.924999999996,2023-06-15,2024-05-05,True,232067.55,High Value
2333,2,16432.21,7124.119999999999,8216.105,2022-06-01,2023-01-15,True,16432.21,Churned Risk
2334,4,93343.26000000001,18042.749999999996,23335.815,2022-05-06,2024-10-19,True,93343.26,Mid Value
2335,7,20238.91,9543.41,2891.272857142857,2022-01-31,2024-06-14,True,20238.91,Churned Risk
2336,2,3396.6499999999996,1316.1399999999999,1698.3249999999998,2023-08-02,2023-11-22,True,3396.65,Churned Risk
2337,6,105651.58,18551.590000000015,17608.596666666668,2022-01-01,2024-11-23,True,105651.58,Mid Value
2338,7,17170.42,4978.719999999998,2452.9171428571426,2022-07-15,2023-07-06,True,17170.42,Churned Risk
2339,6,22721.54,9937.79,3786.9233333333336,2022-12-25,2024-11-09,True,22721.54,Churned Risk
2340,6,23804.44,11663.750000000002,3967.406666666667,2022-01-15,2024-08-31,True,23804.44,Churned Risk
2341,3,30014.0,10104.6,10004.666666666666,2022-02-27,2022-11-22,True,30014.0,Low Value
2342,7,107214.12999999999,21216.749999999996,15316.304285714286,2022-01-06,2023-06-20,True,107214.13,Mid Value
2343,8,136340.26,27627.520000000015,17042.5325,2022-05-04,2024-08-04,True,136340.26,Mid Value
2344,4,85734.61000000002,13930.650000000012,21433.652500000004,2022-07-11,2024-10-22,True,85734.61,Mid Value
2345,3,40843.229999999996,15644.17,13614.410000000002,2023-01-20,2024-07-24,True,40843.23,Low Value
2346,6,110845.06000000001,23766.630000000012,18474.176666666666,2023-01-25,2024-11-22,True,110845.06,Mid Value
2347,7,220804.84,37465.56,31543.548571428575,2022-07-19,2024-12-11,True,220804.84,High Value
2348,6,100750.59999999999,19196.12,16791.766666666666,2022-04-08,2023-06-29,True,100750.6,Mid Value
2349,1,2482.35,387.77999999999975,2482.35,2022-02-18,2022-02-18,False,2482.35,Churned Risk
2350,5,32491.960000000003,8729.070000000002,6498.392,2022-05-24,2024-04-26,True,32491.96,Low Value
2351,6,26460.02,12277.630000000001,4410.003333333333,2022-09-27,2023-11-20,True,26460.02,Low Value
2352,3,9745.76,3351.37,3248.5866666666666,2024-08-06,2024-10-23,True,9745.76,Churned Risk
2353,7,85487.95999999999,25251.809999999998,12212.565714285714,2022-09-14,2024-11-03,True,85487.96,Mid Value
2354,5,56009.399999999994,20504.3,11201.880000000001,2022-05-03,2024-03-14,True,56009.4,Mid Value
2355,4,108948.03,26487.480000000014,27237.0075,2022-12-22,2023-09-08,True,108948.03,Mid Value
2356,7,99248.33,17421.95000000001,14178.33285714286,2022-09-27,2024-11-24,True,99248.33,Mid Value
2357,5,79538.36,21389.720000000005,15907.672,2022-11-27,2024-11-29,True,79538.36,Mid Value
2358,5,33861.66,12052.06,6772.332,2022-11-03,2024-09-08,True,33861.66,Low Value
2359,9,159139.0,27998.5,17682.11111111111,2022-03-09,2023-10-21,True,159139.0,Mid Value
2360,5,87412.31999999999,16761.449999999997,17482.464,2022-01-04,2024-11-07,True,87412.32,Mid Value
2361,5,22357.13,7426.55,4471.4259999999995,2022-09-13,2024-07-14,True,22357.13,Churned Risk
2362,4,34420.52,11339.78,8605.13,2022-03-16,2023-09-17,True,34420.52,Low Value
2363,3,21747.78,5851.42,7249.259999999999,2022-11-16,2023-08-07,True,21747.78,Churned Risk
2364,5,58737.770000000004,15216.5,11747.554,2022-04-21,2024-10-25,True,58737.77,Mid Value
2365,4,51717.26,12416.17,12929.315,2022-11-05,2024-08-04,True,51717.26,Low Value
2366,10,190576.37,50618.61,19057.637,2022-01-09,2024-12-11,True,190576.37,High Value
2367,4,21371.73,6009.869999999998,5342.9325,2023-05-01,2024-11-24,True,21371.73,Churned Risk
2368,3,59425.81,12736.09,19808.603333333333,2022-03-06,2022-11-05,True,59425.81,Mid Value
2369,2,12768.92,6174.7,6384.46,2024-09-19,2024-10-27,True,12768.92,Churned Risk
2370,7,343784.75,57504.22999999999,49112.107142857145,2022-03-15,2024-12-29,True,343784.75,High Value
2371,4,13221.42,5306.839999999999,3305.3549999999996,2022-04-13,2024-02-29,True,13221.42,Churned Risk
2372,3,11043.220000000001,3307.8100000000004,3681.0733333333337,2023-05-23,2024-07-12,True,11043.22,Churned Risk
2373,6,101897.92,22566.839999999997,16982.986666666668,2022-03-27,2024-10-25,True,101897.92,Mid Value
2374,3,83386.47,15147.670000000013,27795.490000000005,2022-01-23,2024-07-21,True,83386.47,Mid Value
2375,7,94643.2,16285.289999999997,13520.45714285714,2022-04-11,2024-09-27,True,94643.2,Mid Value
2376,3,7951.53,2387.1999999999994,2650.5099999999998,2022-01-22,2023-12-21,True,7951.53,Churned Risk
2377,5,40986.39,12215.999999999998,8197.278000000002,2023-03-11,2024-12-05,True,40986.39,Low Value
2378,1,475.58,219.3,475.58,2024-12-28,2024-12-28,False,475.58,Churned Risk
2379,6,35352.14,11230.369999999999,5892.0233333333335,2022-09-09,2024-05-06,True,35352.14,Low Value
2380,5,113590.22,23857.940000000002,22718.044,2022-01-04,2024-08-29,True,113590.22,Mid Value
2381,5,64819.78,23803.45,12963.956,2022-08-01,2024-01-05,True,64819.78,Mid Value
2382,9,366578.35,68771.4,40730.92777777778,2022-01-21,2024-08-15,True,366578.35,High Value
2383,5,50438.75,12654.53,10087.75,2022-01-18,2023-12-24,True,50438.75,Low Value
2384,11,102526.83,27647.550000000007,9320.620909090909,2022-04-28,2024-11-14,True,102526.83,Mid Value
2385,4,71482.23,21236.21,17870.5575,2022-01-07,2023-06-19,True,71482.23,Mid Value
2386,7,36777.54,15067.98,5253.9342857142865,2022-05-12,2024-12-24,True,36777.54,Low Value
2387,3,85113.51,14926.409999999998,28371.170000000002,2022-04-25,2023-09-17,True,85113.51,Mid Value
2388,11,76342.74,26053.320000000003,6940.24909090909,2022-01-30,2024-12-18,True,76342.74,Mid Value
2389,8,46326.909999999996,16096.039999999997,5790.86375,2022-04-05,2024-01-13,True,46326.91,Low Value
2390,7,288549.88999999996,49098.06999999999,41221.41285714285,2022-01-07,2024-03-20,True,288549.89,High Value
2391,9,97865.56,35235.69,10873.95111111111,2022-02-22,2024-11-24,True,97865.56,Mid Value
2392,3,17900.350000000002,6504.9000000000015,5966.783333333334,2023-03-27,2024-08-18,True,17900.35,Churned Risk
2393,5,22195.09,8869.06,4439.018,2022-08-27,2024-09-16,True,22195.09,Churned Risk
2394,8,213401.47,42086.899999999994,26675.183749999997,2022-02-05,2024-05-19,True,213401.47,High Value
2395,6,72439.43,23198.04,12073.238333333333,2023-05-25,2024-08-14,True,72439.43,Mid Value
2396,10,43292.85,13474.159999999998,4329.285000000001,2022-10-01,2024-11-16,True,43292.85,Low Value
2397,4,28960.96,9288.869999999999,7240.240000000001,2022-03-09,2024-11-02,True,28960.96,Low Value
2398,7,34140.37,9691.319999999998,4877.195714285714,2022-09-09,2023-11-21,True,34140.37,Low Value
2399,1,3733.23,473.96000000000004,3733.23,2023-07-31,2023-07-31,False,3733.23,Churned Risk
2400,5,46709.69,12132.369999999999,9341.938,2023-03-07,2024-11-09,True,46709.69,Low Value
2401,11,73770.42,24588.82,6706.401818181819,2022-03-16,2024-11-22,True,73770.42,Mid Value
2402,4,101097.64,18670.43,25274.41,2023-02-25,2024-03-01,True,101097.64,Mid Value
2403,3,5439.68,2811.76,1813.2266666666667,2024-02-16,2024-03-26,True,5439.68,Churned Risk
2404,9,58214.25,21712.82,6468.249999999999,2022-03-29,2024-08-23,True,58214.25,Mid Value
2405,1,20498.79,3457.570000000001,20498.79,2024-09-09,2024-09-09,False,20498.79,Churned Risk
2406,10,136658.13,37714.56,13665.813,2022-04-20,2024-11-17,True,136658.13,Mid Value
2407,5,399267.07,59695.15999999999,79853.41399999999,2022-04-05,2024-09-25,True,399267.07,High Value
2408,4,4240.74,1874.2499999999998,1060.185,2023-04-02,2024-10-10,True,4240.74,Churned Risk
2409,3,11292.39,4069.789999999999,3764.1299999999997,2022-08-16,2023-09-26,True,11292.39,Churned Risk
2410,4,18494.73,8100.28,4623.6825,2022-01-02,2024-04-11,True,18494.73,Churned Risk
2411,7,57417.340000000004,18921.480000000003,8202.477142857144,2022-05-08,2024-02-13,True,57417.34,Mid Value
2412,6,33068.78,7286.5199999999995,5511.463333333333,2022-05-11,2024-07-15,True,33068.78,Low Value
2413,8,60763.78,21121.930000000004,7595.4725,2022-05-20,2024-09-08,True,60763.78,Mid Value
2414,3,45363.61,14220.230000000003,15121.203333333333,2024-10-28,2024-11-20,True,45363.61,Low Value
2415,8,169501.37,37053.56999999999,21187.67125,2022-05-23,2024-09-29,True,169501.37,High Value
2416,4,9754.92,3495.3199999999997,2438.73,2023-01-14,2024-11-26,True,9754.92,Churned Risk
2417,4,114590.94,21181.97000000001,28647.735000000004,2022-04-03,2024-07-19,True,114590.94,Mid Value
2418,3,19832.87,5619.609999999999,6610.956666666666,2022-05-29,2023-06-01,True,19832.87,Churned Risk
2419,6,221794.42,39925.479999999996,36965.73666666666,2022-05-10,2024-07-13,True,221794.42,High Value
2420,13,73096.42,26044.95,5622.801538461538,2022-08-01,2024-12-31,True,73096.42,Mid Value
2422,7,62022.21,15850.849999999999,8860.315714285713,2022-03-17,2024-09-14,True,62022.21,Mid Value
2423,7,36612.91,13210.2,5230.415714285715,2022-02-21,2024-09-01,True,36612.91,Low Value
2424,5,50778.590000000004,17425.77,10155.718,2022-04-29,2024-11-05,True,50778.59,Low Value
2425,5,60163.4,16164.64,12032.679999999998,2022-05-18,2024-11-09,True,60163.4,Mid Value
2426,5,22163.4,8576.74,4432.68,2022-05-23,2024-01-09,True,22163.4,Churned Risk
2427,8,52894.880000000005,13432.759999999998,6611.86,2022-01-01,2024-05-12,True,52894.88,Low Value
2428,7,199046.77999999997,38980.24,28435.254285714287,2022-12-07,2024-04-01,True,199046.78,High Value
2429,11,132257.79,33532.96000000001,12023.435454545455,2022-01-03,2024-07-24,True,132257.79,Mid Value
2430,5,33442.71,10977.939999999999,6688.5419999999995,2022-01-18,2023-12-27,True,33442.71,Low Value
2431,7,36083.33,14473.97,5154.761428571428,2022-06-29,2024-10-26,True,36083.33,Low Value
2432,3,19284.51,8979.73,6428.169999999999,2022-12-12,2024-07-27,True,19284.51,Churned Risk
2434,7,57333.19,21271.329999999998,8190.455714285715,2022-01-22,2024-09-26,True,57333.19,Mid Value
2435,3,408545.21,59187.41999999999,136181.73666666666,2023-02-12,2024-04-03,True,408545.21,High Value
2436,7,41022.09,15927.68,5860.2985714285705,2023-04-01,2024-12-17,True,41022.09,Low Value
2437,4,24032.68,9494.51,6008.17,2023-02-26,2024-01-26,True,24032.68,Churned Risk
2438,6,25879.1,10598.789999999999,4313.183333333333,2022-04-03,2024-07-04,True,25879.1,Low Value
2439,4,89818.1,15437.999999999996,22454.525,2022-03-17,2024-10-20,True,89818.1,Mid Value
2440,4,117862.28,21138.57,29465.57,2022-07-20,2024-10-07,True,117862.28,Mid Value
2441,6,80247.34,24291.31,13374.55666666667,2023-06-09,2024-11-02,True,80247.34,Mid Value
2442,7,449415.49000000005,74440.67999999998,64202.212857142855,2022-04-08,2024-02-29,True,449415.49,High Value
2443,3,9328.28,3792.76,3109.4266666666667,2024-05-29,2024-08-22,True,9328.28,Churned Risk
2444,10,257696.15,49612.42000000001,25769.615000000005,2022-03-11,2024-10-30,True,257696.15,High Value
2445,6,21320.96,8901.72,3553.4933333333333,2022-04-01,2023-07-22,True,21320.96,Churned Risk
2446,8,145513.69,31765.329999999998,18189.21125,2022-01-27,2024-05-03,True,145513.69,Mid Value
2447,6,16884.32,8171.25,2814.0533333333333,2022-03-22,2024-08-14,True,16884.32,Churned Risk
2448,6,24807.309999999998,11180.39,4134.551666666666,2022-10-03,2024-07-23,True,24807.31,Low Value
2450,3,8708.300000000001,4308.08,2902.7666666666664,2022-06-28,2024-12-22,True,8708.3,Churned Risk
2451,6,39359.06,14328.16,6559.843333333333,2022-03-03,2024-08-09,True,39359.06,Low Value
2452,4,28322.98,11416.12,7080.745000000001,2022-06-27,2024-01-17,True,28322.98,Low Value
2453,4,27657.54,10913.380000000001,6914.384999999999,2023-05-19,2023-12-05,True,27657.54,Low Value
2454,4,40539.020000000004,12244.630000000003,10134.755000000001,2023-12-01,2024-12-07,True,40539.02,Low Value
2455,5,24345.579999999998,8392.220000000001,4869.116,2022-04-24,2024-03-04,True,24345.58,Low Value
2456,5,93961.33,22228.490000000005,18792.265999999996,2022-11-01,2024-11-21,True,93961.33,Mid Value
2457,3,19644.12,5308.75,6548.04,2023-12-24,2024-12-29,True,19644.12,Churned Risk
2458,6,33472.049999999996,11075.839999999998,5578.674999999999,2022-09-26,2024-11-24,True,33472.05,Low Value
2459,2,9089.26,4050.4700000000003,4544.63,2022-03-21,2024-12-04,True,9089.26,Churned Risk
2460,6,42494.0,14257.52,7082.333333333333,2022-02-23,2024-10-05,True,42494.0,Low Value
2461,5,16366.529999999999,6454.039999999999,3273.306,2023-03-07,2024-10-07,True,16366.53,Churned Risk
2462,7,15021.51,5738.02,2145.93,2022-01-11,2024-07-19,True,15021.51,Churned Risk
2463,5,8280.86,3364.4400000000005,1656.172,2023-06-03,2024-05-26,True,8280.86,Churned Risk
2464,12,65794.69,19923.29,5482.890833333334,2022-10-13,2024-12-12,True,65794.69,Mid Value
2465,7,127053.71999999999,22369.68,18150.53142857143,2022-07-01,2024-07-16,True,127053.72,Mid Value
2466,4,163554.27,27056.019999999997,40888.56749999999,2023-05-21,2024-12-18,True,163554.27,Mid Value
2467,5,19029.08,6976.9,3805.8160000000003,2022-01-13,2024-07-11,True,19029.08,Churned Risk
2468,3,27386.239999999998,9347.58,9128.746666666666,2022-01-16,2022-09-07,True,27386.24,Low Value
2469,10,36949.71,12379.93,3694.971,2022-02-10,2024-12-19,True,36949.71,Low Value
2470,5,34377.090000000004,13016.36,6875.418,2022-04-17,2024-09-29,True,34377.09,Low Value
2471,5,30508.36,11179.68,6101.6720000000005,2022-01-17,2024-12-21,True,30508.36,Low Value
2472,5,37753.78,15759.82,7550.756000000001,2023-02-23,2024-12-15,True,37753.78,Low Value
2473,5,31346.85,10863.17,6269.370000000001,2022-07-30,2024-07-14,True,31346.85,Low Value
2474,5,45836.28,10574.800000000001,9167.256000000001,2022-03-09,2024-12-04,True,45836.28,Low Value
2475,10,40527.06,16624.760000000002,4052.7060000000006,2022-03-11,2024-12-01,True,40527.06,Low Value
2476,7,29361.85,8173.589999999999,4194.55,2022-01-08,2024-08-01,True,29361.85,Low Value
2477,3,15522.220000000001,6022.200000000001,5174.073333333334,2022-04-20,2023-04-02,True,15522.22,Churned Risk
2478,9,124059.94,31918.27,13784.437777777777,2022-03-09,2024-12-14,True,124059.94,Mid Value
2479,5,174372.66,28941.069999999996,34874.53200000001,2022-06-20,2024-12-20,True,174372.66,High Value
2480,1,7219.93,2487.9799999999996,7219.93,2024-07-09,2024-07-09,False,7219.93,Churned Risk
2481,3,4966.27,2263.21,1655.4233333333334,2022-02-12,2023-04-02,True,4966.27,Churned Risk
2482,6,22234.84,10646.93,3705.806666666667,2022-01-31,2024-05-08,True,22234.84,Churned Risk
2483,3,21099.91,3490.989999999998,7033.303333333333,2022-03-01,2024-01-18,True,21099.91,Churned Risk
2484,7,110074.95,26822.11,15724.992857142857,2022-10-18,2024-04-17,True,110074.95,Mid Value
2485,7,43916.38,14016.23,6273.768571428571,2022-09-25,2024-08-09,True,43916.38,Low Value
2486,5,253211.41999999998,43093.81999999999,50642.284,2023-04-30,2024-12-13,True,253211.42,High Value
2487,5,114479.85,23825.930000000004,22895.97,2022-11-20,2024-03-21,True,114479.85,Mid Value
2488,4,33673.34,9376.83,8418.335000000001,2022-09-13,2024-01-24,True,33673.34,Low Value
2489,4,26484.090000000004,6683.250000000001,6621.0225,2022-07-24,2024-03-21,True,26484.09,Low Value
2490,4,15767.619999999999,5912.8099999999995,3941.905,2022-10-16,2024-12-11,True,15767.62,Churned Risk
2491,5,104743.27,21386.949999999997,20948.654000000002,2022-07-25,2024-09-20,True,104743.27,Mid Value
2492,1,18815.4,4190.160000000002,18815.4,2023-11-13,2023-11-13,False,18815.4,Churned Risk
2493,5,28381.77,12722.779999999999,5676.353999999999,2022-04-14,2023-05-28,True,28381.77,Low Value
2494,3,7775.57,3268.74,2591.8566666666666,2022-12-02,2024-07-29,True,7775.57,Churned Risk
2495,6,197386.02,33962.23999999999,32897.67,2022-01-30,2024-03-27,True,197386.02,High Value
2496,2,10752.58,3777.7200000000003,5376.29,2022-08-18,2023-10-22,True,10752.58,Churned Risk
2497,6,45402.310000000005,18648.590000000004,7567.051666666666,2022-06-24,2024-04-03,True,45402.31,Low Value
2498,5,29071.69,13230.41,5814.338000000001,2022-03-15,2024-12-01,True,29071.69,Low Value
2499,5,45878.1,14268.63,9175.619999999999,2022-08-11,2023-12-24,True,45878.1,Low Value
2500,5,47083.590000000004,17472.640000000003,9416.717999999999,2022-04-16,2024-11-19,True,47083.59,Low Value
2501,5,66413.0,18024.73,13282.600000000002,2022-02-21,2022-11-21,True,66413.0,Mid Value
2502,7,181625.19,31999.349999999995,25946.455714285716,2022-06-22,2024-04-30,True,181625.19,High Value
2503,6,77358.06999999999,20034.409999999996,12893.011666666665,2022-01-10,2024-09-15,True,77358.07,Mid Value
2504,3,4576.68,1876.27,1525.5600000000002,2022-01-09,2024-05-06,True,4576.68,Churned Risk
2505,7,27257.5,11335.52,3893.9285714285716,2023-02-20,2024-11-25,True,27257.5,Low Value
2506,3,38125.01,14346.95,12708.336666666664,2022-03-01,2024-05-05,True,38125.01,Low Value
2507,6,52317.61,20542.47,8719.601666666666,2022-04-17,2024-02-13,True,52317.61,Low Value
2508,5,21821.9,9026.970000000001,4364.38,2022-07-30,2024-06-15,True,21821.9,Churned Risk
2509,4,28930.780000000002,10948.86,7232.695,2022-03-17,2024-09-10,True,28930.78,Low Value
2510,3,19212.079999999998,6458.009999999999,6404.026666666666,2022-02-25,2023-05-24,True,19212.08,Churned Risk
2511,4,47314.369999999995,15111.27,11828.592499999999,2023-01-10,2024-11-22,True,47314.37,Low Value
2512,3,16212.57,8207.390000000001,5404.19,2022-11-08,2024-11-02,True,16212.57,Churned Risk
2513,5,17517.48,7655.33,3503.496,2022-10-11,2024-05-03,True,17517.48,Churned Risk
2514,5,18054.48,8156.47,3610.8959999999997,2022-07-24,2024-06-05,True,18054.48,Churned Risk
2515,7,19266.23,8680.54,2752.3185714285714,2022-06-23,2024-12-09,True,19266.23,Churned Risk
2516,8,216043.9,46069.6,27005.4875,2022-09-21,2024-10-09,True,216043.9,High Value
2517,6,95378.90000000001,19380.980000000014,15896.483333333335,2022-04-29,2024-10-20,True,95378.9,Mid Value
2518,1,7337.84,1763.9899999999993,7337.84,2023-11-21,2023-11-21,False,7337.84,Churned Risk
2519,3,244605.97999999998,39383.469999999994,81535.32666666666,2022-03-24,2023-04-13,True,244605.98,High Value
2520,5,93284.83,30761.840000000004,18656.966,2022-06-10,2024-10-08,True,93284.83,Mid Value
2521,4,3844.9700000000003,1613.0099999999998,961.2425000000001,2022-12-24,2024-04-19,True,3844.97,Churned Risk
2522,7,46199.38,11606.4,6599.911428571429,2022-01-19,2024-12-04,True,46199.38,Low Value
2523,3,23070.46,8445.519999999999,7690.153333333333,2022-06-30,2023-12-01,True,23070.46,Churned Risk
2524,2,18644.87,7953.57,9322.435,2022-10-18,2023-12-04,True,18644.87,Churned Risk
2526,5,38485.8,14213.23,7697.160000000001,2022-11-28,2024-05-28,True,38485.8,Low Value
2527,4,74910.45,15839.910000000003,18727.6125,2022-05-04,2024-09-28,True,74910.45,Mid Value
2528,3,23312.77,9299.189999999999,7770.923333333333,2023-01-17,2023-08-24,True,23312.77,Churned Risk
2529,5,53426.5,17306.61,10685.3,2022-02-26,2024-06-20,True,53426.5,Mid Value
2530,5,21090.84,6838.900000000001,4218.168000000001,2022-06-15,2024-11-16,True,21090.84,Churned Risk
2531,10,75690.67,24746.630000000005,7569.067,2022-08-04,2024-08-07,True,75690.67,Mid Value
2532,2,9056.32,5115.419999999999,4528.16,2024-08-05,2024-10-20,True,9056.32,Churned Risk
2533,5,304893.06,53278.829999999994,60978.61199999999,2022-07-31,2024-12-27,True,304893.06,High Value
2534,5,76275.1,22994.190000000002,15255.02,2022-05-21,2024-08-30,True,76275.1,Mid Value
2535,8,67460.47,17844.97,8432.55875,2022-03-16,2024-10-08,True,67460.47,Mid Value
2536,5,25782.93,11773.68,5156.586,2022-07-08,2024-08-11,True,25782.93,Low Value
2537,2,11409.26,4797.72,5704.63,2022-01-27,2024-12-16,True,11409.26,Churned Risk
2538,7,11234.83,6025.87,1604.975714285714,2022-08-22,2024-11-16,True,11234.83,Churned Risk
2539,5,162640.1,31920.74,32528.02,2022-02-07,2024-01-24,True,162640.1,Mid Value
2540,6,33885.53,13262.01,5647.588333333334,2023-04-15,2024-12-20,True,33885.53,Low Value
2541,5,17350.0,4642.529999999999,3470.0,2023-06-24,2024-12-18,True,17350.0,Churned Risk
2542,11,89962.34,26407.05,8178.394545454546,2022-04-20,2024-12-08,True,89962.34,Mid Value
2543,1,692.16,413.33,692.16,2022-01-10,2022-01-10,False,692.16,Churned Risk
2544,7,53768.13,17881.06,7681.1614285714295,2022-03-21,2024-11-19,True,53768.13,Mid Value
2545,4,35681.82,10982.320000000002,8920.455000000002,2023-02-17,2024-11-19,True,35681.82,Low Value
2546,2,4953.85,2997.98,2476.925,2022-12-26,2024-03-14,True,4953.85,Churned Risk
2547,3,12989.26,4852.620000000001,4329.753333333333,2022-03-30,2023-10-17,True,12989.26,Churned Risk
2548,3,15840.619999999999,4056.839999999998,5280.206666666666,2023-03-03,2024-01-09,True,15840.62,Churned Risk
2549,6,63251.409999999996,22549.64,10541.901666666667,2022-03-17,2023-02-18,True,63251.41,Mid Value
2550,8,48647.840000000004,22864.86,6080.98,2022-01-24,2024-11-06,True,48647.84,Low Value
2551,2,8328.94,3163.529999999999,4164.47,2022-02-08,2022-04-09,True,8328.94,Churned Risk
2552,8,220478.61000000002,41714.46,27559.82625,2022-03-12,2024-11-19,True,220478.61,High Value
2553,5,23313.67,8056.73,4662.734,2023-01-24,2023-12-20,True,23313.67,Churned Risk
2554,1,2787.66,1193.2999999999997,2787.66,2024-12-13,2024-12-13,False,2787.66,Churned Risk
2555,11,125394.57999999999,30190.469999999998,11399.50727272727,2022-10-12,2024-08-19,True,125394.58,Mid Value
2556,5,4969.38,2381.16,993.876,2022-03-06,2024-08-22,True,4969.38,Churned Risk
2557,6,54833.200000000004,21607.09,9138.866666666667,2022-01-25,2024-05-17,True,54833.2,Mid Value
2558,4,39763.85,13694.119999999999,9940.9625,2023-04-16,2024-10-24,True,39763.85,Low Value
2560,9,47689.13,16468.5,5298.792222222222,2022-03-17,2024-10-28,True,47689.13,Low Value
2561,4,43770.57,13822.89,10942.642500000002,2023-02-06,2023-11-12,True,43770.57,Low Value
2562,3,11292.9,2994.34,3764.2999999999997,2022-10-22,2024-12-03,True,11292.9,Churned Risk
2563,2,31724.510000000002,6231.980000000003,15862.255000000001,2022-11-24,2024-07-22,True,31724.51,Low Value
2564,4,30344.399999999998,10208.970000000001,7586.1,2024-05-28,2024-10-05,True,30344.4,Low Value
2565,5,37332.64,12933.61,7466.528,2022-04-18,2024-06-27,True,37332.64,Low Value
2566,7,188149.41,37997.85999999999,26878.487142857142,2022-04-12,2024-10-15,True,188149.41,High Value
2567,7,82936.34,19165.579999999998,11848.048571428571,2022-07-13,2023-07-31,True,82936.34,Mid Value
2568,2,17214.69,5885.150000000001,8607.345,2023-07-12,2024-11-29,True,17214.69,Churned Risk
2569,6,101064.86,20861.62,16844.143333333333,2022-03-08,2024-11-16,True,101064.86,Mid Value
2570,4,32775.42,10359.359999999999,8193.855,2023-04-24,2024-12-25,True,32775.42,Low Value
2571,7,32982.03,15552.439999999999,4711.7185714285715,2022-01-29,2024-03-14,True,32982.03,Low Value
2572,4,31850.010000000002,11708.32,7962.5025000000005,2023-06-05,2024-11-27,True,31850.01,Low Value
2573,3,27404.4,8511.21,9134.800000000001,2023-02-19,2023-12-07,True,27404.4,Low Value
2574,5,44541.25,14113.259999999998,8908.25,2022-06-03,2024-07-06,True,44541.25,Low Value
2575,8,186158.44999999998,33714.56,23269.80625,2022-09-12,2024-11-04,True,186158.45,High Value
2576,1,3512.13,1525.6100000000001,3512.13,2022-03-24,2022-03-24,False,3512.13,Churned Risk
2577,5,33159.44,12503.609999999999,6631.888000000001,2022-05-16,2024-05-21,True,33159.44,Low Value
2578,3,9146.49,3947.05,3048.83,2023-08-23,2024-05-16,True,9146.49,Churned Risk
2579,4,41126.1,16880.34,10281.525000000001,2022-01-17,2023-04-01,True,41126.1,Low Value
2580,3,112753.65,24449.85,37584.55,2022-05-30,2024-12-31,True,112753.65,Mid Value
2581,7,82332.17,20839.16,11761.738571428574,2022-03-17,2024-12-29,True,82332.17,Mid Value
2582,2,13622.09,5212.429999999999,6811.044999999999,2022-03-02,2024-02-28,True,13622.09,Churned Risk
2583,4,22771.839999999997,6074.749999999999,5692.96,2023-03-12,2023-10-14,True,22771.84,Churned Risk
2584,3,164526.21999999997,26040.859999999997,54842.073333333334,2023-08-13,2024-12-04,True,164526.22,Mid Value
2585,6,47848.51,14924.080000000002,7974.751666666666,2022-05-02,2024-05-05,True,47848.51,Low Value
2586,3,9255.49,3257.659999999999,3085.1633333333334,2022-04-09,2024-10-27,True,9255.49,Churned Risk
2587,4,34510.56,11283.04,8627.64,2023-01-16,2024-08-09,True,34510.56,Low Value
2588,4,54307.73,18337.97,13576.932499999999,2022-01-11,2023-03-08,True,54307.73,Mid Value
2589,6,138132.81,25649.049999999996,23022.135,2023-02-18,2024-01-14,True,138132.81,Mid Value
2590,3,15055.099999999999,6313.36,5018.366666666666,2022-05-09,2024-07-09,True,15055.1,Churned Risk
2591,5,59056.74,20974.91,11811.348000000002,2022-07-25,2024-01-03,True,59056.74,Mid Value
2592,3,90638.15,15123.109999999997,30212.716666666664,2022-09-30,2024-12-09,True,90638.15,Mid Value
2593,5,45484.24,20633.690000000002,9096.848000000002,2022-06-18,2024-12-18,True,45484.24,Low Value
2594,2,23470.92,8336.099999999999,11735.460000000001,2023-06-27,2023-11-06,True,23470.92,Churned Risk
2595,10,80839.56999999999,30500.899999999998,8083.957,2022-08-18,2024-07-17,True,80839.57,Mid Value
2596,6,36759.18,13974.470000000001,6126.530000000002,2022-01-02,2023-07-23,True,36759.18,Low Value
2597,2,4220.5,1871.69,2110.25,2022-12-10,2024-01-25,True,4220.5,Churned Risk
2598,4,26235.74,9492.400000000001,6558.9349999999995,2022-10-22,2024-10-11,True,26235.74,Low Value
2599,12,99715.8,32297.96,8309.65,2022-03-08,2024-12-18,True,99715.8,Mid Value
2600,2,8919.66,2629.51,4459.83,2022-02-17,2023-02-20,True,8919.66,Churned Risk
2601,6,23281.93,9562.570000000002,3880.321666666667,2022-02-18,2024-07-04,True,23281.93,Churned Risk
2602,3,26633.41,9770.329999999998,8877.803333333331,2022-09-12,2024-12-24,True,26633.41,Low Value
2603,5,42802.409999999996,19474.72,8560.482,2023-06-13,2024-11-11,True,42802.41,Low Value
2604,4,47335.45,15843.75,11833.8625,2023-05-22,2024-05-13,True,47335.45,Low Value
2606,2,157268.29,24326.119999999995,78634.145,2022-10-05,2023-05-07,True,157268.29,Mid Value
2607,6,24284.98,9630.92,4047.4966666666664,2022-05-02,2024-11-27,True,24284.98,Low Value
2608,6,43860.84,16151.35,7310.139999999999,2023-08-21,2024-10-10,True,43860.84,Low Value
2609,2,13821.87,4199.76,6910.935,2024-01-31,2024-12-04,True,13821.87,Churned Risk
2610,2,33436.63,7989.53,16718.315,2024-02-13,2024-03-10,True,33436.63,Low Value
2611,7,104744.06999999999,27751.660000000007,14963.438571428573,2022-04-01,2024-09-26,True,104744.07,Mid Value
2612,5,134530.69,29586.529999999995,26906.138,2022-07-06,2024-08-31,True,134530.69,Mid Value
2613,3,22811.969999999998,7387.139999999999,7603.989999999999,2024-09-29,2024-11-28,True,22811.97,Churned Risk
2614,1,4943.64,2261.61,4943.64,2023-05-01,2023-05-01,False,4943.64,Churned Risk
2615,3,8974.15,4188.109999999999,2991.383333333333,2023-10-06,2024-10-01,True,8974.15,Churned Risk
2616,2,11330.800000000001,4729.530000000001,5665.400000000001,2022-02-24,2023-12-14,True,11330.8,Churned Risk
2617,5,72548.1,24537.129999999997,14509.62,2022-01-25,2024-11-06,True,72548.1,Mid Value
2618,5,23131.92,9016.5,4626.384,2022-02-03,2024-06-07,True,23131.92,Churned Risk
2619,3,25842.879999999997,9598.63,8614.293333333333,2023-08-17,2024-10-17,True,25842.88,Low Value
2620,4,33942.86,9759.24,8485.715,2022-08-30,2024-06-11,True,33942.86,Low Value
2621,6,23396.78,9225.03,3899.4633333333336,2022-05-05,2024-09-17,True,23396.78,Churned Risk
2622,5,82834.26000000001,14347.240000000005,16566.852000000003,2022-01-10,2024-03-02,True,82834.26,Mid Value
2623,4,36828.3,13479.320000000002,9207.075,2022-01-02,2023-03-30,True,36828.3,Low Value
2624,6,22001.190000000002,9267.53,3666.865,2022-02-11,2023-12-10,True,22001.19,Churned Risk
2625,5,36713.71,12191.83,7342.742,2022-06-03,2024-11-27,True,36713.71,Low Value
2626,2,2871.46,1577.52,1435.73,2022-05-04,2024-12-08,True,2871.46,Churned Risk
2627,9,81372.61,23719.94,9041.401111111112,2022-03-24,2024-11-23,True,81372.61,Mid Value
2628,3,48562.78,13764.840000000002,16187.593333333332,2022-10-25,2024-01-28,True,48562.78,Low Value
2629,3,25968.62,8760.479999999998,8656.206666666667,2022-08-23,2024-12-10,True,25968.62,Low Value
2630,3,154554.36,29534.64,51518.119999999995,2022-06-28,2024-01-31,True,154554.36,Mid Value
2631,4,10725.38,4335.27,2681.3450000000003,2022-06-24,2023-07-29,True,10725.38,Churned Risk
2632,3,96522.29,19702.23,32174.096666666665,2022-08-12,2023-08-01,True,96522.29,Mid Value
2633,3,119125.53,28960.21,39708.51,2022-02-02,2023-08-09,True,119125.53,Mid Value
2634,6,27546.62,11955.16,4591.1033333333335,2022-01-29,2024-09-25,True,27546.62,Low Value
2635,6,31638.25,10251.279999999999,5273.041666666667,2023-03-09,2024-07-10,True,31638.25,Low Value
2636,4,41241.69,14470.47,10310.4225,2022-09-30,2024-06-16,True,41241.69,Low Value
2637,5,81893.37999999999,16889.54,16378.676000000001,2022-08-06,2024-12-01,True,81893.38,Mid Value
2638,8,67897.47,18269.77,8487.18375,2022-01-25,2024-11-29,True,67897.47,Mid Value
2639,1,3674.17,1779.5400000000002,3674.17,2022-06-01,2022-06-01,False,3674.17,Churned Risk
2640,8,73359.0,22480.160000000003,9169.875,2022-06-15,2024-01-11,True,73359.0,Mid Value
2641,6,34662.78,13189.07,5777.13,2022-03-06,2024-08-01,True,34662.78,Low Value
2642,5,36764.9,14108.14,7352.9800000000005,2022-08-04,2024-10-07,True,36764.9,Low Value
2643,2,5230.070000000001,2817.57,2615.0350000000003,2023-06-01,2024-08-14,True,5230.07,Churned Risk
2644,1,10926.64,3224.76,10926.64,2023-01-08,2023-01-08,False,10926.64,Churned Risk
2645,9,174210.0,34659.01,19356.666666666668,2022-03-30,2024-05-03,True,174210.0,High Value
2646,5,38848.52,15988.82,7769.704000000001,2023-03-21,2024-11-11,True,38848.52,Low Value
2647,6,30639.42,10113.33,5106.570000000001,2022-02-25,2024-05-28,True,30639.42,Low Value
2648,9,93629.51,27437.99,10403.278888888888,2022-02-12,2024-05-25,True,93629.51,Mid Value
2649,2,29389.64,10667.350000000002,14694.82,2023-07-21,2024-07-01,True,29389.64,Low Value
2650,6,134159.07,28692.489999999998,22359.845,2022-01-11,2023-09-29,True,134159.07,Mid Value
2651,6,74263.94,30478.229999999996,12377.323333333334,2022-06-14,2024-04-03,True,74263.94,Mid Value
2652,6,31813.329999999998,6654.0199999999995,5302.221666666666,2022-03-24,2024-10-28,True,31813.33,Low Value
2653,3,98521.07,19561.039999999997,32840.35666666667,2022-07-29,2024-04-05,True,98521.07,Mid Value
2654,4,19301.75,4648.580000000002,4825.437500000001,2022-02-09,2023-09-24,True,19301.75,Churned Risk
2655,3,16582.48,6580.85,5527.493333333333,2022-06-03,2024-12-17,True,16582.48,Churned Risk
2656,6,337626.98,56509.59,56271.16333333334,2022-02-08,2024-12-23,True,337626.98,High Value
2657,5,93849.97000000002,18090.990000000013,18769.994,2022-08-14,2024-09-02,True,93849.97,Mid Value
2658,6,20416.92,7762.34,3402.82,2022-06-05,2024-10-01,True,20416.92,Churned Risk
2659,2,21643.48,8894.510000000002,10821.74,2022-04-29,2023-02-17,True,21643.48,Churned Risk
2660,5,14078.27,5660.0,2815.654,2022-01-31,2024-09-22,True,14078.27,Churned Risk
2661,6,104979.35999999999,20744.999999999996,17496.559999999998,2022-01-13,2024-07-17,True,104979.36,Mid Value
2662,7,93570.66,29107.060000000005,13367.237142857144,2022-01-10,2024-10-27,True,93570.66,Mid Value
2663,5,29662.63,13597.41,5932.526,2022-01-12,2024-01-31,True,29662.63,Low Value
2664,4,20771.98,5280.26,5192.995,2023-02-01,2024-11-15,True,20771.98,Churned Risk
2665,2,5600.26,1603.3799999999997,2800.13,2022-10-06,2023-11-09,True,5600.26,Churned Risk
2666,4,17783.920000000002,7688.19,4445.9800000000005,2023-04-22,2024-12-23,True,17783.92,Churned Risk
2667,5,6091.889999999999,3475.7,1218.3780000000002,2023-09-30,2024-12-11,True,6091.89,Churned Risk
2668,6,49384.94,12553.240000000002,8230.823333333334,2023-04-23,2024-11-01,True,49384.94,Low Value
2669,2,17448.17,5415.889999999999,8724.085,2023-03-08,2024-07-05,True,17448.17,Churned Risk
2670,5,28627.2,10371.349999999999,5725.44,2022-07-22,2024-04-15,True,28627.2,Low Value
2671,8,45368.83,17207.85,5671.103750000001,2022-03-05,2024-12-18,True,45368.83,Low Value
2672,10,150919.28,35815.65000000001,15091.928000000004,2022-01-09,2024-10-23,True,150919.28,Mid Value
2673,12,105310.65,37470.93,8775.887500000003,2022-01-19,2024-12-25,True,105310.65,Mid Value
2674,10,322731.36,60667.52,32273.136000000006,2022-11-22,2024-06-30,True,322731.36,High Value
2675,3,11657.72,5213.5599999999995,3885.9066666666663,2022-08-18,2023-12-31,True,11657.72,Churned Risk
2676,4,43046.24,14005.789999999997,10761.559999999998,2022-02-04,2024-09-24,True,43046.24,Low Value
2677,7,49411.37,17926.03,7058.767142857143,2022-03-17,2024-06-16,True,49411.37,Low Value
2678,3,257063.31999999998,39223.719999999994,85687.77333333333,2022-06-06,2023-06-28,True,257063.32,High Value
2679,8,92896.77,19385.740000000005,11612.096250000002,2022-09-25,2024-11-26,True,92896.77,Mid Value
2680,6,51615.68,19451.579999999998,8602.613333333333,2022-05-05,2024-12-05,True,51615.68,Low Value
2681,7,251465.36,48487.95,35923.62285714285,2022-09-12,2024-11-25,True,251465.36,High Value
2682,3,65256.61000000001,12229.070000000003,21752.203333333335,2023-02-23,2024-08-01,True,65256.61,Mid Value
2683,5,58524.93,19049.890000000003,11704.986,2022-10-19,2024-09-15,True,58524.93,Mid Value
2684,2,18073.33,5802.71,9036.664999999999,2022-01-19,2023-10-25,True,18073.33,Churned Risk
2685,5,258219.90999999997,44208.73999999999,51643.981999999996,2022-01-08,2023-12-13,True,258219.91,High Value
2686,6,32739.12,12674.929999999998,5456.5199999999995,2023-02-04,2024-10-28,True,32739.12,Low Value
2687,5,31110.08,13644.9,6222.0160000000005,2023-01-17,2024-07-09,True,31110.08,Low Value
2688,10,42066.659999999996,15915.98,4206.666,2022-01-24,2024-11-18,True,42066.66,Low Value
2689,3,12128.880000000001,4868.620000000001,4042.9600000000005,2022-06-30,2023-11-23,True,12128.88,Churned Risk
2690,9,70629.15,24187.41,7847.6833333333325,2022-06-24,2024-12-24,True,70629.15,Mid Value
2691,6,27794.97,9477.67,4632.495,2022-01-08,2024-05-18,True,27794.97,Low Value
2692,8,107596.04,24524.900000000005,13449.505,2022-02-02,2024-12-16,True,107596.04,Mid Value
2693,4,30165.48,9906.31,7541.370000000001,2022-07-26,2024-11-07,True,30165.48,Low Value
2694,7,28764.41,11511.62,4109.201428571429,2022-06-15,2024-09-23,True,28764.41,Low Value
2695,6,45606.88,14051.59,7601.146666666667,2022-04-11,2024-03-21,True,45606.88,Low Value
2696,3,11505.76,4838.759999999999,3835.2533333333336,2022-03-05,2024-11-23,True,11505.76,Churned Risk
2697,1,3995.52,1382.58,3995.52,2023-07-19,2023-07-19,False,3995.52,Churned Risk
2698,2,15736.559999999998,3182.3399999999997,7868.279999999999,2023-10-06,2024-02-05,True,15736.56,Churned Risk
2699,9,73765.44,30118.62,8196.159999999998,2022-01-07,2024-03-10,True,73765.44,Mid Value
2700,4,28798.63,10507.880000000001,7199.657499999999,2022-04-04,2024-02-07,True,28798.63,Low Value
2701,4,16478.78,5628.819999999999,4119.695,2022-01-26,2024-02-09,True,16478.78,Churned Risk
2702,5,62649.6,16029.46,12529.92,2022-03-26,2024-11-24,True,62649.6,Mid Value
2703,2,13042.17,4845.98,6521.085,2023-11-23,2024-09-19,True,13042.17,Churned Risk
2704,8,29068.440000000002,11499.94,3633.5550000000003,2022-12-10,2024-10-26,True,29068.44,Low Value
2705,5,39000.08,13229.4,7800.0160000000005,2022-01-01,2024-10-21,True,39000.08,Low Value
2706,7,110405.45,21894.829999999998,15772.20714285714,2022-02-07,2024-03-02,True,110405.45,Mid Value
2707,4,15452.08,5790.959999999999,3863.02,2022-07-27,2024-06-22,True,15452.08,Churned Risk
2708,5,91417.05000000002,18470.960000000014,18283.410000000003,2022-03-21,2024-02-11,True,91417.05,Mid Value
2709,9,40368.8,18302.3,4485.422222222222,2022-05-10,2024-05-19,True,40368.8,Low Value
2710,8,21879.23,9070.56,2734.90375,2022-04-03,2024-05-15,True,21879.23,Churned Risk
2711,5,18632.239999999998,7500.86,3726.4480000000003,2022-04-09,2024-03-27,True,18632.24,Churned Risk
2712,5,206625.96000000002,38715.77,41325.191999999995,2022-02-23,2024-01-11,True,206625.96,High Value
2713,8,343887.26999999996,59595.70999999999,42985.908749999995,2022-02-11,2024-09-16,True,343887.27,High Value
2714,3,11976.67,4652.26,3992.2233333333334,2022-02-26,2023-02-02,True,11976.67,Churned Risk
2715,3,18776.93,6177.33,6258.9766666666665,2022-03-27,2024-05-31,True,18776.93,Churned Risk
2716,5,48957.729999999996,17552.69,9791.545999999998,2022-03-01,2024-06-09,True,48957.73,Low Value
2717,3,7274.43,2668.7499999999995,2424.81,2022-09-21,2023-09-17,True,7274.43,Churned Risk
2718,7,45314.13,17436.949999999997,6473.447142857142,2022-12-08,2024-12-14,True,45314.13,Low Value
2719,3,68809.20999999999,20807.870000000003,22936.403333333332,2022-07-11,2024-06-06,True,68809.21,Mid Value
2720,6,14797.45,6715.259999999999,2466.2416666666663,2022-03-05,2024-03-20,True,14797.45,Churned Risk
2721,6,165930.96000000002,29351.340000000026,27655.160000000003,2022-02-07,2024-12-14,True,165930.96,High Value
2722,4,38452.24,11619.160000000002,9613.060000000001,2022-11-08,2023-03-26,True,38452.24,Low Value
2723,4,61440.14,25622.87,15360.035,2022-12-13,2024-05-21,True,61440.14,Mid Value
2724,7,51048.16,14044.000000000002,7292.594285714286,2022-02-15,2024-12-02,True,51048.16,Low Value
2725,5,48923.01,15074.750000000002,9784.602000000003,2022-05-17,2024-10-10,True,48923.01,Low Value
2726,2,5602.01,2610.12,2801.005,2022-02-01,2024-06-15,True,5602.01,Churned Risk
2727,5,20818.07,9531.81,4163.614,2022-04-09,2024-08-05,True,20818.07,Churned Risk
2728,5,43899.24,13846.239999999998,8779.848,2022-02-20,2024-12-26,True,43899.24,Low Value
2729,4,80376.3,19682.73,20094.074999999997,2023-03-31,2024-04-28,True,80376.3,Mid Value
2730,8,55090.07,18320.77,6886.258750000001,2022-05-07,2024-04-19,True,55090.07,Mid Value
2731,10,159711.35,39807.32,15971.135,2022-01-29,2024-04-17,True,159711.35,Mid Value
2732,5,275249.24,49677.75999999999,55049.848,2022-12-28,2024-12-03,True,275249.24,High Value
2733,7,81555.5,20084.780000000006,11650.785714285714,2022-01-29,2024-12-09,True,81555.5,Mid Value
2734,7,55367.2,19876.01,7909.599999999999,2022-01-01,2024-10-17,True,55367.2,Mid Value
2735,4,33306.59,10266.8,8326.647500000001,2023-10-15,2024-02-19,True,33306.59,Low Value
2736,1,76675.2,11029.559999999998,76675.2,2022-09-01,2022-09-01,False,76675.2,Mid Value
2737,6,100998.45,19441.92,16833.075,2022-04-24,2024-09-27,True,100998.45,Mid Value
2738,6,28597.14,10378.519999999999,4766.19,2022-02-23,2024-10-17,True,28597.14,Low Value
2739,4,6784.95,3695.7799999999997,1696.2374999999997,2022-02-27,2023-08-13,True,6784.95,Churned Risk
2740,6,32675.72,14670.78,5445.953333333334,2022-09-14,2024-05-21,True,32675.72,Low Value
2741,6,89838.23,22452.01,14973.038333333332,2022-01-11,2024-12-24,True,89838.23,Mid Value
2742,7,33229.93,12738.15,4747.132857142856,2022-01-30,2024-11-04,True,33229.93,Low Value
2743,2,12048.689999999999,4918.15,6024.344999999999,2022-07-07,2023-09-02,True,12048.69,Churned Risk
2744,4,17193.72,7409.32,4298.43,2022-04-07,2023-10-06,True,17193.72,Churned Risk
2745,5,21845.04,7128.339999999999,4369.008,2022-12-15,2024-10-31,True,21845.04,Churned Risk
2746,7,56357.86,14482.52,8051.122857142857,2022-02-13,2024-02-08,True,56357.86,Mid Value
2747,2,15530.14,5455.449999999999,7765.07,2022-11-22,2023-01-12,True,15530.14,Churned Risk
2748,8,219084.80000000002,43897.42,27385.6,2022-02-15,2024-09-05,True,219084.8,High Value
2749,8,74567.5,29859.18,9320.9375,2022-01-12,2024-12-24,True,74567.5,Mid Value
2750,3,14748.619999999999,5128.559999999999,4916.206666666666,2023-09-20,2023-12-10,True,14748.62,Churned Risk
2751,8,109997.61,26364.399999999998,13749.701250000002,2022-05-24,2024-12-21,True,109997.61,Mid Value
2752,3,19405.18,8981.859999999999,6468.393333333333,2022-10-29,2024-09-22,True,19405.18,Churned Risk
2753,5,31769.210000000003,11132.17,6353.841999999999,2022-04-25,2024-09-27,True,31769.21,Low Value
2754,3,119982.51000000001,23671.469999999998,39994.170000000006,2022-05-16,2024-11-11,True,119982.51,Mid Value
2755,3,70761.14,16304.86,23587.046666666665,2022-01-13,2022-05-24,True,70761.14,Mid Value
2756,3,18823.29,6644.6,6274.43,2022-03-03,2024-07-28,True,18823.29,Churned Risk
2757,2,14424.1,2527.2800000000007,7212.05,2022-08-01,2023-01-04,True,14424.1,Churned Risk
2758,2,8208.56,2160.2499999999995,4104.28,2022-09-21,2024-06-21,True,8208.56,Churned Risk
2759,3,25877.77,10456.59,8625.923333333332,2023-01-27,2023-10-29,True,25877.77,Low Value
2760,5,23970.81,10495.210000000001,4794.162,2022-01-06,2024-03-16,True,23970.81,Churned Risk
2761,3,17560.2,6665.08,5853.400000000001,2022-02-22,2024-08-13,True,17560.2,Churned Risk
2762,2,12653.69,3081.34,6326.845,2022-06-23,2023-12-13,True,12653.69,Churned Risk
2763,7,41385.75,14507.15,5912.25,2022-03-26,2024-11-01,True,41385.75,Low Value
2764,5,80059.68000000001,13279.850000000013,16011.936000000005,2022-02-10,2024-09-04,True,80059.68,Mid Value
2765,3,19321.52,7069.74,6440.506666666667,2022-09-10,2024-12-06,True,19321.52,Churned Risk
2766,7,49576.86,15924.089999999997,7082.408571428571,2022-07-21,2024-11-28,True,49576.86,Low Value
2767,1,3935.31,1486.17,3935.31,2022-06-28,2022-06-28,False,3935.31,Churned Risk
2768,1,1335.82,761.02,1335.82,2023-08-24,2023-08-24,False,1335.82,Churned Risk
2769,8,47728.35,15824.3,5966.04375,2022-02-18,2024-08-21,True,47728.35,Low Value
2770,7,13717.65,7490.860000000001,1959.6642857142856,2022-06-20,2024-12-22,True,13717.65,Churned Risk
2771,6,65565.14,21081.19,10927.523333333333,2022-04-14,2024-08-05,True,65565.14,Mid Value
2772,6,206999.54,45481.67,34499.92333333333,2022-03-19,2024-11-16,True,206999.54,High Value
2773,6,67420.09000000001,15980.18,11236.681666666665,2022-05-06,2023-12-04,True,67420.09,Mid Value
2774,4,33575.13,10848.33,8393.7825,2022-12-19,2024-05-16,True,33575.13,Low Value
2775,8,195606.19,34030.63,24450.77375,2022-02-11,2024-11-17,True,195606.19,High Value
2776,6,39992.43,18281.76,6665.405,2023-02-25,2024-12-30,True,39992.43,Low Value
2777,4,46838.79,11422.790000000003,11709.6975,2022-07-07,2023-07-18,True,46838.79,Low Value
2778,3,38248.7,12455.849999999999,12749.566666666666,2023-02-02,2024-07-15,True,38248.7,Low Value
2779,10,190525.73,49691.82000000001,19052.572999999997,2022-04-15,2024-12-15,True,190525.73,High Value
2780,3,13237.019999999999,7567.28,4412.34,2022-10-05,2023-10-20,True,13237.02,Churned Risk
2781,6,35346.58,12971.25,5891.096666666667,2022-01-16,2023-11-22,True,35346.58,Low Value
2782,6,109265.54,23014.499999999996,18210.923333333332,2022-04-03,2024-06-04,True,109265.54,Mid Value
2783,9,52378.689999999995,18609.149999999998,5819.854444444445,2022-05-20,2024-08-14,True,52378.69,Low Value
2784,3,35546.340000000004,9297.610000000002,11848.78,2023-05-22,2024-09-05,True,35546.34,Low Value
2785,4,42690.07,17614.85,10672.5175,2023-12-24,2024-04-26,True,42690.07,Low Value
2786,8,113982.98999999999,34355.64,14247.873749999999,2022-01-30,2023-09-03,True,113982.99,Mid Value
2787,5,20497.27,7214.549999999998,4099.454,2022-01-29,2024-02-20,True,20497.27,Churned Risk
2788,5,127718.52,27084.9,25543.704,2022-11-25,2023-11-18,True,127718.52,Mid Value
2789,8,44283.09,16581.129999999997,5535.38625,2022-05-08,2024-04-19,True,44283.09,Low Value
2790,2,19232.83,6220.330000000002,9616.415,2022-03-04,2024-03-02,True,19232.83,Churned Risk
2791,5,17469.510000000002,7060.55,3493.9019999999996,2022-01-18,2024-10-04,True,17469.51,Churned Risk
2792,3,86720.37,14578.289999999997,28906.789999999997,2022-10-31,2024-05-05,True,86720.37,Mid Value
2793,6,37989.58,17474.75,6331.596666666667,2022-04-05,2024-10-14,True,37989.58,Low Value
2794,8,130867.09,29001.829999999998,16358.38625,2022-05-10,2024-12-22,True,130867.09,Mid Value
2795,6,38561.5,12193.41,6426.916666666667,2022-02-25,2024-12-08,True,38561.5,Low Value
2796,4,31103.18,12859.769999999999,7775.794999999999,2023-01-13,2024-10-14,True,31103.18,Low Value
2797,5,202710.9,38198.719999999994,40542.18,2022-01-22,2024-06-18,True,202710.9,High Value
2798,4,22268.54,10160.29,5567.135,2022-02-15,2024-09-17,True,22268.54,Churned Risk
2799,6,37486.26,14788.59,6247.710000000002,2022-10-27,2024-02-10,True,37486.26,Low Value
2800,4,48417.38,13391.54,12104.345000000001,2023-04-26,2024-10-23,True,48417.38,Low Value
2801,3,9170.970000000001,3895.000000000001,3056.9900000000002,2022-05-20,2023-12-14,True,9170.97,Churned Risk
2802,7,46781.77,20296.17,6683.11,2022-07-07,2024-10-07,True,46781.77,Low Value
2803,5,63149.93,16674.35,12629.985999999999,2022-07-27,2024-01-13,True,63149.93,Mid Value
2804,4,21478.710000000003,8599.1,5369.6775,2022-11-23,2024-07-03,True,21478.71,Churned Risk
2805,4,39997.82,12966.339999999998,9999.455,2022-11-12,2023-09-11,True,39997.82,Low Value
2806,5,29040.8,11135.84,5808.16,2022-01-20,2024-11-22,True,29040.8,Low Value
2807,5,116660.55999999998,23719.559999999994,23332.111999999997,2022-06-18,2023-12-08,True,116660.56,Mid Value
2808,7,42174.46,16467.54,6024.922857142858,2022-03-25,2024-09-29,True,42174.46,Low Value
2809,6,36643.74,15565.08,6107.290000000001,2022-03-13,2023-10-14,True,36643.74,Low Value
2810,2,4532.52,1628.82,2266.26,2022-08-30,2023-08-31,True,4532.52,Churned Risk
2811,5,25808.510000000002,10244.86,5161.702,2022-01-18,2023-06-03,True,25808.51,Low Value
2812,4,135950.5,29075.020000000008,33987.625,2022-01-08,2024-08-16,True,135950.5,Mid Value
2813,3,7158.5599999999995,1923.5699999999997,2386.1866666666665,2023-03-10,2024-08-04,True,7158.56,Churned Risk
2814,4,34089.25,11582.990000000002,8522.3125,2022-09-20,2024-09-24,True,34089.25,Low Value
2815,5,34012.97,13108.59,6802.594,2023-02-19,2024-10-03,True,34012.97,Low Value
2816,4,15242.02,4718.08,3810.505,2022-02-28,2023-07-06,True,15242.02,Churned Risk
2817,8,33610.92,12526.57,4201.365,2022-01-15,2024-08-08,True,33610.92,Low Value
2818,6,36119.75,10697.499999999998,6019.958333333333,2022-11-08,2024-11-29,True,36119.75,Low Value
2819,3,9401.79,3328.2400000000002,3133.9300000000003,2022-01-13,2024-10-06,True,9401.79,Churned Risk
2820,4,18009.329999999998,4581.8099999999995,4502.3324999999995,2022-12-11,2024-11-17,True,18009.33,Churned Risk
2821,8,94396.83,24550.67,11799.60375,2022-02-05,2024-10-03,True,94396.83,Mid Value
2822,8,170672.93,46246.53999999999,21334.11625,2022-02-13,2024-05-06,True,170672.93,High Value
2823,4,181269.71,32288.829999999998,45317.4275,2023-07-22,2024-12-19,True,181269.71,High Value
2824,3,14574.77,2636.2299999999996,4858.256666666667,2022-03-08,2024-04-21,True,14574.77,Churned Risk
2825,7,42440.99,16780.34,6062.998571428571,2022-05-13,2024-12-23,True,42440.99,Low Value
2826,4,97407.84,20516.469999999998,24351.960000000003,2022-08-07,2024-05-20,True,97407.84,Mid Value
2827,5,35628.38,13459.28,7125.676000000001,2022-03-13,2024-11-22,True,35628.38,Low Value
2828,1,1170.86,484.6099999999999,1170.86,2024-01-19,2024-01-19,False,1170.86,Churned Risk
2829,3,5050.88,1664.64,1683.6266666666668,2023-05-13,2024-10-04,True,5050.88,Churned Risk
2830,5,105799.14,24289.429999999997,21159.827999999998,2022-05-02,2024-03-11,True,105799.14,Mid Value
2831,3,5875.07,3236.67,1958.3566666666666,2022-01-19,2024-09-17,True,5875.07,Churned Risk
2832,5,25138.02,7729.159999999999,5027.604,2022-02-24,2024-04-27,True,25138.02,Low Value
2833,6,54868.6,15809.500000000002,9144.766666666668,2022-09-11,2024-05-10,True,54868.6,Mid Value
2834,4,104315.56,14738.250000000007,26078.890000000003,2022-05-02,2024-05-22,True,104315.56,Mid Value
2835,4,32082.87,10703.12,8020.717499999999,2023-03-30,2024-01-24,True,32082.87,Low Value
2836,4,6973.5,2994.91,1743.375,2022-04-24,2024-11-02,True,6973.5,Churned Risk
2837,5,26085.96,9629.819999999998,5217.192,2022-04-01,2023-08-22,True,26085.96,Low Value
2838,3,23199.04,10034.72,7733.013333333332,2022-02-25,2023-12-29,True,23199.04,Churned Risk
2839,9,214575.52,43740.09999999999,23841.724444444444,2022-01-16,2024-01-17,True,214575.52,High Value
2840,2,1348.44,656.6600000000001,674.22,2022-11-30,2022-12-18,True,1348.44,Churned Risk
2841,5,24044.690000000002,6770.34,4808.938,2022-07-11,2023-01-20,True,24044.69,Churned Risk
2842,2,10800.68,5965.5,5400.34,2024-03-02,2024-08-31,True,10800.68,Churned Risk
2843,4,45832.15,14602.21,11458.037499999999,2022-02-13,2024-05-08,True,45832.15,Low Value
2844,1,2595.9,1159.9700000000003,2595.9,2023-10-17,2023-10-17,False,2595.9,Churned Risk
2845,4,32043.739999999998,11985.789999999999,8010.9349999999995,2022-08-28,2024-08-15,True,32043.74,Low Value
2846,7,71477.66,24996.61,10211.094285714284,2022-02-05,2024-05-11,True,71477.66,Mid Value
2847,5,49030.299999999996,15062.880000000001,9806.059999999998,2022-09-30,2024-10-05,True,49030.3,Low Value
2848,7,22749.33,10485.53,3249.9042857142854,2022-03-16,2024-12-19,True,22749.33,Churned Risk
2849,6,41189.07,17100.41,6864.845,2023-01-06,2024-11-12,True,41189.07,Low Value
2850,6,15889.18,6787.64,2648.1966666666667,2022-01-18,2024-11-27,True,15889.18,Churned Risk
2851,4,12113.15,5587.429999999999,3028.2874999999995,2022-06-15,2024-07-25,True,12113.15,Churned Risk
2852,5,62004.84,21538.08,12400.968,2023-01-20,2024-05-17,True,62004.84,Mid Value
2853,8,66436.31,16079.950000000003,8304.53875,2022-03-07,2024-12-23,True,66436.31,Mid Value
2854,3,94519.8,20507.20000000001,31506.600000000002,2022-01-23,2024-08-20,True,94519.8,Mid Value
2855,2,16160.279999999999,3628.3499999999995,8080.139999999999,2023-12-29,2024-12-24,True,16160.28,Churned Risk
2856,5,38272.89,12715.779999999999,7654.5779999999995,2022-11-29,2024-06-09,True,38272.89,Low Value
2857,7,35215.05,13968.98,5030.721428571429,2022-04-20,2024-09-01,True,35215.05,Low Value
2858,5,50521.92,19146.22,10104.384000000002,2022-07-04,2024-03-31,True,50521.92,Low Value
2859,3,42168.43,8505.550000000003,14056.143333333333,2022-08-06,2024-11-10,True,42168.43,Low Value
2860,12,250176.09999999998,51139.94999999999,20848.008333333335,2023-02-19,2024-08-09,True,250176.1,High Value
2861,7,29190.84,12385.730000000001,4170.120000000001,2022-02-03,2024-03-02,True,29190.84,Low Value
2862,4,97231.53,17661.960000000014,24307.882500000003,2022-12-09,2024-12-19,True,97231.53,Mid Value
2863,4,11461.8,5288.58,2865.4500000000003,2022-05-23,2024-12-04,True,11461.8,Churned Risk
2864,6,22652.370000000003,7884.300000000001,3775.395,2022-01-14,2023-10-07,True,22652.37,Churned Risk
2865,3,88767.37999999999,15901.139999999998,29589.126666666663,2023-02-18,2023-12-02,True,88767.38,Mid Value
2866,5,9708.640000000001,5059.28,1941.7280000000003,2022-11-29,2024-03-06,True,9708.64,Churned Risk
2867,8,136524.68,37421.77,17065.585,2022-05-18,2024-09-22,True,136524.68,Mid Value
2868,5,81672.47,17132.639999999996,16334.493999999997,2022-02-04,2024-12-07,True,81672.47,Mid Value
2869,7,50533.37,18505.38,7219.052857142857,2022-01-14,2024-04-11,True,50533.37,Low Value
2870,3,33481.99,8077.450000000003,11160.663333333336,2023-06-26,2023-10-18,True,33481.99,Low Value
2871,9,115558.19,33841.630000000005,12839.798888888889,2022-06-17,2024-10-09,True,115558.19,Mid Value
2872,5,83859.23000000001,13717.430000000013,16771.846,2022-08-24,2024-10-30,True,83859.23,Mid Value
2873,5,45780.14,12999.529999999997,9156.028000000002,2022-01-21,2024-09-26,True,45780.14,Low Value
2874,2,9595.68,2357.74,4797.84,2023-01-24,2024-01-05,True,9595.68,Churned Risk
2875,7,91681.21,19828.480000000014,13097.315714285718,2022-01-12,2023-08-09,True,91681.21,Mid Value
2876,1,9785.869999999999,3848.1399999999994,9785.869999999999,2024-09-30,2024-09-30,False,9785.87,Churned Risk
2877,4,16996.5,7076.58,4249.125,2022-03-16,2024-11-21,True,16996.5,Churned Risk
2878,6,22499.7,10388.48,3749.9500000000003,2022-02-18,2024-12-10,True,22499.7,Churned Risk
2879,4,6679.639999999999,3514.9300000000003,1669.9099999999999,2022-06-15,2023-07-22,True,6679.64,Churned Risk
2880,7,51490.12,16867.37,7355.731428571428,2022-08-03,2024-09-12,True,51490.12,Low Value
2881,7,67668.83,25701.82,9666.975714285714,2022-01-03,2024-03-22,True,67668.83,Mid Value
2882,13,83571.81,28060.440000000002,6428.600769230769,2022-01-26,2024-05-10,True,83571.81,Mid Value
2883,5,68134.78,23903.489999999998,13626.956000000002,2022-11-29,2024-12-20,True,68134.78,Mid Value
2884,1,5432.49,1532.0999999999995,5432.49,2023-03-16,2023-03-16,False,5432.49,Churned Risk
2885,9,83029.08,28786.33,9225.453333333333,2022-04-27,2024-11-11,True,83029.08,Mid Value
2886,8,30419.260000000002,12106.82,3802.4075,2022-01-22,2024-08-01,True,30419.26,Low Value
2887,6,33517.7,12010.59,5586.283333333334,2022-02-04,2024-08-12,True,33517.7,Low Value
2888,5,12937.68,7320.92,2587.536,2023-04-16,2024-10-22,True,12937.68,Churned Risk
2889,8,85799.83,26260.000000000004,10724.978750000002,2022-04-07,2024-09-20,True,85799.83,Mid Value
2890,5,28775.77,13860.09,5755.154,2022-07-17,2024-02-17,True,28775.77,Low Value
2891,4,34220.21,11213.48,8555.0525,2023-02-17,2024-03-13,True,34220.21,Low Value
2892,6,42421.71,13069.21,7070.285,2022-08-28,2024-08-22,True,42421.71,Low Value
2893,4,103016.48,19049.62,25754.120000000003,2023-01-30,2024-08-26,True,103016.48,Mid Value
2894,2,6639.6,2948.5300000000007,3319.8,2022-07-29,2023-01-26,True,6639.6,Churned Risk
2895,5,51968.56,19326.829999999998,10393.712,2022-12-06,2024-10-27,True,51968.56,Low Value
2896,8,59489.65,20246.68,7436.206249999999,2022-09-02,2024-07-31,True,59489.65,Mid Value
2897,3,28532.61,12206.230000000001,9510.87,2022-03-17,2023-11-02,True,28532.61,Low Value
2898,3,100874.06,23383.78,33624.68666666667,2022-03-18,2023-04-19,True,100874.06,Mid Value
2899,5,12296.06,3987.370000000001,2459.2120000000004,2022-01-17,2024-09-09,True,12296.06,Churned Risk
2900,4,6642.67,3130.8399999999997,1660.6675,2022-06-12,2024-12-10,True,6642.67,Churned Risk
2901,2,4745.12,2469.08,2372.56,2022-11-10,2024-05-31,True,4745.12,Churned Risk
2902,4,9521.400000000001,2667.8,2380.3500000000004,2023-08-28,2024-03-18,True,9521.4,Churned Risk
2903,4,14876.53,7361.09,3719.1325,2022-02-09,2022-06-08,True,14876.53,Churned Risk
2904,1,884.73,592.2,884.73,2024-06-24,2024-06-24,False,884.73,Churned Risk
2905,8,129896.44999999998,28106.949999999993,16237.05625,2022-02-02,2024-10-30,True,129896.45,Mid Value
2906,7,88296.9,21035.640000000003,12613.842857142856,2022-03-17,2023-01-03,True,88296.9,Mid Value
2907,2,7025.4400000000005,2168.3899999999994,3512.7200000000003,2022-09-29,2023-12-20,True,7025.44,Churned Risk
2908,4,17740.87,4619.4400000000005,4435.2175,2023-02-28,2024-09-18,True,17740.87,Churned Risk
2909,5,66773.23999999999,21176.459999999995,13354.647999999997,2022-01-04,2024-09-04,True,66773.24,Mid Value
2910,3,87884.26000000001,17661.130000000012,29294.753333333338,2022-12-20,2024-11-26,True,87884.26,Mid Value
2911,2,9439.9,4007.5299999999997,4719.95,2023-05-04,2023-08-07,True,9439.9,Churned Risk
2912,7,59453.43,21855.9,8493.347142857141,2022-03-28,2024-11-16,True,59453.43,Mid Value
2913,2,13216.619999999999,6512.0,6608.3099999999995,2023-02-08,2024-02-28,True,13216.62,Churned Risk
2914,1,557.48,201.08000000000004,557.48,2022-01-16,2022-01-16,False,557.48,Churned Risk
2915,5,49040.7,16601.12,9808.14,2022-02-24,2024-10-28,True,49040.7,Low Value
2916,5,41122.82,12179.0,8224.564,2022-09-23,2024-11-22,True,41122.82,Low Value
2917,5,253424.36,42078.91999999999,50684.871999999996,2022-10-01,2024-11-19,True,253424.36,High Value
2918,5,61407.79,13570.520000000004,12281.558,2022-04-24,2024-11-10,True,61407.79,Mid Value
2919,4,34229.8,9527.97,8557.45,2022-10-31,2024-03-29,True,34229.8,Low Value
2920,3,46234.66,15735.810000000001,15411.553333333335,2022-07-26,2024-04-10,True,46234.66,Low Value
2921,1,2399.88,1370.0500000000002,2399.88,2022-06-24,2022-06-24,False,2399.88,Churned Risk
2922,3,8268.1,3385.16,2756.0333333333333,2023-06-18,2024-06-12,True,8268.1,Churned Risk
2923,5,55580.88,19167.11,11116.176,2022-06-12,2023-12-05,True,55580.88,Mid Value
2924,2,2939.1099999999997,1341.9599999999998,1469.5549999999998,2023-09-18,2023-11-27,True,2939.11,Churned Risk
2925,3,19992.530000000002,9794.030000000002,6664.176666666667,2022-01-27,2024-11-13,True,19992.53,Churned Risk
2926,11,270635.26999999996,60519.86,24603.20636363636,2022-04-25,2024-11-20,True,270635.27,High Value
2927,3,43866.46,16119.740000000002,14622.153333333335,2022-03-03,2024-02-28,True,43866.46,Low Value
2928,2,26781.73,8576.35,13390.865,2022-07-12,2022-12-19,True,26781.73,Low Value
2929,2,1603.0,685.9499999999998,801.5,2023-03-29,2023-07-15,True,1603.0,Churned Risk
2930,2,15635.130000000001,3656.99,7817.5650000000005,2022-01-23,2024-05-06,True,15635.13,Churned Risk
2931,2,25241.26,8536.42,12620.63,2024-08-22,2024-09-19,True,25241.26,Low Value
2932,6,24017.14,7083.349999999999,4002.8566666666666,2022-01-28,2024-10-11,True,24017.14,Churned Risk
2933,6,17848.5,8883.01,2974.75,2022-07-03,2024-04-01,True,17848.5,Churned Risk
2934,8,39740.840000000004,16002.230000000001,4967.6050000000005,2022-01-28,2024-06-01,True,39740.84,Low Value
2935,5,162835.01,32253.370000000003,32567.001999999997,2022-06-09,2024-01-18,True,162835.01,Mid Value
2936,8,225360.4,45240.34,28170.049999999996,2023-06-08,2024-12-13,True,225360.4,High Value
2937,1,4001.0,1531.84,4001.0,2024-11-02,2024-11-02,False,4001.0,Churned Risk
2938,6,64021.38,27083.189999999995,10670.230000000001,2022-10-23,2024-12-29,True,64021.38,Mid Value
2939,5,62436.51,19063.52,12487.302,2022-05-15,2024-12-25,True,62436.51,Mid Value
2940,7,47673.39,19170.35,6810.484285714286,2022-05-31,2024-10-18,True,47673.39,Low Value
2941,7,97420.85,19368.8,13917.264285714287,2022-03-30,2024-08-30,True,97420.85,Mid Value
2942,8,44520.63,17028.02,5565.078750000001,2022-03-13,2024-07-30,True,44520.63,Low Value
2943,2,12600.5,4451.999999999999,6300.25,2024-04-04,2024-09-28,True,12600.5,Churned Risk
2944,3,5556.82,2125.25,1852.2733333333333,2024-01-30,2024-08-18,True,5556.82,Churned Risk
2945,5,101806.5,21175.329999999994,20361.3,2022-04-14,2024-12-29,True,101806.5,Mid Value
2946,7,23058.5,8753.880000000001,3294.0714285714284,2022-06-19,2024-11-07,True,23058.5,Churned Risk
2947,2,6981.08,2548.55,3490.54,2023-05-02,2024-12-22,True,6981.08,Churned Risk
2948,5,12384.66,5087.280000000001,2476.9320000000002,2023-06-29,2024-09-11,True,12384.66,Churned Risk
2949,4,23834.81,10245.01,5958.7025,2022-02-11,2024-01-01,True,23834.81,Churned Risk
2950,5,34113.22,13097.57,6822.644,2022-01-04,2024-08-06,True,34113.22,Low Value
2951,4,17422.97,7940.46,4355.7425,2022-02-22,2024-06-13,True,17422.97,Churned Risk
2952,5,13776.36,7109.540000000001,2755.272,2022-08-13,2024-10-17,True,13776.36,Churned Risk
2953,4,36940.75,11095.92,9235.1875,2022-12-11,2024-12-07,True,36940.75,Low Value
2954,4,43756.49,12177.5,10939.1225,2022-03-08,2024-11-10,True,43756.49,Low Value
2955,7,46712.21,15082.589999999998,6673.172857142857,2022-03-02,2024-10-13,True,46712.21,Low Value
2956,6,38519.619999999995,11095.680000000002,6419.936666666667,2022-11-21,2024-10-16,True,38519.62,Low Value
2957,3,11757.59,3288.8699999999985,3919.1966666666663,2023-08-24,2024-10-22,True,11757.59,Churned Risk
2958,4,16881.760000000002,7386.169999999999,4220.4400000000005,2023-02-09,2024-07-29,True,16881.76,Churned Risk
2959,5,113935.03,26273.250000000007,22787.006,2022-01-05,2024-11-02,True,113935.03,Mid Value
2960,4,56858.42,11775.950000000003,14214.605,2022-01-25,2023-04-04,True,56858.42,Mid Value
2961,3,32909.42,10867.12,10969.806666666665,2022-03-07,2024-01-25,True,32909.42,Low Value
2962,4,49013.96,12826.06,12253.490000000002,2022-07-25,2024-12-27,True,49013.96,Low Value
2963,2,23337.57,10242.34,11668.785,2023-07-13,2023-12-21,True,23337.57,Churned Risk
2964,5,90444.54,26370.15,18088.908,2022-03-22,2024-09-17,True,90444.54,Mid Value
2965,5,30581.66,13014.369999999999,6116.331999999999,2022-12-03,2024-10-06,True,30581.66,Low Value
2966,4,27556.13,8645.329999999998,6889.0325,2022-07-06,2024-04-13,True,27556.13,Low Value
2967,7,33057.85,10701.07,4722.55,2022-02-24,2024-05-04,True,33057.85,Low Value
2968,2,4120.099999999999,1913.1699999999998,2060.0499999999997,2023-03-31,2023-12-22,True,4120.1,Churned Risk
2969,7,26486.41,11156.41,3783.772857142857,2022-10-14,2024-09-08,True,26486.41,Low Value
2970,8,27713.38,11079.630000000001,3464.1725,2022-05-17,2024-07-05,True,27713.38,Low Value
2971,11,128060.57,32402.530000000002,11641.87,2022-04-24,2024-11-30,True,128060.57,Mid Value
2972,6,122775.79000000001,23312.870000000014,20462.631666666664,2022-05-23,2024-01-04,True,122775.79,Mid Value
2973,3,17984.99,4153.89,5994.996666666667,2022-12-17,2024-08-07,True,17984.99,Churned Risk
2974,6,47290.59,18033.37,7881.764999999999,2022-05-17,2024-09-17,True,47290.59,Low Value
2975,7,54388.99,16965.28,7769.855714285713,2022-02-04,2024-10-30,True,54388.99,Mid Value
2976,6,33881.53,13375.5,5646.921666666666,2022-09-23,2024-12-23,True,33881.53,Low Value
2977,7,212859.47,36852.13999999999,30408.495714285713,2022-07-19,2024-12-31,True,212859.47,High Value
2978,4,16604.27,6120.64,4151.0675,2022-05-07,2024-08-26,True,16604.27,Churned Risk
2979,8,175046.7,45996.23,21880.8375,2022-05-09,2024-10-06,True,175046.7,High Value
2980,4,355292.85,56355.60999999999,88823.21250000001,2023-03-03,2024-12-16,True,355292.85,High Value
2981,7,321729.16000000003,49057.59999999999,45961.30857142857,2022-05-12,2024-11-22,True,321729.16,High Value
2982,7,46045.6,14625.49,6577.942857142857,2022-02-27,2024-12-19,True,46045.6,Low Value
2983,1,19137.120000000003,10491.57,19137.120000000003,2023-01-06,2023-01-06,False,19137.12,Churned Risk
2984,5,36703.26,13627.029999999999,7340.651999999999,2022-04-07,2024-08-08,True,36703.26,Low Value
2985,4,63797.45,20787.15,15949.3625,2022-05-22,2024-02-10,True,63797.45,Mid Value
2986,6,33321.61,13295.17,5553.6016666666665,2022-04-20,2024-09-03,True,33321.61,Low Value
2987,7,128361.78,30995.389999999996,18337.397142857142,2022-09-23,2024-10-17,True,128361.78,Mid Value
2988,3,19946.4,7087.740000000001,6648.8,2022-07-09,2022-12-31,True,19946.4,Churned Risk
2989,4,37419.88,15634.12,9354.97,2022-01-14,2024-07-06,True,37419.88,Low Value
2990,8,46712.85,19016.05,5839.10625,2022-06-14,2024-11-04,True,46712.85,Low Value
2991,4,97182.3,17153.71,24295.575,2022-02-17,2024-05-18,True,97182.3,Mid Value
2992,10,229416.83000000002,53690.77000000001,22941.683,2022-04-12,2024-09-06,True,229416.83,High Value
2993,9,64526.31,20359.399999999998,7169.589999999999,2022-06-22,2024-11-27,True,64526.31,Mid Value
2994,6,21962.01,9777.0,3660.3350000000005,2022-04-06,2024-10-17,True,21962.01,Churned Risk
2995,5,13552.84,6505.3,2710.568,2022-09-09,2024-06-13,True,13552.84,Churned Risk
2996,7,81094.94,23038.9,11584.991428571431,2023-05-31,2024-11-15,True,81094.94,Mid Value
2997,3,26565.489999999998,12440.35,8855.163333333332,2022-02-19,2023-03-23,True,26565.49,Low Value
2998,6,130306.03,31023.260000000002,21717.67166666667,2022-11-01,2024-10-17,True,130306.03,Mid Value
2999,8,55620.94,20439.68,6952.6175,2022-01-18,2024-07-23,True,55620.94,Mid Value
3000,3,16710.02,4955.380000000001,5570.006666666667,2022-09-22,2023-01-12,True,16710.02,Churned Risk
3001,3,17926.01,6847.09,5975.336666666667,2022-08-07,2023-12-27,True,17926.01,Churned Risk
3002,7,48220.0,19107.41,6888.571428571428,2022-05-20,2024-11-29,True,48220.0,Low Value
3003,7,107842.1,32653.010000000002,15406.014285714287,2022-06-06,2024-06-22,True,107842.1,Mid Value
3004,9,48926.94,13285.820000000003,5436.326666666667,2022-01-26,2024-10-08,True,48926.94,Low Value
3005,6,302824.31999999995,65631.18999999999,50470.719999999994,2022-07-03,2024-04-20,True,302824.32,High Value
3006,6,80411.04000000001,20973.350000000006,13401.840000000002,2022-05-21,2024-07-21,True,80411.04,Mid Value
3007,6,179803.21,33115.05999999999,29967.20166666666,2022-09-04,2024-10-30,True,179803.21,High Value
3008,1,12893.23,4178.150000000001,12893.23,2023-05-23,2023-05-23,False,12893.23,Churned Risk
3009,2,4794.1,2285.0099999999998,2397.05,2022-02-17,2023-01-10,True,4794.1,Churned Risk
3010,5,37087.450000000004,13530.960000000001,7417.490000000001,2022-01-15,2024-08-09,True,37087.45,Low Value
3011,3,29638.980000000003,14114.920000000002,9879.66,2022-03-10,2023-05-13,True,29638.98,Low Value
3012,5,35316.759999999995,13367.689999999999,7063.352000000001,2022-02-23,2024-06-03,True,35316.76,Low Value
3013,6,31483.94,9965.52,5247.323333333334,2022-03-26,2023-12-22,True,31483.94,Low Value
3014,4,51020.060000000005,9798.460000000001,12755.015000000001,2022-06-17,2024-09-15,True,51020.06,Low Value
3015,6,412472.36,63242.279999999984,68745.39333333333,2022-01-09,2023-11-08,True,412472.36,High Value
3016,4,22473.48,10297.060000000001,5618.370000000001,2022-06-01,2024-09-26,True,22473.48,Churned Risk
3017,3,41935.44,16438.92,13978.480000000001,2022-01-20,2024-05-10,True,41935.44,Low Value
3018,4,18589.4,6247.290000000001,4647.35,2022-08-19,2024-07-08,True,18589.4,Churned Risk
3019,3,122521.46999999999,22562.539999999997,40840.49,2022-04-06,2024-05-20,True,122521.47,Mid Value
3020,5,29617.97,7868.2699999999995,5923.594,2022-07-10,2024-03-06,True,29617.97,Low Value
3021,4,42517.409999999996,11396.439999999999,10629.352499999997,2022-07-10,2023-09-04,True,42517.41,Low Value
3023,5,46091.11,16012.689999999999,9218.222,2022-03-03,2024-10-21,True,46091.11,Low Value
3024,5,27903.15,13722.800000000001,5580.630000000001,2022-04-21,2024-09-05,True,27903.15,Low Value
3025,10,46898.31,18742.21,4689.831,2023-01-03,2024-10-12,True,46898.31,Low Value
3026,7,82423.81000000001,23663.690000000002,11774.83,2022-06-21,2024-11-20,True,82423.81,Mid Value
3027,8,96836.56,29734.47,12104.57,2022-05-20,2024-12-29,True,96836.56,Mid Value
3028,8,34515.49,14307.759999999998,4314.43625,2022-06-09,2024-09-24,True,34515.49,Low Value
3029,6,83040.11,26325.489999999998,13840.018333333332,2022-02-10,2024-10-16,True,83040.11,Mid Value
3030,5,30339.27,10387.84,6067.854000000001,2022-01-15,2024-07-30,True,30339.27,Low Value
3031,7,46344.82,14906.079999999998,6620.68857142857,2022-01-24,2024-06-04,True,46344.82,Low Value
3032,3,35282.53,16779.28,11760.843333333332,2023-07-31,2024-09-08,True,35282.53,Low Value
3033,3,4457.0599999999995,1861.6100000000001,1485.6866666666665,2022-03-09,2023-07-15,True,4457.06,Churned Risk
3034,4,29235.15,8870.49,7308.787499999999,2022-01-11,2024-10-26,True,29235.15,Low Value
3035,5,23133.9,8979.42,4626.78,2022-07-05,2024-07-24,True,23133.9,Churned Risk
3036,5,34944.71,13513.0,6988.942000000001,2023-02-19,2024-12-09,True,34944.71,Low Value
3037,5,23491.31,10550.29,4698.262000000001,2022-05-26,2024-08-25,True,23491.31,Churned Risk
3038,1,18318.04,5923.0599999999995,18318.04,2022-01-09,2022-01-09,False,18318.04,Churned Risk
3039,5,100689.27,20565.560000000012,20137.854,2022-09-03,2024-12-20,True,100689.27,Mid Value
3040,3,11587.79,3763.69,3862.5966666666664,2022-06-20,2024-05-04,True,11587.79,Churned Risk
3041,2,6538.7699999999995,3657.3999999999996,3269.3849999999998,2024-08-12,2024-12-20,True,6538.77,Churned Risk
3042,5,23632.39,9601.759999999998,4726.478,2022-02-12,2024-08-02,True,23632.39,Churned Risk
3043,6,74552.62,17933.730000000003,12425.436666666666,2022-02-08,2024-12-17,True,74552.62,Mid Value
3044,7,187999.41,40833.19,26857.058571428566,2022-06-12,2024-08-14,True,187999.41,High Value
3045,6,95007.52,19400.2,15834.586666666668,2022-04-18,2024-09-08,True,95007.52,Mid Value
3046,3,71711.1,19865.12,23903.699999999997,2022-05-04,2024-10-18,True,71711.1,Mid Value
3047,5,67586.16,18739.21,13517.232,2022-08-01,2024-09-16,True,67586.16,Mid Value
3048,6,281360.97,51509.53999999999,46893.495,2022-04-22,2024-04-15,True,281360.97,High Value
3049,6,26554.69,6707.319999999998,4425.781666666667,2022-06-17,2024-04-19,True,26554.69,Low Value
3050,8,36174.22,13717.550000000001,4521.7775,2022-03-08,2024-11-16,True,36174.22,Low Value
3051,7,46829.18,16161.88,6689.882857142856,2022-01-08,2024-08-08,True,46829.18,Low Value
3052,9,33726.56,13530.13,3747.3955555555553,2022-12-31,2024-10-22,True,33726.56,Low Value
3053,9,176560.4,49266.66,19617.82222222222,2022-03-04,2024-11-20,True,176560.4,High Value
3054,5,73909.04,23133.53,14781.808,2022-10-05,2023-11-28,True,73909.04,Mid Value
3055,3,8131.51,3919.34,2710.503333333333,2023-03-18,2024-08-22,True,8131.51,Churned Risk
3056,3,15443.33,6351.299999999999,5147.776666666667,2022-09-25,2023-11-10,True,15443.33,Churned Risk
3057,7,99360.62,35492.77,14194.374285714284,2022-05-13,2024-08-02,True,99360.62,Mid Value
3058,7,58634.97,15235.640000000001,8376.424285714285,2022-06-24,2024-06-04,True,58634.97,Mid Value
3059,3,16900.81,7286.670000000001,5633.6033333333335,2022-01-27,2022-10-10,True,16900.81,Churned Risk
3060,4,33281.16,8501.120000000003,8320.29,2022-01-28,2024-07-26,True,33281.16,Low Value
3061,8,53202.41,15054.62,6650.30125,2022-01-09,2024-09-21,True,53202.41,Mid Value
3062,6,139444.01,33470.22,23240.668333333335,2022-02-19,2024-07-09,True,139444.01,Mid Value
3063,6,90093.81,15842.58,15015.635,2022-04-08,2024-01-25,True,90093.81,Mid Value
3064,4,157052.15000000002,25859.900000000023,39263.03750000001,2022-04-25,2024-07-20,True,157052.15,Mid Value
3065,3,15154.07,7156.33,5051.3566666666675,2022-04-24,2023-06-13,True,15154.07,Churned Risk
3066,5,58651.4,13921.5,11730.28,2023-02-19,2023-11-22,True,58651.4,Mid Value
3067,5,80719.73,17874.379999999997,16143.945999999996,2022-04-22,2024-08-06,True,80719.73,Mid Value
3068,1,4336.92,2406.21,4336.92,2023-09-06,2023-09-06,False,4336.92,Churned Risk
3069,8,52522.57,19065.609999999997,6565.32125,2022-02-14,2024-11-13,True,52522.57,Low Value
3070,3,10085.95,3510.95,3361.9833333333336,2022-10-28,2024-04-19,True,10085.95,Churned Risk
3071,8,51381.51,18994.89,6422.688749999999,2022-03-28,2024-04-06,True,51381.51,Low Value
3072,10,137337.46,37042.74,13733.746,2022-02-19,2024-12-18,True,137337.46,Mid Value
3073,4,11561.300000000001,4797.24,2890.325,2022-01-03,2024-02-19,True,11561.3,Churned Risk
3074,5,53783.47,17240.57,10756.694,2023-07-22,2024-08-15,True,53783.47,Mid Value
3075,1,6622.4400000000005,2904.31,6622.4400000000005,2022-01-27,2022-01-27,False,6622.44,Churned Risk
3076,2,13809.84,6642.039999999999,6904.919999999999,2022-03-16,2023-01-25,True,13809.84,Churned Risk
3077,6,84313.09,21666.68,14052.181666666665,2022-10-19,2023-11-02,True,84313.09,Mid Value
3078,6,95239.02,24198.2,15873.17,2022-07-25,2024-11-28,True,95239.02,Mid Value
3079,10,230080.97,39999.23,23008.097,2022-04-23,2024-12-05,True,230080.97,High Value
3080,5,50256.2,13990.229999999998,10051.24,2022-04-16,2024-08-11,True,50256.2,Low Value
3081,5,23149.04,9700.06,4629.808,2023-03-16,2024-11-22,True,23149.04,Churned Risk
3082,8,47802.829999999994,15385.119999999999,5975.35375,2022-02-15,2023-10-18,True,47802.83,Low Value
3083,1,22184.21,6587.08,22184.21,2022-12-20,2022-12-20,False,22184.21,Churned Risk
3084,4,19256.07,6295.529999999999,4814.0175,2022-08-28,2023-07-07,True,19256.07,Churned Risk
3085,6,52586.64,22917.5,8764.44,2022-05-24,2024-08-14,True,52586.64,Low Value
3086,6,60997.0,16404.879999999997,10166.166666666666,2022-06-15,2024-08-30,True,60997.0,Mid Value
3087,8,63624.119999999995,21960.379999999997,7953.015,2022-03-17,2024-12-10,True,63624.12,Mid Value
3088,7,83348.58,25192.42,11906.94,2022-03-07,2023-03-14,True,83348.58,Mid Value
3089,5,30482.449999999997,11808.159999999998,6096.49,2023-01-22,2024-09-27,True,30482.45,Low Value
3090,1,1997.76,691.29,1997.76,2023-11-22,2023-11-22,False,1997.76,Churned Risk
3091,6,28125.41,11998.559999999998,4687.568333333334,2022-01-15,2024-07-29,True,28125.41,Low Value
3092,1,5544.35,2399.5600000000004,5544.35,2023-12-26,2023-12-26,False,5544.35,Churned Risk
3093,2,5734.110000000001,2146.16,2867.0550000000003,2022-03-24,2024-03-09,True,5734.11,Churned Risk
3094,9,82197.47,28879.26,9133.05222222222,2022-02-15,2024-05-28,True,82197.47,Mid Value
3095,5,55375.51,16760.300000000003,11075.101999999999,2022-05-06,2024-02-18,True,55375.51,Mid Value
3096,6,128063.81,29653.85,21343.96833333333,2022-10-05,2024-04-16,True,128063.81,Mid Value
3097,4,10384.720000000001,5530.66,2596.1800000000003,2022-04-13,2023-06-02,True,10384.72,Churned Risk
3098,4,20948.57,9550.6,5237.1425,2022-09-17,2023-11-06,True,20948.57,Churned Risk
3099,6,97772.69,16515.550000000014,16295.448333333334,2022-01-15,2024-04-25,True,97772.69,Mid Value
3100,3,38360.46,12332.990000000002,12786.82,2022-05-12,2024-05-26,True,38360.46,Low Value
3101,5,26641.46,11171.99,5328.2919999999995,2022-04-23,2024-11-12,True,26641.46,Low Value
3102,6,22763.11,9210.03,3793.851666666667,2022-03-12,2024-12-22,True,22763.11,Churned Risk
3103,7,138590.16999999998,30634.839999999997,19798.595714285715,2022-08-22,2024-09-13,True,138590.17,Mid Value
3104,10,73953.7,23225.660000000003,7395.370000000001,2022-01-08,2024-10-25,True,73953.7,Mid Value
3105,2,4572.93,2220.8500000000004,2286.465,2022-03-26,2023-11-15,True,4572.93,Churned Risk
3106,3,20528.88,9383.76,6842.96,2022-07-16,2024-10-12,True,20528.88,Churned Risk
3107,1,3243.86,1384.69,3243.86,2024-04-10,2024-04-10,False,3243.86,Churned Risk
3108,3,9689.52,4308.23,3229.84,2022-11-26,2024-09-01,True,9689.52,Churned Risk
3109,2,99069.31,22155.199999999997,49534.655,2022-11-28,2024-05-20,True,99069.31,Mid Value
3110,5,60021.740000000005,17590.84,12004.348000000002,2022-09-16,2023-12-27,True,60021.74,Mid Value
3111,6,100854.53000000001,22950.870000000006,16809.088333333333,2022-04-18,2024-07-18,True,100854.53,Mid Value
3112,5,35845.8,13511.959999999997,7169.159999999999,2022-01-30,2024-12-22,True,35845.8,Low Value
3113,7,17834.51,7391.490000000001,2547.787142857143,2023-02-24,2024-11-19,True,17834.51,Churned Risk
3114,7,116768.03,28395.450000000004,16681.147142857142,2022-02-25,2024-01-02,True,116768.03,Mid Value
3115,5,25898.86,9180.7,5179.772,2022-05-09,2024-11-18,True,25898.86,Low Value
3117,6,60006.0,18413.02,10000.999999999998,2023-05-24,2024-08-04,True,60006.0,Mid Value
3118,5,406918.24000000005,62080.05999999998,81383.64800000002,2022-05-28,2023-12-26,True,406918.24,High Value
3119,4,40191.21,10344.539999999999,10047.8025,2022-05-09,2024-05-07,True,40191.21,Low Value
3120,4,9086.949999999999,3877.9899999999993,2271.7375,2022-09-23,2024-05-27,True,9086.95,Churned Risk
3121,4,16435.35,6171.07,4108.8375,2023-07-25,2024-08-05,True,16435.35,Churned Risk
3122,6,103526.99,22068.519999999997,17254.498333333333,2022-12-30,2024-11-27,True,103526.99,Mid Value
3123,4,37977.22,8503.88,9494.305,2023-03-26,2024-10-05,True,37977.22,Low Value
3124,7,65352.28999999999,19977.170000000002,9336.041428571427,2022-08-15,2024-11-07,True,65352.29,Mid Value
3125,5,215883.35,41891.969999999994,43176.67,2022-05-10,2024-11-20,True,215883.35,High Value
3126,6,33693.68,10711.119999999999,5615.613333333334,2022-02-12,2024-09-10,True,33693.68,Low Value
3127,3,10259.09,3534.89,3419.6966666666667,2022-01-21,2024-09-07,True,10259.09,Churned Risk
3128,3,14345.41,6682.530000000001,4781.803333333333,2023-01-31,2023-12-03,True,14345.41,Churned Risk
3129,7,14897.04,6144.1,2128.1485714285714,2022-01-20,2022-12-10,True,14897.04,Churned Risk
3130,8,186686.03,49082.75,23335.753750000003,2022-11-12,2024-11-24,True,186686.03,High Value
3131,7,186475.51,33367.59999999999,26639.35857142857,2022-10-11,2024-10-11,True,186475.51,High Value
3132,3,23866.56,5340.860000000001,7955.52,2022-09-27,2024-10-04,True,23866.56,Churned Risk
3133,2,8969.1,5294.550000000001,4484.55,2023-04-09,2023-10-10,True,8969.1,Churned Risk
3134,5,10067.02,3343.2899999999995,2013.404,2022-04-25,2024-11-26,True,10067.02,Churned Risk
3135,8,47197.7,17010.089999999997,5899.7125,2023-03-18,2024-12-20,True,47197.7,Low Value
3136,2,45993.03,12475.73,22996.515,2022-04-22,2023-11-21,True,45993.03,Low Value
3137,2,16579.670000000002,8599.140000000001,8289.835000000001,2022-02-17,2024-03-24,True,16579.67,Churned Risk
3138,4,19680.45,9302.96,4920.1125,2022-02-03,2024-05-30,True,19680.45,Churned Risk
3139,6,9731.18,4360.84,1621.863333333333,2022-02-05,2024-12-06,True,9731.18,Churned Risk
3140,3,9144.64,3550.67,3048.213333333333,2023-01-28,2023-02-25,True,9144.64,Churned Risk
3141,9,90923.95,30767.100000000002,10102.66111111111,2022-02-22,2023-11-18,True,90923.95,Mid Value
3142,3,43950.13,12708.35,14650.043333333333,2024-03-23,2024-08-29,True,43950.13,Low Value
3143,5,44786.909999999996,13273.43,8957.382000000001,2022-06-09,2024-09-19,True,44786.91,Low Value
3144,8,124244.18999999999,25224.82,15530.52375,2022-01-08,2023-04-01,True,124244.19,Mid Value
3145,7,25324.15,9689.07,3617.735714285714,2023-01-27,2024-08-29,True,25324.15,Low Value
3146,4,9346.11,3611.5299999999997,2336.5275,2022-04-16,2024-11-20,True,9346.11,Churned Risk
3147,5,330957.76999999996,53325.88999999999,66191.554,2022-05-31,2024-08-10,True,330957.77,High Value
3148,4,22978.45,8731.25,5744.6125,2022-03-27,2024-01-18,True,22978.45,Churned Risk
3149,5,39043.09,14079.3,7808.6179999999995,2022-05-08,2023-09-15,True,39043.09,Low Value
3150,3,16076.279999999999,3224.33,5358.759999999999,2023-04-14,2023-11-21,True,16076.28,Churned Risk
3151,6,29415.04,12360.22,4902.506666666667,2022-05-25,2024-12-15,True,29415.04,Low Value
3152,3,31722.84,11627.020000000002,10574.28,2022-03-10,2024-11-01,True,31722.84,Low Value
3153,7,94866.22,19727.520000000004,13552.317142857142,2022-05-31,2024-05-14,True,94866.22,Mid Value
3154,4,13016.43,2993.8999999999996,3254.1075,2022-12-14,2024-08-23,True,13016.43,Churned Risk
3155,5,108199.06999999999,19485.109999999997,21639.814000000002,2023-02-19,2024-12-27,True,108199.07,Mid Value
3156,3,2370.62,1217.54,790.2066666666666,2022-09-04,2023-06-21,True,2370.62,Churned Risk
3157,6,227717.99,43448.35,37952.99833333333,2022-02-07,2024-05-07,True,227717.99,High Value
3158,8,133551.47,34887.75,16693.93375,2022-05-14,2024-06-27,True,133551.47,Mid Value
3159,2,22026.37,8969.07,11013.185,2022-10-09,2023-11-08,True,22026.37,Churned Risk
3160,5,32154.74,12785.02,6430.948,2022-02-15,2024-02-20,True,32154.74,Low Value
3161,5,17484.809999999998,5875.24,3496.9620000000004,2022-08-03,2023-10-05,True,17484.81,Churned Risk
3162,4,20757.79,7466.17,5189.447499999999,2022-01-23,2024-11-28,True,20757.79,Churned Risk
3163,8,43482.77,15561.48,5435.3462500000005,2022-03-13,2024-09-22,True,43482.77,Low Value
3164,10,140865.69999999998,28404.35,14086.569999999998,2022-04-20,2024-07-25,True,140865.7,Mid Value
3165,1,10558.01,5619.530000000001,10558.01,2024-07-03,2024-07-03,False,10558.01,Churned Risk
3166,3,12840.27,6005.27,4280.09,2023-03-10,2024-10-16,True,12840.27,Churned Risk
3167,5,24954.58,10575.68,4990.916,2022-03-11,2023-12-12,True,24954.58,Low Value
3168,5,249207.46,45206.219999999994,49841.492,2022-04-16,2024-09-20,True,249207.46,High Value
3169,9,290786.25,53368.45,32309.583333333332,2022-02-04,2024-08-20,True,290786.25,High Value
3170,4,26828.14,9904.8,6707.035,2022-07-19,2024-04-22,True,26828.14,Low Value
3171,8,43938.97,13338.71,5492.37125,2022-03-18,2024-11-26,True,43938.97,Low Value
3172,10,41574.299999999996,18978.85,4157.429999999999,2022-02-02,2024-12-01,True,41574.3,Low Value
3173,7,118480.3,28293.309999999998,16925.757142857146,2022-09-27,2024-08-14,True,118480.3,Mid Value
3174,5,100537.18999999999,18768.089999999997,20107.438000000002,2022-01-07,2024-11-04,True,100537.19,Mid Value
3175,8,129990.83,30630.32,16248.853749999998,2023-03-12,2024-11-28,True,129990.83,Mid Value
3176,6,40459.020000000004,14765.48,6743.170000000001,2022-01-21,2024-03-23,True,40459.02,Low Value
3177,5,61295.56,18368.46,12259.112,2022-10-19,2023-11-28,True,61295.56,Mid Value
3178,5,12811.779999999999,5422.299999999999,2562.356,2022-02-14,2024-06-28,True,12811.78,Churned Risk
3179,10,255388.61999999997,46125.42999999999,25538.862,2022-02-12,2024-10-07,True,255388.62,High Value
3180,4,51716.07000000001,8525.920000000004,12929.0175,2022-04-08,2024-11-14,True,51716.07,Low Value
3181,6,261034.4,44311.409999999996,43505.73333333333,2022-05-14,2024-02-29,True,261034.4,High Value
3182,3,14192.869999999999,6731.89,4730.956666666667,2023-05-09,2024-01-05,True,14192.87,Churned Risk
3183,7,125424.8,31892.309999999998,17917.82857142857,2022-01-19,2024-01-06,True,125424.8,Mid Value
3184,12,168426.33,37657.34,14035.527500000002,2022-03-03,2024-10-25,True,168426.33,High Value
3185,9,126166.94,30828.190000000006,14018.548888888889,2022-05-23,2024-12-05,True,126166.94,Mid Value
3186,3,49899.46,16790.94,16633.153333333332,2022-02-24,2023-07-19,True,49899.46,Low Value
3187,1,1616.14,786.0400000000001,1616.14,2024-02-28,2024-02-28,False,1616.14,Churned Risk
3188,1,18227.739999999998,8208.18,18227.739999999998,2024-09-23,2024-09-23,False,18227.74,Churned Risk
3190,7,44585.11,13318.92,6369.301428571428,2022-06-04,2024-08-10,True,44585.11,Low Value
3191,5,44002.4,15269.230000000001,8800.48,2022-05-12,2024-07-19,True,44002.4,Low Value
3192,4,48516.92,12964.6,12129.23,2022-01-26,2024-02-26,True,48516.92,Low Value
3193,3,25323.75,12434.949999999999,8441.25,2022-06-16,2024-01-16,True,25323.75,Low Value
3194,2,37409.05,11986.119999999999,18704.524999999998,2023-01-26,2023-02-13,True,37409.05,Low Value
3195,5,20685.64,8775.19,4137.128,2022-06-05,2024-05-01,True,20685.64,Churned Risk
3196,3,37416.55,13034.130000000001,12472.183333333334,2023-03-21,2024-07-17,True,37416.55,Low Value
3197,5,9744.31,5376.18,1948.8620000000003,2022-01-21,2024-01-25,True,9744.31,Churned Risk
3198,1,3117.91,1215.6,3117.91,2023-11-10,2023-11-10,False,3117.91,Churned Risk
3199,4,20685.77,7272.919999999999,5171.4425,2022-03-22,2024-09-30,True,20685.77,Churned Risk
3200,8,103476.37000000001,27095.960000000003,12934.54625,2022-03-03,2024-11-10,True,103476.37,Mid Value
3201,1,4246.18,1970.12,4246.18,2024-05-24,2024-05-24,False,4246.18,Churned Risk
3202,5,40374.57,15193.35,8074.914,2022-05-14,2023-12-20,True,40374.57,Low Value
3203,8,37664.659999999996,14524.859999999999,4708.0825,2022-06-16,2024-10-30,True,37664.66,Low Value
3204,8,68726.48,20211.14,8590.81,2022-08-15,2024-06-03,True,68726.48,Mid Value
3205,5,99042.03,18387.609999999997,19808.405999999995,2023-02-02,2024-12-18,True,99042.03,Mid Value
3206,6,34497.54000000001,11738.510000000002,5749.59,2022-04-07,2024-10-05,True,34497.54,Low Value
3207,3,321443.61,49668.50999999999,107147.87,2022-09-01,2024-06-08,True,321443.61,High Value
3208,3,19993.42,5383.33,6664.473333333332,2024-03-17,2024-12-24,True,19993.42,Churned Risk
3209,4,22311.37,6358.719999999999,5577.8425,2023-06-28,2024-12-14,True,22311.37,Churned Risk
3210,4,14210.12,5194.97,3552.53,2022-04-25,2024-01-03,True,14210.12,Churned Risk
3212,6,284231.32999999996,51877.149999999994,47371.88833333333,2022-01-04,2024-03-09,True,284231.33,High Value
3213,6,56326.22,18652.12,9387.703333333333,2022-04-02,2024-06-09,True,56326.22,Mid Value
3214,4,11691.73,4553.679999999999,2922.9325,2022-05-27,2024-03-24,True,11691.73,Churned Risk
3215,3,97731.03,20189.089999999997,32577.01,2022-07-19,2024-07-29,True,97731.03,Mid Value
3216,6,101848.37,31840.31,16974.728333333336,2022-09-16,2024-07-11,True,101848.37,Mid Value
3217,3,76317.88,17153.08,25439.29333333333,2022-05-18,2023-11-29,True,76317.88,Mid Value
3218,7,98244.43000000001,20755.570000000014,14034.918571428572,2022-05-26,2024-06-12,True,98244.43,Mid Value
3219,6,22070.53,9367.44,3678.4216666666666,2022-01-11,2024-10-28,True,22070.53,Churned Risk
3220,7,187019.50999999998,40888.82,26717.07285714286,2022-05-14,2024-12-30,True,187019.51,High Value
3221,4,16031.74,5177.009999999999,4007.935,2022-12-29,2024-04-27,True,16031.74,Churned Risk
3222,6,47205.85,14799.27,7867.641666666666,2022-01-31,2024-12-07,True,47205.85,Low Value
3223,5,15663.77,4865.4,3132.754,2022-05-30,2024-11-07,True,15663.77,Churned Risk
3224,2,8684.0,2308.11,4342.0,2022-11-05,2024-03-30,True,8684.0,Churned Risk
3225,6,149186.88,33687.21000000001,24864.48,2022-01-11,2024-03-09,True,149186.88,Mid Value
3226,5,145304.96000000002,30013.590000000004,29060.992,2022-04-20,2024-07-31,True,145304.96,Mid Value
3227,6,109281.16,38415.79,18213.52666666667,2022-02-25,2024-09-06,True,109281.16,Mid Value
3228,7,49729.54,13466.02,7104.22,2022-01-08,2024-04-20,True,49729.54,Low Value
3229,9,55339.43,18297.0,6148.825555555555,2022-05-29,2024-08-19,True,55339.43,Mid Value
3230,5,75175.35,19784.18,15035.069999999998,2022-03-23,2024-11-18,True,75175.35,Mid Value
3231,5,30245.48,11727.900000000001,6049.096,2022-02-25,2024-04-22,True,30245.48,Low Value
3232,6,81786.44,25409.77,13631.073333333334,2022-11-13,2024-09-03,True,81786.44,Mid Value
3233,4,104809.72,25501.199999999997,26202.43,2022-04-17,2024-04-21,True,104809.72,Mid Value
3234,3,8480.08,3444.96,2826.693333333333,2022-02-03,2024-05-01,True,8480.08,Churned Risk
3235,6,59702.06,23396.06,9950.343333333332,2022-01-23,2024-11-03,True,59702.06,Mid Value
3236,2,9300.550000000001,3063.4100000000003,4650.275,2022-04-20,2023-08-15,True,9300.55,Churned Risk
3237,2,155096.24,23038.539999999994,77548.12,2022-03-01,2022-03-28,True,155096.24,Mid Value
3238,8,102181.75,22925.140000000003,12772.71875,2022-07-19,2024-06-09,True,102181.75,Mid Value
3239,7,24134.95,9779.61,3447.8499999999995,2022-05-21,2024-11-30,True,24134.95,Churned Risk
3240,6,57122.64,11519.730000000001,9520.44,2022-06-30,2024-08-26,True,57122.64,Mid Value
3241,6,59093.52,17166.45,9848.919999999998,2022-03-09,2024-08-02,True,59093.52,Mid Value
3242,7,47798.24,17164.7,6828.32,2022-02-01,2024-10-31,True,47798.24,Low Value
3243,2,33760.75,10360.599999999997,16880.375,2024-06-28,2024-08-30,True,33760.75,Low Value
3244,5,10791.87,4594.62,2158.374,2022-01-23,2024-12-03,True,10791.87,Churned Risk
3245,5,52204.08,12944.33,10440.816,2023-10-10,2024-12-09,True,52204.08,Low Value
3246,5,23028.15,8529.27,4605.63,2022-02-06,2024-01-14,True,23028.15,Churned Risk
3247,2,28650.86,7485.19,14325.429999999998,2023-01-10,2024-10-14,True,28650.86,Low Value
3248,4,13179.86,5126.58,3294.965,2023-05-24,2024-08-23,True,13179.86,Churned Risk
3249,5,173791.49,29828.949999999993,34758.297999999995,2023-07-05,2024-05-19,True,173791.49,High Value
3250,8,168707.29,29100.810000000012,21088.411250000005,2022-05-15,2024-06-10,True,168707.29,High Value
3251,3,59645.350000000006,12179.170000000004,19881.783333333336,2022-10-01,2024-12-25,True,59645.35,Mid Value
3252,6,39262.99,14506.550000000001,6543.831666666666,2022-01-31,2024-10-21,True,39262.99,Low Value
3253,10,367907.6,71729.2,36790.759999999995,2022-04-09,2024-11-25,True,367907.6,High Value
3254,7,27820.78,12001.68,3974.397142857143,2022-02-04,2024-09-06,True,27820.78,Low Value
3255,8,45412.06,11368.200000000003,5676.5075,2022-08-02,2023-11-03,True,45412.06,Low Value
3256,4,27025.13,10375.18,6756.282499999999,2022-01-25,2024-10-06,True,27025.13,Low Value
3257,6,40047.97,19933.32,6674.661666666667,2022-08-16,2024-12-09,True,40047.97,Low Value
3258,3,177507.59,28489.509999999995,59169.19666666668,2022-02-10,2023-09-11,True,177507.59,High Value
3259,7,255046.41999999995,40888.979999999996,36435.20285714285,2022-08-12,2024-06-18,True,255046.42,High Value
3260,3,40585.43,9015.94,13528.476666666667,2023-04-16,2024-03-23,True,40585.43,Low Value
3261,6,49519.36,12365.53,8253.226666666667,2022-06-21,2024-06-17,True,49519.36,Low Value
3262,7,41210.27,17510.989999999998,5887.181428571429,2022-03-07,2024-10-23,True,41210.27,Low Value
3263,2,5152.37,1863.0899999999997,2576.185,2022-02-26,2022-11-13,True,5152.37,Churned Risk
3264,5,45841.81,14481.16,9168.362,2022-04-29,2024-02-14,True,45841.81,Low Value
3265,4,15732.24,6953.88,3933.06,2023-01-02,2024-12-17,True,15732.24,Churned Risk
3266,5,10184.38,3969.5600000000004,2036.8759999999997,2022-05-17,2024-11-07,True,10184.38,Churned Risk
3267,4,19265.96,7361.37,4816.49,2022-01-13,2024-07-17,True,19265.96,Churned Risk
3268,8,189338.49,35149.189999999995,23667.31125,2022-03-31,2024-11-08,True,189338.49,High Value
3269,4,18311.45,8204.490000000002,4577.8625,2022-03-19,2023-06-14,True,18311.45,Churned Risk
3270,2,20315.350000000002,7161.2,10157.675,2022-07-10,2024-05-25,True,20315.35,Churned Risk
3271,3,17912.92,8175.49,5970.973333333332,2022-10-23,2023-09-26,True,17912.92,Churned Risk
3272,5,32128.899999999998,10688.13,6425.78,2022-03-26,2024-09-27,True,32128.9,Low Value
3273,6,42314.18,17407.98,7052.363333333335,2022-05-11,2024-07-08,True,42314.18,Low Value
3274,5,39714.32,13908.400000000001,7942.864,2022-05-05,2024-07-05,True,39714.32,Low Value
3275,2,19654.620000000003,5320.6,9827.31,2024-03-08,2024-08-18,True,19654.62,Churned Risk
3276,2,8509.9,4158.799999999999,4254.95,2024-06-04,2024-09-05,True,8509.9,Churned Risk
3277,4,23761.84,9393.39,5940.459999999999,2022-09-22,2023-12-01,True,23761.84,Churned Risk
3278,8,86064.19,20715.120000000003,10758.02375,2022-06-26,2024-12-21,True,86064.19,Mid Value
3279,4,101026.65000000001,18140.929999999997,25256.6625,2022-11-26,2024-12-22,True,101026.65,Mid Value
3281,6,29469.86,12647.08,4911.643333333333,2022-04-30,2024-11-17,True,29469.86,Low Value
3282,6,14147.56,4864.8099999999995,2357.9266666666667,2022-04-29,2024-12-29,True,14147.56,Churned Risk
3283,4,12582.220000000001,3537.379999999999,3145.5550000000003,2022-05-25,2023-01-19,True,12582.22,Churned Risk
3284,9,77261.15,28238.370000000003,8584.572222222221,2022-09-06,2024-10-09,True,77261.15,Mid Value
3285,3,19216.579999999998,4286.2300000000005,6405.526666666666,2022-01-24,2024-06-15,True,19216.58,Churned Risk
3286,8,70547.81999999999,26879.579999999998,8818.477499999999,2022-07-24,2024-11-20,True,70547.82,Mid Value
3287,2,21571.07,8155.67,10785.535,2023-04-20,2023-06-05,True,21571.07,Churned Risk
3288,2,48108.299999999996,14110.65,24054.149999999998,2022-08-24,2023-03-11,True,48108.3,Low Value
3289,5,48162.73,17249.05,9632.546,2022-08-17,2024-12-30,True,48162.73,Low Value
3290,3,51839.24,12126.0,17279.74666666667,2023-11-07,2024-06-11,True,51839.24,Low Value
3291,5,20667.29,8555.39,4133.4580000000005,2022-05-14,2024-07-24,True,20667.29,Churned Risk
3292,3,5704.860000000001,2039.8200000000002,1901.6200000000001,2022-08-01,2024-11-26,True,5704.86,Churned Risk
3293,5,87097.35,21539.750000000004,17419.47,2022-01-28,2024-06-22,True,87097.35,Mid Value
3294,7,197590.28,41708.67,28227.182857142856,2022-09-04,2024-12-05,True,197590.28,High Value
3295,8,204288.56,43711.17000000001,25536.07,2022-03-27,2024-02-02,True,204288.56,High Value
3296,6,255215.31999999998,43968.09,42535.886666666665,2022-07-02,2024-06-25,True,255215.32,High Value
3297,4,406659.24,69640.34999999999,101664.81,2022-02-07,2023-02-19,True,406659.24,High Value
3298,2,7606.77,3883.27,3803.3849999999998,2024-05-15,2024-05-27,True,7606.77,Churned Risk
3299,5,38598.72,14353.379999999997,7719.744000000001,2023-01-27,2024-11-17,True,38598.72,Low Value
3300,2,4020.51,1787.77,2010.255,2022-02-03,2022-05-25,True,4020.51,Churned Risk
3301,3,22238.18,6486.27,7412.7266666666665,2022-04-19,2023-07-18,True,22238.18,Churned Risk
3302,3,22212.49,8014.6100000000015,7404.163333333334,2023-03-18,2024-06-24,True,22212.49,Churned Risk
3303,4,63616.880000000005,19736.550000000003,15904.220000000001,2022-11-24,2024-11-09,True,63616.88,Mid Value
3304,5,54488.67999999999,19235.519999999997,10897.735999999999,2022-02-22,2024-12-05,True,54488.68,Mid Value
3305,2,24559.86,3690.640000000002,12279.93,2022-08-04,2024-12-03,True,24559.86,Low Value
3306,4,34435.35,11974.51,8608.8375,2022-01-17,2024-12-21,True,34435.35,Low Value
3307,4,63443.3,20523.0,15860.825,2022-06-21,2023-12-20,True,63443.3,Mid Value
3308,4,14794.56,5470.0599999999995,3698.64,2022-01-05,2024-12-18,True,14794.56,Churned Risk
3309,4,37856.24,10942.64,9464.06,2022-01-03,2024-04-28,True,37856.24,Low Value
3310,8,56993.79,18664.2,7124.22375,2022-02-07,2024-12-31,True,56993.79,Mid Value
3311,3,19892.61,6386.269999999999,6630.87,2022-08-28,2024-10-01,True,19892.61,Churned Risk
3312,6,36525.19,14460.449999999999,6087.531666666667,2022-04-14,2024-08-06,True,36525.19,Low Value
3313,2,33211.73,15675.789999999999,16605.865,2022-01-19,2024-04-07,True,33211.73,Low Value
3314,8,111356.45,29263.690000000002,13919.556250000001,2022-09-20,2024-12-27,True,111356.45,Mid Value
3315,4,53782.38,9447.940000000004,13445.595000000001,2023-05-18,2024-08-14,True,53782.38,Mid Value
3316,4,20368.829999999998,7312.889999999999,5092.2075,2022-02-04,2024-05-11,True,20368.83,Churned Risk
3317,3,11095.93,5998.43,3698.6433333333334,2023-11-18,2024-03-08,True,11095.93,Churned Risk
3318,7,434546.86000000004,67771.12,62078.122857142866,2022-05-26,2024-12-10,True,434546.86,High Value
3319,7,22470.13,11007.619999999999,3210.0185714285717,2022-02-05,2023-12-12,True,22470.13,Churned Risk
3320,4,11780.039999999999,5184.12,2945.0099999999998,2024-05-28,2024-09-15,True,11780.04,Churned Risk
3321,1,23354.37,6794.840000000001,23354.37,2023-02-18,2023-02-18,False,23354.37,Churned Risk
3322,3,130623.36,24750.829999999998,43541.12,2022-08-14,2023-10-31,True,130623.36,Mid Value
3323,3,94885.76999999999,19762.889999999996,31628.589999999997,2022-05-11,2023-04-15,True,94885.77,Mid Value
3324,3,22395.95,8200.6,7465.316666666667,2023-12-16,2024-12-21,True,22395.95,Churned Risk
3325,2,3164.96,1813.82,1582.48,2022-11-29,2023-02-19,True,3164.96,Churned Risk
3326,8,84260.43000000001,25137.270000000004,10532.55375,2022-09-04,2024-07-08,True,84260.43,Mid Value
3327,4,19913.66,8828.67,4978.415000000001,2022-03-24,2023-12-05,True,19913.66,Churned Risk
3328,5,80505.92,24117.479999999996,16101.184,2022-09-30,2024-12-18,True,80505.92,Mid Value
3329,4,40480.53,15295.36,10120.1325,2023-09-29,2024-10-30,True,40480.53,Low Value
3330,2,12279.77,5805.62,6139.885,2022-12-23,2023-03-23,True,12279.77,Churned Risk
3331,2,308873.16,44846.49999999999,154436.58,2023-10-06,2024-07-01,True,308873.16,High Value
3332,6,69294.17,28129.050000000003,11549.028333333334,2022-02-05,2024-11-05,True,69294.17,Mid Value
3333,4,165911.88,27587.269999999997,41477.97,2022-06-18,2023-05-19,True,165911.88,High Value
3334,1,1464.96,730.5,1464.96,2022-07-20,2022-07-20,False,1464.96,Churned Risk
3335,3,6279.75,2819.06,2093.25,2022-04-19,2024-09-25,True,6279.75,Churned Risk
3336,4,33832.13,11343.86,8458.0325,2023-05-05,2024-10-26,True,33832.13,Low Value
3337,6,432826.15,75231.67,72137.69166666667,2022-01-03,2024-11-20,True,432826.15,High Value
3338,7,71391.08,22277.84,10198.725714285712,2022-01-02,2024-08-06,True,71391.08,Mid Value
3339,6,64133.09,17626.94,10688.848333333333,2022-01-26,2024-11-09,True,64133.09,Mid Value
3340,6,54305.87,16236.000000000002,9050.978333333334,2022-02-11,2024-03-27,True,54305.87,Mid Value
3341,2,8123.45,3845.5,4061.7250000000004,2022-10-25,2023-12-15,True,8123.45,Churned Risk
3342,3,18649.69,8233.11,6216.563333333333,2022-04-03,2023-05-07,True,18649.69,Churned Risk
3343,7,85329.02,19421.520000000004,12189.86,2022-01-17,2024-04-09,True,85329.02,Mid Value
3344,6,75988.23,31517.08,12664.705,2022-02-07,2023-06-17,True,75988.23,Mid Value
3345,6,45409.72,11673.219999999998,7568.286666666667,2022-07-26,2024-10-25,True,45409.72,Low Value
3346,5,47113.33,18751.91,9422.666,2022-02-20,2024-03-19,True,47113.33,Low Value
3347,5,32863.36,11961.46,6572.6720000000005,2022-07-09,2024-12-24,True,32863.36,Low Value
3348,9,33509.63,11724.289999999999,3723.292222222222,2023-01-19,2024-11-04,True,33509.63,Low Value
3349,4,12946.17,4676.08,3236.5425,2022-02-16,2024-07-08,True,12946.17,Churned Risk
3350,2,60167.340000000004,11241.380000000005,30083.670000000002,2022-08-10,2024-06-07,True,60167.34,Mid Value
3351,7,135991.9,40003.37,19427.414285714283,2022-03-16,2024-11-03,True,135991.9,Mid Value
3352,3,31415.3,8661.619999999999,10471.766666666666,2022-05-09,2024-05-04,True,31415.3,Low Value
3353,6,17303.699999999997,6561.329999999999,2883.9500000000003,2022-05-18,2024-10-25,True,17303.7,Churned Risk
3354,5,37805.72,11377.900000000001,7561.144,2022-02-08,2024-05-17,True,37805.72,Low Value
3355,6,53256.380000000005,13700.780000000002,8876.063333333334,2022-01-03,2024-10-09,True,53256.38,Mid Value
3356,8,136290.25,28717.96,17036.28125,2022-03-01,2024-05-19,True,136290.25,Mid Value
3357,6,39404.48,9815.900000000001,6567.413333333333,2022-01-30,2024-10-21,True,39404.48,Low Value
3358,4,235077.41999999998,39600.09,58769.354999999996,2022-01-01,2023-09-29,True,235077.42,High Value
3359,7,33235.36,14480.0,4747.908571428571,2022-02-18,2024-10-16,True,33235.36,Low Value
3360,6,70648.63,25937.170000000002,11774.771666666666,2022-01-23,2024-02-27,True,70648.63,Mid Value
3361,7,154084.62,29959.0,22012.088571428576,2022-04-11,2024-12-09,True,154084.62,Mid Value
3362,5,30509.8,10842.75,6101.96,2022-01-25,2024-12-31,True,30509.8,Low Value
3363,5,32007.04,10963.85,6401.407999999999,2022-03-21,2024-10-29,True,32007.04,Low Value
3364,7,52378.11,16146.96,7482.587142857143,2022-02-18,2024-10-29,True,52378.11,Low Value
3365,9,49992.73,17745.230000000003,5554.747777777778,2022-05-21,2024-11-22,True,49992.73,Low Value
3366,2,21505.510000000002,7662.27,10752.755000000001,2023-03-18,2024-07-14,True,21505.51,Churned Risk
3367,7,141460.73,28819.359999999997,20208.675714285717,2022-01-19,2024-02-22,True,141460.73,Mid Value
3368,4,41413.88,10566.710000000001,10353.470000000001,2022-08-31,2024-11-25,True,41413.88,Low Value
3369,3,11951.92,3127.54,3983.9733333333334,2022-03-26,2024-01-21,True,11951.92,Churned Risk
3370,2,101616.19,14968.93,50808.095,2022-05-05,2023-12-30,True,101616.19,Mid Value
3371,4,32708.11,10868.67,8177.0275,2022-03-23,2024-07-27,True,32708.11,Low Value
3372,5,38018.89,15793.91,7603.778,2024-01-03,2024-12-27,True,38018.89,Low Value
3373,8,312815.48,68591.51,39101.935,2022-01-10,2024-12-30,True,312815.48,High Value
3374,8,49169.69,21510.1,6146.21125,2022-02-07,2024-06-10,True,49169.69,Low Value
3375,6,550402.8,92550.0,91733.8,2022-02-03,2024-06-29,True,550402.8,High Value
3376,9,109273.93,31991.73,12141.547777777778,2022-05-01,2024-09-21,True,109273.93,Mid Value
3377,2,7470.63,3036.0299999999997,3735.315,2022-01-02,2024-11-03,True,7470.63,Churned Risk
3378,7,49772.72,12078.850000000002,7110.388571428572,2022-02-17,2024-10-22,True,49772.72,Low Value
3379,2,4966.24,1805.96,2483.12,2022-10-30,2023-08-25,True,4966.24,Churned Risk
3380,2,97754.12000000001,14832.720000000008,48877.060000000005,2023-04-04,2024-03-11,True,97754.12,Mid Value
3381,3,13574.87,3262.1400000000003,4524.956666666667,2022-08-19,2024-08-21,True,13574.87,Churned Risk
3382,4,69690.69,18570.109999999993,17422.6725,2022-10-25,2024-01-04,True,69690.69,Mid Value
3383,10,58146.25,21726.9,5814.625,2022-04-12,2024-01-05,True,58146.25,Mid Value
3384,5,24165.94,9174.449999999999,4833.188,2022-06-11,2024-04-30,True,24165.94,Churned Risk
3385,9,126152.29999999999,29533.899999999998,14016.922222222223,2022-02-04,2024-06-17,True,126152.3,Mid Value
3386,2,3745.0899999999997,1329.2699999999998,1872.5449999999998,2022-03-12,2023-07-23,True,3745.09,Churned Risk
3387,5,59404.759999999995,18755.520000000004,11880.952,2022-07-20,2024-08-09,True,59404.76,Mid Value
3388,6,98651.57999999999,17439.3,16441.93,2022-01-14,2024-02-24,True,98651.58,Mid Value
3389,5,107654.67,18293.18,21530.934,2022-06-06,2024-01-25,True,107654.67,Mid Value
3390,4,13766.57,5441.139999999999,3441.6425,2022-08-10,2024-10-13,True,13766.57,Churned Risk
3391,4,18796.66,7467.359999999999,4699.165,2022-02-28,2024-10-19,True,18796.66,Churned Risk
3392,4,86177.05,15524.279999999997,21544.2625,2022-10-25,2024-11-10,True,86177.05,Mid Value
3393,6,27976.870000000003,10870.41,4662.811666666666,2022-08-06,2024-05-08,True,27976.87,Low Value
3394,4,4574.46,2270.42,1143.6149999999998,2023-01-11,2024-10-03,True,4574.46,Churned Risk
3395,5,122925.46,31328.189999999995,24585.092,2023-02-20,2023-11-01,True,122925.46,Mid Value
3396,4,31052.730000000003,7361.6500000000015,7763.1825,2022-07-23,2024-12-04,True,31052.73,Low Value
3397,3,35319.2,13365.970000000001,11773.066666666668,2022-07-17,2024-05-28,True,35319.2,Low Value
3398,7,114748.51,28357.589999999997,16392.644285714287,2022-02-13,2024-12-05,True,114748.51,Mid Value
3399,5,135187.26,25268.630000000005,27037.452,2022-11-06,2024-12-31,True,135187.26,Mid Value
3400,2,14647.210000000001,4802.84,7323.605,2022-12-18,2023-08-26,True,14647.21,Churned Risk
3401,6,43131.62,14963.02,7188.6033333333335,2023-11-16,2024-06-11,True,43131.62,Low Value
3402,6,38655.0,12136.98,6442.5,2022-01-04,2024-11-10,True,38655.0,Low Value
3403,6,32623.39,9364.78,5437.231666666667,2022-08-16,2024-12-14,True,32623.39,Low Value
3404,6,38249.35,14888.679999999998,6374.891666666666,2022-04-27,2024-11-07,True,38249.35,Low Value
3405,8,53922.72,15675.84,6740.34,2022-03-02,2024-12-04,True,53922.72,Mid Value
3406,6,44049.9,16063.52,7341.650000000001,2022-11-07,2024-11-26,True,44049.9,Low Value
3407,3,23975.63,7696.669999999999,7991.876666666667,2024-01-25,2024-08-03,True,23975.63,Churned Risk
3408,6,68324.27,15474.770000000004,11387.378333333334,2022-04-02,2024-05-25,True,68324.27,Mid Value
3409,3,13070.58,6122.03,4356.86,2023-06-10,2024-01-17,True,13070.58,Churned Risk
3410,8,47897.68,19711.5,5987.209999999999,2022-03-17,2024-09-17,True,47897.68,Low Value
3411,4,100180.54000000001,21442.029999999995,25045.135,2022-04-30,2024-05-31,True,100180.54,Mid Value
3412,7,26829.26,8649.53,3832.7514285714283,2022-06-14,2024-05-28,True,26829.26,Low Value
3413,3,59546.64,11581.120000000004,19848.88,2022-02-24,2022-06-30,True,59546.64,Mid Value
3414,4,94704.65,18765.309999999998,23676.162500000002,2022-12-14,2023-11-09,True,94704.65,Mid Value
3415,7,33498.36,13025.0,4785.4800000000005,2022-03-20,2024-07-02,True,33498.36,Low Value
3416,8,40470.340000000004,14791.39,5058.7925,2022-03-15,2024-01-29,True,40470.34,Low Value
3417,13,95222.17,23292.690000000002,7324.782307692308,2022-03-29,2024-12-23,True,95222.17,Mid Value
3418,5,23561.91,8019.39,4712.382,2022-04-06,2024-10-12,True,23561.91,Churned Risk
3419,4,29433.66,11969.08,7358.415000000001,2022-06-23,2023-10-25,True,29433.66,Low Value
3420,4,31105.7,15817.61,7776.424999999999,2022-09-14,2024-11-26,True,31105.7,Low Value
3421,8,32681.14,13861.949999999999,4085.1425000000004,2022-05-09,2024-07-15,True,32681.14,Low Value
3422,5,105295.56999999999,21709.399999999998,21059.114,2022-06-14,2022-12-28,True,105295.57,Mid Value
3423,6,30425.38,13015.67,5070.896666666667,2022-02-11,2024-08-21,True,30425.38,Low Value
3424,3,19667.68,7344.439999999999,6555.893333333333,2022-10-01,2023-09-06,True,19667.68,Churned Risk
3425,7,82858.8,20891.23,11836.971428571429,2022-01-02,2024-09-22,True,82858.8,Mid Value
3426,8,112013.73,23109.050000000014,14001.716250000001,2022-03-02,2024-11-01,True,112013.73,Mid Value
3427,8,33881.85,12191.87,4235.23125,2022-06-08,2024-07-09,True,33881.85,Low Value
3428,3,25834.84,9596.679999999998,8611.613333333333,2023-07-05,2024-11-06,True,25834.84,Low Value
3429,7,130651.56,33126.94,18664.50857142857,2022-03-01,2024-06-11,True,130651.56,Mid Value
3430,5,18252.72,7545.81,3650.5440000000003,2023-05-21,2024-10-15,True,18252.72,Churned Risk
3431,5,288053.69,44619.299999999996,57610.738,2022-02-23,2024-07-13,True,288053.69,High Value
3432,4,21134.18,8684.36,5283.545,2022-02-03,2024-04-16,True,21134.18,Churned Risk
3433,4,19871.11,9155.38,4967.777500000001,2022-01-22,2024-12-28,True,19871.11,Churned Risk
3434,3,9583.59,4796.41,3194.53,2022-06-03,2024-08-25,True,9583.59,Churned Risk
3435,6,51071.75,17554.42,8511.958333333334,2022-04-17,2024-05-02,True,51071.75,Low Value
3436,6,27617.67,11610.79,4602.945,2022-01-28,2024-12-02,True,27617.67,Low Value
3437,4,14535.880000000001,5924.7,3633.97,2022-01-26,2024-02-14,True,14535.88,Churned Risk
3438,2,92456.04,15443.349999999999,46228.02,2022-03-10,2022-07-05,True,92456.04,Mid Value
3439,2,172330.31,28100.869999999995,86165.155,2022-02-14,2024-07-07,True,172330.31,High Value
3440,4,9231.720000000001,4509.18,2307.9300000000003,2022-04-29,2024-09-20,True,9231.72,Churned Risk
3441,6,51253.32,19899.18,8542.22,2022-07-15,2024-11-04,True,51253.32,Low Value
3442,7,58265.159999999996,22547.05,8323.594285714285,2022-09-18,2024-10-14,True,58265.16,Mid Value
3443,5,341548.02,56625.96999999999,68309.60399999999,2022-05-23,2024-06-27,True,341548.02,High Value
3444,5,35878.53,15308.720000000001,7175.706000000001,2023-09-12,2024-11-10,True,35878.53,Low Value
3445,7,131986.07,28603.280000000013,18855.152857142857,2022-08-19,2024-05-02,True,131986.07,Mid Value
3446,3,77196.01,21071.65,25732.00333333333,2023-01-24,2024-10-10,True,77196.01,Mid Value
3447,9,203332.51,39937.149999999994,22592.50111111111,2022-01-27,2024-09-23,True,203332.51,High Value
3448,10,135269.05,34488.5,13526.905000000002,2022-04-25,2024-11-16,True,135269.05,Mid Value
3449,7,70654.04,25150.63,10093.434285714287,2022-01-14,2024-12-18,True,70654.04,Mid Value
3450,2,44070.7,10408.680000000004,22035.35,2022-10-23,2024-07-12,True,44070.7,Low Value
3451,6,65945.51000000001,13571.830000000005,10990.918333333335,2022-07-22,2024-02-02,True,65945.51,Mid Value
3452,2,7232.16,4103.39,3616.08,2022-06-26,2022-08-09,True,7232.16,Churned Risk
3453,8,111544.62,24417.910000000014,13943.0775,2022-03-12,2024-11-21,True,111544.62,Mid Value
3454,3,22903.32,8947.36,7634.44,2022-02-16,2023-04-12,True,22903.32,Churned Risk
3455,7,119749.11,33238.92,17107.015714285713,2022-05-18,2024-11-16,True,119749.11,Mid Value
3457,9,68443.02,18385.719999999998,7604.779999999999,2022-01-07,2024-11-21,True,68443.02,Mid Value
3458,7,29552.8,12593.07,4221.828571428572,2022-08-06,2024-10-30,True,29552.8,Low Value
3459,2,6213.98,3099.95,3106.99,2022-04-14,2023-12-29,True,6213.98,Churned Risk
3460,7,46109.65,16861.11,6587.092857142857,2022-08-11,2024-08-03,True,46109.65,Low Value
3461,4,51008.61,21048.14,12752.1525,2022-12-03,2024-04-01,True,51008.61,Low Value
3462,6,65657.61,21849.010000000002,10942.935,2022-02-18,2024-02-13,True,65657.61,Mid Value
3463,2,17775.35,6348.969999999999,8887.675,2023-09-07,2024-10-11,True,17775.35,Churned Risk
3464,9,344750.12,72349.01,38305.56888888889,2022-02-13,2024-12-12,True,344750.12,High Value
3465,2,13786.46,4888.36,6893.23,2023-11-05,2024-05-12,True,13786.46,Churned Risk
3466,4,21588.600000000002,8269.2,5397.150000000001,2022-04-13,2024-10-18,True,21588.6,Churned Risk
3467,4,6497.37,2740.11,1624.3424999999997,2022-08-09,2024-07-18,True,6497.37,Churned Risk
3468,7,507067.93,85320.44,72438.27571428572,2022-01-09,2024-03-21,True,507067.93,High Value
3469,6,28641.57,11206.869999999999,4773.595,2022-12-08,2024-05-30,True,28641.57,Low Value
3470,3,12284.169999999998,4541.4,4094.7233333333334,2022-03-15,2024-03-05,True,12284.17,Churned Risk
3471,9,336365.29,57779.03999999999,37373.92111111111,2022-07-22,2024-09-30,True,336365.29,High Value
3472,3,73011.18,15054.930000000004,24337.059999999998,2023-06-29,2024-12-02,True,73011.18,Mid Value
3473,7,54990.28,23230.94,7855.754285714286,2022-04-10,2024-10-19,True,54990.28,Mid Value
3474,4,24795.41,7452.1900000000005,6198.8525,2022-02-03,2024-12-09,True,24795.41,Low Value
3475,3,187151.65,34531.17999999999,62383.88333333333,2022-07-28,2022-12-16,True,187151.65,High Value
3476,3,124636.49,21630.19,41545.496666666666,2023-01-07,2023-04-14,True,124636.49,Mid Value
3477,1,577.4,262.19,577.4,2022-05-02,2022-05-02,False,577.4,Churned Risk
3478,2,5211.9,2197.11,2605.95,2024-02-28,2024-12-26,True,5211.9,Churned Risk
3479,4,14211.179999999998,6022.6,3552.795,2022-05-21,2024-03-16,True,14211.18,Churned Risk
3480,2,19087.19,10439.98,9543.595000000001,2023-12-06,2024-03-01,True,19087.19,Churned Risk
3481,4,185442.06,28914.519999999997,46360.515,2022-01-31,2024-05-27,True,185442.06,High Value
3482,5,164064.74,31132.119999999995,32812.948000000004,2022-02-01,2024-09-28,True,164064.74,Mid Value
3483,3,3774.38,1374.42,1258.1266666666666,2022-03-02,2024-11-12,True,3774.38,Churned Risk
3484,9,99009.21,34457.100000000006,11001.023333333334,2022-04-02,2024-10-28,True,99009.21,Mid Value
3485,5,96824.99000000002,20700.660000000014,19364.998000000003,2022-08-07,2024-10-17,True,96824.99,Mid Value
3486,1,10381.33,5401.84,10381.33,2022-12-20,2022-12-20,False,10381.33,Churned Risk
3487,4,106570.91,22544.719999999998,26642.7275,2022-05-24,2024-11-09,True,106570.91,Mid Value
3488,5,39907.55,13362.859999999999,7981.51,2022-07-30,2024-11-17,True,39907.55,Low Value
3489,6,37071.68,13877.32,6178.613333333334,2022-06-16,2024-11-05,True,37071.68,Low Value
3490,5,182060.97,31120.149999999994,36412.194,2023-02-08,2024-11-24,True,182060.97,High Value
3491,6,121698.43,28532.229999999996,20283.071666666667,2022-05-30,2024-09-06,True,121698.43,Mid Value
3492,5,51148.79,21191.940000000002,10229.758,2022-09-12,2024-05-19,True,51148.79,Low Value
3493,10,86923.04,25551.12,8692.304,2022-05-15,2024-12-16,True,86923.04,Mid Value
3494,5,21149.14,6515.1799999999985,4229.8279999999995,2022-01-18,2023-03-08,True,21149.14,Churned Risk
3495,7,165718.64,27591.019999999993,23674.091428571428,2022-08-11,2024-10-02,True,165718.64,High Value
3496,6,74506.5,25142.96,12417.75,2022-02-06,2024-09-03,True,74506.5,Mid Value
3497,5,30482.48,9183.820000000002,6096.496,2022-03-19,2024-10-08,True,30482.48,Low Value
3498,3,45885.02,13914.02,15295.006666666666,2022-07-29,2024-08-17,True,45885.02,Low Value
3499,1,6574.64,1606.58,6574.64,2022-02-18,2022-02-18,False,6574.64,Churned Risk
3500,6,29052.74,12278.49,4842.123333333334,2022-02-05,2023-06-18,True,29052.74,Low Value
3501,6,39078.020000000004,15570.96,6513.003333333334,2022-04-26,2024-06-24,True,39078.02,Low Value
3502,3,21325.07,6133.46,7108.356666666666,2022-03-04,2023-12-02,True,21325.07,Churned Risk
3503,4,26064.52,10020.800000000001,6516.13,2023-01-08,2023-05-03,True,26064.52,Low Value
3504,5,31952.27,9030.800000000001,6390.454,2022-03-04,2024-06-13,True,31952.27,Low Value
3505,3,18750.95,7425.669999999999,6250.316666666667,2023-02-22,2024-04-23,True,18750.95,Churned Risk
3506,5,22209.440000000002,7852.289999999999,4441.888,2022-06-21,2023-12-26,True,22209.44,Churned Risk
3507,5,57342.3,16366.289999999999,11468.46,2022-03-17,2024-05-09,True,57342.3,Mid Value
3508,2,17889.96,5580.21,8944.98,2022-01-15,2022-06-16,True,17889.96,Churned Risk
3509,9,181442.48,35951.650000000016,20160.275555555556,2022-04-29,2024-12-13,True,181442.48,High Value
3510,7,39904.08,14839.55,5700.582857142857,2023-01-20,2024-08-21,True,39904.08,Low Value
3511,2,6434.05,2787.76,3217.025,2022-08-19,2024-11-15,True,6434.05,Churned Risk
3512,3,177800.12,29605.089999999997,59266.706666666665,2023-05-11,2024-11-13,True,177800.12,High Value
3513,5,19226.3,7176.75,3845.2600000000007,2022-11-15,2024-06-24,True,19226.3,Churned Risk
3514,3,240482.70999999996,37226.17999999999,80160.90333333334,2023-04-24,2024-10-19,True,240482.71,High Value
3515,4,43458.369999999995,15579.810000000001,10864.5925,2022-07-24,2024-06-21,True,43458.37,Low Value
3516,4,36278.55,10256.289999999997,9069.637499999999,2022-03-31,2024-07-01,True,36278.55,Low Value
3517,7,123317.23,40639.409999999996,17616.74714285714,2022-09-14,2023-09-28,True,123317.23,Mid Value
3518,3,59208.54,14935.85,19736.180000000004,2022-06-06,2024-10-07,True,59208.54,Mid Value
3519,3,34842.31,13382.830000000002,11614.103333333333,2024-03-03,2024-10-08,True,34842.31,Low Value
3520,9,79584.02,29345.92,8842.66888888889,2022-06-06,2024-12-14,True,79584.02,Mid Value
3521,4,8063.139999999999,3576.83,2015.785,2022-03-12,2023-03-12,True,8063.14,Churned Risk
3522,6,375881.67,60440.08999999999,62646.945,2022-09-05,2024-12-18,True,375881.67,High Value
3523,2,18077.99,5611.299999999999,9038.995,2023-03-05,2023-06-26,True,18077.99,Churned Risk
3524,4,38654.45,9390.309999999998,9663.6125,2023-01-21,2024-11-11,True,38654.45,Low Value
3525,7,86781.28,24424.63,12397.325714285715,2022-03-07,2024-08-22,True,86781.28,Mid Value
3526,7,75517.03,27866.269999999997,10788.147142857142,2022-06-11,2023-11-25,True,75517.03,Mid Value
3527,10,203432.21,37645.88999999999,20343.220999999998,2022-01-29,2024-09-09,True,203432.21,High Value
3528,2,18417.09,7434.41,9208.545,2022-05-07,2022-09-15,True,18417.09,Churned Risk
3529,6,104194.8,20776.120000000014,17365.8,2022-06-06,2024-06-24,True,104194.8,Mid Value
3530,5,82234.42,29937.25,16446.884000000002,2022-05-24,2022-11-06,True,82234.42,Mid Value
3531,8,193299.62999999998,37445.55999999999,24162.45375,2022-02-17,2024-12-20,True,193299.63,High Value
3532,4,53305.14,14082.980000000001,13326.284999999998,2022-07-06,2024-01-01,True,53305.14,Mid Value
3533,9,53296.36,24131.54,5921.817777777778,2022-04-04,2024-10-28,True,53296.36,Mid Value
3534,1,4103.29,2152.4800000000005,4103.29,2024-05-20,2024-05-20,False,4103.29,Churned Risk
3535,4,18028.66,7360.179999999999,4507.165,2022-02-19,2024-06-02,True,18028.66,Churned Risk
3536,5,227357.85,47989.88,45471.56999999999,2022-03-10,2024-04-28,True,227357.85,High Value
3537,5,40242.68,14364.49,8048.536,2022-10-24,2024-11-25,True,40242.68,Low Value
3538,8,46121.64,11800.930000000002,5765.205,2022-01-25,2024-07-24,True,46121.64,Low Value
3539,5,19898.86,8269.24,3979.772,2022-02-22,2024-11-04,True,19898.86,Churned Risk
3540,4,16146.2,6296.010000000001,4036.55,2022-01-07,2024-07-12,True,16146.2,Churned Risk
3541,3,13631.07,4272.84,4543.69,2023-05-25,2024-12-26,True,13631.07,Churned Risk
3542,8,418263.43999999994,69202.71999999999,52282.93,2022-01-08,2024-11-23,True,418263.44,High Value
3543,3,23425.65,7500.319999999998,7808.55,2022-07-02,2023-12-10,True,23425.65,Churned Risk
3544,8,48344.94,18957.57,6043.1175,2022-05-02,2024-11-07,True,48344.94,Low Value
3545,5,25621.39,10270.279999999999,5124.278,2022-01-05,2024-05-13,True,25621.39,Low Value
3546,3,12673.48,6328.44,4224.493333333333,2022-12-19,2024-05-15,True,12673.48,Churned Risk
3547,5,50922.200000000004,8453.050000000003,10184.44,2022-11-04,2023-04-18,True,50922.2,Low Value
3548,2,3174.3,1543.94,1587.15,2022-03-16,2023-05-27,True,3174.3,Churned Risk
3549,5,33627.93,11335.01,6725.586,2022-08-28,2024-12-29,True,33627.93,Low Value
3550,7,48555.3,17461.98,6936.471428571428,2022-12-14,2024-04-25,True,48555.3,Low Value
3551,9,86130.46,27039.35,9570.051111111112,2022-03-11,2024-08-30,True,86130.46,Mid Value
3552,10,111378.35,27208.300000000003,11137.835,2022-03-25,2024-08-08,True,111378.35,Mid Value
3553,4,37708.49,14700.35,9427.1225,2022-04-18,2024-09-12,True,37708.49,Low Value
3554,6,26401.690000000002,10053.960000000001,4400.281666666667,2022-01-11,2024-11-27,True,26401.69,Low Value
3555,5,22065.15,8368.33,4413.030000000001,2022-07-31,2023-08-13,True,22065.15,Churned Risk
3556,4,65355.96,15887.06,16338.990000000002,2023-03-11,2024-10-19,True,65355.96,Mid Value
3557,3,23210.87,7234.0599999999995,7736.956666666668,2022-05-18,2023-09-25,True,23210.87,Churned Risk
3558,6,78442.75,18430.210000000003,13073.791666666666,2022-09-29,2024-07-04,True,78442.75,Mid Value
3559,8,226630.43,49523.420000000006,28328.80375,2022-02-26,2024-08-25,True,226630.43,High Value
3560,9,253061.58000000002,52970.490000000005,28117.953333333335,2022-02-28,2024-10-07,True,253061.58,High Value
3561,10,56253.21,20815.54,5625.321,2022-03-31,2024-08-16,True,56253.21,Mid Value
3562,9,112368.45999999999,36777.829999999994,12485.384444444444,2022-02-12,2024-07-13,True,112368.46,Mid Value
3563,5,58384.86,20820.620000000003,11676.972,2022-11-03,2024-10-18,True,58384.86,Mid Value
3564,8,294783.55,52549.31999999999,36847.94375,2023-01-26,2024-12-31,True,294783.55,High Value
3565,7,29234.530000000002,12026.33,4176.361428571428,2022-04-04,2024-12-14,True,29234.53,Low Value
3566,2,5641.5199999999995,3681.8,2820.7599999999998,2022-07-31,2023-03-18,True,5641.52,Churned Risk
3567,6,41196.4,9402.250000000002,6866.066666666666,2022-02-04,2024-02-22,True,41196.4,Low Value
3568,2,24794.73,10788.179999999998,12397.365,2023-05-17,2023-09-17,True,24794.73,Low Value
3569,8,167266.36,34464.23,20908.295,2022-02-02,2024-08-12,True,167266.36,High Value
3570,2,22357.32,7352.350000000001,11178.66,2023-10-27,2024-03-28,True,22357.32,Churned Risk
3571,6,34443.71,10149.31,5740.618333333333,2022-04-26,2024-08-05,True,34443.71,Low Value
3572,11,173103.63,41193.720000000016,15736.693636363636,2022-06-03,2024-12-23,True,173103.63,High Value
3573,2,7491.59,2601.2599999999998,3745.795,2022-01-06,2022-05-19,True,7491.59,Churned Risk
3574,5,23353.0,9450.6,4670.6,2022-01-04,2024-03-31,True,23353.0,Churned Risk
3575,8,72696.22,21295.219999999998,9087.0275,2022-04-17,2024-08-16,True,72696.22,Mid Value
3576,6,42025.479999999996,12997.1,7004.246666666667,2022-02-09,2023-01-29,True,42025.48,Low Value
3577,8,60927.94,25830.82,7615.9925,2022-02-16,2024-04-28,True,60927.94,Mid Value
3578,5,43641.659999999996,10860.38,8728.331999999999,2022-01-06,2024-08-19,True,43641.66,Low Value
3579,6,35578.41,13376.660000000002,5929.735000000001,2022-01-01,2024-11-08,True,35578.41,Low Value
3580,8,31337.83,12060.080000000002,3917.22875,2022-02-14,2024-11-27,True,31337.83,Low Value
3581,5,88957.5,20251.050000000003,17791.5,2022-11-05,2024-09-13,True,88957.5,Mid Value
3582,4,23598.94,7565.25,5899.735000000001,2022-03-30,2023-10-02,True,23598.94,Churned Risk
3583,4,22286.28,8742.630000000001,5571.57,2022-01-11,2024-04-06,True,22286.28,Churned Risk
3584,3,10714.33,4112.78,3571.4433333333327,2023-04-20,2024-01-08,True,10714.33,Churned Risk
3585,8,41954.1,14735.32,5244.2625,2022-03-17,2024-03-30,True,41954.1,Low Value
3586,3,10368.8,4674.0,3456.2666666666664,2022-09-08,2024-08-03,True,10368.8,Churned Risk
3587,8,117994.7,29062.789999999997,14749.337499999998,2022-08-14,2024-09-26,True,117994.7,Mid Value
3588,7,106646.03,23143.6,15235.147142857142,2022-04-11,2024-03-19,True,106646.03,Mid Value
3589,8,91613.97,23638.039999999997,11451.74625,2022-05-28,2024-06-18,True,91613.97,Mid Value
3590,2,5698.0,2634.47,2849.0,2023-07-27,2023-11-25,True,5698.0,Churned Risk
3592,4,49829.299999999996,14126.739999999998,12457.325,2022-04-14,2024-04-28,True,49829.3,Low Value
3593,5,15105.4,6317.99,3021.08,2022-06-25,2024-07-20,True,15105.4,Churned Risk
3594,4,39948.21,14603.220000000001,9987.0525,2022-06-28,2024-07-11,True,39948.21,Low Value
3595,3,17967.82,9247.91,5989.2733333333335,2023-05-27,2024-07-03,True,17967.82,Churned Risk
3596,8,33258.19,12784.49,4157.27375,2022-07-29,2024-09-23,True,33258.19,Low Value
3597,7,53479.700000000004,16517.280000000002,7639.9571428571435,2022-04-02,2024-09-16,True,53479.7,Mid Value
3598,1,3674.17,1779.5400000000002,3674.17,2022-04-13,2022-04-13,False,3674.17,Churned Risk
3599,3,15086.12,5662.7,5028.706666666666,2022-10-05,2024-03-17,True,15086.12,Churned Risk
3600,4,47306.05,14002.750000000002,11826.5125,2022-03-09,2024-11-04,True,47306.05,Low Value
3601,3,23100.33,4059.9399999999987,7700.11,2022-05-13,2024-05-18,True,23100.33,Churned Risk
3602,7,223595.05,46648.439999999995,31942.149999999998,2022-09-20,2024-09-07,True,223595.05,High Value
3603,4,89901.4,18053.77,22475.35,2022-12-23,2024-08-17,True,89901.4,Mid Value
3604,6,113067.52,25042.69,18844.586666666666,2022-01-07,2024-11-04,True,113067.52,Mid Value
3605,7,94975.24,18043.529999999995,13567.891428571429,2022-07-08,2024-03-07,True,94975.24,Mid Value
3606,7,71789.49,25252.94,10255.641428571429,2022-06-28,2024-10-27,True,71789.49,Mid Value
3607,10,47985.35,20672.89,4798.535000000001,2022-05-16,2024-12-21,True,47985.35,Low Value
3608,4,10473.46,3351.25,2618.3650000000002,2022-11-05,2024-12-21,True,10473.46,Churned Risk
3609,4,27532.83,9609.67,6883.2074999999995,2022-07-25,2024-12-26,True,27532.83,Low Value
3610,5,23172.5,9915.310000000001,4634.5,2022-06-24,2024-12-11,True,23172.5,Churned Risk
3611,5,37994.91,12616.279999999999,7598.982000000001,2022-01-08,2024-12-05,True,37994.91,Low Value
3612,2,3838.17,1386.1800000000003,1919.085,2022-09-24,2024-03-17,True,3838.17,Churned Risk
3613,6,30189.48,13252.730000000001,5031.580000000001,2022-02-04,2024-12-06,True,30189.48,Low Value
3614,5,38920.659999999996,15651.909999999996,7784.132,2022-03-15,2024-12-17,True,38920.66,Low Value
3615,5,101319.56,20856.309999999998,20263.912,2022-01-19,2023-02-21,True,101319.56,Mid Value
3616,2,5575.02,2573.1,2787.51,2024-03-27,2024-10-08,True,5575.02,Churned Risk
3617,4,27617.85,10359.22,6904.462500000001,2022-01-15,2024-08-07,True,27617.85,Low Value
3618,6,92444.21,26165.140000000003,15407.368333333334,2022-05-04,2024-06-08,True,92444.21,Mid Value
3619,3,25048.66,8008.0,8349.553333333333,2023-03-10,2023-11-09,True,25048.66,Low Value
3620,5,37262.36,14424.84,7452.472,2022-03-15,2024-10-19,True,37262.36,Low Value
3621,5,46445.92,19168.44,9289.184,2023-04-23,2024-09-14,True,46445.92,Low Value
3623,1,6235.82,2431.2,6235.82,2022-05-24,2022-05-24,False,6235.82,Churned Risk
3624,2,24574.87,6898.389999999999,12287.435,2022-11-26,2023-09-20,True,24574.87,Low Value
3625,12,140346.14,40478.979999999996,11695.511666666665,2022-01-09,2024-12-06,True,140346.14,Mid Value
3626,3,23416.98,10809.34,7805.660000000001,2022-05-06,2024-08-26,True,23416.98,Churned Risk
3627,5,38912.74,13852.949999999999,7782.548,2022-03-10,2024-12-08,True,38912.74,Low Value
3628,9,46666.09,17311.87,5185.121111111111,2022-09-29,2024-08-27,True,46666.09,Low Value
3629,3,32336.85,10732.359999999999,10778.949999999999,2023-06-02,2024-09-04,True,32336.85,Low Value
3630,3,24304.48,8742.99,8101.493333333333,2022-01-16,2022-10-09,True,24304.48,Low Value
3631,7,83025.13,20423.180000000004,11860.732857142857,2022-02-20,2024-11-16,True,83025.13,Mid Value
3632,6,335341.51999999996,55385.14,55890.25333333333,2022-02-04,2024-10-24,True,335341.52,High Value
3633,6,58519.82,12902.28,9753.303333333335,2022-05-24,2024-12-02,True,58519.82,Mid Value
3634,10,363546.37,65720.11,36354.636999999995,2022-01-11,2024-06-07,True,363546.37,High Value
3635,4,203832.64,41423.729999999996,50958.159999999996,2022-04-15,2024-07-17,True,203832.64,High Value
3636,5,40033.55,12777.980000000001,8006.710000000001,2022-06-19,2024-09-11,True,40033.55,Low Value
3637,6,146909.15,31298.269999999997,24484.858333333337,2022-06-23,2024-08-16,True,146909.15,Mid Value
3638,7,71329.11,20500.42,10189.872857142856,2022-05-01,2024-08-18,True,71329.11,Mid Value
3639,8,160763.85,38485.68,20095.481249999997,2022-02-10,2024-10-12,True,160763.85,Mid Value
3640,2,3802.24,2151.7799999999997,1901.12,2023-04-10,2023-07-07,True,3802.24,Churned Risk
3641,1,2067.26,965.5700000000002,2067.26,2024-07-10,2024-07-10,False,2067.26,Churned Risk
3642,6,43477.29,11115.519999999999,7246.215000000001,2023-06-05,2024-07-15,True,43477.29,Low Value
3643,4,21986.03,9699.99,5496.507500000001,2023-02-27,2024-01-12,True,21986.03,Churned Risk
3644,6,101037.62,26258.4,16839.603333333333,2022-02-04,2024-08-19,True,101037.62,Mid Value
3645,8,34390.64,10637.1,4298.83,2022-01-09,2024-07-14,True,34390.64,Low Value
3646,3,18723.88,7276.27,6241.293333333334,2022-08-03,2024-02-28,True,18723.88,Churned Risk
3647,5,30352.3,12790.75,6070.459999999999,2022-02-22,2024-01-11,True,30352.3,Low Value
3648,6,251649.43,49452.95999999999,41941.57166666666,2022-08-07,2024-11-18,True,251649.43,High Value
3649,3,15341.43,5875.839999999998,5113.81,2022-03-14,2024-07-26,True,15341.43,Churned Risk
3650,6,93278.19,25371.54,15546.365000000005,2022-09-12,2024-03-12,True,93278.19,Mid Value
3651,6,162989.09000000003,31579.20000000002,27164.84833333334,2022-05-10,2024-10-13,True,162989.09,Mid Value
3652,5,45816.88,15059.09,9163.376,2023-02-17,2024-12-26,True,45816.88,Low Value
3653,5,112105.48999999999,23660.989999999998,22421.098,2022-05-01,2023-10-18,True,112105.49,Mid Value
3654,5,39505.74,15142.37,7901.148000000001,2022-03-15,2024-08-20,True,39505.74,Low Value
3655,5,26390.489999999998,10480.789999999999,5278.098,2022-11-20,2024-06-06,True,26390.49,Low Value
3656,4,36317.3,11378.24,9079.324999999999,2022-08-18,2024-01-28,True,36317.3,Low Value
3657,6,58449.35,23663.32,9741.558333333334,2022-02-24,2024-04-18,True,58449.35,Mid Value
3658,2,11905.83,3150.6099999999997,5952.915,2022-02-28,2023-03-24,True,11905.83,Churned Risk
3659,8,30557.46,10377.71,3819.6825,2022-07-27,2024-04-07,True,30557.46,Low Value
3660,8,48191.52,18332.61,6023.9400000000005,2023-05-06,2024-11-04,True,48191.52,Low Value
3661,6,69828.05,22798.679999999997,11638.008333333331,2022-01-04,2024-02-02,True,69828.05,Mid Value
3662,3,92650.94,18407.309999999998,30883.646666666667,2022-01-15,2024-10-17,True,92650.94,Mid Value
3663,4,106619.75000000001,17892.580000000016,26654.9375,2022-06-16,2024-08-21,True,106619.75,Mid Value
3664,4,35600.06,8091.070000000002,8900.015,2022-08-20,2024-06-30,True,35600.06,Low Value
3665,4,20129.870000000003,8265.840000000002,5032.467500000001,2023-02-12,2023-12-30,True,20129.87,Churned Risk
3666,6,150710.71,27819.740000000016,25118.451666666664,2022-02-07,2023-08-07,True,150710.71,Mid Value
3667,5,43324.01,15680.449999999997,8664.802,2022-03-25,2024-03-01,True,43324.01,Low Value
3668,10,148344.50999999998,43228.62,14834.450999999997,2022-08-18,2024-10-05,True,148344.51,Mid Value
3670,5,44538.75,11865.14,8907.75,2022-02-03,2023-12-12,True,44538.75,Low Value
3671,3,26109.48,9279.41,8703.16,2022-12-16,2024-10-14,True,26109.48,Low Value
3672,4,165214.07,27940.279999999995,41303.5175,2022-07-24,2024-02-22,True,165214.07,Mid Value
3673,4,15446.0,6955.27,3861.5,2022-10-01,2024-09-19,True,15446.0,Churned Risk
3674,4,42328.42,15491.029999999999,10582.105,2022-06-28,2024-09-22,True,42328.42,Low Value
3675,8,56625.54,24343.92,7078.1925,2023-02-12,2024-12-13,True,56625.54,Mid Value
3676,1,6821.110000000001,2228.58,6821.110000000001,2022-03-06,2022-03-06,False,6821.11,Churned Risk
3677,1,7639.4,4121.15,7639.4,2022-05-12,2022-05-12,False,7639.4,Churned Risk
3678,2,8045.97,4288.4800000000005,4022.985,2022-12-05,2024-10-17,True,8045.97,Churned Risk
3679,3,22575.97,8870.93,7525.323333333334,2022-12-26,2023-11-24,True,22575.97,Churned Risk
3680,5,46586.39,10775.979999999998,9317.278,2022-02-26,2024-07-07,True,46586.39,Low Value
3681,7,52811.65,15919.05,7544.521428571427,2022-02-08,2024-12-19,True,52811.65,Low Value
3682,5,24059.54,7830.419999999999,4811.907999999999,2022-11-29,2023-11-06,True,24059.54,Churned Risk
3683,1,1373.02,661.75,1373.02,2022-04-05,2022-04-05,False,1373.02,Churned Risk
3684,3,6179.5,2454.24,2059.8333333333335,2022-11-04,2024-07-10,True,6179.5,Churned Risk
3685,6,264206.44,50269.21000000001,44034.40666666667,2022-02-02,2024-10-29,True,264206.44,High Value
3686,1,6700.68,3534.57,6700.68,2023-10-02,2023-10-02,False,6700.68,Churned Risk
3687,8,139375.13,32372.57,17421.89125,2022-04-16,2024-12-17,True,139375.13,Mid Value
3688,3,30912.949999999997,9368.74,10304.316666666666,2022-12-17,2023-09-19,True,30912.95,Low Value
3689,2,6036.99,3357.52,3018.495,2023-02-18,2024-04-09,True,6036.99,Churned Risk
3690,5,48929.130000000005,18304.670000000002,9785.826,2022-04-11,2023-12-31,True,48929.13,Low Value
3691,8,200395.1,39129.98,25049.387499999997,2023-02-13,2023-11-01,True,200395.1,High Value
3692,3,26811.41,4939.230000000002,8937.136666666667,2022-01-18,2022-02-09,True,26811.41,Low Value
3693,6,110491.89,22400.379999999997,18415.315,2022-04-09,2024-10-02,True,110491.89,Mid Value
3694,6,26382.07,9398.119999999999,4397.011666666667,2022-07-27,2024-09-14,True,26382.07,Low Value
3695,5,81094.9,20637.390000000003,16218.980000000001,2022-02-06,2024-03-21,True,81094.9,Mid Value
3696,4,11688.94,4273.6900000000005,2922.235,2022-03-12,2024-08-21,True,11688.94,Churned Risk
3697,5,31457.16,7911.84,6291.432000000001,2022-04-04,2024-08-11,True,31457.16,Low Value
3698,7,46580.479999999996,18304.399999999998,6654.354285714284,2022-01-16,2023-07-20,True,46580.48,Low Value
3699,3,6889.2300000000005,2936.21,2296.4100000000003,2022-05-26,2023-08-29,True,6889.23,Churned Risk
3700,2,3775.19,2332.5,1887.595,2023-05-25,2023-10-01,True,3775.19,Churned Risk
3701,6,180820.35,30155.16999999999,30136.725000000002,2022-05-09,2023-03-06,True,180820.35,High Value
3702,2,5115.67,1906.8899999999999,2557.835,2022-10-19,2024-04-23,True,5115.67,Churned Risk
3703,1,413.24,222.3,413.24,2022-06-08,2022-06-08,False,413.24,Churned Risk
3704,5,25421.170000000002,9299.93,5084.234,2023-02-16,2024-11-08,True,25421.17,Low Value
3705,6,30411.96,14466.93,5068.66,2023-02-08,2024-12-19,True,30411.96,Low Value
3706,9,41170.74,17131.68,4574.526666666668,2022-05-02,2024-09-19,True,41170.74,Low Value
3707,3,17799.72,6803.25,5933.240000000001,2022-01-25,2023-01-28,True,17799.72,Churned Risk
3708,4,34382.32,6504.970000000002,8595.58,2022-06-24,2024-01-03,True,34382.32,Low Value
3709,7,49116.79,20025.920000000002,7016.684285714286,2022-09-22,2024-11-15,True,49116.79,Low Value
3710,3,33305.05,9323.93,11101.683333333334,2024-01-01,2024-10-25,True,33305.05,Low Value
3711,4,16407.850000000002,6135.400000000001,4101.9625,2022-12-17,2024-10-27,True,16407.85,Churned Risk
3712,4,29817.92,10176.84,7454.48,2022-03-24,2024-11-15,True,29817.92,Low Value
3713,6,27926.7,13165.11,4654.45,2023-09-10,2024-10-30,True,27926.7,Low Value
3714,3,18476.870000000003,6891.360000000001,6158.956666666668,2022-02-14,2024-10-08,True,18476.87,Churned Risk
3715,4,21863.72,9098.73,5465.929999999999,2022-09-16,2024-03-05,True,21863.72,Churned Risk
3716,7,42941.7,15492.58,6134.528571428571,2022-06-20,2024-03-26,True,42941.7,Low Value
3717,5,47155.07,15517.629999999997,9431.014,2022-02-28,2024-03-23,True,47155.07,Low Value
3718,7,95980.35,18704.75,13711.478571428572,2023-07-08,2024-08-18,True,95980.35,Mid Value
3719,6,30427.62,13828.93,5071.2699999999995,2022-04-25,2023-04-25,True,30427.62,Low Value
3720,6,34240.0,8623.74,5706.666666666667,2023-09-08,2024-12-07,True,34240.0,Low Value
3721,5,33409.46,7536.919999999999,6681.892000000002,2023-07-23,2024-01-16,True,33409.46,Low Value
3722,7,39137.62,15519.73,5591.088571428571,2022-01-26,2024-09-23,True,39137.62,Low Value
3723,1,577.4,262.19,577.4,2023-11-30,2023-11-30,False,577.4,Churned Risk
3724,7,91789.47,17692.660000000014,13112.781428571428,2022-06-24,2024-10-25,True,91789.47,Mid Value
3725,6,40762.71,16003.98,6793.785,2022-08-16,2024-06-25,True,40762.71,Low Value
3726,4,191663.46000000002,36048.409999999996,47915.865,2022-05-11,2024-12-14,True,191663.46,High Value
3727,9,65965.23999999999,21969.14,7329.47111111111,2022-05-01,2024-07-09,True,65965.24,Mid Value
3728,5,51478.979999999996,21004.94,10295.795999999998,2022-03-25,2024-03-22,True,51478.98,Low Value
3729,3,13465.99,5783.749999999999,4488.663333333333,2022-07-23,2024-03-23,True,13465.99,Churned Risk
3730,5,18214.18,6788.83,3642.8360000000002,2022-05-19,2024-12-10,True,18214.18,Churned Risk
3731,4,63862.98,21565.33,15965.745,2022-02-14,2023-06-28,True,63862.98,Mid Value
3732,4,97906.95000000001,18329.20000000001,24476.737500000003,2022-04-15,2024-10-05,True,97906.95,Mid Value
3733,7,51185.71,20111.16,7312.244285714286,2022-05-03,2024-02-19,True,51185.71,Low Value
3734,3,114288.36,17637.570000000014,38096.12,2023-07-30,2024-07-05,True,114288.36,Mid Value
3735,10,40051.7,15817.730000000001,4005.1699999999996,2022-10-10,2024-09-04,True,40051.7,Low Value
3736,4,20067.86,8528.39,5016.964999999999,2022-05-20,2024-04-12,True,20067.86,Churned Risk
3737,5,43976.09,10963.47,8795.217999999999,2022-01-03,2023-07-16,True,43976.09,Low Value
3738,8,74870.01,24751.2,9358.751250000001,2022-04-30,2024-12-07,True,74870.01,Mid Value
3739,6,47527.32,21511.71,7921.22,2023-03-30,2024-01-27,True,47527.32,Low Value
3740,5,77612.08,19544.310000000005,15522.416000000001,2022-03-19,2024-11-10,True,77612.08,Mid Value
3741,6,34433.49,13142.18,5738.915,2022-04-15,2024-04-16,True,34433.49,Low Value
3742,9,46906.7,12529.16,5211.855555555556,2022-09-23,2024-07-26,True,46906.7,Low Value
3743,3,24945.09,8942.25,8315.03,2022-07-19,2022-11-24,True,24945.09,Low Value
3744,1,728.19,301.49000000000007,728.19,2022-11-13,2022-11-13,False,728.19,Churned Risk
3745,7,71048.94,22652.88,10149.848571428573,2022-01-22,2024-11-01,True,71048.94,Mid Value
3746,11,109141.6,31961.750000000004,9921.963636363636,2022-01-07,2024-05-18,True,109141.6,Mid Value
3747,7,148077.82,37342.53,21153.97428571429,2022-03-17,2024-12-16,True,148077.82,Mid Value
3748,7,138871.2,26635.59,19838.742857142854,2022-10-31,2024-05-09,True,138871.2,Mid Value
3749,6,42395.71,15632.46,7065.951666666668,2022-01-03,2024-07-20,True,42395.71,Low Value
3750,4,175919.02,30236.319999999996,43979.755000000005,2022-08-25,2023-02-22,True,175919.02,High Value
3751,9,149011.7,34348.11,16556.855555555554,2022-03-02,2024-06-09,True,149011.7,Mid Value
3752,12,192239.0,40805.31999999999,16019.916666666664,2022-02-27,2024-10-25,True,192239.0,High Value
3753,7,64529.450000000004,24153.59,9218.492857142857,2022-03-24,2024-09-24,True,64529.45,Mid Value
3754,9,96428.06999999999,17660.789999999997,10714.230000000001,2023-08-24,2024-12-22,True,96428.07,Mid Value
3755,5,25368.41,11059.28,5073.682000000001,2022-04-28,2024-06-11,True,25368.41,Low Value
3756,8,45161.49,19815.86,5645.18625,2022-11-10,2024-12-30,True,45161.49,Low Value
3757,7,25249.710000000003,11432.84,3607.1014285714286,2022-07-12,2024-11-20,True,25249.71,Low Value
3758,11,76154.81,27422.089999999997,6923.164545454545,2022-01-28,2024-08-26,True,76154.81,Mid Value
3759,6,12253.0,4928.78,2042.1666666666667,2022-01-19,2023-11-20,True,12253.0,Churned Risk
3760,5,36952.73,12942.279999999999,7390.545999999999,2022-08-15,2024-03-31,True,36952.73,Low Value
3761,3,29876.26,10398.77,9958.753333333334,2023-04-30,2024-06-19,True,29876.26,Low Value
3762,5,25980.39,7261.869999999999,5196.0779999999995,2022-07-22,2024-08-18,True,25980.39,Low Value
3763,6,47575.27,20493.93,7929.211666666666,2022-12-30,2024-01-22,True,47575.27,Low Value
3764,5,74044.79,23074.86,14808.957999999999,2022-08-27,2024-12-31,True,74044.79,Mid Value
3765,5,34823.84,12481.519999999999,6964.768000000001,2023-03-17,2024-11-02,True,34823.84,Low Value
3766,2,10130.230000000001,2550.790000000001,5065.115000000001,2023-06-11,2024-07-10,True,10130.23,Churned Risk
3767,7,174615.35,31327.519999999997,24945.05,2022-04-15,2024-12-26,True,174615.35,High Value
3768,7,66898.51,20816.36,9556.929999999998,2022-07-30,2024-11-29,True,66898.51,Mid Value
3769,3,12385.27,4553.21,4128.423333333333,2023-11-24,2024-05-25,True,12385.27,Churned Risk
3770,8,41233.92,14756.559999999998,5154.24,2022-02-13,2024-10-08,True,41233.92,Low Value
3771,4,22293.75,5716.580000000001,5573.437499999999,2023-01-02,2024-01-14,True,22293.75,Churned Risk
3772,3,17530.2,6600.5,5843.400000000001,2022-06-18,2023-03-15,True,17530.2,Churned Risk
3773,8,101945.56000000001,22254.270000000008,12743.195,2022-02-12,2024-10-07,True,101945.56,Mid Value
3774,8,26895.37,10105.75,3361.9212500000003,2023-01-06,2024-12-11,True,26895.37,Low Value
3775,3,28884.739999999998,8098.099999999999,9628.246666666666,2022-03-18,2024-05-03,True,28884.74,Low Value
3776,8,40958.75,14869.589999999998,5119.84375,2022-03-08,2024-09-14,True,40958.75,Low Value
3777,8,36042.88,17252.29,4505.36,2022-04-26,2024-12-27,True,36042.88,Low Value
3778,6,26456.92,12297.46,4409.486666666667,2022-04-02,2024-11-25,True,26456.92,Low Value
3779,4,41356.61,15400.349999999999,10339.1525,2022-12-16,2024-09-01,True,41356.61,Low Value
3780,2,9212.84,1888.7800000000002,4606.42,2022-09-07,2022-09-28,True,9212.84,Churned Risk
3781,4,185007.11000000002,28396.260000000006,46251.7775,2022-11-13,2024-12-03,True,185007.11,High Value
3782,2,16992.47,3574.039999999998,8496.235,2022-07-08,2023-06-13,True,16992.47,Churned Risk
3783,3,24055.85,6433.5599999999995,8018.616666666668,2024-06-14,2024-09-16,True,24055.85,Churned Risk
3784,5,48664.24,13224.169999999998,9732.848,2022-07-30,2024-02-18,True,48664.24,Low Value
3785,8,101130.72,26446.11,12641.34,2022-05-16,2024-08-06,True,101130.72,Mid Value
3786,8,41919.24,19994.620000000003,5239.905000000001,2022-05-06,2024-10-29,True,41919.24,Low Value
3787,7,49976.8,17694.25,7139.542857142857,2022-08-01,2024-04-28,True,49976.8,Low Value
3788,4,14455.51,4452.2,3613.8774999999996,2022-11-11,2024-07-22,True,14455.51,Churned Risk
3789,6,112290.87,24809.53,18715.145,2022-02-07,2023-08-24,True,112290.87,Mid Value
3790,3,8328.09,4149.29,2776.03,2022-01-05,2023-08-29,True,8328.09,Churned Risk
3791,5,22290.64,9540.499999999998,4458.128,2022-12-22,2024-06-19,True,22290.64,Churned Risk
3792,9,37404.01,17202.29,4156.001111111112,2022-06-16,2024-10-29,True,37404.01,Low Value
3793,3,165400.19,26553.6,55133.39666666667,2022-01-17,2024-06-30,True,165400.19,Mid Value
3794,3,105760.17,19715.53,35253.39,2022-02-08,2024-03-07,True,105760.17,Mid Value
3795,4,5758.16,2712.9300000000003,1439.54,2023-05-14,2024-12-26,True,5758.16,Churned Risk
3796,5,20347.96,8807.3,4069.591999999999,2022-04-05,2023-10-22,True,20347.96,Churned Risk
3797,4,48401.32,19256.58,12100.33,2022-08-02,2024-04-03,True,48401.32,Low Value
3798,2,5126.6900000000005,2470.27,2563.3450000000003,2022-07-17,2023-07-18,True,5126.69,Churned Risk
3799,8,47310.72,18943.780000000002,5913.84,2022-06-01,2024-12-11,True,47310.72,Low Value
3800,6,126883.02,27977.140000000014,21147.170000000002,2022-10-24,2024-08-06,True,126883.02,Mid Value
3801,5,32997.880000000005,14848.01,6599.576000000001,2022-01-25,2023-10-17,True,32997.88,Low Value
3802,7,46868.17,14758.73,6695.452857142857,2022-07-31,2024-08-13,True,46868.17,Low Value
3803,4,78795.87000000001,18822.530000000006,19698.9675,2023-07-15,2024-08-24,True,78795.87,Mid Value
3804,6,42221.73,16785.95,7036.955000000001,2022-04-23,2024-05-07,True,42221.73,Low Value
3805,4,11446.85,4965.14,2861.7124999999996,2022-09-19,2023-12-19,True,11446.85,Churned Risk
3806,3,8583.71,3727.46,2861.236666666666,2022-03-03,2023-11-16,True,8583.71,Churned Risk
3807,9,68921.0,23278.59,7657.888888888889,2022-04-26,2024-10-14,True,68921.0,Mid Value
3808,6,43019.79,12793.659999999998,7169.964999999999,2022-03-07,2024-01-27,True,43019.79,Low Value
3809,9,63730.04,25260.78,7081.115555555556,2022-03-11,2024-06-21,True,63730.04,Mid Value
3810,4,65335.59,23146.1,16333.8975,2022-12-28,2024-07-29,True,65335.59,Mid Value
3811,6,60408.3,24303.49,10068.050000000001,2022-08-21,2024-09-08,True,60408.3,Mid Value
3812,3,29427.239999999998,14118.79,9809.08,2023-01-13,2024-10-23,True,29427.24,Low Value
3813,5,29338.34,9942.27,5867.668,2022-01-26,2024-12-06,True,29338.34,Low Value
3814,2,10629.66,3803.0199999999995,5314.83,2023-03-12,2024-02-27,True,10629.66,Churned Risk
3815,6,27583.38,11420.84,4597.23,2022-05-10,2024-02-21,True,27583.38,Low Value
3816,6,82236.83,28719.760000000006,13706.138333333334,2022-03-13,2024-10-18,True,82236.83,Mid Value
3817,6,25133.25,7208.08,4188.875,2022-03-23,2024-04-28,True,25133.25,Low Value
3818,9,42671.31,15308.240000000002,4741.256666666667,2022-05-08,2024-11-29,True,42671.31,Low Value
3819,2,5573.13,2481.7599999999998,2786.565,2022-04-19,2024-04-18,True,5573.13,Churned Risk
3820,3,19247.44,4945.119999999999,6415.813333333333,2022-05-20,2024-12-09,True,19247.44,Churned Risk
3821,4,16602.36,5546.369999999999,4150.59,2022-01-17,2024-07-08,True,16602.36,Churned Risk
3822,7,185977.46,36557.34000000001,26568.20857142857,2022-03-23,2024-06-05,True,185977.46,High Value
3823,6,25995.28,9848.3,4332.546666666666,2022-03-19,2024-08-20,True,25995.28,Low Value
3824,9,78608.89,26542.66,8734.32111111111,2022-11-15,2024-10-03,True,78608.89,Mid Value
3825,4,18583.42,7894.41,4645.855,2022-01-30,2024-04-18,True,18583.42,Churned Risk
3826,5,104559.58,24753.030000000002,20911.915999999997,2022-02-13,2024-12-28,True,104559.58,Mid Value
3827,4,14277.25,5980.780000000001,3569.3125,2022-08-11,2024-05-18,True,14277.25,Churned Risk
3828,2,100972.22,22058.78,50486.11,2022-12-05,2023-10-19,True,100972.22,Mid Value
3829,3,55871.01,21163.129999999997,18623.67,2023-03-24,2024-08-21,True,55871.01,Mid Value
3830,3,103396.07,17817.85,34465.35666666667,2022-05-26,2024-07-02,True,103396.07,Mid Value
3831,5,124932.65,26495.64,24986.530000000002,2022-02-04,2024-08-11,True,124932.65,Mid Value
3832,2,2203.49,1026.83,1101.745,2022-11-25,2024-06-21,True,2203.49,Churned Risk
3833,6,83613.54000000001,26946.110000000004,13935.590000000002,2022-01-17,2024-06-02,True,83613.54,Mid Value
3834,2,6009.84,2896.78,3004.92,2022-10-07,2024-08-12,True,6009.84,Churned Risk
3835,4,244989.46999999997,39269.10999999999,61247.36749999999,2022-09-28,2024-06-14,True,244989.47,High Value
3836,8,81043.17,28966.5,10130.39625,2022-05-06,2024-12-28,True,81043.17,Mid Value
3837,8,237737.56,41563.25000000001,29717.195,2022-09-09,2024-12-24,True,237737.56,High Value
3838,9,57166.770000000004,22766.539999999997,6351.863333333333,2022-02-22,2024-12-08,True,57166.77,Mid Value
3839,3,7116.820000000001,1924.5,2372.273333333333,2022-06-28,2024-07-22,True,7116.82,Churned Risk
3840,3,26447.2,8025.01,8815.733333333332,2023-02-12,2024-12-03,True,26447.2,Low Value
3841,8,68606.21,19967.260000000002,8575.776249999999,2022-01-27,2024-09-15,True,68606.21,Mid Value
3842,1,7466.46,947.9200000000001,7466.46,2023-07-10,2023-07-10,False,7466.46,Churned Risk
3843,3,24445.01,7430.759999999998,8148.336666666666,2023-03-09,2024-01-16,True,24445.01,Low Value
3844,10,168185.64,37197.65,16818.564000000002,2022-02-10,2024-12-17,True,168185.64,High Value
3845,4,24338.19,9659.31,6084.547500000001,2023-06-03,2024-11-26,True,24338.19,Low Value
3846,3,13403.699999999999,6433.46,4467.9,2024-01-25,2024-06-12,True,13403.7,Churned Risk
3847,1,2861.37,1087.23,2861.37,2023-07-25,2023-07-25,False,2861.37,Churned Risk
3848,7,47288.5,14738.29,6755.500000000001,2022-03-07,2024-05-12,True,47288.5,Low Value
3849,3,22818.09,7775.179999999999,7606.03,2022-01-06,2023-11-14,True,22818.09,Churned Risk
3850,7,33093.86,13416.53,4727.694285714286,2022-03-16,2024-07-30,True,33093.86,Low Value
3851,2,12317.02,2098.3100000000013,6158.51,2022-07-10,2023-04-30,True,12317.02,Churned Risk
3852,2,996.46,442.4100000000001,498.23,2022-05-10,2022-06-15,True,996.46,Churned Risk
3853,5,11671.1,5692.91,2334.22,2022-05-12,2024-09-24,True,11671.1,Churned Risk
3854,3,10270.47,3931.0200000000004,3423.49,2022-06-17,2023-10-31,True,10270.47,Churned Risk
3855,3,9143.06,2755.68,3047.6866666666665,2022-11-06,2023-11-13,True,9143.06,Churned Risk
3856,6,88248.79,16529.159999999996,14708.131666666666,2022-01-15,2024-06-20,True,88248.79,Mid Value
3857,6,39453.79,11495.539999999999,6575.631666666667,2022-07-07,2024-08-27,True,39453.79,Low Value
3858,5,34937.53,12089.59,6987.506000000001,2022-02-27,2024-07-18,True,34937.53,Low Value
3859,1,337.0,185.92,337.0,2023-09-28,2023-09-28,False,337.0,Churned Risk
3860,4,134953.19999999998,31520.929999999997,33738.299999999996,2022-07-07,2024-06-07,True,134953.2,Mid Value
3861,5,20212.1,8818.140000000001,4042.4199999999996,2022-01-22,2024-12-09,True,20212.1,Churned Risk
3862,9,65116.27,24843.670000000002,7235.141111111111,2022-02-01,2024-09-08,True,65116.27,Mid Value
3863,7,257781.69999999998,43480.92,36825.95714285714,2022-04-14,2024-09-28,True,257781.7,High Value
3864,6,25602.9,8635.79,4267.150000000001,2022-09-28,2024-12-26,True,25602.9,Low Value
3865,9,64566.47,20565.61,7174.052222222223,2022-03-14,2023-08-05,True,64566.47,Mid Value
3866,4,9975.35,3960.41,2493.8375,2022-05-04,2022-12-03,True,9975.35,Churned Risk
3867,6,39940.89,14225.25,6656.815,2022-02-08,2024-11-30,True,39940.89,Low Value
3868,3,8089.94,1997.6199999999992,2696.6466666666665,2022-05-12,2023-08-19,True,8089.94,Churned Risk
3869,3,14606.59,5594.39,4868.863333333334,2022-06-18,2023-12-21,True,14606.59,Churned Risk
3870,6,150923.47,35905.65,25153.911666666663,2022-01-23,2024-08-04,True,150923.47,Mid Value
3871,2,11750.41,4316.0199999999995,5875.205,2022-04-21,2024-11-02,True,11750.41,Churned Risk
3872,4,60602.76,12532.970000000005,15150.69,2022-07-03,2024-11-07,True,60602.76,Mid Value
3873,4,94504.75,18278.179999999997,23626.1875,2024-06-20,2024-12-21,True,94504.75,Mid Value
3874,7,44188.16,16890.52,6312.594285714285,2022-06-09,2024-08-24,True,44188.16,Low Value
3875,3,18872.38,5698.1900000000005,6290.793333333334,2022-04-30,2024-06-10,True,18872.38,Churned Risk
3876,6,43611.22,15486.09,7268.536666666667,2022-01-22,2024-12-14,True,43611.22,Low Value
3877,5,14201.64,6262.620000000001,2840.3280000000004,2022-07-15,2024-12-13,True,14201.64,Churned Risk
3878,4,156978.19999999998,24196.949999999997,39244.549999999996,2022-02-10,2023-04-23,True,156978.2,Mid Value
3879,2,4565.820000000001,2316.8200000000006,2282.9100000000003,2022-06-02,2022-11-07,True,4565.82,Churned Risk
3880,2,48458.13,9471.809999999998,24229.065,2022-02-13,2024-08-10,True,48458.13,Low Value
3881,4,104677.55000000002,23016.510000000013,26169.387500000004,2022-09-23,2024-10-27,True,104677.55,Mid Value
3882,5,23336.46,9735.48,4667.2919999999995,2022-02-17,2024-12-12,True,23336.46,Churned Risk
3883,4,320871.77,48963.13999999999,80217.9425,2022-09-30,2024-06-04,True,320871.77,High Value
3884,5,27485.36,9098.55,5497.071999999999,2022-03-28,2023-06-04,True,27485.36,Low Value
3885,5,34500.6,14852.68,6900.120000000001,2022-06-20,2024-11-07,True,34500.6,Low Value
3886,6,270880.38999999996,46497.70999999999,45146.73166666666,2022-01-15,2024-10-02,True,270880.39,High Value
3887,1,3437.54,1368.34,3437.54,2022-10-28,2022-10-28,False,3437.54,Churned Risk
3888,6,36558.99,14814.689999999999,6093.165,2022-01-22,2024-11-25,True,36558.99,Low Value
3889,6,49458.74,16291.34,8243.123333333335,2022-05-10,2023-11-22,True,49458.74,Low Value
3890,6,58071.78,14844.090000000002,9678.630000000001,2022-07-05,2024-10-11,True,58071.78,Mid Value
3891,11,29794.6,12504.56,2708.6,2022-03-13,2024-10-02,True,29794.6,Low Value
3892,4,30241.07,11301.15,7560.2675,2022-08-11,2024-10-27,True,30241.07,Low Value
3893,6,63754.89,19392.16,10625.815,2022-08-28,2024-08-02,True,63754.89,Mid Value
3894,6,71055.25,21936.179999999997,11842.541666666666,2023-01-26,2024-02-14,True,71055.25,Mid Value
3895,4,28477.77,11561.009999999998,7119.4425,2022-01-20,2024-08-23,True,28477.77,Low Value
3896,4,12131.75,4808.319999999999,3032.9375,2022-03-25,2024-12-29,True,12131.75,Churned Risk
3897,6,34003.48,7448.160000000002,5667.246666666667,2022-07-26,2024-08-12,True,34003.48,Low Value
3898,6,24785.47,9918.8,4130.911666666666,2022-01-18,2024-10-09,True,24785.47,Low Value
3899,5,83349.17000000001,23838.780000000002,16669.834,2022-01-16,2024-11-23,True,83349.17,Mid Value
3900,5,62701.97,13199.280000000004,12540.394,2022-02-22,2023-10-28,True,62701.97,Mid Value
3901,7,213252.41,42210.219999999994,30464.63,2022-04-19,2024-08-19,True,213252.41,High Value
3902,4,37254.07,11465.820000000002,9313.5175,2022-07-27,2024-03-19,True,37254.07,Low Value
3903,4,32409.980000000003,13779.2,8102.495,2022-07-31,2024-06-17,True,32409.98,Low Value
3904,3,32555.499999999996,6561.28,10851.833333333334,2022-06-03,2024-03-05,True,32555.5,Low Value
3905,3,6990.06,2751.5200000000004,2330.02,2022-06-10,2023-01-13,True,6990.06,Churned Risk
3906,2,335357.38,49081.399999999994,167678.69,2023-03-16,2024-05-17,True,335357.38,High Value
3907,8,69174.52,21838.199999999997,8646.815,2022-01-22,2024-11-10,True,69174.52,Mid Value
3908,3,140195.2,24358.450000000004,46731.73333333334,2022-02-15,2024-02-10,True,140195.2,Mid Value
3909,6,17774.11,7297.23,2962.351666666667,2022-08-15,2024-08-27,True,17774.11,Churned Risk
3910,6,60874.009999999995,20168.5,10145.668333333333,2022-01-13,2024-04-17,True,60874.01,Mid Value
3911,4,37852.99,11920.96,9463.247500000001,2022-05-09,2024-11-20,True,37852.99,Low Value
3912,6,120087.15,28692.48,20014.524999999998,2022-12-28,2023-12-27,True,120087.15,Mid Value
3913,5,25864.489999999998,8716.689999999999,5172.897999999999,2022-05-10,2024-11-02,True,25864.49,Low Value
3914,3,32793.48,10196.230000000001,10931.160000000002,2022-03-05,2024-11-19,True,32793.48,Low Value
3915,7,40998.8,13448.19,5856.971428571428,2022-01-13,2024-02-25,True,40998.8,Low Value
3916,5,32019.36,12593.51,6403.871999999999,2022-07-19,2024-11-06,True,32019.36,Low Value
3917,5,69079.7,21476.509999999995,13815.939999999999,2022-05-24,2024-06-14,True,69079.7,Mid Value
3918,4,270496.82,45907.27999999999,67624.20499999999,2023-10-14,2024-12-30,True,270496.82,High Value
3919,3,10509.25,5064.870000000001,3503.0833333333335,2023-02-16,2024-06-16,True,10509.25,Churned Risk
3920,2,92380.08,18042.519999999997,46190.04,2022-06-18,2023-04-05,True,92380.08,Mid Value
3921,2,7574.150000000001,3182.7000000000003,3787.0750000000003,2023-04-14,2024-04-22,True,7574.15,Churned Risk
3922,1,403.87,235.81,403.87,2024-09-24,2024-09-24,False,403.87,Churned Risk
3923,8,88960.09,21464.5,11120.01125,2022-04-30,2024-10-08,True,88960.09,Mid Value
3924,8,59786.39,20157.579999999998,7473.29875,2022-02-19,2024-06-28,True,59786.39,Mid Value
3925,4,13630.16,5650.71,3407.54,2022-05-30,2024-11-03,True,13630.16,Churned Risk
3926,4,47500.03,11597.010000000002,11875.0075,2022-03-03,2024-03-23,True,47500.03,Low Value
3927,4,14836.1,5547.28,3709.025,2022-01-08,2024-11-03,True,14836.1,Churned Risk
3928,6,103662.54,18035.219999999998,17277.09,2022-10-12,2024-12-12,True,103662.54,Mid Value
3929,6,40834.2,13626.499999999998,6805.700000000001,2022-02-09,2023-10-28,True,40834.2,Low Value
3930,4,22668.420000000002,9471.53,5667.105,2022-02-22,2024-04-24,True,22668.42,Churned Risk
3931,2,78406.12999999999,17317.789999999997,39203.064999999995,2023-07-12,2024-02-07,True,78406.13,Mid Value
3932,4,22450.07,5110.93,5612.5175,2023-01-12,2024-08-15,True,22450.07,Churned Risk
3933,5,69479.5,15410.700000000004,13895.900000000003,2022-03-06,2024-12-04,True,69479.5,Mid Value
3934,7,47301.54,13569.400000000001,6757.362857142856,2022-05-04,2024-02-20,True,47301.54,Low Value
3935,7,43529.66,16807.86,6218.522857142858,2022-05-26,2024-09-17,True,43529.66,Low Value
3936,14,58784.68,23726.07,4198.905714285714,2022-01-02,2024-12-28,True,58784.68,Mid Value
3937,5,32153.010000000002,11160.76,6430.602000000001,2022-08-23,2024-06-13,True,32153.01,Low Value
3938,3,15440.41,7791.810000000001,5146.803333333333,2023-06-03,2024-10-14,True,15440.41,Churned Risk
3939,6,43587.21,17213.53,7264.534999999999,2022-12-06,2024-02-23,True,43587.21,Low Value
3940,3,14902.300000000001,5009.83,4967.433333333333,2022-07-29,2024-12-07,True,14902.3,Churned Risk
3941,4,13812.79,4833.429999999999,3453.1975,2022-11-26,2024-09-02,True,13812.79,Churned Risk
3942,6,39268.270000000004,14269.2,6544.711666666666,2022-09-24,2024-11-23,True,39268.27,Low Value
3943,6,102590.34999999999,22471.339999999997,17098.391666666666,2022-01-04,2023-12-26,True,102590.35,Mid Value
3944,3,19612.73,5504.84,6537.576666666667,2022-10-01,2024-03-23,True,19612.73,Churned Risk
3945,2,11558.74,4037.4,5779.37,2023-05-15,2024-09-28,True,11558.74,Churned Risk
3946,5,24112.78,6625.629999999999,4822.556,2024-06-06,2024-12-24,True,24112.78,Churned Risk
3947,5,21793.449999999997,8588.8,4358.6900000000005,2022-03-19,2024-04-19,True,21793.45,Churned Risk
3948,6,95561.39,17999.28,15926.898333333336,2022-02-24,2024-03-26,True,95561.39,Mid Value
3949,3,10914.06,4862.92,3638.02,2022-03-21,2024-10-14,True,10914.06,Churned Risk
3950,7,46647.67,13087.829999999998,6663.952857142855,2022-01-15,2024-08-26,True,46647.67,Low Value
3951,3,14282.619999999999,5897.26,4760.873333333333,2023-04-16,2023-08-28,True,14282.62,Churned Risk
3952,4,49771.39,18612.620000000003,12442.8475,2022-11-10,2024-06-03,True,49771.39,Low Value
3953,3,16813.08,6871.81,5604.360000000001,2022-02-06,2023-11-06,True,16813.08,Churned Risk
3954,5,485409.68,73983.62,97081.93600000002,2023-03-10,2024-11-22,True,485409.68,High Value
3955,6,54915.57000000001,18636.23,9152.595000000001,2022-01-21,2024-05-10,True,54915.57,Mid Value
3956,7,75187.61,30307.45,10741.087142857143,2022-08-12,2024-11-16,True,75187.61,Mid Value
3957,12,192715.83,48182.85,16059.652499999998,2022-04-11,2024-08-06,True,192715.83,High Value
3958,7,48911.270000000004,20709.65,6987.324285714286,2022-01-13,2024-01-27,True,48911.27,Low Value
3959,5,43258.61,15493.35,8651.722,2023-01-31,2024-07-14,True,43258.61,Low Value
3960,3,58958.350000000006,11910.680000000004,19652.783333333336,2023-05-11,2024-07-12,True,58958.35,Mid Value
3961,5,66913.96,22907.86,13382.792000000001,2022-03-24,2024-11-04,True,66913.96,Mid Value
3962,6,88346.76000000001,25497.770000000004,14724.460000000001,2022-05-19,2024-12-17,True,88346.76,Mid Value
3963,6,109241.76,25436.949999999997,18206.960000000003,2022-07-31,2024-09-24,True,109241.76,Mid Value
3964,2,17965.52,4444.219999999999,8982.76,2023-02-06,2023-10-22,True,17965.52,Churned Risk
3965,2,2930.88,939.2199999999998,1465.44,2022-04-23,2023-12-21,True,2930.88,Churned Risk
3966,5,49476.44,17842.09,9895.288,2022-12-15,2024-11-08,True,49476.44,Low Value
3967,4,20999.42,7989.469999999998,5249.855,2022-12-19,2024-12-07,True,20999.42,Churned Risk
3968,7,32179.83,12199.01,4597.11857142857,2022-03-08,2023-12-30,True,32179.83,Low Value
3969,3,16344.52,5738.900000000001,5448.173333333333,2022-05-11,2024-09-16,True,16344.52,Churned Risk
3970,5,21919.04,10517.2,4383.808,2023-02-05,2024-03-09,True,21919.04,Churned Risk
3971,4,36942.590000000004,8334.220000000001,9235.6475,2022-03-10,2024-06-02,True,36942.59,Low Value
3972,1,728.19,301.49000000000007,728.19,2022-05-19,2022-05-19,False,728.19,Churned Risk
3973,8,145381.21,31403.039999999997,18172.65125,2022-05-02,2024-08-08,True,145381.21,Mid Value
3974,1,9903.82,4081.12,9903.82,2023-06-23,2023-06-23,False,9903.82,Churned Risk
3975,4,29919.62,10845.23,7479.905,2022-04-10,2023-07-13,True,29919.62,Low Value
3976,5,29674.03,12689.880000000001,5934.806,2022-04-12,2024-05-13,True,29674.03,Low Value
3977,2,5230.86,2536.17,2615.4300000000003,2024-10-08,2024-12-30,True,5230.86,Churned Risk
3978,2,4500.83,1809.25,2250.415,2022-06-06,2023-09-10,True,4500.83,Churned Risk
3979,5,12371.64,5343.26,2474.328,2022-01-13,2024-01-13,True,12371.64,Churned Risk
3980,2,19335.11,9686.75,9667.555,2022-01-09,2022-09-09,True,19335.11,Churned Risk
3981,7,31919.86,13026.970000000001,4559.9800000000005,2022-04-08,2024-11-26,True,31919.86,Low Value
3982,3,67845.83,20489.420000000002,22615.27666666667,2022-02-01,2024-11-01,True,67845.83,Mid Value
3983,4,21083.39,7196.379999999999,5270.8475,2023-02-12,2024-09-23,True,21083.39,Churned Risk
3984,7,25452.47,9074.08,3636.0671428571427,2022-04-01,2024-03-31,True,25452.47,Low Value
3985,4,12499.380000000001,5459.41,3124.8450000000003,2022-11-15,2024-09-02,True,12499.38,Churned Risk
3986,1,1810.83,510.6999999999998,1810.83,2024-01-22,2024-01-22,False,1810.83,Churned Risk
3987,5,89753.87999999999,27539.239999999998,17950.775999999998,2022-06-04,2024-04-13,True,89753.88,Mid Value
3988,4,12386.0,5437.42,3096.5,2022-09-20,2024-06-10,True,12386.0,Churned Risk
3989,3,15917.76,6058.71,5305.92,2022-05-16,2024-11-08,True,15917.76,Churned Risk
3990,6,27270.75,12154.65,4545.125,2023-04-21,2024-10-11,True,27270.75,Low Value
3991,2,26060.420000000002,8643.79,13030.210000000001,2023-02-18,2024-09-29,True,26060.42,Low Value
3992,10,49254.46,18650.120000000003,4925.446,2022-03-25,2024-10-22,True,49254.46,Low Value
3993,3,17350.050000000003,5034.470000000001,5783.350000000001,2023-03-22,2023-06-30,True,17350.05,Churned Risk
3994,6,141136.41999999998,32220.690000000002,23522.736666666668,2022-02-18,2024-10-29,True,141136.42,Mid Value
3995,9,82171.56,31943.950000000004,9130.173333333332,2022-01-04,2024-09-20,True,82171.56,Mid Value
3996,6,32610.93,11501.18,5435.155,2022-10-22,2024-12-02,True,32610.93,Low Value
3997,5,44491.32,14458.2,8898.264,2022-08-25,2024-07-16,True,44491.32,Low Value
3998,2,5653.3,3085.3300000000004,2826.65,2024-02-08,2024-03-15,True,5653.3,Churned Risk
3999,6,269035.71,44969.13999999999,44839.284999999996,2023-04-24,2024-11-28,True,269035.71,High Value
4000,11,67341.75,25101.760000000002,6121.977272727273,2022-02-02,2024-12-23,True,67341.75,Mid Value
4001,7,31581.989999999998,14062.24,4511.712857142857,2022-03-22,2024-09-16,True,31581.99,Low Value
4002,5,28846.19,13881.33,5769.237999999999,2022-12-02,2024-10-09,True,28846.19,Low Value
4003,3,41882.64,13080.289999999997,13960.88,2022-09-12,2024-09-08,True,41882.64,Low Value
4004,8,376222.21,68324.19999999998,47027.77625,2022-02-05,2024-08-23,True,376222.21,High Value
4005,3,11012.64,4778.25,3670.8799999999997,2023-01-14,2024-02-11,True,11012.64,Churned Risk
4006,7,83361.86,28252.04,11908.837142857143,2022-04-27,2024-12-04,True,83361.86,Mid Value
4007,4,7778.0,3302.03,1944.5,2022-06-02,2024-01-14,True,7778.0,Churned Risk
4008,6,39459.12,14653.429999999998,6576.5199999999995,2022-03-25,2024-09-23,True,39459.12,Low Value
4009,6,14661.9,6573.339999999999,2443.6499999999996,2022-05-30,2024-11-07,True,14661.9,Churned Risk
4010,8,120807.83,29469.410000000007,15100.978750000002,2022-01-27,2024-11-27,True,120807.83,Mid Value
4011,10,94166.16,31140.470000000005,9416.616,2022-05-18,2024-10-14,True,94166.16,Mid Value
4012,7,52073.39,17166.539999999997,7439.055714285714,2022-08-06,2024-06-18,True,52073.39,Low Value
4013,4,30429.02,10765.63,7607.254999999999,2022-05-28,2024-04-24,True,30429.02,Low Value
4014,3,32139.640000000003,13868.95,10713.213333333335,2022-04-30,2024-05-15,True,32139.64,Low Value
4015,9,82321.73,31498.66,9146.858888888886,2022-02-11,2024-11-23,True,82321.73,Mid Value
4016,4,30355.82,11704.86,7588.955,2023-01-05,2024-12-24,True,30355.82,Low Value
4017,5,105303.93,20361.469999999998,21060.786,2022-12-19,2024-05-06,True,105303.93,Mid Value
4018,6,12441.29,5459.630000000001,2073.5483333333336,2022-03-16,2024-11-30,True,12441.29,Churned Risk
4019,5,57066.39,17753.57,11413.278,2022-04-19,2023-06-07,True,57066.39,Mid Value
4020,6,38963.05,11207.130000000001,6493.841666666667,2022-07-14,2024-09-24,True,38963.05,Low Value
4021,5,76834.81,18041.45,15366.962,2022-04-04,2024-05-15,True,76834.81,Mid Value
4022,4,145563.11000000002,27703.110000000004,36390.777500000004,2023-01-13,2023-10-16,True,145563.11,Mid Value
4023,4,20643.54,7766.030000000001,5160.885,2023-12-21,2024-11-30,True,20643.54,Churned Risk
4024,3,26088.660000000003,13983.29,8696.220000000001,2022-03-09,2023-09-05,True,26088.66,Low Value
4025,4,26203.01,10371.21,6550.7525,2022-09-07,2023-09-22,True,26203.01,Low Value
4026,4,25316.28,8149.91,6329.07,2022-12-07,2024-04-25,True,25316.28,Low Value
4027,3,16614.02,5860.31,5538.006666666667,2022-02-20,2023-06-14,True,16614.02,Churned Risk
4028,5,47881.329999999994,15560.619999999999,9576.266,2022-07-27,2024-11-03,True,47881.33,Low Value
4029,5,52214.600000000006,12151.450000000003,10442.92,2022-04-10,2024-09-04,True,52214.6,Low Value
4030,3,19231.75,6648.53,6410.583333333333,2022-06-10,2024-07-02,True,19231.75,Churned Risk
4031,2,14569.24,4515.21,7284.62,2022-09-07,2023-02-11,True,14569.24,Churned Risk
4032,7,337455.73,56512.60999999999,48207.96142857143,2022-09-07,2024-04-29,True,337455.73,High Value
4033,7,33437.69,15778.36,4776.812857142858,2022-03-14,2024-06-08,True,33437.69,Low Value
4034,5,19466.68,8602.31,3893.3360000000002,2022-06-06,2024-10-03,True,19466.68,Churned Risk
4035,7,115282.9,26523.969999999998,16468.985714285714,2023-04-08,2024-10-20,True,115282.9,Mid Value
4036,8,100639.29000000001,21122.84000000001,12579.911250000001,2022-09-18,2024-12-15,True,100639.29,Mid Value
4037,3,8000.32,3398.1,2666.773333333333,2022-03-25,2022-06-29,True,8000.32,Churned Risk
4038,7,42143.9,17018.77,6020.557142857143,2022-05-02,2024-11-03,True,42143.9,Low Value
4039,9,54117.35,21756.69,6013.038888888888,2022-03-20,2024-12-09,True,54117.35,Mid Value
4040,5,37213.09,15657.06,7442.6179999999995,2022-07-15,2024-07-13,True,37213.09,Low Value
4041,6,38251.01,14409.129999999997,6375.168333333332,2022-02-06,2024-12-03,True,38251.01,Low Value
4042,7,21970.84,7991.73,3138.6914285714292,2022-03-25,2024-11-12,True,21970.84,Churned Risk
4043,6,19750.53,8443.68,3291.7549999999997,2022-06-13,2024-04-11,True,19750.53,Churned Risk
4044,4,40016.63,15998.369999999999,10004.1575,2022-02-02,2024-06-15,True,40016.63,Low Value
4045,5,22039.8,7941.51,4407.96,2022-04-17,2023-12-31,True,22039.8,Churned Risk
4046,3,5400.83,2220.32,1800.2766666666666,2022-12-01,2024-02-11,True,5400.83,Churned Risk
4047,2,5174.98,2244.8599999999997,2587.49,2024-10-06,2024-10-07,True,5174.98,Churned Risk
4048,3,11699.75,4212.030000000001,3899.9166666666665,2022-02-25,2024-07-11,True,11699.75,Churned Risk
4049,5,22250.56,9000.84,4450.112,2022-05-12,2024-07-06,True,22250.56,Churned Risk
4050,5,50367.090000000004,13142.439999999999,10073.418,2022-01-17,2024-08-10,True,50367.09,Low Value
4051,3,28886.38,10247.48,9628.793333333333,2022-09-13,2024-02-20,True,28886.38,Low Value
4052,4,38785.82,11762.409999999998,9696.455,2023-05-30,2024-05-14,True,38785.82,Low Value
4053,7,43322.8,12951.400000000001,6188.971428571428,2022-01-29,2024-10-23,True,43322.8,Low Value
4054,5,147869.08,25048.540000000005,29573.816,2022-11-13,2024-10-13,True,147869.08,Mid Value
4055,7,25434.19,8938.089999999998,3633.4557142857147,2022-07-06,2024-11-15,True,25434.19,Low Value
4056,3,5457.549999999999,2379.8799999999997,1819.1833333333332,2022-03-15,2024-02-05,True,5457.55,Churned Risk
4057,8,108009.43,35725.47,13501.178750000001,2022-04-08,2024-12-26,True,108009.43,Mid Value
4058,6,119024.09,23228.910000000007,19837.348333333335,2022-01-01,2024-10-24,True,119024.09,Mid Value
4059,5,69300.09000000001,12509.350000000006,13860.018000000002,2022-10-06,2024-06-23,True,69300.09,Mid Value
4060,5,53785.22,13358.160000000002,10757.044000000002,2022-02-02,2024-05-19,True,53785.22,Mid Value
4061,7,41089.92,14762.320000000002,5869.988571428571,2022-02-22,2024-09-17,True,41089.92,Low Value
4062,7,63548.659999999996,26736.05,9078.38,2022-02-22,2024-09-16,True,63548.66,Mid Value
4063,4,15112.88,4092.059999999999,3778.22,2022-03-28,2024-01-06,True,15112.88,Churned Risk
4064,6,55682.64,18600.02,9280.44,2022-03-08,2024-12-10,True,55682.64,Mid Value
4065,5,33684.27,11279.73,6736.854000000001,2022-10-04,2024-10-09,True,33684.27,Low Value
4066,7,29125.27,12073.26,4160.7528571428575,2022-03-16,2024-12-12,True,29125.27,Low Value
4067,4,30481.22,14163.850000000002,7620.305,2022-04-02,2022-11-25,True,30481.22,Low Value
4068,3,25906.42,7043.179999999999,8635.473333333333,2024-01-28,2024-08-27,True,25906.42,Low Value
4069,3,35953.75,12469.65,11984.583333333334,2022-05-28,2024-10-23,True,35953.75,Low Value
4070,4,122093.37,28621.469999999998,30523.342499999995,2022-07-12,2023-06-27,True,122093.37,Mid Value
4071,4,104346.26000000001,20386.830000000013,26086.565000000002,2022-04-08,2023-09-01,True,104346.26,Mid Value
4072,4,36969.89,12179.349999999997,9242.472499999998,2022-10-23,2024-03-21,True,36969.89,Low Value
4073,6,87703.7,20133.120000000003,14617.283333333333,2022-01-19,2024-03-18,True,87703.7,Mid Value
4074,6,27914.84,9417.26,4652.473333333332,2022-10-30,2024-09-20,True,27914.84,Low Value
4075,6,28918.870000000003,10114.930000000002,4819.811666666667,2022-07-19,2024-08-09,True,28918.87,Low Value
4076,5,57957.75,13551.25,11591.55,2022-09-23,2023-10-08,True,57957.75,Mid Value
4077,4,40833.97,16211.660000000002,10208.492500000002,2022-05-15,2024-05-11,True,40833.97,Low Value
4078,8,50268.11,20565.45,6283.51375,2023-05-08,2024-11-12,True,50268.11,Low Value
4079,4,16837.84,8093.150000000001,4209.46,2022-09-07,2024-12-15,True,16837.84,Churned Risk
4080,3,17131.31,2938.21,5710.436666666667,2022-09-09,2023-06-09,True,17131.31,Churned Risk
4081,4,33039.87,13402.349999999999,8259.9675,2022-05-21,2024-07-31,True,33039.87,Low Value
4082,1,926.02,645.76,926.02,2024-06-20,2024-06-20,False,926.02,Churned Risk
4083,3,16393.46,6358.120000000001,5464.486666666668,2022-08-14,2023-12-01,True,16393.46,Churned Risk
4084,4,35775.85,11438.869999999999,8943.9625,2022-08-13,2024-09-21,True,35775.85,Low Value
4085,5,61105.66,12827.6,12221.132000000001,2022-05-26,2023-09-15,True,61105.66,Mid Value
4086,2,25613.89,10175.619999999999,12806.945,2022-08-03,2024-11-04,True,25613.89,Low Value
4087,6,120953.66,26896.690000000017,20158.943333333336,2022-09-10,2024-07-01,True,120953.66,Mid Value
4088,6,100074.07,20186.420000000013,16679.011666666665,2022-02-27,2023-11-23,True,100074.07,Mid Value
4089,5,19664.05,7617.08,3932.81,2022-01-31,2024-09-16,True,19664.05,Churned Risk
4090,4,88985.34,15937.309999999998,22246.335,2022-01-19,2024-07-14,True,88985.34,Mid Value
4091,3,24567.69,8643.91,8189.2300000000005,2022-05-15,2024-10-14,True,24567.69,Low Value
4092,5,31185.66,9550.880000000001,6237.1320000000005,2022-02-15,2024-12-02,True,31185.66,Low Value
4093,5,48274.38,13451.619999999997,9654.876,2022-08-25,2024-04-10,True,48274.38,Low Value
4094,4,78223.42,20684.850000000002,19555.855,2022-07-22,2022-09-07,True,78223.42,Mid Value
4095,6,39083.54,15611.460000000003,6513.923333333332,2022-04-14,2024-04-18,True,39083.54,Low Value
4096,3,19153.28,7596.13,6384.426666666666,2023-04-07,2024-05-16,True,19153.28,Churned Risk
4097,4,10085.21,5102.54,2521.3025000000007,2022-08-18,2024-03-16,True,10085.21,Churned Risk
4098,5,140594.36,27900.359999999997,28118.871999999996,2022-02-22,2024-06-24,True,140594.36,Mid Value
4099,6,11898.73,4859.97,1983.1216666666667,2022-10-16,2024-07-23,True,11898.73,Churned Risk
4100,7,61926.75,23843.960000000003,8846.67857142857,2022-06-24,2024-04-11,True,61926.75,Mid Value
4101,8,46210.37,23698.22,5776.29625,2022-04-03,2024-09-10,True,46210.37,Low Value
4102,6,38813.54,15741.29,6468.923333333333,2022-02-24,2024-10-01,True,38813.54,Low Value
4103,1,3464.72,2068.04,3464.72,2022-03-13,2022-03-13,False,3464.72,Churned Risk
4104,8,48770.68,15362.47,6096.335,2022-02-12,2024-06-13,True,48770.68,Low Value
4105,5,95641.51,19425.399999999998,19128.302,2023-05-18,2023-11-03,True,95641.51,Mid Value
4106,8,44966.270000000004,16535.61,5620.78375,2022-05-10,2024-10-28,True,44966.27,Low Value
4107,3,46451.82,15329.660000000002,15483.940000000002,2022-04-08,2022-08-04,True,46451.82,Low Value
4108,4,28006.67,10580.64,7001.6675,2023-03-09,2024-08-11,True,28006.67,Low Value
4109,5,101452.26999999999,23186.769999999997,20290.453999999998,2022-06-03,2024-04-29,True,101452.27,Mid Value
4110,5,69676.37000000001,12989.680000000004,13935.274000000001,2022-03-27,2024-10-20,True,69676.37,Mid Value
4111,6,47091.93,15364.5,7848.655000000002,2022-08-12,2024-10-28,True,47091.93,Low Value
4112,4,14550.18,5325.349999999999,3637.545,2022-10-25,2024-08-02,True,14550.18,Churned Risk
4113,4,13887.51,7285.780000000001,3471.8775000000005,2022-06-14,2023-11-18,True,13887.51,Churned Risk
4114,7,18790.77,5634.18,2684.3957142857143,2022-01-24,2024-10-14,True,18790.77,Churned Risk
4115,4,169437.14,28685.629999999997,42359.284999999996,2022-04-10,2024-03-17,True,169437.14,High Value
4116,2,9653.380000000001,4743.14,4826.6900000000005,2022-10-29,2023-02-17,True,9653.38,Churned Risk
4117,4,29574.87,11981.529999999999,7393.7175,2022-02-17,2024-11-08,True,29574.87,Low Value
4118,2,2368.02,1162.19,1184.01,2022-06-16,2023-09-28,True,2368.02,Churned Risk
4119,5,36926.9,14376.69,7385.38,2022-06-22,2024-05-27,True,36926.9,Low Value
4120,2,14423.849999999999,5387.12,7211.924999999999,2024-04-13,2024-07-22,True,14423.85,Churned Risk
4121,8,36965.18,13434.68,4620.6475,2022-02-06,2024-09-14,True,36965.18,Low Value
4122,1,1962.96,1060.65,1962.96,2023-06-16,2023-06-16,False,1962.96,Churned Risk
4123,7,38643.16,15134.18,5520.451428571428,2023-01-17,2024-08-05,True,38643.16,Low Value
4124,5,93051.5,21176.77,18610.3,2022-04-26,2024-09-29,True,93051.5,Mid Value
4125,7,146965.09,37932.14,20995.01285714286,2022-04-11,2024-09-15,True,146965.09,Mid Value
4126,3,28477.39,10508.05,9492.463333333333,2023-09-07,2024-04-16,True,28477.39,Low Value
4128,5,30943.730000000003,10195.95,6188.746,2022-06-01,2024-02-11,True,30943.73,Low Value
4129,4,37237.65,13868.84,9309.4125,2022-01-17,2024-12-01,True,37237.65,Low Value
4130,5,37703.69,13374.16,7540.738,2022-03-15,2024-08-07,True,37703.69,Low Value
4131,5,129245.08,28367.77,25849.015999999996,2022-02-05,2023-08-19,True,129245.08,Mid Value
4132,4,39530.59,14977.71,9882.6475,2022-04-21,2023-11-16,True,39530.59,Low Value
4133,6,273704.00999999995,44643.899999999994,45617.335,2022-01-10,2024-12-02,True,273704.01,High Value
4134,8,241850.24000000002,45384.37,30231.280000000002,2022-01-25,2024-10-22,True,241850.24,High Value
4135,5,100625.23,18799.85,20125.046000000002,2022-10-24,2024-07-16,True,100625.23,Mid Value
4136,6,27112.23,8785.05,4518.704999999999,2022-05-31,2024-05-26,True,27112.23,Low Value
4137,6,26583.5,9048.429999999998,4430.583333333333,2022-01-03,2024-11-27,True,26583.5,Low Value
4138,1,6461.54,2459.75,6461.54,2022-12-19,2022-12-19,False,6461.54,Churned Risk
4139,6,52886.369999999995,17415.06,8814.395,2022-09-26,2024-11-23,True,52886.37,Low Value
4140,6,16319.33,7855.0,2719.8883333333333,2022-10-14,2024-11-17,True,16319.33,Churned Risk
4141,2,14207.93,4928.05,7103.965,2022-07-20,2023-12-04,True,14207.93,Churned Risk
4142,9,27862.6,11561.869999999999,3095.8444444444444,2022-08-26,2024-07-30,True,27862.6,Low Value
4143,4,44747.69,12134.9,11186.9225,2022-02-17,2024-12-02,True,44747.69,Low Value
4144,3,20237.379999999997,4501.549999999999,6745.793333333332,2023-05-25,2024-04-28,True,20237.38,Churned Risk
4145,5,49317.950000000004,18967.91,9863.59,2022-07-27,2024-11-13,True,49317.95,Low Value
4146,5,32741.02,15831.6,6548.204000000001,2022-06-10,2023-07-12,True,32741.02,Low Value
4147,6,47283.74,11944.910000000003,7880.623333333333,2022-01-11,2024-11-03,True,47283.74,Low Value
4148,4,31042.02,11780.010000000002,7760.505,2024-01-04,2024-10-09,True,31042.02,Low Value
4149,5,25925.21,10641.6,5185.0419999999995,2022-07-08,2024-12-08,True,25925.21,Low Value
4150,5,75403.88,17671.800000000003,15080.776000000002,2022-01-21,2023-05-31,True,75403.88,Mid Value
4151,2,4651.47,1996.54,2325.7349999999997,2022-01-22,2024-08-09,True,4651.47,Churned Risk
4152,7,31694.32,10498.05,4527.76,2022-01-10,2024-09-18,True,31694.32,Low Value
4153,1,10301.07,4481.75,10301.07,2022-04-20,2022-04-20,False,10301.07,Churned Risk
4154,5,18135.23,9117.74,3627.046,2022-12-14,2024-03-24,True,18135.23,Churned Risk
4155,4,49016.24,17569.909999999996,12254.06,2022-06-17,2024-12-07,True,49016.24,Low Value
4156,3,16590.3,6730.13,5530.100000000001,2022-11-30,2024-08-29,True,16590.3,Churned Risk
4157,4,56730.47,10821.580000000005,14182.6175,2022-03-12,2024-12-22,True,56730.47,Mid Value
4158,4,10129.67,4011.43,2532.4174999999996,2022-04-10,2024-09-16,True,10129.67,Churned Risk
4159,3,11382.2,3522.11,3794.066666666666,2022-07-11,2023-08-04,True,11382.2,Churned Risk
4160,2,2762.18,1108.71,1381.09,2022-04-03,2023-07-30,True,2762.18,Churned Risk
4161,3,5330.17,1946.5700000000002,1776.7233333333334,2023-08-14,2024-12-18,True,5330.17,Churned Risk
4162,6,33536.05,10072.810000000001,5589.341666666667,2022-01-23,2024-08-03,True,33536.05,Low Value
4163,4,22328.6,7915.1,5582.150000000001,2022-01-05,2023-11-16,True,22328.6,Churned Risk
4164,4,19897.97,8038.31,4974.4925,2022-07-03,2024-01-18,True,19897.97,Churned Risk
4165,3,20070.05,7486.08,6690.016666666667,2022-05-26,2024-10-18,True,20070.05,Churned Risk
4166,4,13109.19,5299.98,3277.2975,2022-01-20,2023-03-21,True,13109.19,Churned Risk
4167,8,31470.54,9919.310000000001,3933.8175,2022-01-31,2024-11-08,True,31470.54,Low Value
4168,5,26841.95,11623.590000000002,5368.39,2022-01-14,2024-08-29,True,26841.95,Low Value
4169,9,120088.69,24557.26,13343.187777777777,2022-05-24,2024-09-23,True,120088.69,Mid Value
4170,3,15024.44,6396.459999999999,5008.1466666666665,2022-09-22,2024-05-27,True,15024.44,Churned Risk
4171,6,28356.93,14227.35,4726.155000000001,2022-05-19,2024-07-29,True,28356.93,Low Value
4172,4,74309.63,11321.100000000006,18577.4075,2022-02-20,2024-10-23,True,74309.63,Mid Value
4173,4,15767.8,7729.84,3941.9500000000003,2022-02-15,2024-01-13,True,15767.8,Churned Risk
4174,4,167629.9,26995.939999999995,41907.475,2023-05-23,2024-11-16,True,167629.9,High Value
4175,8,79409.36,24778.2,9926.17,2023-04-23,2024-03-13,True,79409.36,Mid Value
4176,2,12802.5,4832.18,6401.25,2022-02-21,2024-04-25,True,12802.5,Churned Risk
4177,4,11574.83,4591.75,2893.7074999999995,2023-04-12,2024-11-13,True,11574.83,Churned Risk
4178,6,110025.26000000001,25814.890000000003,18337.54333333333,2022-04-12,2024-10-27,True,110025.26,Mid Value
4179,7,166610.79,45131.37,23801.541428571425,2022-03-28,2024-09-14,True,166610.79,High Value
4180,5,27798.94,10402.27,5559.788,2022-01-08,2024-11-14,True,27798.94,Low Value
4181,9,102001.05,28993.930000000004,11333.450000000003,2022-09-30,2024-12-29,True,102001.05,Mid Value
4182,5,28268.77,10438.429999999998,5653.754,2022-04-17,2024-01-14,True,28268.77,Low Value
4183,7,186673.66,34666.95,26667.665714285715,2022-05-30,2024-10-26,True,186673.66,High Value
4184,4,33310.87,10231.580000000004,8327.7175,2022-10-23,2023-09-12,True,33310.87,Low Value
4185,5,113039.75,22441.99000000001,22607.95,2023-02-19,2024-07-25,True,113039.75,Mid Value
4186,2,12620.97,3656.99,6310.485,2023-05-16,2023-09-14,True,12620.97,Churned Risk
4187,3,85385.29000000001,13757.480000000012,28461.763333333336,2023-09-28,2024-09-21,True,85385.29,Mid Value
4188,4,34543.229999999996,14881.9,8635.807499999999,2022-01-11,2023-06-23,True,34543.23,Low Value
4189,4,61335.86,20374.469999999998,15333.965,2022-04-06,2024-10-18,True,61335.86,Mid Value
4190,4,45775.81,10411.95,11443.9525,2022-06-03,2024-12-09,True,45775.81,Low Value
4191,6,84292.61,20373.310000000005,14048.768333333335,2022-11-12,2024-10-28,True,84292.61,Mid Value
4192,6,48787.43,18422.81,8131.238333333334,2022-06-10,2024-10-06,True,48787.43,Low Value
4193,2,21430.809999999998,7492.5999999999985,10715.404999999999,2023-07-08,2024-04-25,True,21430.81,Churned Risk
4194,3,98124.38,17663.750000000015,32708.126666666667,2022-06-22,2024-03-03,True,98124.38,Mid Value
4195,7,89910.7,26110.69,12844.385714285716,2022-04-17,2024-11-13,True,89910.7,Mid Value
4196,7,354299.66,52987.84999999999,50614.23714285713,2022-02-18,2024-12-28,True,354299.66,High Value
4197,5,55912.44,19801.61,11182.488,2022-01-08,2024-04-17,True,55912.44,Mid Value
4198,3,18938.61,7311.47,6312.87,2023-03-26,2023-07-13,True,18938.61,Churned Risk
4199,6,37323.060000000005,17836.86,6220.510000000001,2022-02-25,2024-11-27,True,37323.06,Low Value
4200,5,35940.28,18957.38,7188.056,2022-01-16,2024-07-21,True,35940.28,Low Value
4201,9,52922.659999999996,23662.22,5880.295555555556,2022-12-07,2024-08-26,True,52922.66,Mid Value
4202,7,55127.630000000005,16923.830000000005,7875.375714285715,2022-02-19,2024-10-15,True,55127.63,Mid Value
4203,3,38147.21,12893.280000000002,12715.736666666666,2022-04-27,2024-09-14,True,38147.21,Low Value
4204,4,23598.260000000002,8240.090000000002,5899.5650000000005,2022-10-17,2024-04-25,True,23598.26,Churned Risk
4205,10,200835.75999999998,39414.73999999999,20083.576000000005,2022-06-03,2024-09-10,True,200835.76,High Value
4206,3,6986.17,2725.3799999999997,2328.7233333333334,2022-01-28,2022-03-31,True,6986.17,Churned Risk
4207,1,4313.74,1968.8500000000001,4313.74,2023-11-21,2023-11-21,False,4313.74,Churned Risk
4208,3,13485.65,4443.86,4495.216666666667,2023-01-09,2024-07-24,True,13485.65,Churned Risk
4210,1,2366.2799999999997,1350.1,2366.2799999999997,2022-07-14,2022-07-14,False,2366.28,Churned Risk
4211,11,269024.56,60567.97,24456.778181818183,2022-01-01,2024-12-01,True,269024.56,High Value
4212,3,339547.35,53643.38999999999,113182.45000000001,2022-01-13,2024-01-29,True,339547.35,High Value
4213,5,60640.38,15577.719999999998,12128.076000000001,2022-01-08,2023-10-22,True,60640.38,Mid Value
4214,2,25174.460000000003,4002.760000000002,12587.230000000001,2022-06-19,2023-07-25,True,25174.46,Low Value
4215,7,198999.37,38811.5,28428.481428571427,2022-02-02,2024-12-26,True,198999.37,High Value
4216,3,9522.279999999999,2620.8100000000004,3174.093333333333,2022-07-30,2024-01-10,True,9522.28,Churned Risk
4217,3,22014.15,9917.23,7338.05,2023-07-14,2023-10-07,True,22014.15,Churned Risk
4218,5,124552.38,25727.11,24910.476000000002,2022-02-24,2024-04-27,True,124552.38,Mid Value
4219,4,29798.98,14333.14,7449.745,2022-10-05,2024-12-25,True,29798.98,Low Value
4220,7,39945.44,14111.039999999999,5706.491428571428,2022-03-23,2024-12-10,True,39945.44,Low Value
4221,5,258935.63,50203.17,51787.126000000004,2022-06-10,2024-05-06,True,258935.63,High Value
4222,7,83361.02,21783.530000000002,11908.717142857142,2022-10-13,2024-11-21,True,83361.02,Mid Value
4223,4,19817.57,7221.96,4954.3925,2023-06-07,2024-08-10,True,19817.57,Churned Risk
4224,5,29514.72,9871.46,5902.944,2023-09-29,2024-08-10,True,29514.72,Low Value
4225,4,56682.079999999994,13175.309999999998,14170.52,2022-06-06,2024-11-08,True,56682.08,Mid Value
4226,6,271707.63999999996,43612.13,45284.60666666666,2022-09-11,2024-03-02,True,271707.64,High Value
4227,2,13100.480000000001,7498.470000000002,6550.240000000001,2022-12-31,2023-02-08,True,13100.48,Churned Risk
4228,4,193542.5,39257.189999999995,48385.625,2022-07-09,2023-11-13,True,193542.5,High Value
4229,4,12747.25,4491.36,3186.8125,2022-06-07,2024-11-27,True,12747.25,Churned Risk
4230,8,30152.989999999998,10829.02,3769.12375,2022-01-09,2024-01-31,True,30152.99,Low Value
4231,5,403953.79000000004,63419.58999999999,80790.758,2022-08-27,2024-07-15,True,403953.79,High Value
4232,2,79212.28,14166.480000000007,39606.14,2022-03-15,2024-06-19,True,79212.28,Mid Value
4233,6,100068.02,24959.96,16678.00333333333,2022-03-25,2024-10-04,True,100068.02,Mid Value
4234,5,66439.66,15881.169999999996,13287.932,2023-01-09,2024-10-08,True,66439.66,Mid Value
4235,5,32460.92,10508.349999999999,6492.184,2023-02-06,2024-09-13,True,32460.92,Low Value
4236,7,118766.34000000001,25400.37,16966.620000000003,2022-07-24,2023-11-23,True,118766.34,Mid Value
4237,8,37554.78,14637.580000000002,4694.3475,2022-01-02,2024-01-05,True,37554.78,Low Value
4238,4,12868.25,3689.209999999998,3217.0624999999995,2022-02-24,2023-05-27,True,12868.25,Churned Risk
4239,1,1101.08,648.2199999999999,1101.08,2024-09-13,2024-09-13,False,1101.08,Churned Risk
4240,4,162744.63,26280.469999999994,40686.1575,2022-07-06,2024-12-04,True,162744.63,Mid Value
4241,2,22585.670000000002,11778.880000000001,11292.835,2022-06-04,2023-11-30,True,22585.67,Churned Risk
4242,6,208947.97,40365.74999999999,34824.66166666666,2022-11-21,2024-10-15,True,208947.97,High Value
4243,4,15222.04,6002.490000000001,3805.51,2022-07-09,2024-12-06,True,15222.04,Churned Risk
4244,5,11790.99,2929.74,2358.198,2022-03-27,2023-09-12,True,11790.99,Churned Risk
4245,4,22649.33,9159.4,5662.3325,2022-02-24,2024-07-18,True,22649.33,Churned Risk
4246,4,46171.2,15597.61,11542.8,2022-08-01,2024-11-09,True,46171.2,Low Value
4247,2,7634.08,3634.09,3817.04,2022-07-07,2024-05-11,True,7634.08,Churned Risk
4248,7,33874.0,12654.93,4839.142857142857,2022-03-11,2024-03-29,True,33874.0,Low Value
4249,10,193232.21,51711.28,19323.221,2022-06-10,2024-08-24,True,193232.21,High Value
4250,5,35433.55,11387.029999999999,7086.710000000001,2022-07-23,2023-10-26,True,35433.55,Low Value
4251,7,52608.72,17667.15,7515.5314285714285,2022-05-31,2024-12-11,True,52608.72,Low Value
4252,6,26923.230000000003,8667.27,4487.205000000001,2022-06-27,2023-09-01,True,26923.23,Low Value
4253,3,12091.279999999999,5486.4400000000005,4030.4266666666667,2022-11-06,2022-12-29,True,12091.28,Churned Risk
4254,9,295850.07,53683.009999999995,32872.23,2022-03-23,2024-09-24,True,295850.07,High Value
4255,6,62798.22,19109.670000000002,10466.37,2022-02-23,2024-01-09,True,62798.22,Mid Value
4256,3,14349.9,5240.31,4783.3,2022-03-08,2024-07-19,True,14349.9,Churned Risk
4257,2,84325.51,14845.419999999998,42162.755,2022-03-12,2023-11-16,True,84325.51,Mid Value
4258,4,60436.22,15499.270000000004,15109.055,2022-08-22,2024-08-22,True,60436.22,Mid Value
4259,7,55725.759999999995,17098.679999999997,7960.822857142855,2022-04-01,2024-12-06,True,55725.76,Mid Value
4260,3,30992.010000000002,11932.75,10330.67,2022-05-18,2024-04-01,True,30992.01,Low Value
4261,3,12747.49,5652.13,4249.163333333333,2022-06-24,2024-07-19,True,12747.49,Churned Risk
4262,11,61873.95,25977.55,5624.904545454545,2022-02-20,2024-08-05,True,61873.95,Mid Value
4263,4,12607.01,7278.530000000001,3151.7525,2022-08-09,2023-03-03,True,12607.01,Churned Risk
4264,4,97998.15,21226.649999999998,24499.537500000002,2022-08-25,2024-12-25,True,97998.15,Mid Value
4265,6,39213.05,13394.02,6535.508333333332,2022-06-05,2024-09-10,True,39213.05,Low Value
4266,5,80496.51,20600.579999999998,16099.302,2022-11-04,2024-12-06,True,80496.51,Mid Value
4267,5,22071.75,8909.84,4414.35,2022-04-21,2024-02-08,True,22071.75,Churned Risk
4268,4,11379.08,5244.1,2844.77,2022-01-12,2024-11-13,True,11379.08,Churned Risk
4269,9,174104.12000000002,32755.65000000002,19344.902222222227,2022-02-22,2024-08-05,True,174104.12,High Value
4270,8,105925.77,31138.270000000008,13240.721250000002,2023-01-12,2024-10-14,True,105925.77,Mid Value
4271,1,4572.12,1846.5299999999997,4572.12,2023-09-21,2023-09-21,False,4572.12,Churned Risk
4272,5,14552.35,5193.099999999999,2910.47,2022-08-10,2024-08-27,True,14552.35,Churned Risk
4274,7,39548.13,12781.279999999999,5649.732857142858,2022-02-03,2024-11-19,True,39548.13,Low Value
4275,7,172983.75999999998,33960.12,24711.96571428571,2022-01-20,2024-04-27,True,172983.76,High Value
4276,8,137810.77,44893.130000000005,17226.346250000002,2022-01-29,2024-09-19,True,137810.77,Mid Value
4277,1,9590.36,3255.1599999999994,9590.36,2024-09-02,2024-09-02,False,9590.36,Churned Risk
4278,5,25302.719999999998,7617.229999999999,5060.544,2023-01-28,2024-12-26,True,25302.72,Low Value
4279,1,4629.64,2328.6400000000003,4629.64,2022-08-21,2022-08-21,False,4629.64,Churned Risk
4280,4,10264.14,3475.41,2566.035,2022-02-24,2024-02-29,True,10264.14,Churned Risk
4281,2,14884.449999999999,5235.649999999999,7442.224999999999,2023-09-18,2024-05-07,True,14884.45,Churned Risk
4282,4,39723.48,9344.490000000002,9930.87,2022-06-26,2023-12-10,True,39723.48,Low Value
4283,4,55081.840000000004,12822.349999999999,13770.460000000001,2022-01-08,2024-01-19,True,55081.84,Mid Value
4284,4,474597.67,74154.90999999999,118649.41749999998,2022-06-25,2024-05-12,True,474597.67,High Value
4285,6,107145.08,20383.140000000007,17857.513333333332,2022-02-11,2024-12-10,True,107145.08,Mid Value
4286,10,349302.94,64579.48999999999,34930.293999999994,2022-01-01,2024-08-18,True,349302.94,High Value
4287,6,22963.91,7962.839999999999,3827.3183333333327,2022-08-24,2024-04-20,True,22963.91,Churned Risk
4288,7,34758.200000000004,13961.1,4965.457142857143,2022-04-08,2024-03-26,True,34758.2,Low Value
4289,2,22575.03,11558.9,11287.515,2022-10-11,2024-09-07,True,22575.03,Churned Risk
4290,2,7902.48,3355.7300000000005,3951.24,2023-12-11,2024-01-30,True,7902.48,Churned Risk
4291,1,9543.699999999999,3339.6999999999994,9543.699999999999,2023-07-13,2023-07-13,False,9543.7,Churned Risk
4292,1,24280.460000000003,3646.200000000002,24280.460000000003,2024-09-17,2024-09-17,False,24280.46,Low Value
4293,6,41076.14,13557.98,6846.0233333333335,2022-06-18,2023-11-12,True,41076.14,Low Value
4294,3,42962.28,12066.19,14320.76,2022-06-13,2024-08-09,True,42962.28,Low Value
4295,3,24882.77,7368.339999999999,8294.256666666666,2022-02-06,2024-12-07,True,24882.77,Low Value
4296,9,48138.15,17023.7,5348.683333333333,2022-07-27,2024-11-26,True,48138.15,Low Value
4297,6,27054.28,9588.329999999998,4509.046666666666,2022-02-13,2024-12-29,True,27054.28,Low Value
4298,7,51630.29,11777.820000000003,7375.755714285714,2022-03-04,2024-01-09,True,51630.29,Low Value
4299,1,4755.09,2195.41,4755.09,2022-07-28,2022-07-28,False,4755.09,Churned Risk
4300,11,73957.64,20450.040000000005,6723.421818181818,2022-02-26,2024-10-21,True,73957.64,Mid Value
4301,5,74721.88,24822.34,14944.376,2022-02-10,2024-11-14,True,74721.88,Mid Value
4302,4,134218.51,21716.230000000003,33554.6275,2022-01-25,2023-07-19,True,134218.51,Mid Value
4303,4,26366.47,9920.490000000002,6591.6175,2024-08-02,2024-12-25,True,26366.47,Low Value
4304,5,11918.820000000002,3477.4500000000007,2383.764,2022-07-10,2024-06-19,True,11918.82,Churned Risk
4305,4,95638.49,19327.519999999997,23909.6225,2022-09-02,2024-12-30,True,95638.49,Mid Value
4306,5,46015.49,12943.98,9203.098,2022-02-11,2024-06-29,True,46015.49,Low Value
4307,7,39876.37,14500.150000000001,5696.624285714285,2022-02-14,2024-07-21,True,39876.37,Low Value
4308,4,10015.02,4657.28,2503.755,2022-04-02,2024-04-23,True,10015.02,Churned Risk
4309,3,10479.880000000001,3857.23,3493.2933333333335,2022-07-04,2024-07-26,True,10479.88,Churned Risk
4310,6,22343.22,9200.39,3723.8700000000003,2022-05-01,2023-12-08,True,22343.22,Churned Risk
4311,11,142425.62,31564.370000000003,12947.783636363636,2022-04-02,2024-11-01,True,142425.62,Mid Value
4312,7,49697.54,19462.3,7099.648571428571,2022-01-01,2023-12-31,True,49697.54,Low Value
4313,7,46208.96,16022.68,6601.28,2022-11-11,2024-09-18,True,46208.96,Low Value
4314,6,87863.98,22320.84,14643.996666666666,2022-05-19,2024-12-05,True,87863.98,Mid Value
4315,2,10653.960000000001,5229.66,5326.98,2022-06-20,2022-11-15,True,10653.96,Churned Risk
4316,5,25076.92,10372.800000000001,5015.384,2022-02-11,2022-08-17,True,25076.92,Low Value
4317,1,22732.32,6001.859999999999,22732.32,2024-10-22,2024-10-22,False,22732.32,Churned Risk
4318,8,46750.68,21385.210000000003,5843.835000000001,2022-05-26,2023-07-21,True,46750.68,Low Value
4319,5,49976.28,16543.61,9995.256,2022-06-08,2024-09-03,True,49976.28,Low Value
4320,1,1963.92,1046.88,1963.92,2024-10-29,2024-10-29,False,1963.92,Churned Risk
4321,3,20398.64,6327.74,6799.546666666666,2022-05-25,2023-06-17,True,20398.64,Churned Risk
4322,4,173761.36000000002,34654.07000000001,43440.340000000004,2022-04-18,2024-12-21,True,173761.36,High Value
4323,5,23062.59,8846.649999999998,4612.518,2022-09-11,2024-07-05,True,23062.59,Churned Risk
4324,5,19451.46,8156.74,3890.2920000000004,2023-02-25,2024-11-15,True,19451.46,Churned Risk
4325,4,52975.36,17189.17,13243.84,2022-07-08,2024-03-14,True,52975.36,Mid Value
4326,4,120103.32,20605.02000000001,30025.83,2023-02-01,2024-07-28,True,120103.32,Mid Value
4327,6,189203.75,30923.899999999994,31533.95833333333,2022-02-27,2024-07-15,True,189203.75,High Value
4328,9,223951.88999999998,41290.59999999999,24883.54333333333,2022-01-06,2024-07-27,True,223951.89,High Value
4329,1,39170.399999999994,10905.45,39170.399999999994,2024-02-19,2024-02-19,False,39170.4,Low Value
4330,10,72365.92,19565.050000000003,7236.592,2022-09-30,2024-08-21,True,72365.92,Mid Value
4331,4,90703.07999999999,14668.019999999997,22675.77,2022-11-22,2024-03-16,True,90703.08,Mid Value
4332,7,49110.729999999996,17287.82,7015.818571428571,2022-01-01,2024-02-09,True,49110.73,Low Value
4333,4,37932.08,9022.140000000003,9483.02,2022-07-03,2024-09-20,True,37932.08,Low Value
4334,3,6126.35,2668.1800000000003,2042.1166666666668,2023-10-28,2024-05-17,True,6126.35,Churned Risk
4335,4,36642.89,8977.66,9160.7225,2022-02-02,2024-10-15,True,36642.89,Low Value
4336,4,11689.56,5031.28,2922.39,2023-04-07,2024-12-10,True,11689.56,Churned Risk
4337,4,11016.240000000002,4716.040000000001,2754.06,2022-01-21,2024-11-15,True,11016.24,Churned Risk
4338,2,5618.700000000001,3062.4500000000003,2809.3500000000004,2022-05-12,2024-07-10,True,5618.7,Churned Risk
4339,3,23640.38,9981.34,7880.126666666667,2022-06-04,2024-12-29,True,23640.38,Churned Risk
4340,6,58674.22,17525.089999999997,9779.036666666667,2022-01-21,2024-12-30,True,58674.22,Mid Value
4341,4,202011.63999999998,33445.28,50502.91,2022-01-16,2024-09-25,True,202011.64,High Value
4342,6,100959.42,29869.329999999998,16826.57,2022-04-15,2024-06-11,True,100959.42,Mid Value
4343,8,26027.5,12291.32,3253.4375,2022-02-04,2024-11-23,True,26027.5,Low Value
4344,5,31619.46,11114.16,6323.892,2022-02-11,2024-12-07,True,31619.46,Low Value
4345,6,138320.77,27563.739999999998,23053.461666666666,2022-09-23,2024-12-08,True,138320.77,Mid Value
4346,4,25877.129999999997,10579.0,6469.282499999999,2022-06-19,2023-09-18,True,25877.13,Low Value
4347,4,18009.94,5988.269999999999,4502.485,2022-04-20,2024-08-23,True,18009.94,Churned Risk
4348,4,34101.42,17921.95,8525.355,2022-08-04,2024-10-12,True,34101.42,Low Value
4349,9,51801.74,19127.170000000002,5755.748888888888,2022-06-20,2024-09-15,True,51801.74,Low Value
4350,3,22515.73,10312.66,7505.243333333333,2023-01-23,2024-12-09,True,22515.73,Churned Risk
4351,3,21473.42,8736.699999999999,7157.806666666666,2022-09-04,2023-11-22,True,21473.42,Churned Risk
4352,5,16904.11,7101.530000000001,3380.822,2022-02-20,2024-03-26,True,16904.11,Churned Risk
4353,8,65255.57,21981.800000000003,8156.946250000001,2022-02-04,2024-05-26,True,65255.57,Mid Value
4354,2,9343.869999999999,4129.24,4671.9349999999995,2022-06-28,2024-09-22,True,9343.87,Churned Risk
4355,7,58649.45,14587.400000000003,8378.492857142859,2022-03-05,2024-09-29,True,58649.45,Mid Value
4356,7,221250.45,37384.29000000001,31607.207142857143,2022-05-27,2024-11-26,True,221250.45,High Value
4357,4,96001.7,17779.519999999997,24000.425000000003,2023-09-18,2024-08-27,True,96001.7,Mid Value
4358,7,34571.86,13285.28,4938.837142857143,2022-08-22,2024-12-25,True,34571.86,Low Value
4359,3,40669.979999999996,10772.349999999999,13556.659999999998,2022-10-19,2023-05-22,True,40669.98,Low Value
4360,8,66839.84,20356.08,8354.98,2022-03-19,2024-07-02,True,66839.84,Mid Value
4361,5,97231.77,18378.130000000016,19446.354000000003,2022-02-03,2023-07-09,True,97231.77,Mid Value
4362,5,24312.42,8270.559999999998,4862.4839999999995,2022-04-09,2024-07-04,True,24312.42,Low Value
4363,6,88062.9,21815.929999999997,14677.15,2022-01-30,2024-04-10,True,88062.9,Mid Value
4364,3,22624.33,7849.249999999999,7541.443333333334,2024-04-29,2024-10-01,True,22624.33,Churned Risk
4365,4,71297.32,18244.370000000003,17824.33,2022-01-09,2023-05-12,True,71297.32,Mid Value
4366,5,36161.17,10821.07,7232.2339999999995,2022-05-17,2023-11-23,True,36161.17,Low Value
4367,4,18458.98,9287.75,4614.745,2022-02-28,2024-05-29,True,18458.98,Churned Risk
4368,5,34098.2,14740.48,6819.639999999999,2022-07-10,2024-10-28,True,34098.2,Low Value
4369,6,78067.95999999999,23591.2,13011.326666666668,2022-10-11,2024-10-16,True,78067.96,Mid Value
4370,5,32356.45,13375.480000000001,6471.290000000001,2022-04-08,2024-09-29,True,32356.45,Low Value
4371,4,19987.86,8766.99,4996.965,2023-01-12,2024-06-12,True,19987.86,Churned Risk
4372,1,3464.72,2068.04,3464.72,2022-01-20,2022-01-20,False,3464.72,Churned Risk
4373,3,37760.34,8720.369999999999,12586.779999999999,2022-08-13,2023-01-31,True,37760.34,Low Value
4374,6,197155.71,36904.909999999996,32859.284999999996,2022-08-01,2024-11-21,True,197155.71,High Value
4375,5,117447.5,27783.23,23489.5,2022-01-30,2024-12-03,True,117447.5,Mid Value
4376,11,73181.27,29492.07,6652.842727272728,2022-03-24,2024-09-26,True,73181.27,Mid Value
4377,1,89049.37,13577.969999999998,89049.37,2023-04-18,2023-04-18,False,89049.37,Mid Value
4378,3,3050.25,1402.21,1016.75,2022-09-10,2024-08-11,True,3050.25,Churned Risk
4379,7,44107.29,15312.7,6301.041428571429,2022-04-21,2024-07-09,True,44107.29,Low Value
4380,8,154344.31,36767.909999999996,19293.03875,2022-07-29,2024-09-25,True,154344.31,Mid Value
4381,2,938.92,414.95,469.46,2023-07-30,2024-07-01,True,938.92,Churned Risk
4382,2,20016.97,7069.809999999999,10008.485,2022-06-14,2024-03-05,True,20016.97,Churned Risk
4383,9,52714.58,18186.75,5857.175555555555,2022-03-03,2024-11-20,True,52714.58,Low Value
4384,5,31731.71,13396.43,6346.342,2022-03-05,2023-06-22,True,31731.71,Low Value
4385,6,44111.780000000006,9992.57,7351.963333333333,2022-03-24,2024-08-28,True,44111.78,Low Value
4386,1,1101.08,648.2199999999999,1101.08,2024-11-06,2024-11-06,False,1101.08,Churned Risk
4387,6,11641.36,5301.51,1940.2266666666665,2022-03-04,2024-06-02,True,11641.36,Churned Risk
4388,1,1274.29,409.49,1274.29,2022-12-22,2022-12-22,False,1274.29,Churned Risk
4389,6,28194.61,11498.53,4699.101666666667,2022-01-22,2023-12-13,True,28194.61,Low Value
4390,6,176048.93,31218.839999999997,29341.48833333334,2022-09-20,2024-07-14,True,176048.93,High Value
4391,5,64252.46,13938.229999999998,12850.492,2022-08-18,2024-12-23,True,64252.46,Mid Value
4392,6,68152.99,16097.400000000001,11358.831666666667,2022-10-06,2024-11-16,True,68152.99,Mid Value
4393,6,31232.539999999997,9766.769999999999,5205.423333333333,2022-03-26,2024-02-03,True,31232.54,Low Value
4394,9,105990.66,30410.83,11776.739999999998,2022-01-09,2024-12-25,True,105990.66,Mid Value
4395,8,47002.27,17825.82,5875.28375,2022-09-05,2024-12-25,True,47002.27,Low Value
4396,3,16443.41,8442.169999999998,5481.136666666666,2022-07-09,2023-12-09,True,16443.41,Churned Risk
4397,3,4450.31,2453.5600000000004,1483.4366666666665,2022-09-01,2023-04-03,True,4450.31,Churned Risk
4398,6,33259.67,13168.9,5543.278333333333,2022-06-14,2024-08-20,True,33259.67,Low Value
4399,6,29675.1,10567.31,4945.849999999999,2023-04-02,2024-08-27,True,29675.1,Low Value
4400,2,37594.21,8759.189999999999,18797.104999999996,2022-09-25,2023-02-02,True,37594.21,Low Value
4401,4,27789.64,9870.29,6947.410000000001,2022-04-12,2024-04-21,True,27789.64,Low Value
4402,8,34521.47,13640.94,4315.18375,2022-01-05,2024-07-31,True,34521.47,Low Value
4403,4,24058.02,8298.05,6014.505,2022-05-04,2024-12-30,True,24058.02,Churned Risk
4404,2,12665.32,3231.9999999999995,6332.66,2023-03-09,2023-06-19,True,12665.32,Churned Risk
4405,5,11330.15,5097.74,2266.0299999999997,2022-01-13,2023-11-03,True,11330.15,Churned Risk
4406,7,73777.46,32768.24,10539.637142857144,2022-06-11,2024-12-07,True,73777.46,Mid Value
4407,3,209150.24,31658.28,69716.74666666666,2022-11-04,2024-11-13,True,209150.24,High Value
4408,4,23975.43,6634.46,5993.8575,2022-12-26,2024-08-17,True,23975.43,Churned Risk
4409,5,89353.28,15827.529999999999,17870.656,2022-04-17,2024-11-03,True,89353.28,Mid Value
4410,7,31489.53,12152.48,4498.504285714286,2022-02-19,2024-03-24,True,31489.53,Low Value
4411,3,20012.98,9682.43,6670.993333333333,2022-06-02,2022-12-04,True,20012.98,Churned Risk
4412,6,65404.37,21708.000000000004,10900.728333333334,2022-03-27,2023-04-07,True,65404.37,Mid Value
4413,6,152861.07,29575.870000000003,25476.845,2022-09-21,2024-07-09,True,152861.07,Mid Value
4414,7,49423.87,16009.220000000001,7060.552857142857,2022-06-25,2024-08-10,True,49423.87,Low Value
4415,1,7565.64,3792.38,7565.64,2023-10-06,2023-10-06,False,7565.64,Churned Risk
4416,3,158639.44999999998,25244.199999999997,52879.81666666667,2022-08-27,2024-05-27,True,158639.45,Mid Value
4417,7,43675.97,16966.97,6239.424285714286,2022-08-25,2024-11-08,True,43675.97,Low Value
4419,7,106257.29999999999,23625.01,15179.614285714286,2022-05-26,2024-05-20,True,106257.3,Mid Value
4420,3,20845.48,7380.16,6948.493333333333,2023-07-22,2024-11-03,True,20845.48,Churned Risk
4421,2,25349.35,10831.0,12674.675,2023-06-01,2024-12-17,True,25349.35,Low Value
4422,4,31151.989999999998,13272.66,7787.9974999999995,2023-07-16,2024-11-28,True,31151.99,Low Value
4423,4,42449.59,16067.189999999999,10612.3975,2022-01-14,2024-08-06,True,42449.59,Low Value
4424,7,82306.5,25135.079999999998,11758.071428571426,2023-03-12,2024-08-18,True,82306.5,Mid Value
4425,6,186910.05,35342.06,31151.675,2022-01-12,2023-05-07,True,186910.05,High Value
4426,6,28657.44,10970.71,4776.239999999999,2022-06-23,2024-12-11,True,28657.44,Low Value
4427,8,40522.92,16378.179999999998,5065.365,2022-01-04,2024-06-16,True,40522.92,Low Value
4428,3,21922.15,7456.8,7307.383333333332,2022-03-12,2023-09-03,True,21922.15,Churned Risk
4429,5,18983.62,7796.51,3796.7239999999997,2022-03-19,2024-10-26,True,18983.62,Churned Risk
4430,5,39642.24,8947.120000000003,7928.448000000001,2022-09-10,2024-11-05,True,39642.24,Low Value
4431,7,28327.84,10442.62,4046.834285714286,2022-09-16,2024-12-16,True,28327.84,Low Value
4432,5,25037.43,6501.229999999999,5007.486,2022-05-07,2023-08-12,True,25037.43,Low Value
4433,4,24684.45,9644.420000000002,6171.1125,2022-12-07,2024-12-21,True,24684.45,Low Value
4434,10,77918.02,24490.33,7791.801999999999,2022-01-17,2024-07-06,True,77918.02,Mid Value
4435,1,2251.88,1140.36,2251.88,2024-07-03,2024-07-03,False,2251.88,Churned Risk
4436,10,114926.25,27982.720000000005,11492.625,2022-01-04,2024-10-15,True,114926.25,Mid Value
4437,8,63777.17,22443.45,7972.14625,2022-01-29,2024-04-14,True,63777.17,Mid Value
4438,3,15238.11,6548.36,5079.37,2022-06-14,2023-11-27,True,15238.11,Churned Risk
4439,9,42865.5,19766.81,4762.833333333333,2022-02-21,2024-08-13,True,42865.5,Low Value
4440,4,13227.37,5358.26,3306.8425,2022-04-02,2024-04-10,True,13227.37,Churned Risk
4441,5,12915.34,5801.84,2583.068,2022-11-01,2024-04-06,True,12915.34,Churned Risk
4442,7,39325.27,14272.659999999998,5617.895714285715,2022-01-05,2024-08-06,True,39325.27,Low Value
4443,4,26988.280000000002,8972.25,6747.07,2023-02-05,2024-11-28,True,26988.28,Low Value
4444,4,56302.85,18595.03,14075.712500000001,2022-04-30,2024-12-02,True,56302.85,Mid Value
4445,5,20836.39,7746.160000000001,4167.278,2022-05-22,2024-12-26,True,20836.39,Churned Risk
4446,6,203006.59,34861.27,33834.431666666664,2022-01-25,2023-12-24,True,203006.59,High Value
4447,6,48612.56,18856.68,8102.093333333333,2022-02-11,2024-09-18,True,48612.56,Low Value
4448,12,297737.45999999996,61106.719999999994,24811.454999999998,2022-02-23,2024-09-21,True,297737.46,High Value
4449,4,100941.97,20537.069999999996,25235.4925,2022-02-03,2024-10-20,True,100941.97,Mid Value
4450,3,130270.59,20736.660000000003,43423.53,2022-08-03,2024-08-15,True,130270.59,Mid Value
4451,9,72452.08,23637.91,8050.231111111111,2022-02-23,2024-09-06,True,72452.08,Mid Value
4452,5,41295.649999999994,9855.38,8259.130000000001,2022-01-08,2023-07-09,True,41295.65,Low Value
4453,3,24369.97,10153.94,8123.323333333334,2022-09-12,2023-05-13,True,24369.97,Low Value
4454,9,74817.38,24298.579999999998,8313.042222222222,2022-05-15,2024-05-12,True,74817.38,Mid Value
4455,10,108876.84000000001,26071.410000000007,10887.684,2022-06-02,2024-04-26,True,108876.84,Mid Value
4456,7,100948.05,22820.1,14421.149999999998,2022-08-21,2024-12-21,True,100948.05,Mid Value
4457,2,6029.36,3296.08,3014.68,2022-07-13,2023-12-09,True,6029.36,Churned Risk
4458,2,2917.54,1075.9300000000003,1458.77,2022-01-04,2023-05-12,True,2917.54,Churned Risk
4459,8,34040.17,13669.01,4255.02125,2022-03-23,2023-05-06,True,34040.17,Low Value
4460,5,21950.9,10130.73,4390.18,2022-03-07,2023-05-24,True,21950.9,Churned Risk
4461,4,24668.739999999998,9335.499999999998,6167.1849999999995,2023-10-04,2024-09-16,True,24668.74,Low Value
4462,6,23436.88,10370.54,3906.146666666666,2022-04-18,2024-08-03,True,23436.88,Churned Risk
4463,7,48343.59,18446.489999999998,6906.227142857142,2022-01-03,2024-10-01,True,48343.59,Low Value
4464,6,82752.84,21749.860000000004,13792.14,2022-03-19,2024-09-08,True,82752.84,Mid Value
4465,4,36434.15,8512.789999999999,9108.5375,2022-02-18,2024-09-14,True,36434.15,Low Value
4466,1,8156.89,4011.9700000000003,8156.89,2023-02-07,2023-02-07,False,8156.89,Churned Risk
4467,5,13476.85,5233.9800000000005,2695.37,2022-09-20,2024-11-02,True,13476.85,Churned Risk
4468,3,15500.369999999999,7197.03,5166.79,2022-07-09,2024-02-17,True,15500.37,Churned Risk
4469,6,28201.63,10265.279999999999,4700.2716666666665,2022-09-25,2024-10-04,True,28201.63,Low Value
4470,7,195282.62,39948.939999999995,27897.51714285714,2022-03-21,2024-10-07,True,195282.62,High Value
4471,7,221248.61,39176.12,31606.94428571429,2022-01-03,2024-12-28,True,221248.61,High Value
4472,3,13782.83,5847.32,4594.276666666668,2022-07-15,2024-12-21,True,13782.83,Churned Risk
4473,6,77786.06,21135.08,12964.343333333332,2022-07-17,2024-12-17,True,77786.06,Mid Value
4474,1,224.2,111.17999999999999,224.2,2024-11-17,2024-11-17,False,224.2,Churned Risk
4475,3,15236.45,5542.65,5078.816666666667,2023-03-19,2024-09-01,True,15236.45,Churned Risk
4476,2,2246.87,847.8299999999999,1123.435,2024-03-15,2024-03-17,True,2246.87,Churned Risk
4477,3,36383.19,10047.4,12127.730000000001,2023-11-17,2024-11-15,True,36383.19,Low Value
4478,3,32686.530000000002,12643.74,10895.51,2023-02-04,2024-04-06,True,32686.53,Low Value
4479,4,105734.15999999999,26314.519999999997,26433.54,2022-04-15,2024-10-01,True,105734.16,Mid Value
4480,6,20677.72,8605.56,3446.286666666667,2022-12-16,2024-11-26,True,20677.72,Churned Risk
4481,5,20225.120000000003,9063.310000000001,4045.0240000000003,2022-02-27,2024-04-10,True,20225.12,Churned Risk
4482,4,15114.77,5339.57,3778.6925,2022-10-23,2024-06-20,True,15114.77,Churned Risk
4483,3,11218.21,4749.299999999999,3739.4033333333336,2024-05-17,2024-08-06,True,11218.21,Churned Risk
4484,1,7600.54,3168.2999999999997,7600.54,2022-12-04,2022-12-04,False,7600.54,Churned Risk
4485,4,21090.78,7544.9400000000005,5272.695,2022-07-08,2024-01-07,True,21090.78,Churned Risk
4486,5,16308.61,6712.74,3261.722,2022-03-17,2024-10-08,True,16308.61,Churned Risk
4487,4,41565.86,11070.32,10391.465,2022-04-07,2024-10-14,True,41565.86,Low Value
4488,6,32976.19,11501.51,5496.031666666667,2022-09-13,2024-08-08,True,32976.19,Low Value
4489,6,53203.11,15551.560000000001,8867.185,2022-10-18,2024-11-11,True,53203.11,Mid Value
4490,4,73782.84,23310.89,18445.71,2022-12-22,2024-05-16,True,73782.84,Mid Value
4491,10,98283.35,30530.5,9828.335,2022-03-26,2024-08-07,True,98283.35,Mid Value
4492,7,96225.16000000002,20763.36000000001,13746.451428571429,2022-10-14,2024-03-05,True,96225.16,Mid Value
4493,2,21982.81,4336.350000000001,10991.405,2023-10-24,2024-03-26,True,21982.81,Churned Risk
4494,4,21860.75,9439.849999999999,5465.1875,2022-11-25,2024-04-23,True,21860.75,Churned Risk
4495,4,18987.51,8131.73,4746.8775000000005,2022-08-05,2024-12-12,True,18987.51,Churned Risk
4496,3,19000.95,7564.02,6333.650000000001,2022-07-21,2023-08-01,True,19000.95,Churned Risk
4497,5,38364.34,16784.8,7672.8679999999995,2023-03-17,2024-12-24,True,38364.34,Low Value
4498,5,43719.13,10462.090000000002,8743.826,2022-03-04,2024-12-11,True,43719.13,Low Value
4499,8,207051.41999999998,44861.869999999995,25881.427499999998,2022-05-06,2024-11-01,True,207051.42,High Value
4500,6,108760.51000000001,27727.780000000002,18126.751666666667,2022-08-03,2024-11-17,True,108760.51,Mid Value
4501,4,80965.97,17344.159999999996,20241.4925,2023-06-01,2024-10-15,True,80965.97,Mid Value
4502,10,40198.73,16671.39,4019.8730000000005,2022-05-19,2024-12-23,True,40198.73,Low Value
4503,1,6698.46,2301.41,6698.46,2024-05-27,2024-05-27,False,6698.46,Churned Risk
4504,4,17584.64,7606.82,4396.16,2022-09-20,2024-08-18,True,17584.64,Churned Risk
4505,3,4778.47,2416.86,1592.8233333333335,2022-01-18,2024-02-29,True,4778.47,Churned Risk
4506,4,12402.970000000001,4755.39,3100.7425000000003,2022-06-26,2024-08-27,True,12402.97,Churned Risk
4507,6,18904.74,8127.4400000000005,3150.7900000000004,2022-02-09,2024-07-19,True,18904.74,Churned Risk
4508,4,83901.24,15151.110000000006,20975.310000000005,2022-02-22,2024-01-29,True,83901.24,Mid Value
4509,3,4978.14,2071.33,1659.38,2022-07-21,2024-01-26,True,4978.14,Churned Risk
4510,5,19787.98,7183.41,3957.5960000000005,2023-05-27,2024-07-18,True,19787.98,Churned Risk
4511,10,88827.62,23790.36,8882.762,2022-06-13,2024-10-30,True,88827.62,Mid Value
4512,4,137513.51,33175.780000000006,34378.3775,2022-11-18,2024-09-18,True,137513.51,Mid Value
4513,2,9018.43,2069.1000000000004,4509.215,2023-04-27,2023-07-26,True,9018.43,Churned Risk
4514,1,2076.48,1239.99,2076.48,2024-06-30,2024-06-30,False,2076.48,Churned Risk
4515,10,41421.35,15509.66,4142.135,2022-02-03,2024-06-29,True,41421.35,Low Value
4516,7,108336.95,22632.999999999996,15476.707142857142,2022-10-17,2024-09-02,True,108336.95,Mid Value
4517,6,47368.79,15814.130000000001,7894.798333333333,2022-11-13,2024-08-31,True,47368.79,Low Value
4518,4,33047.23,13564.08,8261.8075,2023-03-09,2023-12-02,True,33047.23,Low Value
4519,5,8983.869999999999,4318.23,1796.774,2022-01-22,2024-12-01,True,8983.87,Churned Risk
4520,4,10922.89,4916.51,2730.7225,2022-07-24,2024-04-02,True,10922.89,Churned Risk
4521,12,82520.40000000001,25749.750000000004,6876.700000000001,2022-02-05,2024-12-26,True,82520.4,Mid Value
4522,7,66422.1,17718.9,9488.871428571427,2022-06-09,2024-06-03,True,66422.1,Mid Value
4523,1,84362.65,13244.759999999998,84362.65,2022-01-04,2022-01-04,False,84362.65,Mid Value
4524,5,34495.17,13065.36,6899.034,2022-02-09,2024-09-02,True,34495.17,Low Value
4525,4,20703.79,8810.55,5175.9475,2022-07-07,2024-08-01,True,20703.79,Churned Risk
4526,5,31868.61,11221.140000000001,6373.722,2022-05-06,2024-11-30,True,31868.61,Low Value
4527,5,21802.55,6188.869999999999,4360.51,2022-02-01,2024-08-22,True,21802.55,Churned Risk
4528,11,117225.92,34780.91,10656.901818181817,2022-02-04,2024-10-23,True,117225.92,Mid Value
4529,8,140849.38,31574.769999999997,17606.1725,2022-04-01,2024-08-26,True,140849.38,Mid Value
4530,3,27891.440000000002,9521.39,9297.146666666667,2022-09-09,2024-04-25,True,27891.44,Low Value
4531,4,52401.48,20008.55,13100.37,2023-08-11,2024-10-29,True,52401.48,Low Value
4532,4,27559.17,8996.86,6889.7925000000005,2022-07-21,2023-09-21,True,27559.17,Low Value
4533,2,22857.579999999998,4978.179999999998,11428.789999999999,2022-02-07,2024-03-15,True,22857.58,Churned Risk
4534,6,29890.8,12364.22,4981.8,2022-05-09,2024-03-05,True,29890.8,Low Value
4535,3,16653.62,6506.139999999999,5551.206666666666,2022-01-24,2024-09-04,True,16653.62,Churned Risk
4536,3,16379.68,4785.049999999999,5459.893333333333,2022-06-30,2023-06-01,True,16379.68,Churned Risk
4537,3,21757.07,7915.77,7252.356666666667,2022-01-19,2022-05-19,True,21757.07,Churned Risk
4538,5,36336.95,11924.0,7267.389999999999,2022-06-29,2024-01-10,True,36336.95,Low Value
4539,3,13671.21,5474.049999999999,4557.07,2023-04-11,2024-12-17,True,13671.21,Churned Risk
4540,10,63694.57,24620.66,6369.457,2022-07-30,2024-05-25,True,63694.57,Mid Value
4541,4,90125.70999999999,17653.329999999998,22531.4275,2022-04-12,2024-01-14,True,90125.71,Mid Value
4542,4,22210.72,8522.2,5552.68,2022-01-02,2022-09-02,True,22210.72,Churned Risk
4543,6,47709.18,18271.92,7951.530000000002,2022-01-28,2024-04-04,True,47709.18,Low Value
4544,7,31859.38,13503.29,4551.339999999999,2023-04-27,2023-10-12,True,31859.38,Low Value
4545,7,33041.78,13577.300000000001,4720.254285714286,2022-01-30,2024-11-05,True,33041.78,Low Value
4546,7,60926.17,18107.489999999998,8703.738571428572,2022-08-24,2024-07-25,True,60926.17,Mid Value
4547,6,44786.43,15314.65,7464.405,2022-07-20,2024-02-05,True,44786.43,Low Value
4548,1,47533.16,6638.0400000000045,47533.16,2022-05-14,2022-05-14,False,47533.16,Low Value
4549,4,73814.34,19744.37,18453.585,2022-01-14,2024-09-03,True,73814.34,Mid Value
4550,8,73014.87,29108.46,9126.85875,2022-01-05,2024-11-28,True,73014.87,Mid Value
4551,3,14985.73,7184.59,4995.243333333334,2022-05-03,2023-09-17,True,14985.73,Churned Risk
4552,10,63348.89,25910.05,6334.888999999999,2022-04-30,2024-08-28,True,63348.89,Mid Value
4553,3,12972.91,5710.8,4324.303333333333,2022-07-29,2023-09-01,True,12972.91,Churned Risk
4554,1,2582.63,986.69,2582.63,2023-07-08,2023-07-08,False,2582.63,Churned Risk
4555,2,17786.95,6601.0599999999995,8893.475,2022-07-09,2023-06-26,True,17786.95,Churned Risk
4556,4,55532.31,16826.22,13883.077500000001,2022-01-07,2024-06-22,True,55532.31,Mid Value
4557,5,51127.869999999995,16862.13,10225.573999999999,2022-01-26,2023-02-24,True,51127.87,Low Value
4558,5,26879.41,11086.75,5375.882,2022-09-22,2023-11-10,True,26879.41,Low Value
4559,3,26400.86,10171.359999999999,8800.286666666667,2022-03-29,2023-07-12,True,26400.86,Low Value
4560,6,42377.29,17963.37,7062.881666666667,2023-07-01,2024-10-30,True,42377.29,Low Value
4561,1,4509.08,1528.47,4509.08,2024-11-28,2024-11-28,False,4509.08,Churned Risk
4562,4,28598.51,12752.87,7149.6275000000005,2022-11-01,2023-11-26,True,28598.51,Low Value
4563,7,33452.34,10174.380000000001,4778.905714285715,2022-09-05,2024-12-03,True,33452.34,Low Value
4564,3,4393.55,2025.67,1464.5166666666664,2023-04-13,2024-09-08,True,4393.55,Churned Risk
4565,4,57440.87,15350.150000000005,14360.217500000002,2022-08-16,2024-11-13,True,57440.87,Mid Value
4566,8,38766.979999999996,16391.09,4845.8725,2022-01-19,2024-11-25,True,38766.98,Low Value
4567,3,25225.579999999998,8435.5,8408.526666666667,2022-12-04,2024-09-12,True,25225.58,Low Value
4568,1,16122.05,5526.999999999998,16122.05,2022-11-26,2022-11-26,False,16122.05,Churned Risk
4569,4,68817.81,23122.22,17204.4525,2022-05-02,2024-07-08,True,68817.81,Mid Value
4570,9,36368.22,15134.24,4040.9133333333334,2022-03-02,2024-12-10,True,36368.22,Low Value
4571,12,155833.78,33000.24,12986.148333333333,2022-09-26,2024-10-24,True,155833.78,Mid Value
4572,6,87697.58,15344.150000000012,14616.263333333334,2022-03-18,2023-11-19,True,87697.58,Mid Value
4573,4,33732.03,14358.5,8433.0075,2022-06-28,2024-03-15,True,33732.03,Low Value
4574,5,402953.06,62915.709999999985,80590.612,2022-03-20,2024-09-20,True,402953.06,High Value
4575,4,176997.26,32212.709999999995,44249.314999999995,2022-01-30,2024-07-26,True,176997.26,High Value
4576,2,15608.07,7619.8099999999995,7804.035,2022-03-13,2022-08-25,True,15608.07,Churned Risk
4577,2,4249.34,872.5299999999997,2124.67,2022-10-23,2024-01-26,True,4249.34,Churned Risk
4578,2,8620.52,3720.02,4310.26,2022-10-13,2023-06-06,True,8620.52,Churned Risk
4579,2,9149.42,5031.72,4574.71,2024-10-21,2024-12-14,True,9149.42,Churned Risk
4580,5,53165.94,19358.87,10633.187999999998,2022-10-18,2024-12-01,True,53165.94,Mid Value
4581,2,14101.92,6552.259999999999,7050.96,2024-01-01,2024-02-28,True,14101.92,Churned Risk
4582,3,18891.06,7099.160000000001,6297.0199999999995,2022-02-01,2023-07-30,True,18891.06,Churned Risk
4583,4,7234.92,3000.61,1808.73,2022-04-09,2024-11-09,True,7234.92,Churned Risk
4584,9,28980.75,9899.54,3220.0833333333335,2022-03-23,2024-10-11,True,28980.75,Low Value
4585,4,15097.789999999999,7578.99,3774.4474999999998,2022-05-01,2024-11-18,True,15097.79,Churned Risk
4586,7,69965.0,22252.4,9995.0,2023-06-28,2024-09-13,True,69965.0,Mid Value
4587,11,157180.62,36684.21,14289.147272727278,2022-02-08,2024-11-06,True,157180.62,Mid Value
4588,3,5406.1,2169.94,1802.0333333333335,2022-03-27,2023-02-19,True,5406.1,Churned Risk
4589,7,117535.09999999999,24961.379999999997,16790.72857142857,2022-08-24,2024-10-24,True,117535.1,Mid Value
4590,7,76899.71,20942.510000000002,10985.672857142858,2022-01-16,2024-03-09,True,76899.71,Mid Value
4591,5,83813.83,28753.77,16762.766,2022-11-29,2024-08-14,True,83813.83,Mid Value
4592,7,56855.049999999996,26706.01,8122.15,2022-01-20,2024-07-22,True,56855.05,Mid Value
4593,6,133671.78,28311.670000000016,22278.630000000005,2022-11-13,2024-07-17,True,133671.78,Mid Value
4594,6,99779.7,16841.87,16629.95,2022-03-14,2024-07-18,True,99779.7,Mid Value
4595,6,38798.46,16152.21,6466.41,2022-01-21,2024-06-04,True,38798.46,Low Value
4596,5,87110.58000000002,15977.030000000013,17422.116,2022-07-26,2024-03-21,True,87110.58,Mid Value
4597,7,74021.90000000001,21198.93,10574.557142857142,2022-04-04,2024-08-11,True,74021.9,Mid Value
4598,5,53777.2,23093.62,10755.439999999999,2023-06-01,2024-12-21,True,53777.2,Mid Value
4599,9,60825.59,23658.899999999998,6758.398888888889,2022-01-15,2024-10-18,True,60825.59,Mid Value
4600,2,3793.17,1656.0500000000002,1896.585,2023-05-20,2024-11-03,True,3793.17,Churned Risk
4601,5,35578.22,11882.050000000001,7115.644,2023-03-28,2023-09-11,True,35578.22,Low Value
4602,8,53808.82,17882.739999999998,6726.1025,2022-02-20,2024-03-11,True,53808.82,Mid Value
4603,5,173811.9,30643.27999999999,34762.380000000005,2022-09-21,2024-08-28,True,173811.9,High Value
4604,2,2486.3,1346.8200000000002,1243.15,2022-03-05,2024-04-16,True,2486.3,Churned Risk
4605,7,43169.6,17586.78,6167.085714285714,2022-01-25,2024-08-12,True,43169.6,Low Value
4606,5,257927.49,44222.52999999999,51585.498,2022-04-05,2024-07-13,True,257927.49,High Value
4607,3,14454.18,5775.360000000001,4818.06,2023-11-01,2024-12-28,True,14454.18,Churned Risk
4608,7,59766.91,23583.010000000002,8538.13,2022-01-12,2024-07-18,True,59766.91,Mid Value
4609,7,40386.75,17548.55,5769.535714285715,2022-04-10,2024-05-20,True,40386.75,Low Value
4610,3,28156.41,9083.4,9385.47,2023-09-23,2024-10-13,True,28156.41,Low Value
4611,6,70180.94,15540.810000000005,11696.823333333334,2022-06-10,2024-12-11,True,70180.94,Mid Value
4612,5,45553.75,15452.610000000002,9110.75,2022-05-03,2024-09-30,True,45553.75,Low Value
4613,8,47478.89,17683.86,5934.86125,2022-02-02,2024-05-29,True,47478.89,Low Value
4614,12,105710.91,46595.89,8809.2425,2022-01-05,2024-07-09,True,105710.91,Mid Value
4615,7,59155.729999999996,22220.800000000003,8450.818571428572,2022-06-18,2024-10-22,True,59155.73,Mid Value
4616,7,39947.38,13837.72,5706.768571428572,2022-07-11,2024-12-18,True,39947.38,Low Value
4617,4,76781.95999999999,23048.83,19195.489999999998,2023-06-15,2024-03-25,True,76781.96,Mid Value
4618,4,21138.59,7460.67,5284.6475,2023-08-08,2024-03-12,True,21138.59,Churned Risk
4619,2,63698.57,13972.210000000003,31849.285000000003,2022-09-01,2023-01-31,True,63698.57,Mid Value
4620,10,60900.72,21869.09,6090.072,2022-01-06,2023-11-05,True,60900.72,Mid Value
4621,3,74274.9,18834.24,24758.3,2023-06-05,2024-07-11,True,74274.9,Mid Value
4622,4,19782.65,6631.87,4945.6625,2022-11-28,2024-08-18,True,19782.65,Churned Risk
4623,5,12517.35,5204.77,2503.4700000000003,2022-03-05,2024-10-19,True,12517.35,Churned Risk
4624,2,84006.48999999999,13646.999999999998,42003.245,2022-03-11,2022-05-08,True,84006.49,Mid Value
4625,4,50250.840000000004,22470.12,12562.71,2022-03-09,2024-11-09,True,50250.84,Low Value
4626,8,59304.87,26322.11,7413.108749999999,2022-06-28,2024-08-26,True,59304.87,Mid Value
4627,5,36518.8,15354.47,7303.759999999999,2022-09-12,2024-09-25,True,36518.8,Low Value
4628,9,36497.62,15825.760000000002,4055.2911111111116,2023-04-22,2024-12-16,True,36497.62,Low Value
4629,6,60327.58,14918.540000000003,10054.596666666666,2022-01-01,2023-07-05,True,60327.58,Mid Value
4630,3,26019.3,7238.719999999998,8673.1,2022-02-10,2024-05-01,True,26019.3,Low Value
4631,9,377434.36,66082.37999999999,41937.15111111111,2022-05-07,2024-12-05,True,377434.36,High Value
4632,8,57580.46,24807.2,7197.557500000001,2022-03-16,2024-12-07,True,57580.46,Mid Value
4633,9,88241.37,30123.6,9804.596666666666,2022-01-29,2024-05-07,True,88241.37,Mid Value
4634,2,20847.9,7824.759999999999,10423.95,2022-07-16,2024-11-02,True,20847.9,Churned Risk
4635,3,83942.73000000001,14212.480000000014,27980.91,2022-08-06,2024-05-22,True,83942.73,Mid Value
4636,5,26620.78,11257.48,5324.156000000001,2022-11-07,2024-08-23,True,26620.78,Low Value
4637,6,182539.61000000002,32235.14,30423.268333333337,2022-03-29,2024-10-10,True,182539.61,High Value
4638,5,21873.21,8561.67,4374.642000000001,2022-09-09,2024-10-04,True,21873.21,Churned Risk
4639,4,36716.97,9361.739999999998,9179.2425,2022-05-13,2024-01-07,True,36716.97,Low Value
4640,2,4375.719999999999,2589.1,2187.86,2022-07-21,2024-10-10,True,4375.72,Churned Risk
4641,8,311280.04,66706.17,38910.00499999999,2022-05-02,2024-08-15,True,311280.04,High Value
4642,5,38558.6,12690.050000000001,7711.719999999999,2022-09-06,2024-12-15,True,38558.6,Low Value
4643,3,59004.66,18056.280000000002,19668.22,2023-08-01,2024-04-03,True,59004.66,Mid Value
4644,3,22304.63,6141.450000000001,7434.876666666667,2022-05-16,2023-12-18,True,22304.63,Churned Risk
4645,4,47098.37,13788.88,11774.5925,2022-10-15,2023-10-28,True,47098.37,Low Value
4646,3,82154.73,12465.929999999997,27384.91,2022-11-28,2024-10-13,True,82154.73,Mid Value
4647,4,33835.14,14560.77,8458.785,2022-05-23,2023-04-13,True,33835.14,Low Value
4648,6,27913.37,11216.05,4652.2283333333335,2022-06-23,2024-04-15,True,27913.37,Low Value
4649,5,55528.83,12176.580000000002,11105.766,2022-03-03,2024-02-19,True,55528.83,Mid Value
4650,6,57840.71,17852.44,9640.118333333334,2022-03-22,2024-10-03,True,57840.71,Mid Value
4651,6,60207.05,23127.19,10034.508333333333,2022-07-11,2024-10-04,True,60207.05,Mid Value
4652,7,34506.72,16905.210000000003,4929.531428571429,2022-12-08,2024-10-20,True,34506.72,Low Value
4653,3,158283.69,24436.459999999995,52761.23,2023-02-26,2024-08-25,True,158283.69,Mid Value
4654,3,248267.06999999998,39960.009999999995,82755.68999999999,2022-06-03,2023-10-28,True,248267.07,High Value
4655,3,39017.89,15581.12,13005.963333333333,2022-08-22,2024-04-06,True,39017.89,Low Value
4656,7,62232.53,20785.190000000002,8890.361428571428,2022-10-31,2024-10-29,True,62232.53,Mid Value
4657,3,15622.41,5040.92,5207.47,2022-12-30,2024-05-24,True,15622.41,Churned Risk
4658,8,70136.87999999999,19349.699999999997,8767.11,2022-06-16,2024-11-07,True,70136.88,Mid Value
4659,4,8745.56,4953.56,2186.3900000000003,2022-09-24,2024-12-21,True,8745.56,Churned Risk
4660,7,37496.74,13238.22,5356.677142857142,2022-03-01,2024-07-29,True,37496.74,Low Value
4661,8,85002.79000000001,23134.9,10625.348750000001,2022-03-21,2024-11-18,True,85002.79,Mid Value
4662,7,88297.91,24647.25,12613.98714285714,2022-02-24,2024-11-15,True,88297.91,Mid Value
4663,7,70647.24,23166.030000000002,10092.462857142858,2022-06-01,2024-10-26,True,70647.24,Mid Value
4664,9,119383.68,22445.539999999997,13264.853333333334,2022-04-29,2024-06-06,True,119383.68,Mid Value
4665,5,14979.5,7542.43,2995.9,2022-03-09,2024-02-17,True,14979.5,Churned Risk
4666,4,85936.41000000002,15349.610000000013,21484.102500000005,2022-11-13,2023-03-14,True,85936.41,Mid Value
4667,3,173768.30999999997,31710.649999999994,57922.76999999999,2022-02-19,2022-08-15,True,173768.31,High Value
4668,6,56157.4,15744.71,9359.566666666666,2023-02-22,2024-10-02,True,56157.4,Mid Value
4669,3,12158.99,4428.15,4052.9966666666674,2022-05-26,2023-03-11,True,12158.99,Churned Risk
4670,7,39986.44,16993.0,5712.348571428572,2022-04-17,2024-12-22,True,39986.44,Low Value
4671,8,58934.39,21614.17,7366.798750000001,2022-06-22,2024-07-28,True,58934.39,Mid Value
4672,4,38391.66,12304.61,9597.915,2022-12-07,2024-02-03,True,38391.66,Low Value
4673,5,190746.83,35831.14,38149.365999999995,2022-08-28,2024-09-17,True,190746.83,High Value
4674,4,12707.869999999999,4500.46,3176.9674999999997,2022-06-01,2024-08-26,True,12707.87,Churned Risk
4675,6,75635.05,17154.230000000003,12605.841666666667,2022-03-22,2024-12-26,True,75635.05,Mid Value
4676,4,107011.13,23617.16,26752.7825,2022-09-17,2024-09-24,True,107011.13,Mid Value
4677,5,54580.6,17239.06,10916.119999999999,2022-10-01,2024-11-12,True,54580.6,Mid Value
4678,1,728.19,301.49000000000007,728.19,2022-08-31,2022-08-31,False,728.19,Churned Risk
4679,7,40114.11,17383.54,5730.587142857143,2022-01-09,2024-12-09,True,40114.11,Low Value
4680,5,88861.21,22245.700000000004,17772.242000000002,2022-09-06,2024-07-17,True,88861.21,Mid Value
4681,4,54589.53,15950.36,13647.382499999998,2022-01-11,2024-08-11,True,54589.53,Mid Value
4682,1,6228.929999999999,2288.39,6228.929999999999,2022-01-08,2022-01-08,False,6228.93,Churned Risk
4683,7,127869.81999999999,31771.61,18267.117142857143,2022-03-23,2024-11-10,True,127869.82,Mid Value
4684,3,88682.7,16371.749999999996,29560.899999999994,2023-04-27,2024-02-19,True,88682.7,Mid Value
4685,4,49164.35,14398.24,12291.087500000001,2022-03-02,2024-02-26,True,49164.35,Low Value
4686,3,183751.31999999998,33706.95,61250.439999999995,2023-11-26,2024-05-12,True,183751.32,High Value
4687,7,28888.239999999998,10482.839999999998,4126.891428571428,2022-11-07,2024-07-28,True,28888.24,Low Value
4688,4,40261.520000000004,14669.109999999999,10065.380000000001,2022-10-05,2024-12-08,True,40261.52,Low Value
4689,4,27383.0,10613.04,6845.750000000001,2022-08-13,2024-09-05,True,27383.0,Low Value
4690,6,20831.89,10150.89,3471.9816666666666,2022-01-23,2024-08-27,True,20831.89,Churned Risk
4691,1,534.92,285.65,534.92,2023-04-11,2023-04-11,False,534.92,Churned Risk
4692,3,9147.18,4636.55,3049.06,2022-05-25,2023-01-21,True,9147.18,Churned Risk
4693,5,38681.9,9664.670000000002,7736.38,2023-02-10,2024-05-11,True,38681.9,Low Value
4694,3,14581.86,5847.47,4860.62,2022-07-24,2024-04-11,True,14581.86,Churned Risk
4695,6,53721.340000000004,15040.66,8953.556666666667,2023-04-24,2024-09-20,True,53721.34,Mid Value
4696,7,33192.4,12481.18,4741.771428571427,2022-02-18,2024-10-23,True,33192.4,Low Value
4697,3,20278.11,8098.059999999999,6759.37,2024-06-27,2024-12-19,True,20278.11,Churned Risk
4698,4,39801.53,16308.179999999998,9950.3825,2022-10-03,2024-11-10,True,39801.53,Low Value
4699,6,29217.52,13025.560000000001,4869.586666666666,2022-03-09,2024-12-12,True,29217.52,Low Value
4700,11,49970.09,20694.79,4542.735454545455,2022-02-01,2024-12-26,True,49970.09,Low Value
4701,5,30708.49,10431.000000000002,6141.697999999999,2022-10-06,2024-11-05,True,30708.49,Low Value
4702,4,27544.42,8004.719999999999,6886.1050000000005,2022-03-14,2024-08-06,True,27544.42,Low Value
4703,3,6357.9,2703.9100000000003,2119.2999999999997,2022-06-02,2024-08-13,True,6357.9,Churned Risk
4704,5,41592.01,15034.169999999998,8318.402,2022-05-07,2024-08-02,True,41592.01,Low Value
4705,5,39163.3,14528.900000000001,7832.660000000001,2022-05-27,2024-01-23,True,39163.3,Low Value
4706,7,41373.44,18397.489999999998,5910.4914285714285,2022-05-10,2024-06-24,True,41373.44,Low Value
4707,3,4233.17,1264.33,1411.0566666666666,2022-04-18,2024-10-25,True,4233.17,Churned Risk
4708,4,11844.67,3841.3599999999997,2961.1674999999996,2023-05-04,2024-12-29,True,11844.67,Churned Risk
4709,6,63757.62,18276.62,10626.27,2022-02-11,2023-06-15,True,63757.62,Mid Value
4710,6,115338.28,22650.019999999997,19223.046666666665,2022-01-21,2024-06-30,True,115338.28,Mid Value
4711,2,17292.33,5819.91,8646.165,2023-12-30,2024-07-25,True,17292.33,Churned Risk
4712,3,19826.09,8466.699999999999,6608.696666666667,2022-06-13,2023-04-20,True,19826.09,Churned Risk
4713,8,16357.54,7681.05,2044.6924999999999,2022-05-08,2024-11-02,True,16357.54,Churned Risk
4714,8,105208.17,30366.36,13151.021249999998,2022-02-12,2024-01-21,True,105208.17,Mid Value
4715,4,33995.74,11833.699999999997,8498.935,2022-09-13,2024-12-07,True,33995.74,Low Value
4716,3,7931.67,3131.35,2643.89,2022-04-28,2023-05-12,True,7931.67,Churned Risk
4717,5,11621.06,4221.63,2324.2120000000004,2022-01-23,2024-02-17,True,11621.06,Churned Risk
4718,5,46934.23,12484.510000000002,9386.846,2022-12-12,2024-12-19,True,46934.23,Low Value
4719,10,108621.62,41058.1,10862.162,2022-03-24,2024-06-23,True,108621.62,Mid Value
4720,6,43627.99,14813.480000000001,7271.331666666668,2022-09-30,2024-02-11,True,43627.99,Low Value
4721,10,38752.11,15217.539999999999,3875.2110000000002,2022-06-01,2024-11-18,True,38752.11,Low Value
4722,6,98296.59,26857.080000000005,16382.765,2022-09-26,2024-09-06,True,98296.59,Mid Value
4723,3,247240.34,39748.799999999996,82413.44666666667,2022-04-09,2024-02-17,True,247240.34,High Value
4724,9,38295.41,15797.300000000001,4255.045555555556,2022-03-12,2024-07-18,True,38295.41,Low Value
4725,9,67979.62,22836.27,7553.291111111111,2022-01-10,2024-12-03,True,67979.62,Mid Value
4726,4,50360.87,15464.349999999999,12590.217499999999,2022-11-09,2024-12-19,True,50360.87,Low Value
4727,7,38103.52,15028.629999999997,5443.360000000001,2022-04-27,2024-01-03,True,38103.52,Low Value
4728,4,35097.53,16312.37,8774.3825,2022-05-26,2024-10-31,True,35097.53,Low Value
4729,4,102622.55,20280.420000000002,25655.6375,2022-05-16,2024-05-22,True,102622.55,Mid Value
4730,5,28413.68,10019.68,5682.736,2022-06-25,2024-02-05,True,28413.68,Low Value
4731,3,96714.74999999999,21330.5,32238.250000000004,2022-08-16,2023-09-06,True,96714.75,Mid Value
4732,9,123680.51,34645.14,13742.278888888888,2022-02-16,2024-11-27,True,123680.51,Mid Value
4733,4,41316.799999999996,8304.14,10329.199999999999,2023-06-23,2024-10-05,True,41316.8,Low Value
4734,4,23371.97,10653.51,5842.9925,2022-09-01,2024-06-29,True,23371.97,Churned Risk
4735,6,26702.41,8805.42,4450.401666666668,2022-06-06,2024-11-20,True,26702.41,Low Value
4736,3,15225.660000000002,7651.290000000001,5075.22,2023-08-30,2023-10-15,True,15225.66,Churned Risk
4737,4,93652.35,17382.57000000001,23413.087500000005,2022-02-03,2024-02-01,True,93652.35,Mid Value
4738,11,87336.78,26187.140000000003,7939.707272727272,2022-05-03,2024-10-02,True,87336.78,Mid Value
4739,5,138000.35,31385.879999999994,27600.069999999996,2022-07-24,2024-11-08,True,138000.35,Mid Value
4740,6,39928.65,13034.47,6654.775000000001,2022-06-05,2024-08-07,True,39928.65,Low Value
4741,2,19380.98,7236.5999999999985,9690.49,2023-05-17,2024-03-26,True,19380.98,Churned Risk
4742,7,9879.7,4202.09,1411.3857142857144,2022-01-15,2024-02-04,True,9879.7,Churned Risk
4743,6,9239.32,4646.8099999999995,1539.8866666666665,2022-04-19,2024-11-26,True,9239.32,Churned Risk
4744,5,15105.93,4920.329999999999,3021.186,2022-06-23,2024-10-23,True,15105.93,Churned Risk
4745,3,17857.88,6667.07,5952.626666666666,2023-08-14,2024-11-17,True,17857.88,Churned Risk
4746,4,20228.09,7811.860000000001,5057.0225,2022-10-30,2024-11-28,True,20228.09,Churned Risk
4747,3,27873.85,11038.69,9291.283333333333,2022-12-16,2024-12-28,True,27873.85,Low Value
4748,8,59726.31,16241.599999999999,7465.78875,2022-02-21,2024-07-15,True,59726.31,Mid Value
4749,5,20238.44,9670.17,4047.6880000000006,2022-07-11,2024-12-17,True,20238.44,Churned Risk
4750,6,64242.96,23997.100000000002,10707.160000000002,2023-02-11,2024-12-02,True,64242.96,Mid Value
4751,3,52542.590000000004,8029.910000000004,17514.196666666667,2022-06-13,2024-08-06,True,52542.59,Low Value
4752,6,209318.16,44152.41,34886.36000000001,2022-07-17,2024-08-23,True,209318.16,High Value
4753,4,32079.07,10148.76,8019.7675,2022-09-04,2023-09-13,True,32079.07,Low Value
4754,7,44334.95,18469.57,6333.564285714287,2022-01-29,2024-11-22,True,44334.95,Low Value
4755,3,100358.56999999999,20236.399999999994,33452.85666666667,2022-11-13,2024-09-14,True,100358.57,Mid Value
4756,5,45477.83,9207.600000000002,9095.566,2023-01-08,2023-12-16,True,45477.83,Low Value
4757,2,32636.42,6975.16,16318.21,2022-07-02,2024-11-28,True,32636.42,Low Value
4758,8,78362.73999999999,22744.210000000003,9795.342499999999,2022-01-08,2024-10-27,True,78362.74,Mid Value
4759,6,53999.62,18771.81,8999.936666666666,2022-04-02,2024-07-02,True,53999.62,Mid Value
4760,6,29412.4,10629.51,4902.066666666667,2022-02-04,2024-12-23,True,29412.4,Low Value
4761,2,82331.31,17294.01,41165.655,2023-09-22,2024-03-03,True,82331.31,Mid Value
4762,8,59620.700000000004,16285.350000000002,7452.5875,2022-02-10,2024-03-14,True,59620.7,Mid Value
4763,9,34643.27,15026.69,3849.252222222223,2022-01-22,2024-12-28,True,34643.27,Low Value
4764,5,41513.36,10348.359999999999,8302.672,2022-11-26,2024-08-13,True,41513.36,Low Value
4765,6,64176.939999999995,16674.17,10696.156666666666,2022-07-03,2024-06-29,True,64176.94,Mid Value
4766,1,183.24,66.61000000000001,183.24,2022-08-29,2022-08-29,False,183.24,Churned Risk
4767,5,37939.340000000004,12625.630000000001,7587.868,2022-12-14,2024-03-03,True,37939.34,Low Value
4768,6,145227.91,32681.949999999993,24204.65166666666,2022-03-10,2024-10-05,True,145227.91,Mid Value
4769,7,39356.86,14011.039999999999,5622.408571428571,2022-04-16,2024-07-28,True,39356.86,Low Value
4770,5,33401.06,10662.739999999998,6680.2119999999995,2022-10-13,2024-09-02,True,33401.06,Low Value
4771,6,27467.64,11111.36,4577.9400000000005,2022-03-31,2024-08-22,True,27467.64,Low Value
4772,3,35067.16,10327.82,11689.053333333331,2022-06-13,2023-04-28,True,35067.16,Low Value
4773,6,47050.880000000005,18876.03,7841.813333333334,2022-03-11,2024-10-09,True,47050.88,Low Value
4774,4,44950.48,17410.92,11237.619999999999,2022-05-26,2024-08-10,True,44950.48,Low Value
4775,2,6174.99,2472.84,3087.495,2023-04-11,2024-03-02,True,6174.99,Churned Risk
4776,2,3991.2200000000003,1447.0400000000002,1995.6100000000001,2023-08-23,2023-11-03,True,3991.22,Churned Risk
4777,6,23832.050000000003,9795.77,3972.0083333333337,2022-11-21,2024-12-02,True,23832.05,Churned Risk
4778,4,38309.840000000004,9477.110000000002,9577.46,2022-09-28,2024-07-28,True,38309.84,Low Value
4779,4,11267.970000000001,3636.5,2816.9925000000003,2022-03-02,2023-09-15,True,11267.97,Churned Risk
4780,5,30499.2,13088.039999999999,6099.84,2022-11-12,2024-05-26,True,30499.2,Low Value
4781,2,173641.8,25018.109999999997,86820.9,2022-06-12,2024-12-06,True,173641.8,High Value
4782,3,33475.41,7369.190000000002,11158.470000000001,2022-08-07,2024-02-03,True,33475.41,Low Value
4783,2,44778.68,8885.73,22389.34,2022-08-06,2024-09-24,True,44778.68,Low Value
4784,7,45779.3,16312.970000000001,6539.900000000001,2022-01-18,2024-09-04,True,45779.3,Low Value
4785,8,89288.56,28622.210000000003,11161.07,2022-07-02,2024-12-26,True,89288.56,Mid Value
4786,5,81520.5,18689.810000000005,16304.1,2022-12-22,2024-11-03,True,81520.5,Mid Value
4787,5,38335.69,10734.319999999998,7667.138000000001,2022-01-25,2023-07-23,True,38335.69,Low Value
4788,5,58806.0,15463.319999999998,11761.2,2022-02-04,2024-11-06,True,58806.0,Mid Value
4789,5,57879.340000000004,17329.980000000003,11575.868,2023-08-19,2024-12-15,True,57879.34,Mid Value
4790,3,19500.08,5683.870000000001,6500.026666666666,2022-05-28,2023-12-16,True,19500.08,Churned Risk
4791,3,238015.49,36628.899999999994,79338.49666666666,2023-04-03,2023-12-15,True,238015.49,High Value
4792,5,19234.14,7286.67,3846.828,2022-05-02,2024-11-02,True,19234.14,Churned Risk
4793,9,74094.97,27807.52,8232.774444444445,2022-04-03,2024-10-04,True,74094.97,Mid Value
4794,6,8434.47,2868.5,1405.745,2022-12-20,2024-08-14,True,8434.47,Churned Risk
4795,7,53741.62,18874.82,7677.374285714285,2022-10-06,2024-10-17,True,53741.62,Mid Value
4796,4,9896.2,3613.5000000000005,2474.0499999999997,2022-09-08,2024-04-21,True,9896.2,Churned Risk
4797,2,26739.739999999998,8312.18,13369.869999999999,2023-09-09,2024-04-11,True,26739.74,Low Value
4798,4,84394.49,15037.190000000013,21098.622500000005,2022-04-13,2024-03-09,True,84394.49,Mid Value
4799,4,22453.010000000002,8110.71,5613.2525000000005,2022-07-28,2024-03-15,True,22453.01,Churned Risk
4800,3,31367.0,12103.67,10455.666666666666,2024-01-08,2024-12-24,True,31367.0,Low Value
4801,6,44978.88,16097.130000000001,7496.4800000000005,2022-08-30,2024-05-11,True,44978.88,Low Value
4802,7,62746.909999999996,24252.55,8963.844285714285,2022-01-30,2023-10-29,True,62746.91,Mid Value
4803,5,14789.6,5761.88,2957.9200000000005,2022-05-28,2024-09-02,True,14789.6,Churned Risk
4804,3,160771.44,24701.069999999996,53590.48,2022-09-18,2024-11-15,True,160771.44,Mid Value
4805,6,117975.65,22784.039999999994,19662.608333333334,2022-03-07,2024-09-23,True,117975.65,Mid Value
4806,3,16258.3,3895.9499999999985,5419.433333333333,2022-06-12,2023-02-02,True,16258.3,Churned Risk
4807,8,21192.46,9775.6,2649.0575,2022-10-13,2024-12-28,True,21192.46,Churned Risk
4808,11,291882.37,55549.630000000005,26534.76090909091,2022-04-29,2024-09-15,True,291882.37,High Value
4809,7,209950.77,40485.2,29992.967142857142,2022-10-29,2024-09-16,True,209950.77,High Value
4810,2,47100.11,13989.89,23550.055,2023-12-18,2024-03-27,True,47100.11,Low Value
4811,1,692.16,413.33,692.16,2024-09-04,2024-09-04,False,692.16,Churned Risk
4812,9,130723.59000000001,29682.570000000003,14524.843333333334,2022-06-04,2024-10-09,True,130723.59,Mid Value
4813,1,8155.389999999999,2796.9700000000003,8155.389999999999,2024-01-19,2024-01-19,False,8155.39,Churned Risk
4814,8,91149.01,32611.59,11393.626250000001,2022-05-05,2024-09-17,True,91149.01,Mid Value
4815,8,50711.04,16656.94,6338.88,2022-08-07,2024-08-09,True,50711.04,Low Value
4816,4,152788.18000000002,27089.800000000003,38197.045,2022-04-09,2024-07-08,True,152788.18,Mid Value
4817,11,111819.86,29254.64,10165.441818181816,2022-08-12,2024-11-30,True,111819.86,Mid Value
4818,9,154526.87,32702.100000000017,17169.652222222223,2022-03-06,2024-09-29,True,154526.87,Mid Value
4819,10,155740.2,28925.42000000001,15574.019999999999,2022-02-11,2024-12-17,True,155740.2,Mid Value
4820,10,245247.87999999998,57941.06,24524.788000000004,2022-02-07,2024-11-28,True,245247.88,High Value
4821,8,227454.56999999998,43868.369999999995,28431.821249999997,2022-03-29,2024-11-12,True,227454.57,High Value
4822,9,67264.38,19542.25,7473.820000000001,2022-04-05,2024-08-13,True,67264.38,Mid Value
4823,1,3597.38,1585.0900000000001,3597.38,2023-08-12,2023-08-12,False,3597.38,Churned Risk
4824,3,4342.92,1729.2099999999996,1447.64,2022-10-27,2024-03-03,True,4342.92,Churned Risk
4825,1,2324.54,770.3999999999999,2324.54,2022-07-16,2022-07-16,False,2324.54,Churned Risk
4826,7,143442.21,29313.37,20491.744285714285,2022-02-13,2024-10-12,True,143442.21,Mid Value
4827,7,260327.84000000003,54326.96,37189.69142857142,2022-12-25,2024-12-11,True,260327.84,High Value
4828,2,9923.69,4223.460000000001,4961.845,2022-06-23,2022-11-27,True,9923.69,Churned Risk
4829,4,50231.04,11354.54,12557.76,2022-08-01,2024-04-13,True,50231.04,Low Value
4830,4,28000.0,8032.48,7000.0,2022-07-17,2023-08-21,True,28000.0,Low Value
4831,7,83222.83,23683.66,11888.975714285712,2022-03-27,2024-11-08,True,83222.83,Mid Value
4832,6,87727.17,27187.7,14621.195,2022-03-26,2024-12-12,True,87727.17,Mid Value
4833,8,19205.78,7554.339999999999,2400.7225,2022-02-23,2024-10-14,True,19205.78,Churned Risk
4834,5,163583.13999999998,25941.59999999999,32716.627999999997,2023-09-05,2024-09-24,True,163583.14,Mid Value
4835,3,35902.95,9990.62,11967.650000000001,2022-01-16,2024-01-24,True,35902.95,Low Value
4836,6,14209.05,6369.48,2368.1749999999997,2022-03-13,2024-12-04,True,14209.05,Churned Risk
4837,5,22117.149999999998,6104.489999999998,4423.429999999999,2022-05-07,2024-07-08,True,22117.15,Churned Risk
4838,4,63235.13,18407.22,15808.7825,2022-07-08,2023-04-10,True,63235.13,Mid Value
4839,11,122985.84000000001,28470.18000000001,11180.53090909091,2022-03-07,2024-05-30,True,122985.84,Mid Value
4840,3,8023.8099999999995,3571.99,2674.603333333333,2022-06-02,2024-05-08,True,8023.81,Churned Risk
4841,2,20762.61,10966.87,10381.305,2022-01-21,2022-03-07,True,20762.61,Churned Risk
4842,3,23405.41,8050.22,7801.803333333333,2022-05-12,2024-01-27,True,23405.41,Churned Risk
4843,4,16233.99,7889.030000000001,4058.4975,2022-12-17,2023-09-13,True,16233.99,Churned Risk
4844,4,348435.16,54467.87999999999,87108.79,2022-11-29,2024-09-05,True,348435.16,High Value
4845,6,49179.58,14063.220000000001,8196.596666666666,2022-05-20,2024-08-14,True,49179.58,Low Value
4846,4,19267.629999999997,5196.87,4816.907499999999,2022-04-26,2024-11-02,True,19267.63,Churned Risk
4847,3,5664.08,2808.58,1888.0266666666666,2023-09-10,2024-05-25,True,5664.08,Churned Risk
4848,6,29503.66,11472.169999999998,4917.276666666667,2022-05-25,2024-07-23,True,29503.66,Low Value
4849,4,341175.00999999995,54019.43999999999,85293.7525,2023-03-08,2024-10-03,True,341175.01,High Value
4850,4,33857.01,7930.240000000002,8464.2525,2023-02-11,2024-03-06,True,33857.01,Low Value
4851,3,12472.64,5296.81,4157.546666666666,2022-03-15,2024-07-16,True,12472.64,Churned Risk
4852,6,42132.81,15983.079999999998,7022.134999999999,2022-05-06,2024-01-12,True,42132.81,Low Value
4853,5,33036.36,10551.299999999997,6607.272,2022-06-05,2024-03-17,True,33036.36,Low Value
4854,7,432136.68,69771.24999999999,61733.81142857142,2022-05-20,2024-04-30,True,432136.68,High Value
4855,6,45712.119999999995,16885.91,7618.686666666667,2022-01-11,2024-12-08,True,45712.12,Low Value
4856,3,31634.39,9659.789999999999,10544.796666666667,2022-04-20,2024-09-22,True,31634.39,Low Value
4857,4,18093.0,6394.45,4523.25,2022-01-18,2024-05-18,True,18093.0,Churned Risk
4858,3,66153.11,21361.380000000005,22051.036666666667,2022-07-30,2024-07-12,True,66153.11,Mid Value
4859,2,10610.26,3888.87,5305.129999999999,2023-07-24,2023-10-07,True,10610.26,Churned Risk
4860,3,104112.84000000001,15824.080000000013,34704.280000000006,2022-03-31,2024-03-03,True,104112.84,Mid Value
4861,7,91501.43000000001,36821.869999999995,13071.632857142857,2022-03-28,2024-02-15,True,91501.43,Mid Value
4862,4,116069.20999999999,26858.62,29017.3025,2023-09-19,2024-10-18,True,116069.21,Mid Value
4863,4,10344.51,5042.78,2586.1275,2023-03-21,2024-12-26,True,10344.51,Churned Risk
4864,2,5690.75,2916.8100000000004,2845.375,2022-09-28,2023-12-04,True,5690.75,Churned Risk
4865,8,20213.33,7984.820000000001,2526.66625,2022-08-10,2024-12-25,True,20213.33,Churned Risk
4866,8,58103.92,20454.62,7262.99,2022-02-15,2024-09-21,True,58103.92,Mid Value
4867,5,166334.22,29274.709999999995,33266.844,2022-07-08,2024-09-07,True,166334.22,High Value
4868,3,24645.83,7240.450000000002,8215.276666666667,2022-08-07,2024-08-05,True,24645.83,Low Value
4869,3,12975.6,4282.300000000001,4325.2,2022-11-20,2023-09-05,True,12975.6,Churned Risk
4871,9,34978.340000000004,14920.48,3886.482222222223,2022-03-14,2024-09-22,True,34978.34,Low Value
4872,5,30592.01,11918.96,6118.402,2022-01-29,2023-08-14,True,30592.01,Low Value
4873,3,11979.45,4980.05,3993.15,2023-04-16,2024-01-06,True,11979.45,Churned Risk
4874,5,176620.15000000002,27975.960000000014,35324.030000000006,2023-02-19,2024-10-03,True,176620.15,High Value
4875,5,50343.11,20908.96,10068.622,2023-02-06,2024-04-21,True,50343.11,Low Value
4876,9,70296.45,24241.5,7810.716666666666,2022-02-28,2024-12-18,True,70296.45,Mid Value
4877,8,24276.28,11057.800000000001,3034.535,2022-07-07,2024-12-26,True,24276.28,Low Value
4878,4,99848.9,19249.860000000004,24962.225,2022-02-24,2024-11-19,True,99848.9,Mid Value
4879,6,12214.98,4112.900000000001,2035.8300000000002,2022-05-01,2024-06-26,True,12214.98,Churned Risk
4880,8,82834.8,16116.810000000005,10354.35,2022-09-06,2024-12-20,True,82834.8,Mid Value
4881,4,43097.01,13686.44,10774.252499999999,2022-09-19,2024-11-12,True,43097.01,Low Value
4882,8,93862.96,23508.140000000003,11732.87,2022-02-17,2024-09-04,True,93862.96,Mid Value
4883,5,23408.22,8667.779999999999,4681.644,2022-01-17,2024-12-17,True,23408.22,Churned Risk
4884,4,16216.84,6633.33,4054.21,2022-02-14,2024-04-24,True,16216.84,Churned Risk
4885,4,17377.18,7127.49,4344.295,2022-05-08,2023-10-25,True,17377.18,Churned Risk
4886,4,35949.84,13656.52,8987.460000000001,2022-06-11,2024-05-30,True,35949.84,Low Value
4887,6,41262.87,15041.89,6877.1449999999995,2023-02-12,2024-08-21,True,41262.87,Low Value
4888,4,46839.270000000004,9273.070000000002,11709.8175,2022-02-17,2023-05-11,True,46839.27,Low Value
4889,4,46250.3,16624.66,11562.575,2022-09-17,2024-06-28,True,46250.3,Low Value
4890,4,82033.8,14085.739999999998,20508.45,2022-01-10,2024-12-28,True,82033.8,Mid Value
4891,9,77564.65,26493.26,8618.294444444446,2022-04-07,2024-12-19,True,77564.65,Mid Value
4892,4,15674.8,5779.079999999999,3918.7,2022-12-12,2024-10-01,True,15674.8,Churned Risk
4893,2,83012.81,18612.41,41506.405,2023-12-15,2024-06-10,True,83012.81,Mid Value
4894,3,19853.34,7275.03,6617.78,2022-03-25,2023-12-02,True,19853.34,Churned Risk
4895,5,17005.05,5593.42,3401.0099999999998,2022-04-19,2024-07-30,True,17005.05,Churned Risk
4896,7,72171.72,19173.489999999998,10310.245714285715,2022-07-30,2023-12-21,True,72171.72,Mid Value
4897,5,88793.04000000001,17807.860000000015,17758.608000000004,2022-12-17,2023-12-25,True,88793.04,Mid Value
4898,4,32579.01,13017.779999999999,8144.7525,2022-04-03,2024-08-24,True,32579.01,Low Value
4899,4,43474.3,12498.170000000002,10868.575,2022-01-13,2023-01-17,True,43474.3,Low Value
4900,7,52906.44,16097.140000000001,7558.062857142856,2022-10-07,2024-11-21,True,52906.44,Low Value
4901,3,170001.27999999997,29777.939999999995,56667.09333333332,2022-02-14,2023-12-29,True,170001.28,High Value
4902,5,51017.36,18863.829999999998,10203.472,2022-01-20,2024-07-20,True,51017.36,Low Value
4903,5,25561.77,10659.13,5112.354,2022-08-04,2024-10-26,True,25561.77,Low Value
4904,5,42829.42,11369.38,8565.884,2022-05-11,2024-09-10,True,42829.42,Low Value
4905,5,10102.56,4922.79,2020.512,2022-01-17,2024-12-02,True,10102.56,Churned Risk
4906,10,41655.3,13758.69,4165.530000000001,2022-07-29,2024-12-31,True,41655.3,Low Value
4907,12,179860.99,44619.610000000015,14988.415833333333,2022-03-19,2024-09-12,True,179860.99,High Value
4908,9,79092.06,24224.43,8788.006666666668,2022-02-07,2024-11-05,True,79092.06,Mid Value
4909,8,52366.34,19708.26,6545.7925,2022-03-23,2024-08-22,True,52366.34,Low Value
4910,2,16636.31,7179.42,8318.155,2024-04-12,2024-07-04,True,16636.31,Churned Risk
4911,3,109850.13,19657.379999999997,36616.71,2022-12-13,2024-11-29,True,109850.13,Mid Value
4912,4,52016.05,20474.95,13004.0125,2022-02-27,2024-03-14,True,52016.05,Low Value
4913,7,43059.02,15041.49,6151.288571428572,2022-12-10,2024-05-03,True,43059.02,Low Value
4914,3,183489.06999999998,35074.29,61163.02333333334,2022-07-17,2024-12-28,True,183489.07,High Value
4915,6,107392.16,20955.4,17898.693333333333,2022-11-23,2024-01-16,True,107392.16,Mid Value
4916,6,51904.729999999996,15871.559999999998,8650.788333333332,2022-08-13,2023-07-28,True,51904.73,Low Value
4917,5,24708.39,8920.39,4941.677999999999,2022-01-25,2024-06-05,True,24708.39,Low Value
4918,2,23881.42,8354.23,11940.71,2022-09-17,2024-11-02,True,23881.42,Churned Risk
4919,8,77637.07,21821.78,9704.633749999999,2022-03-13,2024-10-26,True,77637.07,Mid Value
4920,5,14392.37,6066.4,2878.474,2022-06-25,2024-12-27,True,14392.37,Churned Risk
4921,3,14561.140000000001,5512.88,4853.713333333334,2022-11-17,2024-01-18,True,14561.14,Churned Risk
4922,4,21865.66,8620.13,5466.415000000001,2022-11-25,2024-04-09,True,21865.66,Churned Risk
4923,4,32165.19,10416.83,8041.2975,2022-12-01,2024-11-16,True,32165.19,Low Value
4924,6,48086.6,15312.119999999999,8014.433333333333,2022-03-15,2024-06-26,True,48086.6,Low Value
4925,6,62115.96,23681.9,10352.660000000002,2022-04-11,2024-10-14,True,62115.96,Mid Value
4926,8,49437.47,20075.79,6179.68375,2022-04-10,2024-11-06,True,49437.47,Low Value
4927,3,11084.98,4307.68,3694.9933333333333,2022-09-21,2024-09-29,True,11084.98,Churned Risk
4928,1,3882.41,1370.8499999999997,3882.41,2024-03-09,2024-03-09,False,3882.41,Churned Risk
4929,7,33866.14,9712.109999999999,4838.0199999999995,2023-02-22,2024-10-21,True,33866.14,Low Value
4930,9,46172.38,21478.22,5130.264444444445,2022-01-13,2024-08-03,True,46172.38,Low Value
4931,6,118693.99999999999,25834.6,19782.333333333332,2022-10-30,2024-09-04,True,118694.0,Mid Value
4932,11,187825.91999999998,46910.78999999999,17075.083636363634,2022-02-24,2024-03-26,True,187825.92,High Value
4933,5,34632.14,11407.05,6926.428,2022-03-13,2024-03-10,True,34632.14,Low Value
4934,5,50813.869999999995,17012.01,10162.774,2022-03-05,2024-07-30,True,50813.87,Low Value
4935,3,41313.74,11108.19,13771.246666666666,2023-03-08,2023-10-30,True,41313.74,Low Value
4936,2,6686.65,3250.07,3343.3250000000003,2022-10-18,2024-05-07,True,6686.65,Churned Risk
4937,5,16280.75,5438.199999999999,3256.15,2022-02-24,2024-10-06,True,16280.75,Churned Risk
4938,5,30397.33,11928.8,6079.466,2022-05-28,2024-09-13,True,30397.33,Low Value
4939,5,36801.4,8877.380000000001,7360.280000000001,2022-08-14,2024-11-30,True,36801.4,Low Value
4940,3,141548.43,24344.84,47182.81,2022-01-06,2024-08-01,True,141548.43,Mid Value
4941,1,30044.039999999997,5930.69,30044.039999999997,2023-10-04,2023-10-04,False,30044.04,Low Value
4942,2,4264.24,1156.6199999999994,2132.12,2023-05-04,2023-06-06,True,4264.24,Churned Risk
4943,4,159025.36000000002,30983.140000000003,39756.340000000004,2022-10-08,2024-11-18,True,159025.36,Mid Value
4944,10,92884.67,23451.360000000004,9288.467,2022-02-21,2024-06-26,True,92884.67,Mid Value
4945,7,47029.3,21372.43,6718.471428571429,2022-02-09,2024-10-19,True,47029.3,Low Value
4946,4,16932.92,7652.839999999999,4233.23,2023-02-28,2024-07-07,True,16932.92,Churned Risk
4947,8,39502.86,16898.22,4937.8575,2022-03-14,2024-03-04,True,39502.86,Low Value
4948,5,26005.120000000003,10162.400000000001,5201.024,2022-07-31,2024-07-17,True,26005.12,Low Value
4949,6,75963.11,22765.730000000003,12660.518333333333,2022-02-07,2024-08-01,True,75963.11,Mid Value
4950,7,114847.12,33131.95,16406.731428571427,2023-01-01,2024-07-21,True,114847.12,Mid Value
4951,4,21310.03,9289.61,5327.5075,2022-09-24,2024-02-27,True,21310.03,Churned Risk
4952,5,28685.69,10959.949999999999,5737.138,2023-04-07,2024-10-09,True,28685.69,Low Value
4953,3,20724.0,9131.820000000002,6908.0,2023-12-01,2024-05-27,True,20724.0,Churned Risk
4954,2,32068.02,10566.41,16034.01,2023-04-19,2024-06-06,True,32068.02,Low Value
4955,3,5649.9800000000005,2774.96,1883.3266666666668,2022-12-07,2024-09-15,True,5649.98,Churned Risk
4956,11,77986.23,25189.29,7089.657272727272,2022-01-26,2024-08-29,True,77986.23,Mid Value
4957,13,102864.27,29665.26,7912.636153846154,2022-06-11,2024-10-03,True,102864.27,Mid Value
4958,3,11707.29,5310.719999999999,3902.4300000000003,2022-05-17,2024-06-21,True,11707.29,Churned Risk
4959,6,174745.3,30305.089999999997,29124.216666666664,2022-06-26,2024-07-18,True,174745.3,High Value
4960,5,60223.38,19055.42,12044.676,2022-01-16,2024-11-25,True,60223.38,Mid Value
4961,6,47508.11,14044.880000000003,7918.018333333333,2022-09-02,2024-08-11,True,47508.11,Low Value
4962,4,47536.649999999994,11453.56,11884.162499999999,2023-03-13,2024-04-28,True,47536.65,Low Value
4963,5,94848.5,25733.47,18969.7,2022-03-06,2024-10-21,True,94848.5,Mid Value
4964,8,69012.83,23829.7,8626.60375,2022-02-19,2024-10-09,True,69012.83,Mid Value
4965,3,15384.029999999999,7996.39,5128.009999999999,2023-07-15,2024-08-22,True,15384.03,Churned Risk
4966,7,46709.17,16212.159999999998,6672.738571428571,2022-03-08,2024-09-01,True,46709.17,Low Value
4967,4,54451.64,15485.440000000002,13612.91,2022-09-15,2023-09-05,True,54451.64,Mid Value
4968,5,33704.1,11863.89,6740.8200000000015,2022-01-16,2023-12-09,True,33704.1,Low Value
4969,10,127669.81,37237.049999999996,12766.980999999998,2022-03-04,2024-09-18,True,127669.81,Mid Value
4970,3,13368.47,4547.530000000001,4456.156666666667,2022-01-18,2024-03-14,True,13368.47,Churned Risk
4971,2,34364.47,11181.999999999998,17182.235,2022-07-03,2023-03-07,True,34364.47,Low Value
4972,4,13958.58,6187.78,3489.645,2022-08-15,2024-09-13,True,13958.58,Churned Risk
4973,9,58720.59,17937.179999999997,6524.51,2022-04-23,2024-12-16,True,58720.59,Mid Value
4974,5,14463.93,5803.65,2892.786,2022-01-19,2024-07-30,True,14463.93,Churned Risk
4975,3,15276.87,7074.59,5092.29,2022-08-14,2024-03-08,True,15276.87,Churned Risk
4976,6,20309.850000000002,7887.250000000001,3384.9750000000004,2022-06-13,2024-12-15,True,20309.85,Churned Risk
4977,6,50749.94,19628.68,8458.323333333334,2022-11-15,2024-12-02,True,50749.94,Low Value
4978,6,71497.91,25984.67,11916.318333333335,2022-06-08,2024-10-15,True,71497.91,Mid Value
4979,2,37634.24,12227.309999999998,18817.12,2023-04-21,2023-06-21,True,37634.24,Low Value
4980,5,26090.95,7583.540000000001,5218.19,2022-05-01,2024-04-25,True,26090.95,Low Value
4981,7,57610.159999999996,16151.0,8230.022857142858,2022-09-22,2024-01-25,True,57610.16,Mid Value
4982,4,22261.690000000002,10558.36,5565.422500000001,2023-04-12,2024-10-18,True,22261.69,Churned Risk
4983,5,125425.72,38152.68,25085.143999999997,2023-08-12,2024-09-28,True,125425.72,Mid Value
4984,3,8836.11,3024.1700000000005,2945.3700000000003,2022-03-31,2023-08-18,True,8836.11,Churned Risk
4985,3,30176.170000000002,10437.400000000001,10058.723333333333,2023-06-28,2024-07-05,True,30176.17,Low Value
4986,6,31423.73,8326.54,5237.288333333333,2022-02-18,2024-09-23,True,31423.73,Low Value
4987,7,112855.83,29357.61,16122.261428571428,2022-03-23,2024-12-18,True,112855.83,Mid Value
4988,6,14761.960000000001,5223.290000000001,2460.3266666666673,2023-09-10,2024-12-20,True,14761.96,Churned Risk
4989,4,19284.83,7182.86,4821.2075,2022-02-02,2024-10-23,True,19284.83,Churned Risk
4990,8,104776.97,28336.560000000005,13097.12125,2022-04-23,2024-06-16,True,104776.97,Mid Value
4991,3,9696.97,2673.65,3232.3233333333333,2022-05-30,2024-11-24,True,9696.97,Churned Risk
4992,2,4801.52,1349.45,2400.76,2022-11-16,2023-05-19,True,4801.52,Churned Risk
4993,4,20167.97,8770.68,5041.9925,2023-02-05,2024-07-30,True,20167.97,Churned Risk
4994,5,69419.31,20501.57,13883.862,2022-02-19,2024-10-24,True,69419.31,Mid Value
4995,5,77554.26,22527.530000000002,15510.852000000003,2022-05-11,2024-07-13,True,77554.26,Mid Value
4996,7,125689.52,29462.089999999997,17955.645714285714,2022-05-30,2024-12-06,True,125689.52,Mid Value
4997,4,15490.529999999999,5935.5199999999995,3872.6324999999997,2023-12-11,2024-11-28,True,15490.53,Churned Risk
4998,4,13746.51,6999.929999999999,3436.6275,2023-04-09,2023-11-16,True,13746.51,Churned Risk
4999,2,11346.720000000001,2664.41,5673.360000000001,2022-06-12,2023-01-19,True,11346.72,Churned Risk
5000,8,68885.77,26331.350000000002,8610.72125,2022-06-27,2024-11-08,True,68885.77,Mid Value
