customer_id,customer_name,email,phone,city,state,region,segment,signup_date
1,Aryan Maharaj,udantdewan@example.net,918196001338.0,Kishanganj,Delhi,North,New,2025-05-01
2,Thomas Sen,abeer26@example.com,2351161559.0,Varanasi,Karnataka,South,Regular,2023-06-16
3,Jeet Radhakrishnan,memonjanaki@example.net,911034131647.0,Ujjain,Himachal Pradesh,North,New,2025-09-18
4,Shaurya Loke,gargyash@example.org,6483503056.0,Amritsar,Chhattisgarh,Central,Premium,2024-03-09
5,Simon Tata,jshanker@example.com,913884969653.0,Danapur,Delhi,North,Regular,2023-07-05
6,Champak Choudhary,nathanielsami@example.net,916697848018.0,Mau,Telangana,South,Premium,2024-09-16
7,Radhika Dugar,uaggarwal@example.net,8281489325.0,Panvel,Chhattisgarh,Central,New,2023-02-01
8,Ekiya Suresh,choudhuryjanani@example.com,910391171822.0,Jamalpur,Uttarakhand,Central,Regular,2025-12-03
9,Pallavi Kakar,devikarastogi@example.net,5787133150.0,Giridih,Uttarakhand,Central,New,2023-04-25
10,Ekavir Bhargava,ekanshbalay@example.com,918347382997.0,Bhalswa Jahangir Pur,Uttar Pradesh,North,New,2023-07-20
11,Ranveer Chandra,sankarirya@example.com,7010651333.0,Kolhapur,Odisha,East,Regular,2026-01-17
12,Arya Shere,faqidsavant@example.net,910801326773.0,Allahabad,West Bengal,East,Regular,2024-05-28
13,Aarnav Ramakrishnan,suhani46@example.net,8723430980.0,Howrah,Haryana,North,New,2023-04-24
14,Yadavi Wali,daksheshtrivedi@example.org,911913619399.0,Udupi,Uttarakhand,Central,New,2022-10-28
15,Diya Lal,diptakhare@example.com,2475107991.0,Siwan,Maharashtra,West,Occasional,2022-12-17
16,Kevin Palla,kondakala@example.com,917849808412.0,Bhiwandi,Maharashtra,West,Premium,2023-07-09
17,Nachiket Magar,shivansh53@example.net,4874016400.0,Bikaner,Uttarakhand,Central,Premium,2026-05-25
18,Neel Sathe,handra@example.org,2805982620.0,Bharatpur,Delhi,North,New,2025-04-27
19,Ishita Kade,harshilpandya@example.net,9232260256.0,Shimoga,West Bengal,East,New,2026-06-08
20,Lavanya Barad,mkapadia@example.com,4330365414.0,Danapur,Punjab,North,Regular,2023-04-16
21,Ayaan D’Alia,pranav94@example.org,919655698169.0,Rohtak,Bihar,East,Regular,2024-04-23
22,Aarav Venkatesh,janujasankar@example.org,5951484656.0,Begusarai,Kerala,South,New,2022-10-19
23,Osha Raghavan,charviravi@example.net,914436995777.0,Sasaram,Rajasthan,North,Premium,2023-02-25
24,Frado Mander,girik34@example.org,912003791769.0,Yamunanagar,Jammu & Kashmir,Central,Regular,2024-08-16
25,Yagnesh Divan,chhabrapavani@example.org,918708317278.0,Mango,Madhya Pradesh,West,Regular,2024-09-17
26,Sanaya Dutt,qsengupta@example.org,4873471434.0,Imphal,Chhattisgarh,Central,New,2025-03-20
27,Lakshit Dora,leeladua@example.net,911665876036.0,Bhimavaram,Uttar Pradesh,North,New,2026-05-30
28,Lajita Sood,pandeychanchal@example.com,8893734670.0,Naihati,Jharkhand,East,Regular,2025-07-27
29,Noah Sibal,aviramesh@example.net,162720465.0,Malda,Telangana,South,New,2025-06-16
30,Ladli Mall,fkrishnan@example.com,918053100330.0,Mathura,Bihar,East,New,2024-01-01
31,Ishwar Kamdar,xkunda@example.com,919912419049.0,Sikar,Madhya Pradesh,West,Regular,2023-02-24
32,Faqid Kibe,mitrajai@example.net,915865185067.0,Bhiwani,Karnataka,South,New,2025-08-26
33,Michael Saran,anamikayohannan@example.com,6945314737.0,Naihati,Uttarakhand,Central,New,2024-02-25
34,Ekta Gopal,wkala@example.com,4948083136.0,Miryalaguda,Madhya Pradesh,West,Regular,2022-09-25
35,Vamakshi Swaminathan,fbadal@example.com,916349578856.0,Nagercoil,Telangana,South,Premium,2025-11-01
36,Anika Mohan,customer_36@unknown.com,N/A,Jammu,Delhi,North,Regular,2025-08-07
37,Jalsa Gola,akshay82@example.com,910842710947.0,Gandhidham,Andhra Pradesh,South,Premium,2023-11-15
38,Charan Krishnan,ecomar@example.com,1902294131.0,Medininagar,Madhya Pradesh,West,Premium,2024-01-23
39,Lajita Seshadri,lmishra@example.com,9909133412.0,Malegaon,Goa,West,Occasional,2025-02-23
40,Naksh Agate,sseshadri@example.net,4034471349.0,Khandwa,Himachal Pradesh,North,New,2024-12-16
41,Manthan Lata,ekbalbhasin@example.org,9947174648.0,Bahraich,Uttarakhand,Central,New,2023-02-06
42,Rachana Naidu,atharv13@example.net,9049027874.0,Bhimavaram,West Bengal,East,Regular,2022-12-14
43,Gavin Singhal,nilima55@example.net,912567468071.0,Nizamabad,Andhra Pradesh,South,Regular,2024-06-19
44,Netra Varkey,shereodika@example.org,918597703482.0,Bahraich,Assam,East,New,2023-12-27
45,Jairaj Balakrishnan,nathanmukhopadhyay@example.net,918613171274.0,Vijayanagaram,Chhattisgarh,Central,New,2026-05-11
46,Urmi Kohli,ydhillon@example.org,8214658404.0,Dharmavaram,Assam,East,Premium,2026-02-28
47,Manthan Sekhon,vpai@example.net,6753396360.0,Bhalswa Jahangir Pur,Kerala,South,New,2025-01-28
48,Libni Doshi,ibansal@example.net,5171870262.0,Nandyal,Jammu & Kashmir,Central,Occasional,2025-08-11
49,Hamsini Rao,narasimhanlajita@example.com,7809134316.0,Salem,Uttarakhand,Central,Premium,2025-12-08
50,Chandani Balakrishnan,nairdaksh@example.com,5623869222.0,Phagwara,Haryana,North,New,2024-07-01
51,Wridesh Tank,vincentshenoy@example.net,7407482175.0,Khandwa,Bihar,East,Regular,2026-04-25
52,Tanmayi Mittal,leenasubramanian@example.org,916959440640.0,Medininagar,Chhattisgarh,Central,Regular,2025-07-19
53,Bhavini Karpe,theodore39@example.com,2104709521.0,Khammam,Maharashtra,West,Occasional,2025-10-12
54,Parth Iyer,jasmitwali@example.net,2474517123.0,Proddatur,Chhattisgarh,Central,Regular,2025-10-16
55,Megha Atwal,jatin75@example.net,4965137098.0,Phagwara,Gujarat,West,Regular,2024-03-02
56,Ucchal Mittal,idada@example.org,914711382675.0,Dharmavaram,Uttarakhand,Central,Occasional,2023-07-21
57,Oeshi Chaudhary,rreddy@example.org,5377351585.0,Sikar,Jammu & Kashmir,Central,New,2025-10-08
58,Jason Sha,kalaansh@example.org,3293183933.0,Siliguri,Jharkhand,East,Occasional,2023-10-14
59,Aradhana Dhillon,zashilghosh@example.org,205395024.0,Cuttack,Jharkhand,East,New,2025-12-19
60,Ishaan Bhatt,xsen@example.com,9178390847.0,Ghaziabad,Maharashtra,West,Regular,2025-10-07
61,Pooja Chokshi,esawhney@example.org,9212499856.0,Malda,Haryana,North,Regular,2024-08-25
62,Hardik Contractor,qushiseth@example.org,5766156545.0,Bhalswa Jahangir Pur,Chhattisgarh,Central,Premium,2024-10-05
63,Frederick Chander,vchar@example.net,2809885165.0,Faridabad,Delhi,North,New,2022-11-24
64,Indira Chawla,mohammedsubramaniam@example.org,915851493689.0,Narasaraopet,Uttar Pradesh,North,Regular,2023-11-01
65,Ayush Gole,dayamai55@example.org,912961201836.0,Malda,Haryana,North,Regular,2026-07-25
66,Kala Muni,frado02@example.org,147679764.0,Anand,Kerala,South,New,2024-01-23
67,Qushi Choudhry,vidhi84@example.org,916900343244.0,Jamshedpur,Telangana,South,Regular,2023-02-04
68,Qushi Gill,lajitawalia@example.net,918851606071.0,Ramgarh,Jammu & Kashmir,Central,Premium,2022-08-24
69,Omisha Mann,ravelansh@example.com,919751613696.0,Tenali,Madhya Pradesh,West,Regular,2024-06-08
70,Harinakshi Kant,om18@example.net,918835523124.0,Malegaon,Himachal Pradesh,North,Regular,2026-04-25
71,Faqid Goel,wshetty@example.net,7995527177.0,Panipat,Madhya Pradesh,West,Premium,2025-03-04
72,Indira Tripathi,mukherjeetriya@example.com,910541199867.0,Hospet,Himachal Pradesh,North,New,2025-02-15
73,Ekanta Soni,davidseshadri@example.org,1820377889.0,Bharatpur,Delhi,North,Regular,2026-06-24
74,Lila Rege,charles51@example.com,918644925192.0,Tirupati,West Bengal,East,Regular,2024-03-13
75,Kai Chad,krisha52@example.net,8168505423.0,Shivpuri,Telangana,South,Regular,2025-05-27
76,Laksh Dubey,merchantharrison@example.net,8059296222.0,Bahraich,Gujarat,West,Regular,2023-06-06
77,Janya Khanna,wmane@example.net,3834735977.0,Eluru,Tamil Nadu,South,Regular,2022-10-18
78,Neel Iyengar,zashilben@example.net,5818141247.0,Junagadh,Chhattisgarh,Central,Regular,2024-10-01
79,Shravya Palla,sachdevachatresh@example.com,5361530515.0,Durgapur,Chhattisgarh,Central,Occasional,2023-01-01
80,Urmi Dewan,nsen@example.org,910432898614.0,Barasat,Karnataka,South,Regular,2022-10-10
81,William Saini,hbhatnagar@example.com,8089324609.0,New Delhi,Gujarat,West,New,2023-02-17
82,Rachit Chada,ekansh88@example.net,8067065405.0,Hapur,Uttar Pradesh,North,Regular,2025-01-14
83,Gaurangi Deol,pandeyhamsini@example.net,917722170430.0,Kalyan-Dombivli,Goa,West,Occasional,2023-08-21
84,Yutika Rao,ckulkarni@example.net,914505415667.0,Sonipat,Goa,West,Regular,2023-12-15
85,Widisha Pillai,fitan61@example.com,2845115447.0,Rourkela,Jammu & Kashmir,Central,New,2023-05-29
86,Indali Sekhon,panditradhika@example.com,165820297.0,Cuttack,Karnataka,South,Regular,2025-07-18
87,Jeevika Pathak,mbali@example.org,7557192856.0,Alwar,Rajasthan,North,New,2022-11-24
88,Atharv Grewal,yvasa@example.net,914473947312.0,Bidhannagar,Himachal Pradesh,North,Regular,2023-09-03
89,Gagan Nagarajan,customer_89@unknown.com,N/A,Karimnagar,Rajasthan,North,Premium,2023-05-07
90,Unni Dayal,bhattidayamai@example.com,7866912517.0,Hazaribagh,Chhattisgarh,Central,Regular,2024-12-19
91,Qabil Dayal,dthakkar@example.org,2422535841.0,Thiruvananthapuram,Chhattisgarh,Central,New,2024-01-29
92,Jeremiah Mitter,thakkarom@example.net,2299590010.0,Bhagalpur,Rajasthan,North,Regular,2025-04-24
93,Azaan Tank,chasmum73@example.net,4710276773.0,Medininagar,Andhra Pradesh,South,Regular,2025-11-15
94,Eiravati Pai,wde@example.com,8153714732.0,Dhanbad,Chhattisgarh,Central,Premium,2023-03-23
95,Omya Kothari,falakmunshi@example.org,917877470168.0,New Delhi,Rajasthan,North,Regular,2023-11-05
96,Chanakya Bedi,warda97@example.com,162456506.0,Jehanabad,Jammu & Kashmir,Central,Premium,2023-07-12
97,Janani Mani,rajuyamini@example.com,4991216558.0,Asansol,Bihar,East,New,2024-12-31
98,Xiti Baria,baradlaksh@example.net,7872982595.0,Singrauli,Bihar,East,Regular,2023-06-17
99,Gayathri Tripathi,emistry@example.org,5169409749.0,Faridabad,Kerala,South,Premium,2025-03-26
100,Onkar Viswanathan,rdivan@example.org,919130756263.0,Orai,Delhi,North,Premium,2025-02-03
101,David Devi,ektasridhar@example.net,5278585497.0,Shahjahanpur,Chhattisgarh,Central,Regular,2025-11-27
102,Umang Mishra,sarthak75@example.com,8441986652.0,Kalyan-Dombivli,Telangana,South,Regular,2023-10-19
103,Hiral Sathe,varenya33@example.net,8421993308.0,Muzaffarpur,West Bengal,East,New,2023-11-01
104,Odika Narayanan,rchaudhry@example.org,918267734540.0,Chapra,Odisha,East,Regular,2022-11-01
105,Parth Sahni,balhaarranganathan@example.com,914004991547.0,Guntur,Jammu & Kashmir,Central,Regular,2023-08-07
106,Anjali Hans,narayanannicholas@example.net,4205493296.0,Kottayam,Chhattisgarh,Central,New,2026-03-26
107,Nandini Chandran,logansood@example.com,910463745499.0,Bhilwara,Uttarakhand,Central,Occasional,2024-01-03
108,Warinder Bhatia,shroffdamyanti@example.org,8414593327.0,Malda,Uttar Pradesh,North,Regular,2025-05-23
109,Ojasvi Sinha,yugbumb@example.net,8519108839.0,Dehradun,Himachal Pradesh,North,Premium,2025-10-16
110,Jackson Jha,gchand@example.com,917286790874.0,Tenali,Odisha,East,Premium,2024-01-03
111,Tejas Bora,sampathhemangini@example.net,918017046226.0,Eluru,Bihar,East,New,2023-09-11
112,Keya Buch,ijayadani@example.org,6823004786.0,Berhampur,Assam,East,Premium,2024-07-08
113,Hiral Dubey,ranbir10@example.net,9033119079.0,Sambalpur,Delhi,North,Premium,2023-08-31
114,Neelima Sarna,teerthbhalla@example.org,4395995342.0,Haridwar,West Bengal,East,Regular,2025-10-05
115,Darsh Gill,dtandon@example.com,6856624628.0,New Delhi,Kerala,South,Regular,2023-11-21
116,Charita Dhawan,jbhardwaj@example.com,8826343517.0,Tiruchirappalli,Madhya Pradesh,West,Premium,2026-03-23
117,Charan Loyal,ebaral@example.org,8373540331.0,Latur,Delhi,North,Occasional,2024-11-21
118,Mekhala Khatri,barkha67@example.net,5445877175.0,Uluberia,Telangana,South,Regular,2025-07-27
119,Chakradev Kant,amollal@example.net,9642353693.0,Jamalpur,Assam,East,Premium,2023-12-11
120,Aarini Suresh,ksharma@example.net,2287280801.0,Chennai,Gujarat,West,Regular,2025-05-24
121,Vihaan Bir,adityakamdar@example.net,5099770088.0,Ahmedabad,West Bengal,East,New,2024-05-13
122,Bhavini Badal,ggola@example.org,2339845461.0,Machilipatnam,Karnataka,South,New,2022-09-06
123,Upkaar Mital,balaygirik@example.com,6870021765.0,Dehri,Assam,East,New,2024-07-25
124,Victor Kakar,cmadan@example.org,4890250392.0,Solapur,Gujarat,West,Occasional,2026-07-09
125,Wridesh Ramachandran,leena21@example.net,5016315999.0,Khammam,Karnataka,South,Occasional,2023-11-19
126,Shravya Swaminathan,ishaniprashad@example.com,919619431142.0,Jamnagar,Andhra Pradesh,South,Regular,2022-09-27
127,Edhitha Patel,chandabdul@example.com,5412126788.0,Kota,Jharkhand,East,New,2025-10-04
128,Irya Chander,lekha04@example.com,1839826224.0,Agartala,Kerala,South,Regular,2022-09-21
129,Dev Ganesh,amajumdar@example.com,1543799371.0,Avadi,Punjab,North,New,2024-09-16
130,Gaurangi Rai,ria56@example.net,2459375265.0,Pallavaram,Gujarat,West,Regular,2022-08-22
131,Eshana Puri,maya51@example.net,919828073741.0,Panchkula,Goa,West,Regular,2025-01-22
132,Wyatt Krishnan,pallavipurohit@example.org,9796886805.0,Moradabad,Karnataka,South,Regular,2023-03-16
133,Isha Ganesan,rattagarima@example.com,910143888993.0,Dindigul,Andhra Pradesh,South,Regular,2025-11-18
134,Xiti Dora,aryan71@example.com,1125457387.0,Fatehpur,Haryana,North,Regular,2024-04-10
135,Sneha Nagar,mitalchaitanya@example.net,910512382825.0,Surendranagar Dudhrej,Uttarakhand,Central,New,2023-01-10
136,Qarin Grewal,brandhawa@example.net,3796603341.0,Jorhat,Uttarakhand,Central,Occasional,2023-08-07
137,Eshana Hegde,qcomar@example.net,8596969155.0,Tadipatri,Haryana,North,Regular,2023-05-29
138,Frado Desai,jacob34@example.org,915286692966.0,Morbi,West Bengal,East,Regular,2023-05-07
139,Ojas Suri,logan25@example.com,507236887.0,Pallavaram,Goa,West,New,2025-04-25
140,Vrinda Ganesh,balasubramanianthomas@example.com,914384279788.0,Chapra,Jharkhand,East,Premium,2024-05-18
141,Jeevika Barman,bkamdar@example.org,3407451713.0,Giridih,Chhattisgarh,Central,Regular,2023-02-05
142,Priya Gandhi,samueljhaveri@example.org,5849825449.0,Kottayam,Chhattisgarh,Central,Regular,2025-07-17
143,Krishna Sabharwal,malhotrajonathan@example.net,913253672946.0,Bidhannagar,Maharashtra,West,Premium,2026-06-10
144,Neha Varma,jyoti77@example.com,175186363.0,Agartala,Jammu & Kashmir,Central,New,2022-12-07
145,Geetika De,roza@example.org,911701277063.0,Barasat,Kerala,South,Regular,2023-12-26
146,Girik Patel,fitan52@example.org,4361103712.0,Kadapa,Assam,East,Regular,2023-04-15
147,Aditya Anand,jai62@example.com,913611155426.0,Asansol,Himachal Pradesh,North,Occasional,2025-07-03
148,Nitesh Sarraf,tanay26@example.net,7311219656.0,Kolhapur,Uttarakhand,Central,New,2022-11-26
149,Frado Kothari,avi43@example.net,8364037613.0,Hindupur,Jharkhand,East,New,2023-08-31
150,Jalsa Nadig,lilasalvi@example.com,2710910430.0,Sikar,Chhattisgarh,Central,Regular,2022-11-30
151,Yachana Sagar,fratti@example.net,8924141832.0,Katni,Gujarat,West,Premium,2024-10-06
152,Dayita Sarkar,dalbirkonda@example.org,1799042102.0,Ujjain,Jharkhand,East,Premium,2025-02-07
153,Zansi Lad,kamyadate@example.net,1056481491.0,Sirsa,Haryana,North,Regular,2024-09-21
154,Christopher Tata,jhalakdugar@example.com,919138000307.0,Yamunanagar,Goa,West,Premium,2024-10-13
155,Praneel Banik,ukapur@example.org,5419518023.0,Rewa,Gujarat,West,Premium,2026-07-11
156,Barkha Mukhopadhyay,gabriel87@example.org,3494937597.0,Bongaigaon,Tamil Nadu,South,Regular,2022-11-27
157,Matthew Ahuja,obajwa@example.net,506413836.0,Allahabad,Uttarakhand,Central,Regular,2025-11-05
158,Girik Bassi,zinalsachar@example.net,7191826199.0,Raebareli,Kerala,South,Regular,2023-03-21
159,Warjas Manne,divya65@example.com,4313291212.0,Kirari Suleman Nagar,Karnataka,South,Regular,2025-06-06
160,Jai Wason,sarthak74@example.com,1124903521.0,Raurkela Industrial Township,Andhra Pradesh,South,Premium,2023-12-12
161,Chandani Lad,azaanravel@example.com,8317121003.0,Davanagere,Punjab,North,Regular,2024-04-18
162,Kashish Chad,falan01@example.org,7215107029.0,Tenali,Chhattisgarh,Central,New,2026-02-11
163,Lavanya Sandhu,iryakala@example.org,4720999347.0,Jamalpur,Madhya Pradesh,West,Regular,2024-09-20
164,Gagan Mammen,adevan@example.org,8380657875.0,Munger,Tamil Nadu,South,New,2024-08-25
165,Atharv Nagar,ayushmanmand@example.org,8593213348.0,Muzaffarnagar,Punjab,North,Regular,2023-10-06
166,Isha Ghose,warjasnadkarni@example.net,5905992937.0,Akola,Uttarakhand,Central,Regular,2025-01-22
167,Gautam Bhalla,theodorebahri@example.net,593252500.0,Dharmavaram,Tamil Nadu,South,Premium,2024-09-11
168,Indrajit Vora,elijah56@example.net,915452267528.0,Rajahmundry,Goa,West,Occasional,2025-08-10
169,Kritika Mohanty,joshua20@example.net,6902959391.0,Ajmer,Madhya Pradesh,West,New,2025-06-10
170,Wazir Palan,oliver15@example.com,914331541006.0,Gurgaon,Uttarakhand,Central,New,2024-01-08
171,Waida Radhakrishnan,keya17@example.net,3271040541.0,Tiruvottiyur,Madhya Pradesh,West,Regular,2023-04-27
172,Naveen Borde,nigamvasudha@example.net,916296201533.0,Begusarai,Kerala,South,New,2023-05-03
173,Baghyawati Mishra,gopalbawa@example.com,8720506149.0,Kollam,Uttarakhand,Central,Premium,2025-09-06
174,Samuel Garde,finn71@example.com,7741862565.0,Amroha,Jharkhand,East,Regular,2023-01-09
175,Ria Shroff,upkaar49@example.org,911158693806.0,Jorhat,Bihar,East,Regular,2022-10-20
176,Warinder Soni,farhan60@example.net,8992172233.0,Kalyan-Dombivli,Assam,East,Regular,2025-07-14
177,Radhika Jaggi,aarnanagarajan@example.net,911686854870.0,Gorakhpur,Karnataka,South,Regular,2024-05-30
178,Manbir Chaudhry,chaudhuribhavika@example.net,6467997024.0,Asansol,Karnataka,South,Regular,2024-05-16
179,Balvan Randhawa,wazir07@example.com,544471324.0,Pondicherry,Goa,West,Premium,2025-03-29
180,Gaurav Guha,akakar@example.net,8508214862.0,Malegaon,Maharashtra,West,Regular,2023-10-04
181,Dalbir Krish,shanchandresh@example.com,3457861035.0,Hindupur,Madhya Pradesh,West,Occasional,2023-06-07
182,Urvi Palla,nihal41@example.com,916029333346.0,Bangalore,Jammu & Kashmir,Central,Regular,2024-07-04
183,Oscar Anand,zayyanmody@example.net,4665743748.0,Bhimavaram,Uttarakhand,Central,Premium,2024-08-17
184,Yasti Prasad,chanchal17@example.org,4544432830.0,Imphal,Odisha,East,New,2023-01-17
185,Atharv Tank,aashi66@example.com,993538758.0,Tirunelveli,Gujarat,West,Premium,2025-07-04
186,Chaaya Chatterjee,vdave@example.com,8251353465.0,Bhilwara,Jharkhand,East,Premium,2026-03-09
187,Ubika Dalal,customer_187@unknown.com,N/A,Saharanpur,Goa,West,New,2025-02-06
188,Hema Rout,udhar@example.net,911752500743.0,Gangtok,Gujarat,West,New,2023-03-13
189,Vrishti Chakrabarti,radhasanghvi@example.com,7600835058.0,Surat,Telangana,South,Premium,2025-11-11
190,Yuvraj Kara,devika21@example.com,9421044789.0,Raebareli,Maharashtra,West,Regular,2025-06-28
191,Hema Suri,raghav26@example.org,913230982150.0,Rohtak,Gujarat,West,New,2026-05-22
192,Chanakya Chokshi,bavajack@example.com,6184723046.0,Saharsa,Tamil Nadu,South,Regular,2025-11-22
193,Omya Cheema,mandalishaan@example.org,3934835642.0,Motihari,Bihar,East,Premium,2023-10-05
194,Vasana Narayanan,aarnavarya@example.net,911972181143.0,Sagar,Jharkhand,East,Regular,2024-09-21
195,Chandresh Chaudhry,balveermannan@example.com,5611002255.0,Agartala,Goa,West,New,2023-09-26
196,Kashish Oommen,ishaanrattan@example.com,4676212021.0,Gudivada,Maharashtra,West,New,2026-05-07
197,Pratyush Raghavan,ayush27@example.com,916701450899.0,Sonipat,Haryana,North,Regular,2024-08-30
198,Rachita Kothari,qpal@example.net,6289002877.0,Aurangabad,Himachal Pradesh,North,Regular,2024-10-26
199,Ekani Khosla,arunima08@example.org,6631779717.0,Satna,Uttar Pradesh,North,Regular,2025-10-22
200,Andrew Chauhan,csachar@example.net,199488375.0,Meerut,Rajasthan,North,Regular,2023-02-12
201,Suhani Narula,tpatla@example.com,911305548851.0,Dehradun,Andhra Pradesh,South,New,2026-01-31
202,Nimrat Chhabra,rohan31@example.com,917351609177.0,Panchkula,Chhattisgarh,Central,Premium,2024-09-14
203,Rachita Subramanian,oscardave@example.org,9958669346.0,Durg,Odisha,East,Regular,2022-08-18
204,Lakshit Sachar,dipta83@example.org,919452288515.0,Ballia,Jammu & Kashmir,Central,New,2024-07-15
205,Bhavika Sami,virkhredhaan@example.org,2003424420.0,Kurnool,Kerala,South,Regular,2025-01-14
206,Jagrati Sethi,kapurlopa@example.org,4066658004.0,Udupi,Haryana,North,Premium,2025-10-25
207,Umang Pillai,rishimenon@example.com,911228160648.0,Bikaner,Madhya Pradesh,West,Occasional,2026-04-22
208,Abdul Narayanan,cdubey@example.org,9094798515.0,Udaipur,Tamil Nadu,South,Premium,2023-04-18
209,Yashasvi Dutta,zyadav@example.org,3355543987.0,Raipur,Tamil Nadu,South,New,2024-10-28
210,Sanaya Khosla,balveernagi@example.com,916484085887.0,Varanasi,Assam,East,New,2025-06-16
211,Ekani Varkey,charoliver@example.net,133613861.0,Nagpur,Chhattisgarh,Central,Regular,2023-11-15
212,Baljiwan Chahal,bhagatpranav@example.com,1934667665.0,Pali,Goa,West,Regular,2024-07-25
213,Abeer Bhatnagar,boraishita@example.net,914491476607.0,Deoghar,West Bengal,East,New,2025-06-22
214,Mahika Merchant,chanchalprakash@example.org,8210099688.0,Farrukhabad,Maharashtra,West,Regular,2023-07-19
215,Siddharth Sachar,naveengour@example.org,4312908781.0,Jabalpur,Jharkhand,East,New,2023-07-04
216,Rudra Sur,ishanvi23@example.org,9135775949.0,Buxar,Gujarat,West,New,2023-09-05
217,Diya Sangha,aayushmunshi@example.org,916452577754.0,Suryapet,Assam,East,New,2025-01-08
218,Finn Mand,ronithlall@example.net,1108099693.0,Suryapet,Uttarakhand,Central,Premium,2023-01-28
219,Manthan Pau,xkapoor@example.net,4278816580.0,Srikakulam,Uttarakhand,Central,Regular,2023-09-20
220,Yoshita Dey,ldutta@example.net,2750373145.0,Kalyan-Dombivli,Tamil Nadu,South,Regular,2025-07-09
221,Zarna Patel,dsingh@example.org,915184498926.0,Ambarnath,Gujarat,West,New,2025-06-15
222,Zansi Krishnamurthy,hkapoor@example.com,5779082723.0,Kottayam,Jammu & Kashmir,Central,New,2025-02-09
223,Siddharth Doctor,nakulpathak@example.net,1365177739.0,Bulandshahr,West Bengal,East,Premium,2025-05-07
224,Caleb Datta,krishvala@example.org,2024286990.0,Guwahati,Bihar,East,Premium,2022-09-15
225,Urishilla Subramaniam,theodoreroy@example.net,919298425799.0,Berhampur,Odisha,East,Regular,2023-07-14
226,Kevin Chopra,jainyamini@example.net,2912799088.0,Tiruchirappalli,Jammu & Kashmir,Central,New,2024-03-21
227,Aarav Sankar,cprabhakar@example.net,6376599162.0,Morena,Chhattisgarh,Central,Premium,2024-08-30
228,Fiyaz Mander,mkurian@example.org,981806356.0,Aligarh,Tamil Nadu,South,Regular,2025-11-13
229,Zehaan Lal,npau@example.com,6368872588.0,Nizamabad,Madhya Pradesh,West,Premium,2023-04-09
230,Mitali Devi,karpesanya@example.net,911386589026.0,Mysore,Andhra Pradesh,South,Premium,2023-12-01
231,Urishilla Saran,bhattadya@example.org,1906698490.0,Shimla,Madhya Pradesh,West,New,2026-02-10
232,Saksham Vasa,robert09@example.net,3920530214.0,Nagercoil,Haryana,North,Regular,2024-06-23
233,Nidra Iyer,biswasgautam@example.net,8955439376.0,Bhilwara,Kerala,South,New,2025-06-17
234,Yashawini Chhabra,thakurchaitaly@example.com,918489476973.0,Berhampore,Jharkhand,East,Premium,2023-05-10
235,Ayaan Subramaniam,kuruvillaekansh@example.com,3356588043.0,Tiruchirappalli,Jharkhand,East,Occasional,2025-07-05
236,Faqid Gokhale,wmurthy@example.org,4237333433.0,Kulti,Uttarakhand,Central,Regular,2024-04-22
237,Nachiket Chhabra,brarwaida@example.net,918075957947.0,Sasaram,Goa,West,Regular,2026-03-03
238,Tristan Dave,vorapallavi@example.com,856271875.0,Ahmedabad,Tamil Nadu,South,New,2023-10-21
239,Ladli Chaudhuri,janaki94@example.org,4347955276.0,Gurgaon,West Bengal,East,New,2025-06-24
240,Janya Rattan,shravya29@example.org,3143866322.0,Bangalore,Karnataka,South,Regular,2025-08-04
241,Xalak Desai,vidhi44@example.net,612034717.0,Bhilwara,Goa,West,New,2023-05-13
242,Aarini Padmanabhan,sabharwaljairaj@example.com,9399824558.0,Amroha,Jammu & Kashmir,Central,Regular,2024-02-23
243,Lakshmi Mangat,kdhillon@example.net,6996112535.0,Jalna,Uttar Pradesh,North,Regular,2026-05-24
244,Megha Madan,vpatil@example.net,7622023413.0,Sikar,Bihar,East,Regular,2025-08-19
245,Devansh Solanki,balmekhala@example.net,911492164334.0,Cuttack,Chhattisgarh,Central,Regular,2023-01-19
246,Ayush Banerjee,eshana77@example.net,8728299796.0,Sri Ganganagar,Rajasthan,North,Regular,2023-03-03
247,Gaurav Sathe,jasmit64@example.org,82547807.0,Dewas,Andhra Pradesh,South,Regular,2024-08-29
248,Brinda Kashyap,prakashranbir@example.com,6632663416.0,Hazaribagh,Rajasthan,North,Regular,2022-08-26
249,Bhavani Wali,nitara31@example.org,914179749735.0,Saharanpur,Madhya Pradesh,West,Regular,2025-11-11
250,Quincy Chaudry,amruta27@example.net,913120735647.0,Madhyamgram,Haryana,North,Occasional,2022-10-28
251,Ganga Buch,dakshlata@example.com,918723460136.0,Shahjahanpur,Maharashtra,West,New,2025-07-29
252,Rushil Sharma,vermasathvik@example.com,4520881474.0,Karimnagar,Madhya Pradesh,West,Regular,2025-09-30
253,Tejas Chowdhury,radhanair@example.org,914916300979.0,Serampore,Uttar Pradesh,North,Regular,2026-05-21
254,Yuvraj Dugar,rchand@example.net,52812735.0,Bahraich,Uttarakhand,Central,Regular,2025-11-21
255,Ansh Purohit,krish40@example.com,7848739285.0,Bhind,Tamil Nadu,South,Premium,2025-09-23
256,Ekapad Wali,shivanimerchant@example.com,5708620959.0,Pondicherry,Gujarat,West,New,2023-10-13
257,Lila Gupta,ndube@example.com,6511810220.0,Aligarh,Madhya Pradesh,West,Occasional,2025-09-05
258,Hardik Balay,hsuri@example.net,9405391037.0,Bhind,Assam,East,Occasional,2024-09-03
259,Jalsa Sagar,dalbir94@example.net,911413811386.0,Nellore,Assam,East,Premium,2026-01-07
260,Praneel Sagar,parmartara@example.net,6122868528.0,Nagercoil,Jammu & Kashmir,Central,Regular,2024-11-06
261,Ekta Prabhu,usani@example.com,3983684577.0,Mumbai,Karnataka,South,Regular,2026-06-13
262,Bhavani Babu,chasmumahuja@example.com,913504888992.0,Agra,Uttar Pradesh,North,Regular,2025-09-13
263,Nachiket Devi,jeevika93@example.org,4196931572.0,Gangtok,Chhattisgarh,Central,Regular,2024-07-27
264,Charita Barad,xbrar@example.org,5661390604.0,Imphal,Madhya Pradesh,West,New,2026-02-05
265,Eta Thakkar,michaelbedi@example.net,6799813646.0,Mira-Bhayandar,Goa,West,Regular,2024-11-27
266,Vamakshi Bawa,flala@example.com,6227837693.0,Latur,Odisha,East,New,2024-01-16
267,Qushi Naik,chowdhuryodika@example.com,5355904259.0,Ulhasnagar,Maharashtra,West,New,2022-12-01
268,Vivaan Iyengar,nachiket11@example.net,913924051477.0,Bathinda,Assam,East,New,2024-06-26
269,Samar Virk,vasudha92@example.net,698042043.0,Meerut,Andhra Pradesh,South,Regular,2023-07-02
270,Ekalinga Rama,jagvi10@example.com,6368157981.0,Davanagere,Karnataka,South,Occasional,2024-08-03
271,Anthony Baral,dalajanath@example.com,2055543840.0,Munger,Tamil Nadu,South,Regular,2024-09-27
272,Ati Kar,haritaramaswamy@example.net,911689363926.0,Mahbubnagar,Assam,East,New,2026-05-26
273,Karan Jhaveri,samakshdevi@example.com,8262925188.0,Udaipur,Uttarakhand,Central,Regular,2024-01-05
274,Ayushman Nagar,tsabharwal@example.com,4231220994.0,Kavali,Goa,West,New,2023-12-18
275,Atharv Parmer,soodkrish@example.net,7526772233.0,Alappuzha,Assam,East,Premium,2023-08-07
276,Anamika Sachar,samakshjayaraman@example.org,917975736609.0,Satara,Maharashtra,West,Premium,2025-11-11
277,Ikbal Seth,pbasak@example.net,6086803476.0,Baranagar,Goa,West,Premium,2024-04-15
278,Pahal Menon,varugheselucky@example.com,7181298266.0,Hospet,Delhi,North,Regular,2024-07-28
279,Sudiksha Jaggi,qchana@example.com,2111751868.0,Burhanpur,Jammu & Kashmir,Central,Occasional,2022-09-19
280,Caleb Garde,mason22@example.org,644742123.0,Nizamabad,Assam,East,Regular,2024-12-13
281,Widisha Tara,takwazir@example.org,7767199038.0,Udupi,Andhra Pradesh,South,Premium,2022-08-30
282,Chandran Goyal,christopherpalla@example.org,910994510162.0,Anantapuram,Goa,West,Regular,2025-04-14
283,Tamanna Parsa,chanderchandani@example.com,6168147214.0,Hajipur,Uttarakhand,Central,Premium,2025-03-18
284,Shaurya Bhardwaj,wadhwagagan@example.com,9469548995.0,Srikakulam,Maharashtra,West,Premium,2024-05-15
285,Zinal Tank,ngole@example.org,4301071396.0,Ranchi,Goa,West,Regular,2025-01-02
286,Simon Apte,baghyawatikumar@example.org,4885015569.0,Akola,Uttar Pradesh,North,Regular,2024-01-12
287,Hamsini Srinivas,pbanik@example.org,2785760849.0,Miryalaguda,Goa,West,New,2023-06-09
288,Sathvik Narula,dominic24@example.org,6829962914.0,Patna,Maharashtra,West,Premium,2024-11-21
289,Gabriel Taneja,kamyaseth@example.com,918421503178.0,Karawal Nagar,Odisha,East,Regular,2023-10-07
290,Ranveer Oak,tviswanathan@example.com,911823076810.0,Varanasi,Maharashtra,West,New,2026-06-17
291,Gauri Sibal,chauhandevika@example.org,4353344857.0,Darbhanga,Uttarakhand,Central,Regular,2025-07-14
292,Anusha Contractor,varkeyharsh@example.org,5854249321.0,Pudukkottai,Telangana,South,Regular,2023-03-31
293,Sachi Bedi,ayushsinha@example.net,911601662997.0,Bijapur,Madhya Pradesh,West,New,2026-05-29
294,Farhan Shroff,giriksidhu@example.org,4773329456.0,Bathinda,Kerala,South,Premium,2024-01-10
295,Sudiksha Sura,bhattacharyyavaishnavi@example.org,7724599281.0,Aligarh,Jharkhand,East,New,2025-12-19
296,Chasmum Walia,lrattan@example.com,919382761539.0,Raebareli,Maharashtra,West,Regular,2023-12-31
297,Warinder Ghose,surishwar@example.net,7581724619.0,Kavali,Chhattisgarh,Central,New,2025-01-09
298,Falak Talwar,chanateerth@example.org,227846997.0,Tiruppur,Assam,East,Regular,2025-11-22
299,Chandani Modi,fpadmanabhan@example.net,919862405800.0,Bhubaneswar,Maharashtra,West,Regular,2025-07-05
300,Azaan Keer,oramesh@example.com,6666832723.0,Karimnagar,Punjab,North,Occasional,2026-04-10
301,Mitesh Mani,krishapte@example.org,276212679.0,Bokaro,Andhra Pradesh,South,Occasional,2026-03-08
302,Shivani Rajagopalan,upkaar26@example.net,919738468950.0,Tezpur,Assam,East,New,2024-07-17
303,Isaiah Subramaniam,dharati@example.com,1891371894.0,Tiruvottiyur,Madhya Pradesh,West,Occasional,2024-08-31
304,Upasna Setty,anarula@example.com,4209494079.0,Chapra,Andhra Pradesh,South,Premium,2024-11-20
305,Avi Mangat,ibutala@example.net,914429444019.0,Gudivada,Gujarat,West,Occasional,2022-10-31
306,Sanya Pingle,advikakeer@example.com,918051292766.0,Gandhidham,Jammu & Kashmir,Central,New,2025-10-02
307,Shivansh Pai,lallajack@example.org,917674783667.0,Ulhasnagar,Haryana,North,New,2025-09-12
308,Advik Mani,rraja@example.com,185694544.0,Rohtak,Goa,West,Occasional,2024-11-13
309,Triya Khurana,zinalnazareth@example.net,2580010618.0,Amroha,Uttarakhand,Central,New,2025-05-24
310,Bhanumati Krishnamurthy,bahadurjitbajwa@example.net,910939111926.0,Bhubaneswar,Odisha,East,New,2024-02-09
311,Zehaan Menon,oborra@example.com,6542140665.0,Rampur,Jammu & Kashmir,Central,Premium,2025-07-27
312,Pranav Sastry,swamysai@example.net,2712863917.0,Kota,Andhra Pradesh,South,Premium,2026-01-25
313,Ekavir Krishna,fbahl@example.org,64256908.0,Morena,Odisha,East,Premium,2022-10-05
314,Ekaraj Zachariah,aarushrajagopalan@example.net,1985546015.0,Jodhpur,Uttarakhand,Central,Premium,2024-06-19
315,Bimala Jain,balveerrajagopalan@example.net,914615717320.0,Nagpur,Bihar,East,Occasional,2026-03-10
316,Vrinda Ramachandran,zachariahdarika@example.com,7005050613.0,Jorhat,Telangana,South,Regular,2025-09-03
317,Ekbal Bansal,vrindabahl@example.com,320204179.0,Gudivada,Maharashtra,West,Regular,2023-03-31
318,Ishaan Tank,customer_318@unknown.com,N/A,Thanjavur,Madhya Pradesh,West,Regular,2022-11-19
319,Anusha Dhaliwal,sganguly@example.com,2739021962.0,Morbi,Andhra Pradesh,South,Occasional,2022-11-18
320,Abhimanyu Gola,manderomaja@example.net,2324876329.0,Kavali,Telangana,South,Occasional,2022-12-15
321,Gaurang Mitra,omya08@example.org,911819588373.0,Meerut,West Bengal,East,New,2023-05-18
322,Manthan Som,kgoda@example.net,910543645970.0,Faridabad,Maharashtra,West,Premium,2023-06-08
323,Nakul Balakrishnan,hvarma@example.org,917995635315.0,Navi Mumbai,Maharashtra,West,New,2026-07-18
324,Ryan Prashad,ethansinha@example.net,623972652.0,Jammu,Gujarat,West,Regular,2023-08-15
325,Anamika Jain,joshua09@example.org,2177625349.0,Pudukkottai,Odisha,East,Premium,2025-04-19
326,Victor Chadha,fvig@example.org,7740633569.0,Gudivada,Maharashtra,West,New,2026-06-18
327,Omisha Basu,singhalyamini@example.org,8671773180.0,Bellary,Uttarakhand,Central,Occasional,2023-03-31
328,Chakrika Khare,babuvarsha@example.net,2799077262.0,Madhyamgram,Maharashtra,West,Premium,2023-03-06
329,Ekavir Rajan,bachittar46@example.com,9893195085.0,Bhubaneswar,Kerala,South,Occasional,2025-08-09
330,Udyati Baria,jeevika28@example.net,918325381793.0,Pondicherry,Punjab,North,Occasional,2024-03-28
331,Yahvi Sampath,chatura15@example.com,7881788479.0,Amritsar,Punjab,North,Regular,2024-02-10
332,Gagan Buch,sgola@example.org,912412723804.0,Hosur,West Bengal,East,Regular,2023-05-31
333,Urvi Palan,vsawhney@example.net,914310385695.0,Shivpuri,Haryana,North,Regular,2026-07-29
334,Tanvi Modi,daminigarg@example.com,917540254729.0,Jorhat,Gujarat,West,Regular,2025-02-18
335,Parth Dube,wazirdada@example.org,9274523805.0,Siliguri,Gujarat,West,Regular,2023-10-29
336,Nicholas Walla,jairaj06@example.com,917520885474.0,Buxar,Rajasthan,North,New,2024-03-13
337,Hamsini Chowdhury,ibaria@example.net,1406937515.0,Narasaraopet,Jammu & Kashmir,Central,Regular,2025-09-16
338,Tristan Mall,arinchacko@example.net,1863759980.0,Sikar,Chhattisgarh,Central,Regular,2025-05-04
339,Kala Raju,advik45@example.com,7813767426.0,Kolhapur,Jharkhand,East,Regular,2023-03-29
340,Maanas Johal,vaishnavi85@example.org,6106462879.0,Kollam,Punjab,North,Occasional,2026-03-01
341,Bimala Swaminathan,mittaldaksha@example.com,7300244714.0,Mangalore,Chhattisgarh,Central,Regular,2023-05-27
342,Ayush Dar,waida19@example.net,9796471589.0,Rampur,Assam,East,Regular,2024-09-14
343,Madhav Nagarajan,wdeshmukh@example.org,914565044818.0,South Dumdum,Goa,West,Premium,2023-04-21
344,Oliver Naidu,charvi45@example.org,9520284576.0,Ujjain,Bihar,East,Occasional,2025-11-11
345,Mohammed Thakur,raghavvora@example.net,8167112075.0,Mirzapur,Maharashtra,West,Regular,2023-01-18
346,Hema Gera,ayush13@example.org,2342321611.0,Karawal Nagar,Uttarakhand,Central,Premium,2023-03-15
347,Brijesh Hegde,baliyochana@example.net,917140140119.0,Dharmavaram,West Bengal,East,Occasional,2025-10-31
348,Qasim Panchal,chanamadhav@example.net,9552893891.0,Adoni,Goa,West,Regular,2026-06-11
349,Teerth Handa,onveer80@example.net,913875927125.0,Khandwa,Rajasthan,North,New,2025-11-09
350,Nikita Chowdhury,jatin71@example.net,917548015716.0,Sirsa,Bihar,East,Premium,2023-07-10
351,Sachi Kara,bmannan@example.org,917520716781.0,Asansol,Bihar,East,Premium,2025-03-01
352,Harsh Ganguly,patlarushil@example.com,919613674994.0,Raurkela Industrial Township,Uttarakhand,Central,New,2024-04-16
353,Vedhika Vaidya,manan71@example.org,7732010170.0,Eluru,Tamil Nadu,South,Occasional,2024-08-20
354,Michael Mitter,bosezinal@example.com,3477848588.0,Patna,Haryana,North,New,2025-03-08
355,Leela Sengupta,krisha77@example.org,912842762467.0,Jehanabad,Rajasthan,North,Regular,2024-06-10
356,Upma Soni,yashawinibhalla@example.com,7969545009.0,Warangal,Tamil Nadu,South,Occasional,2025-06-25
357,Ikshita Bala,lajita16@example.com,6503334911.0,Raipur,Jharkhand,East,Regular,2026-03-04
358,Anmol Yohannan,baljiwan76@example.net,6407905696.0,Chapra,Telangana,South,New,2024-01-18
359,Harish Jha,watika85@example.org,4563718344.0,Bihar Sharif,Assam,East,Premium,2023-01-10
360,Upkaar Chanda,nayaranjali@example.org,8763514846.0,Kollam,Bihar,East,Regular,2025-01-18
361,Zayan Varma,bgole@example.net,8297374896.0,Nagaon,Goa,West,New,2024-05-16
362,Turvi Divan,matthewmital@example.com,5136442493.0,Mathura,West Bengal,East,Premium,2023-06-19
363,Rehaan Bala,dayitashetty@example.com,6603242044.0,Kalyan-Dombivli,Uttar Pradesh,North,New,2023-02-04
364,Anmol Bhakta,murthychanchal@example.org,5162319818.0,Mehsana,Andhra Pradesh,South,Occasional,2025-09-07
365,Wazir Das,forum96@example.net,3632123476.0,Giridih,Uttarakhand,Central,Regular,2026-05-17
366,Kavya Chowdhury,pallavi73@example.com,915754090034.0,Tirupati,Maharashtra,West,Regular,2022-11-06
367,Jairaj Warrior,saanvirama@example.org,4413432756.0,Panipat,Punjab,North,Regular,2025-04-30
368,Vyanjana Sinha,tnatarajan@example.com,912481569857.0,Faridabad,Assam,East,Regular,2026-04-18
369,Sachi Deshpande,rattanryan@example.net,5911238296.0,Bidhannagar,West Bengal,East,New,2025-05-04
370,Abha Ghose,baghyawati31@example.com,2669300893.0,Surendranagar Dudhrej,Maharashtra,West,Premium,2024-08-24
371,Om Bawa,msanghvi@example.com,911529108677.0,Rajahmundry,Uttarakhand,Central,Occasional,2023-06-15
372,Rayaan Lata,warda62@example.com,919343626204.0,Noida,Tamil Nadu,South,Premium,2025-08-24
373,Yuvraj Pingle,achada@example.com,915636694118.0,Faridabad,Goa,West,Premium,2025-03-28
374,Urishilla Pandya,ahluwaliazehaan@example.net,6465280924.0,Ambala,Uttar Pradesh,North,Regular,2024-01-11
375,Upadhriti Deo,nadigrachita@example.org,1502745644.0,Hazaribagh,Haryana,North,Occasional,2024-09-15
376,Nitesh Mutti,jdora@example.net,7032032074.0,Bhind,Delhi,North,Regular,2023-12-11
377,Warda Baria,tparikh@example.net,7712151342.0,Danapur,Chhattisgarh,Central,Regular,2024-06-19
378,Simon Agrawal,omajabose@example.org,1504165915.0,Bhopal,Assam,East,Regular,2026-02-09
379,Varsha Setty,abdul50@example.net,7592304501.0,Tiruchirappalli,Andhra Pradesh,South,New,2022-12-15
380,Pranav Khatri,bchakraborty@example.org,916642147649.0,Secunderabad,Madhya Pradesh,West,Occasional,2024-04-22
381,Jhalak Vala,vrishtisehgal@example.com,4996165926.0,Tiruchirappalli,West Bengal,East,New,2025-06-10
382,Ubika Kapur,warhivyas@example.net,8147617422.0,Kulti,Andhra Pradesh,South,Regular,2022-10-13
383,Chakrika Batta,bathyochana@example.org,6617945491.0,Raipur,Kerala,South,Regular,2024-11-01
384,Praneel Gopal,fbath@example.com,4597794523.0,Vijayawada,Assam,East,Occasional,2025-10-05
385,Hitesh Saraf,ahluwaliamegha@example.org,912776974995.0,Barasat,West Bengal,East,Regular,2025-10-15
386,Krishna Atwal,isaacbabu@example.net,910372368314.0,Siliguri,Tamil Nadu,South,Occasional,2022-12-26
387,Anthony Dada,michaelsaxena@example.com,793349605.0,Kota,Maharashtra,West,New,2024-08-17
388,Ojasvi Tandon,balhaar76@example.com,9973080695.0,Agartala,Chhattisgarh,Central,Regular,2025-04-17
389,Urvashi Dada,cpalan@example.net,243757383.0,Madanapalle,Bihar,East,Occasional,2026-05-30
390,Karan Memon,rsaha@example.net,5729341722.0,Sangli-Miraj & Kupwad,Chhattisgarh,Central,Regular,2026-03-29
391,Harrison Sagar,pmitter@example.org,54522801.0,Chinsurah,Chhattisgarh,Central,Premium,2025-03-09
392,Jai Kapur,vkuruvilla@example.com,918428910771.0,Phagwara,Kerala,South,New,2023-02-05
393,Benjamin Tripathi,ganeshjacob@example.org,2478712552.0,Panihati,Chhattisgarh,Central,Regular,2025-03-16
394,Abeer Korpal,som@example.net,911456532863.0,Haldia,Karnataka,South,Premium,2024-06-24
395,Tara Varty,ayushman72@example.org,8115562606.0,Saharanpur,Tamil Nadu,South,New,2024-05-15
396,Zinal Merchant,rratti@example.net,4550489267.0,Tinsukia,Uttar Pradesh,North,Regular,2026-06-14
397,Hemani Ravel,charvichad@example.org,5628843188.0,Saharsa,Telangana,South,Regular,2025-04-07
398,Arin Bala,wyatt46@example.net,910548510174.0,Malda,Kerala,South,Regular,2024-01-23
399,Vivaan Palla,bhavani92@example.net,8315893571.0,Khandwa,Maharashtra,West,New,2024-01-20
400,Finn Chanda,sandalkalpit@example.com,917158698864.0,Bhusawal,Madhya Pradesh,West,New,2026-02-18
401,Omaja Gaba,yashasvidatta@example.com,7288137702.0,Kochi,Jammu & Kashmir,Central,Regular,2024-06-25
402,Imaran Dara,bimala08@example.org,915454470229.0,Nashik,Chhattisgarh,Central,Occasional,2025-03-03
403,Bhanumati Kale,vrindaagate@example.org,5106794975.0,Fatehpur,Himachal Pradesh,North,New,2026-08-06
404,Lakshit Thaman,qsengupta@example.com,915199663658.0,Mango,Uttarakhand,Central,Premium,2026-02-28
405,Gaurang Gandhi,morejatin@example.net,1398909837.0,Jamshedpur,Delhi,North,Occasional,2025-09-28
406,Anirudh Maharaj,yatansawhney@example.org,9569070562.0,Nagpur,Madhya Pradesh,West,New,2025-05-30
407,Lavanya Kurian,contractorhardik@example.net,914224124620.0,Bokaro,Madhya Pradesh,West,Regular,2026-04-08
408,Chanchal Ramakrishnan,nagarajanlucky@example.com,4610339937.0,Raipur,Haryana,North,Premium,2022-09-23
409,Eesha Shetty,ebhatti@example.org,3048913824.0,Amroha,Uttar Pradesh,North,Regular,2023-10-04
410,Lucky Prakash,yatanyogi@example.com,7007942007.0,Khora,Jammu & Kashmir,Central,New,2022-12-20
411,Indali Kala,chakradev28@example.net,914161284639.0,Tiruvottiyur,Goa,West,Premium,2023-09-05
412,Sneha Mahajan,ekantaom@example.org,9502097002.0,Miryalaguda,Uttarakhand,Central,Regular,2025-04-24
413,Maya Yohannan,brahmbhattazaan@example.net,1569562017.0,Nellore,Himachal Pradesh,North,New,2026-06-02
414,Timothy Bahri,ishita31@example.net,4337504793.0,Thiruvananthapuram,Jammu & Kashmir,Central,New,2024-07-02
415,Indrajit Mall,jgarde@example.org,9992192124.0,Nagaon,Madhya Pradesh,West,New,2026-02-07
416,Rehaan Bajaj,sudiksha06@example.net,566418775.0,Rajahmundry,Goa,West,New,2025-09-17
417,Osha Walia,amutti@example.com,915190361332.0,Bijapur,Madhya Pradesh,West,New,2022-10-23
418,Ayaan Srinivasan,lbajwa@example.net,4317350583.0,Ghaziabad,Jharkhand,East,Regular,2022-11-17
419,Girish Sekhon,chadadarsh@example.org,5120704961.0,Pimpri-Chinchwad,Odisha,East,Occasional,2025-03-31
420,Chaitaly Raj,nchar@example.com,919907676991.0,Indore,Maharashtra,West,Regular,2024-12-27
421,Reyansh Chokshi,aroraekansh@example.net,919284567972.0,Durgapur,Delhi,North,Regular,2024-07-17
422,Darpan Datta,rajata85@example.com,8227495450.0,Howrah,Bihar,East,Premium,2026-01-01
423,Pahal Padmanabhan,saijaggi@example.org,3779599594.0,Ozhukarai,Jammu & Kashmir,Central,Premium,2023-08-15
424,Suhani Basak,akanda@example.net,913793375636.0,Chennai,Punjab,North,Regular,2023-04-21
425,Ethan Parmar,contractorlucky@example.com,3950033423.0,Akola,Maharashtra,West,Occasional,2024-02-26
426,Pranav Hayre,godaadweta@example.org,912615347355.0,Hajipur,Uttarakhand,Central,Regular,2024-01-21
427,Dhruv Dani,kalpitgupta@example.org,6559630993.0,Jalgaon,Jammu & Kashmir,Central,Regular,2026-01-04
428,Chatresh Mammen,yashodasuresh@example.org,1791286857.0,Mangalore,Gujarat,West,New,2024-01-03
429,Vasudha Talwar,lloyal@example.com,9033373634.0,Burhanpur,Assam,East,Regular,2023-12-24
430,Kavya Kumar,desaifrado@example.com,8539078956.0,Bhind,Assam,East,Regular,2025-01-15
431,Jhalak Tank,anjali60@example.org,3415148881.0,Ambattur,Maharashtra,West,Premium,2024-06-13
432,Ekbal Parsa,iyergauri@example.org,5444392840.0,Ichalkaranji,West Bengal,East,Regular,2023-01-11
433,Netra Ravi,sodhiyauvani@example.org,3337389877.0,Guwahati,Odisha,East,Regular,2026-02-09
434,Pushti Sahni,revasengupta@example.net,915292407553.0,Khandwa,Karnataka,South,Premium,2023-12-11
435,Chandani Nanda,balayliam@example.org,9999663618.0,Maheshtala,Maharashtra,West,Regular,2025-07-12
436,Falguni Seth,girik21@example.net,2097023164.0,Muzaffarpur,Delhi,North,New,2024-08-18
437,Suhani Bhandari,zarna02@example.com,6212867163.0,Tiruppur,Andhra Pradesh,South,Regular,2023-11-07
438,Vaishnavi Dutt,samaksh87@example.com,910271693859.0,Jaunpur,Bihar,East,Regular,2023-12-06
439,Gavin Mani,spalan@example.net,6926329676.0,Jehanabad,Assam,East,Premium,2024-07-30
440,Caleb Khatri,anushayogi@example.com,1376815118.0,Alappuzha,Uttar Pradesh,North,Regular,2023-01-07
441,Zayyan Johal,shereavi@example.org,7656360041.0,Khammam,Chhattisgarh,Central,New,2024-07-12
442,Vedhika Shenoy,butalaxavier@example.net,2742209124.0,Deoghar,Jharkhand,East,New,2025-06-18
443,Om Brahmbhatt,mahajanmitesh@example.com,2308370816.0,Raiganj,Madhya Pradesh,West,Regular,2025-10-06
444,Chanakya Purohit,zaidprasad@example.org,911060053131.0,Rourkela,Telangana,South,Regular,2022-11-01
445,Yauvani Chokshi,ekantika83@example.net,918661331552.0,Rewa,Maharashtra,West,Regular,2022-10-19
446,Advik Ramachandran,tarakannan@example.org,4950136497.0,Jorhat,Uttarakhand,Central,Premium,2025-05-23
447,Zayan Chandran,lipika25@example.org,5715099768.0,Ambala,West Bengal,East,Regular,2025-12-23
448,Viraj Bail,morewarjas@example.net,3910257432.0,Kurnool,Chhattisgarh,Central,Regular,2025-02-09
449,Wazir Sawhney,krish45@example.net,918640355338.0,Kulti,Bihar,East,New,2025-05-05
450,Lakshmi Verma,qadim70@example.org,1302321298.0,Noida,Odisha,East,Regular,2026-01-08
451,Pooja Sibal,nitesh33@example.com,919344973471.0,Sikar,Punjab,North,New,2024-10-08
452,Urishilla Sastry,ntiwari@example.net,2706614982.0,Bardhaman,Karnataka,South,Regular,2024-03-20
453,Damini Setty,keya89@example.com,915273230085.0,Machilipatnam,Telangana,South,Premium,2024-03-25
454,Megha Prakash,tsuri@example.net,1601692364.0,Danapur,West Bengal,East,Regular,2026-07-20
455,Jyoti Bhardwaj,vsamra@example.org,917050249724.0,Madanapalle,Punjab,North,Regular,2025-08-17
456,Advik Dada,rajagopalanmitali@example.net,1836264488.0,Dharmavaram,Haryana,North,Premium,2025-01-26
457,Gaurav Chopra,luke43@example.net,4027011686.0,Chinsurah,Uttarakhand,Central,New,2023-12-03
458,Kavya Grewal,rudrasur@example.org,1793230234.0,Gandhidham,Goa,West,Regular,2023-05-04
459,Ojas Buch,frederick61@example.com,915093771004.0,Ballia,Haryana,North,Regular,2025-04-11
460,Gunbir Kakar,prashadzinal@example.com,7596555535.0,Burhanpur,Uttarakhand,Central,New,2025-12-19
461,Ishani Narayanan,aggarwaltanmayi@example.net,2091843579.0,Kottayam,West Bengal,East,Regular,2025-03-17
462,Aarush Nagy,parsachakradev@example.net,7397691567.0,Kharagpur,Uttar Pradesh,North,Regular,2024-05-14
463,Luke Venkatesh,dattawidisha@example.org,8727178333.0,Hubli–Dharwad,Maharashtra,West,Regular,2023-11-11
464,Ayush Dyal,leela43@example.net,7128715399.0,Tiruvottiyur,Odisha,East,Regular,2023-01-22
465,Rajeshri Kaul,aashidalia@example.com,911159319525.0,Gangtok,Tamil Nadu,South,Premium,2024-03-19
466,Deepa Bhatia,lipikasampath@example.com,2899316087.0,Ulhasnagar,Rajasthan,North,Premium,2025-09-29
467,Theodore Tata,mdin@example.com,910954814973.0,Jalna,Odisha,East,New,2026-01-30
468,Daniel Nath,shivanshkar@example.net,276420865.0,Bhalswa Jahangir Pur,Karnataka,South,Regular,2025-08-09
469,Mahika Bora,barkha38@example.com,912590472927.0,Jalna,Bihar,East,Regular,2024-02-04
470,Shaurya Kamdar,adityapathak@example.net,1266201572.0,Kochi,Tamil Nadu,South,Regular,2026-06-05
471,Radha Dixit,ckonda@example.org,916749261764.0,Arrah,Madhya Pradesh,West,New,2024-10-20
472,Jackson Butala,sureshyashodhara@example.org,919997419267.0,Bihar Sharif,Uttarakhand,Central,New,2022-08-30
473,Hardik Nanda,yogiqasim@example.com,688871898.0,Dhule,Jammu & Kashmir,Central,Premium,2025-01-15
474,Pratyush Gole,sekhondipta@example.org,912932184011.0,Bharatpur,Uttarakhand,Central,New,2025-05-31
475,Pallavi Acharya,charitabatra@example.net,8729758598.0,Navi Mumbai,Bihar,East,Regular,2024-12-04
476,Warjas Bansal,luckymistry@example.org,919839542961.0,Bhilwara,Madhya Pradesh,West,Premium,2025-06-06
477,Mugdha Shan,kumarpavani@example.net,918314359892.0,Jamnagar,Assam,East,Regular,2024-03-27
478,Ladli Bal,farasmadan@example.org,1861515542.0,Panipat,Chhattisgarh,Central,Regular,2023-12-16
479,Krishna Kapadia,ycheema@example.org,918497185948.0,Narasaraopet,Maharashtra,West,Regular,2022-08-27
480,Onkar Nadkarni,wgolla@example.net,8896792408.0,Cuttack,West Bengal,East,Premium,2023-01-12
481,Amara Bera,zaid96@example.net,2757844683.0,Chandigarh,Rajasthan,North,Premium,2023-03-21
482,Dhriti Chana,bosewriddhish@example.org,919014870682.0,Mehsana,Madhya Pradesh,West,Premium,2023-11-29
483,Nidra Atwal,abhimanyusandal@example.net,5389097283.0,Aurangabad,Punjab,North,Occasional,2024-10-20
484,Yoshita Pandit,samiwarhi@example.com,915153814474.0,Kakinada,Jammu & Kashmir,Central,Regular,2024-03-04
485,Teerth Mody,shethvinaya@example.org,975451052.0,Raichur,Uttarakhand,Central,Premium,2022-08-15
486,Raagini Swamy,fradowadhwa@example.net,916170243765.0,Bharatpur,Punjab,North,Regular,2022-08-25
487,Amruta Chopra,ksarna@example.org,6053134026.0,Bathinda,West Bengal,East,Premium,2024-06-07
488,Naveen Issac,hlata@example.com,8725686211.0,Cuttack,Tamil Nadu,South,Regular,2026-06-11
489,Xiti Arya,charlesoommen@example.com,674471639.0,Sasaram,Madhya Pradesh,West,Premium,2023-04-10
490,Avni Contractor,yug63@example.com,1892392312.0,Agra,Chhattisgarh,Central,Regular,2023-05-29
491,Madhav Sandhu,iyengargavin@example.org,6843356708.0,Faridabad,Jharkhand,East,Regular,2023-10-11
492,Amruta Patla,indali63@example.com,912000534749.0,Chinsurah,Assam,East,Regular,2023-11-27
493,Vyanjana Patla,daksha11@example.net,918255598953.0,Bhagalpur,West Bengal,East,Regular,2023-05-26
494,Gagan Cherian,jaibarman@example.net,3371189547.0,Deoghar,Jammu & Kashmir,Central,Regular,2025-02-04
495,Caleb Datta,omyakrishnan@example.net,5716176880.0,Khora,Assam,East,New,2025-09-04
496,Bimala Bath,guptamitali@example.com,8812786866.0,Tiruppur,West Bengal,East,Premium,2023-10-11
497,Nathaniel Kamdar,varghesetamanna@example.net,8443448123.0,Deoghar,Kerala,South,Regular,2023-05-24
498,Balveer Divan,kiaan40@example.net,913810595518.0,Guntur,Gujarat,West,Premium,2023-08-17
499,Ekta Bhandari,parekhtheodore@example.net,2408916498.0,Mango,Haryana,North,Premium,2024-05-07
500,Amruta Jani,cdugal@example.org,6527172722.0,Jehanabad,Bihar,East,New,2023-07-20
501,Baghyawati Bail,nicholas26@example.net,3121637618.0,Ahmedabad,Chhattisgarh,Central,Premium,2024-09-11
502,Krishna Rajagopalan,choudharyagastya@example.net,912314290018.0,Guwahati,Goa,West,Regular,2025-03-06
503,Varsha Sawhney,damyantinarula@example.com,913084810018.0,Kota,Bihar,East,Occasional,2023-06-22
504,Lucky Agarwal,arjunkaran@example.com,2543617213.0,Ichalkaranji,Jharkhand,East,Regular,2024-10-14
505,Gauri Dani,frado09@example.org,916859262494.0,Vasai-Virar,Karnataka,South,Regular,2024-02-18
506,Jyoti Lanka,agatemanthan@example.net,915267711964.0,Mysore,Rajasthan,North,New,2023-10-07
507,Qabil Rajan,eiravati76@example.com,6952366878.0,Katihar,Chhattisgarh,Central,New,2023-12-26
508,Leena Chacko,kvyas@example.net,3135030587.0,Bhubaneswar,Chhattisgarh,Central,Premium,2024-11-21
509,Jalsa Dewan,triveni28@example.com,913302126065.0,Aligarh,Karnataka,South,Regular,2022-11-12
510,Vansha Dugar,dinjasmit@example.org,913109622728.0,Nandyal,Chhattisgarh,Central,New,2025-06-06
511,Sachi Arya,indrajit20@example.net,919282066784.0,Ambattur,Punjab,North,Regular,2024-05-12
512,Anita Chanda,vdass@example.org,9036289177.0,Machilipatnam,Andhra Pradesh,South,Premium,2024-05-31
513,Nitesh Bhagat,panini34@example.org,911595034281.0,Rajpur Sonarpur,Gujarat,West,Premium,2026-02-17
514,Dayamai Guha,bachittarkhosla@example.com,919909700514.0,Raurkela Industrial Township,Jharkhand,East,Occasional,2025-02-24
515,Mitali Tella,divyaraman@example.net,2156818209.0,Morena,Kerala,South,New,2025-10-22
516,Bina Edwin,ubikabrar@example.net,913322889857.0,Sonipat,Uttarakhand,Central,Premium,2025-02-07
517,Raagini Baral,nkhare@example.net,1297102481.0,Bareilly,Jharkhand,East,Premium,2023-11-06
518,Omkaar Merchant,ekanshmammen@example.net,5112747472.0,Jehanabad,Gujarat,West,New,2024-07-18
519,Januja Mangat,nrege@example.net,917589551687.0,Kalyan-Dombivli,Chhattisgarh,Central,New,2024-09-08
520,Yash Anand,henrymannan@example.com,919613671577.0,Moradabad,Himachal Pradesh,North,Premium,2025-04-02
521,Hritik Ranganathan,ziyengar@example.com,915597371470.0,Nandyal,Assam,East,Occasional,2022-12-23
522,Ekaja Balay,zbhatia@example.com,7303064421.0,Coimbatore,Chhattisgarh,Central,Regular,2023-03-26
523,Finn Misra,hsaini@example.org,4201654235.0,Ongole,Kerala,South,Regular,2023-10-11
524,Rajeshri Pant,janne@example.net,911992550272.0,Ratlam,Chhattisgarh,Central,New,2024-08-19
525,Adya Verma,seshadrijeremiah@example.net,9103368296.0,Karnal,Uttar Pradesh,North,New,2023-02-04
526,Akshay Prabhakar,amol44@example.net,917766558685.0,Belgaum,West Bengal,East,Regular,2023-07-03
527,Kashvi Goel,rajataraj@example.com,6491111096.0,Mehsana,Goa,West,Regular,2024-07-24
528,Sachi Thakur,mannosha@example.org,917861371576.0,Chennai,Haryana,North,Regular,2025-10-19
529,Udarsh Tripathi,amrita44@example.com,3060002589.0,Thanjavur,West Bengal,East,New,2026-08-10
530,Wyatt Raman,mayabehl@example.net,2626582631.0,Dibrugarh,Bihar,East,Regular,2023-05-03
531,Abha Dutt,samar11@example.org,920981960.0,Malda,Jharkhand,East,New,2023-02-11
532,Rachit Khatri,chamelihari@example.net,916404120911.0,Kavali,Andhra Pradesh,South,Regular,2025-04-23
533,Lucky Mandal,pranit11@example.com,3617061713.0,Gandhinagar,Delhi,North,Regular,2023-02-18
534,Shravya Dyal,chanchalanne@example.org,9901557998.0,Kozhikode,Karnataka,South,Premium,2026-05-25
535,Jairaj Hans,wasonarin@example.net,2351305231.0,Agartala,Jammu & Kashmir,Central,Regular,2024-10-30
536,Ryan Chanda,chaitaly77@example.com,6342346199.0,Dehradun,Bihar,East,Regular,2023-10-11
537,Vinaya Sant,msampath@example.net,5919663955.0,Hospet,Uttar Pradesh,North,Regular,2025-12-27
538,Yasti Kulkarni,mmemon@example.net,5601256253.0,Thrissur,Uttarakhand,Central,Regular,2023-04-28
539,Kamya Dhillon,jason05@example.net,915379538164.0,Hajipur,Maharashtra,West,Premium,2025-05-28
540,Arunima Borde,usaran@example.com,913077046117.0,Ghaziabad,Chhattisgarh,Central,New,2023-07-15
541,Warjas Bail,andrew90@example.com,2608805017.0,Vijayanagaram,Jharkhand,East,Regular,2024-01-01
542,Anvi Nadig,mugdha18@example.com,9064771591.0,Rajahmundry,Bihar,East,Premium,2025-09-08
543,Liam Cheema,rajata32@example.org,915800401041.0,Ozhukarai,Tamil Nadu,South,Premium,2022-10-25
544,Anamika Garde,trivenidar@example.org,2967188397.0,Parbhani,West Bengal,East,Occasional,2025-07-15
545,Upkaar Chanda,chaman15@example.net,913117030376.0,Morbi,Jammu & Kashmir,Central,New,2023-12-25
546,Sathvik Wable,devika72@example.net,912356798363.0,Alwar,Jammu & Kashmir,Central,Regular,2023-01-21
547,Damyanti Chaudry,triyachhabra@example.net,913072407875.0,Kochi,Maharashtra,West,Premium,2024-05-30
548,Irya Sankar,matthewranganathan@example.net,8507451066.0,Durg,Odisha,East,New,2026-07-21
549,Patrick Majumdar,bvenkataraman@example.org,313100943.0,Katihar,West Bengal,East,Regular,2023-06-02
550,Upkaar Ravel,customer_550@unknown.com,N/A,Udaipur,Rajasthan,North,New,2023-01-15
551,Dalaja Khare,divyaboase@example.org,915720765024.0,Tirunelveli,Bihar,East,Regular,2024-10-01
552,Indira Som,sureshyug@example.com,910094388221.0,Avadi,Uttarakhand,Central,New,2025-07-02
553,Sneha Swaminathan,aarini74@example.com,545897148.0,Siliguri,Andhra Pradesh,South,Occasional,2026-01-11
554,Lucky Parikh,pbalasubramanian@example.net,6531361487.0,Bilaspur,Gujarat,West,New,2024-05-10
555,Garima Raman,tmajumdar@example.org,919859167954.0,Bangalore,Himachal Pradesh,North,New,2026-06-26
556,Unnati Doctor,nicholas47@example.com,914070349107.0,Kolkata,Maharashtra,West,Regular,2024-09-25
557,Aadi Bedi,lakshit54@example.net,8214236914.0,Patna,Uttar Pradesh,North,New,2024-06-10
558,Yuvraj Raju,grastogi@example.com,9429659234.0,Erode,Odisha,East,Premium,2024-08-16
559,Charvi Mody,mishratriya@example.net,916612875857.0,Purnia,Uttarakhand,Central,Regular,2024-12-20
560,Nirja Shenoy,balaoviya@example.org,919439852989.0,Meerut,Kerala,South,Regular,2024-08-05
561,Jeremiah Rau,sherezarna@example.com,911041591497.0,Ghaziabad,Himachal Pradesh,North,Regular,2025-10-28
562,Samarth Varty,warhideshpande@example.org,2440793110.0,Mahbubnagar,Haryana,North,Regular,2023-02-16
563,Zinal Chatterjee,samarthchawla@example.com,918760146723.0,Pudukkottai,Madhya Pradesh,West,New,2026-05-09
564,Jatin Sankaran,customer_564@unknown.com,N/A,Arrah,Goa,West,Occasional,2025-07-05
565,Mahika Raju,shettyomaja@example.com,910471960940.0,Kalyan-Dombivli,Madhya Pradesh,West,Regular,2025-06-14
566,Liam Sidhu,amalhotra@example.org,8835868122.0,Phusro,Uttarakhand,Central,New,2026-06-22
567,Logan Mallick,meera17@example.com,9298842599.0,Bhimavaram,Maharashtra,West,Regular,2024-01-21
568,Ekansh Bath,duttvincent@example.org,1775331266.0,Ghaziabad,Telangana,South,Regular,2025-03-28
569,Ishwar Barad,sathekavya@example.net,251762983.0,Nizamabad,Delhi,North,Regular,2025-03-19
570,Bhavika Kar,neelsaraf@example.net,911901302056.0,Mau,Odisha,East,Regular,2024-09-12
571,Ranveer Johal,wtella@example.com,8217661912.0,Salem,Gujarat,West,New,2023-05-26
572,Vihaan Behl,arin34@example.com,5124189389.0,Silchar,Jharkhand,East,Regular,2023-02-11
573,Indrajit Sinha,ayushman05@example.com,3502385037.0,Phusro,Assam,East,Occasional,2025-03-30
574,Hiral Bobal,jbuch@example.com,914010783567.0,Ambattur,West Bengal,East,Regular,2026-06-16
575,Atharv Hayre,jbadami@example.com,916626682171.0,Nagercoil,Goa,West,Premium,2022-09-14
576,Rajeshri Bhardwaj,vincentchanda@example.net,913689003010.0,Bahraich,Tamil Nadu,South,Regular,2023-06-08
577,Caleb Murthy,yash42@example.net,7111483753.0,Barasat,Jammu & Kashmir,Central,New,2023-05-19
578,Yash Vyas,eiravati88@example.org,915697413283.0,Begusarai,Uttar Pradesh,North,Regular,2024-03-04
579,Kashish Dhar,keerria@example.net,1070449641.0,Alwar,Odisha,East,Regular,2023-07-05
580,Warhi Bahl,crajagopalan@example.org,913626804085.0,Narasaraopet,Chhattisgarh,Central,Premium,2026-03-31
581,Adweta Kalita,omradha@example.com,186487699.0,Ujjain,Goa,West,Regular,2025-10-27
582,Wazir Deo,mandanusha@example.org,918459609454.0,Narasaraopet,Rajasthan,North,Regular,2024-03-26
583,Damyanti Nagi,praneel77@example.org,705783609.0,Bally,Jharkhand,East,Regular,2022-08-31
584,Devansh Sastry,aarnamajumdar@example.com,2322903102.0,Adoni,Bihar,East,Occasional,2026-06-05
585,Vedant Bhat,aarini05@example.net,935118718.0,Patiala,Himachal Pradesh,North,Regular,2023-12-17
586,Kamya Sagar,sandhubarkha@example.org,915955657490.0,Arrah,Uttarakhand,Central,Occasional,2023-06-24
587,Mason Bal,kakardhriti@example.net,8953690261.0,Rajahmundry,Haryana,North,New,2022-10-20
588,Jairaj Wable,sodhizinal@example.com,4394353537.0,Bhiwandi,Gujarat,West,Occasional,2025-01-06
589,Sai Rout,fariq58@example.net,915793763928.0,Vellore,Jharkhand,East,Regular,2025-07-23
590,Abha Mangat,dipta11@example.com,8297327021.0,Firozabad,Tamil Nadu,South,Premium,2025-06-24
591,Harrison Date,sankararjun@example.net,911288665268.0,Durg,Maharashtra,West,New,2025-11-13
592,Gayathri Chokshi,borahisha@example.com,7647229812.0,Guntakal,Odisha,East,New,2023-02-12
593,Sudiksha Raghavan,reva28@example.net,4134750988.0,Baranagar,Jammu & Kashmir,Central,Regular,2025-02-18
594,Eiravati Gokhale,benjaminkade@example.com,4995154214.0,Morbi,Bihar,East,New,2023-12-26
595,Omkaar Mani,hitesh34@example.org,913882090883.0,Unnao,Kerala,South,Premium,2024-06-23
596,Kala Jani,pooja78@example.org,4117674124.0,Raichur,Uttar Pradesh,North,New,2026-02-25
597,Tristan Borde,naksh85@example.com,8150618538.0,Bangalore,Andhra Pradesh,South,Regular,2026-01-11
598,Krisha Kannan,alkasinghal@example.org,2742318306.0,Pallavaram,Jammu & Kashmir,Central,Regular,2023-08-29
599,Pranav Barad,nlall@example.com,9357824347.0,Katni,Chhattisgarh,Central,Premium,2024-12-25
600,Vasana Merchant,kandaisaiah@example.com,7536127515.0,Warangal,Delhi,North,Regular,2025-02-25
601,Vrinda Sabharwal,ayushmannan@example.com,3608545667.0,Silchar,Madhya Pradesh,West,New,2025-11-25
602,Amrita Sunder,harinakshibath@example.com,6392831995.0,Mahbubnagar,Chhattisgarh,Central,Regular,2023-09-20
603,Ansh Raghavan,nathira@example.net,910835832863.0,Nanded,West Bengal,East,Regular,2024-11-27
604,Garima Sachdev,yuvrajarya@example.org,918186702440.0,Shahjahanpur,Uttarakhand,Central,Regular,2026-06-26
605,Jatin Purohit,vdeep@example.com,911186008921.0,Jammu,Jammu & Kashmir,Central,Premium,2022-10-03
606,Ekiya Sandal,mittalanusha@example.com,911497646136.0,Karawal Nagar,Andhra Pradesh,South,Premium,2026-02-23
607,Lavanya Badal,xramesh@example.net,1739063757.0,Bijapur,Delhi,North,Premium,2023-10-27
608,Fiyaz Chandran,sarthaksuri@example.net,911269789307.0,Bulandshahr,Bihar,East,Regular,2024-01-10
609,Matthew Bansal,niharika04@example.net,918787535778.0,Vasai-Virar,Kerala,South,Occasional,2023-12-08
610,Keya Datta,edwinzinal@example.net,912371067287.0,Motihari,Uttarakhand,Central,New,2024-06-03
611,Aditya Minhas,saranchaitaly@example.net,4859592248.0,Srikakulam,Bihar,East,Premium,2024-05-22
612,Zilmil Krishnamurthy,nshere@example.com,2287056227.0,Kolkata,Uttarakhand,Central,Regular,2025-08-25
613,Ryan Chandra,gnarayanan@example.org,7921583503.0,Anantapuram,Assam,East,Premium,2023-12-09
614,Damini Pillai,jkumar@example.net,3192134249.0,Cuttack,Jammu & Kashmir,Central,Regular,2026-02-06
615,Ganga Malhotra,kkadakia@example.org,913192227051.0,Durgapur,Chhattisgarh,Central,Regular,2025-12-31
616,Pavani Sodhi,chasmum81@example.org,6667548581.0,Rourkela,Jammu & Kashmir,Central,Occasional,2024-10-14
617,Luke Sarkar,ssuri@example.com,1865205756.0,Tadepalligudem,Assam,East,Regular,2025-04-22
618,Lavanya Prasad,advaithhayre@example.com,8309451548.0,Medininagar,Delhi,North,Regular,2024-12-28
619,Anvi Srinivas,sbassi@example.net,4090797727.0,Agra,Uttarakhand,Central,New,2023-10-10
620,Michael Goel,fitansaini@example.org,917051843905.0,Gulbarga,Uttarakhand,Central,Premium,2024-03-08
621,Zaitra Atwal,qsaha@example.net,911382412704.0,Dibrugarh,Punjab,North,New,2026-06-18
622,Aarush Mukhopadhyay,indali15@example.com,1971112125.0,Gulbarga,Uttarakhand,Central,Premium,2024-05-08
623,Teerth Prasad,ubumb@example.org,3240642429.0,Haridwar,Jharkhand,East,Regular,2025-12-19
624,Anjali Iyengar,chakrikalad@example.net,4175955872.0,Bhimavaram,Goa,West,Premium,2023-07-29
625,Shivansh Saraf,bhavya35@example.net,8418343740.0,Hazaribagh,Uttar Pradesh,North,Regular,2024-04-02
626,Vaishnavi Dey,xnaidu@example.net,9051502675.0,Salem,Madhya Pradesh,West,Regular,2025-05-30
627,Damini Gaba,wgrewal@example.org,9799667345.0,Karawal Nagar,Chhattisgarh,Central,Regular,2023-05-29
628,Charita Baria,yashicachokshi@example.com,4969028249.0,Tezpur,Odisha,East,Occasional,2025-07-01
629,Kalpit Nath,chanadayamai@example.org,7627023244.0,Udaipur,Kerala,South,Premium,2025-10-22
630,Rajeshri Chana,miteshprasad@example.org,2517863767.0,Jalandhar,Haryana,North,Regular,2023-08-13
631,Eesha Deol,snarain@example.net,6968157903.0,Noida,Haryana,North,Regular,2024-04-05
632,Harini Thaker,raofaras@example.net,912730346156.0,Khandwa,Tamil Nadu,South,Regular,2024-03-07
633,Deepa Ram,qbanerjee@example.com,912681715160.0,Imphal,Madhya Pradesh,West,Regular,2023-04-03
634,Suhani Apte,bratti@example.org,6419785758.0,Gorakhpur,Kerala,South,Occasional,2023-02-27
635,Panini Wali,jbuch@example.org,9438976074.0,Bhilai,Bihar,East,New,2025-12-14
636,Triveni Peri,pinglezayyan@example.com,4084245607.0,Bihar Sharif,Madhya Pradesh,West,Premium,2026-04-21
637,Isaac Parikh,walimeghana@example.org,911812276457.0,Loni,Jharkhand,East,Regular,2025-04-25
638,Banjeet Bose,kashish02@example.net,1681546602.0,Vijayawada,Madhya Pradesh,West,Occasional,2025-01-12
639,Jackson Handa,chavvi98@example.net,910597364248.0,Mahbubnagar,Telangana,South,Regular,2026-03-04
640,Bhavani Mahajan,raysarthak@example.org,2447951330.0,Korba,Haryana,North,Premium,2024-04-22
641,Triveni Salvi,lopa78@example.org,5557277382.0,Rohtak,Goa,West,Premium,2022-11-18
642,Farhan Sur,fiyaz38@example.com,4577029929.0,Buxar,Punjab,North,Regular,2024-04-28
643,Arin Mander,ykeer@example.net,916911633194.0,Kozhikode,Odisha,East,New,2024-06-12
644,Nilima Pandey,omyamallick@example.com,1588863677.0,Hospet,West Bengal,East,Regular,2025-11-15
645,Mugdha Mani,waliagaurika@example.com,2169666309.0,Durgapur,Jammu & Kashmir,Central,Regular,2023-04-12
646,Nilima Bajaj,zaid29@example.net,1509688327.0,Mathura,Uttarakhand,Central,Regular,2025-03-16
647,Ryan Naidu,chaayabhattacharyya@example.org,919773973278.0,Mahbubnagar,Uttarakhand,Central,New,2023-05-11
648,Nathaniel Konda,aboase@example.net,916876164819.0,Bahraich,Assam,East,New,2026-03-05
649,Brinda Rao,patlamugdha@example.net,7611249125.0,Sonipat,Uttar Pradesh,North,Occasional,2024-08-27
650,Vasudha Kade,gunbir51@example.com,7345475749.0,Hindupur,Goa,West,New,2023-03-20
651,Manbir Vig,atharv35@example.net,4429477422.0,Narasaraopet,Assam,East,Occasional,2022-10-06
652,Aarini Kari,kakarchavvi@example.org,458867925.0,Dharmavaram,Karnataka,South,Premium,2023-11-09
653,Kavya Radhakrishnan,hgara@example.com,917601534332.0,Narasaraopet,Maharashtra,West,Regular,2026-03-28
654,Ronith Parikh,ksharaf@example.net,918335061581.0,Begusarai,Kerala,South,New,2025-12-02
655,Daksh Sekhon,yashkunda@example.net,913372094841.0,Rajkot,Uttarakhand,Central,Regular,2024-11-19
656,Chavvi Bhat,vedantkohli@example.net,7718051371.0,Gwalior,Chhattisgarh,Central,Regular,2026-06-19
657,Harish Kale,kmital@example.org,6173997046.0,Kumbakonam,Uttarakhand,Central,Regular,2024-08-20
658,Falguni Tripathi,svarkey@example.net,4835488471.0,Morbi,Jammu & Kashmir,Central,New,2025-04-18
659,Yashodhara Singhal,lgade@example.org,4175823133.0,Orai,Uttarakhand,Central,Premium,2022-08-22
660,Urmi Chauhan,shivansh92@example.com,913622925879.0,Agartala,Jammu & Kashmir,Central,Premium,2023-11-29
661,Urmi Mitter,maanav45@example.net,5746966060.0,Raichur,Uttarakhand,Central,Premium,2023-08-02
662,Tanmayi Mahal,jainsathvik@example.net,4450566588.0,Thrissur,Haryana,North,Regular,2025-05-11
663,Anusha Chhabra,kibenaveen@example.com,7970673499.0,Allahabad,Punjab,North,Premium,2025-03-28
664,Hema Majumdar,raksha41@example.com,911562294938.0,Bahraich,Rajasthan,North,Premium,2023-01-16
665,Abha Wali,anthony21@example.net,5573257375.0,Davanagere,Jammu & Kashmir,Central,Regular,2023-08-27
666,Aadhya Bajaj,jagdishroy@example.com,7080850960.0,Siwan,Rajasthan,North,Premium,2025-06-29
667,Gauri Bhavsar,chandaisaiah@example.net,918197931647.0,Saharanpur,Jammu & Kashmir,Central,New,2024-09-14
668,Elijah Gopal,sudiksha86@example.org,9409600356.0,Rampur,Gujarat,West,New,2025-05-18
669,Eta Walia,xiyer@example.net,9232342108.0,Warangal,Tamil Nadu,South,Premium,2026-04-02
670,Ekapad Narang,victor33@example.com,916433502716.0,Raiganj,Uttar Pradesh,North,Regular,2024-11-27
671,Lajita Bawa,zsarna@example.org,916911289812.0,Jamshedpur,Jharkhand,East,Regular,2026-04-20
672,Edhitha Sagar,customer_672@unknown.com,N/A,Raichur,Andhra Pradesh,South,Premium,2024-09-09
673,Dhruv Saraf,veer16@example.com,914502329028.0,Kolhapur,Uttarakhand,Central,New,2024-02-22
674,Balvan Bhat,chaayaprabhu@example.net,2622822512.0,Mehsana,Himachal Pradesh,North,Regular,2025-07-26
675,Netra Prakash,ekani00@example.com,917026086982.0,Salem,Telangana,South,Regular,2023-06-25
676,Udant Chanda,hbhatti@example.com,6872904774.0,North Dumdum,Madhya Pradesh,West,Regular,2022-09-04
677,Gopal Sridhar,ihayre@example.org,2231164913.0,Chandrapur,Andhra Pradesh,South,Occasional,2025-05-27
678,Falguni Shere,karan56@example.com,2906032020.0,Nanded,Assam,East,Regular,2023-05-25
679,Advay Srivastava,mpadmanabhan@example.net,6737948714.0,Naihati,Assam,East,Premium,2024-04-19
680,Aadhya Om,qshan@example.org,5841560821.0,Berhampore,Kerala,South,Premium,2026-05-29
681,Jai Merchant,idikamohanty@example.com,8182683230.0,Raichur,Kerala,South,New,2026-02-21
682,Champak Walia,victor82@example.com,911293289634.0,Rewa,Andhra Pradesh,South,Regular,2024-11-05
683,Oviya Soni,inagy@example.net,148439910.0,Kolhapur,Assam,East,Occasional,2023-11-15
684,Naveen Kibe,pdutta@example.com,9335134261.0,Tiruppur,Odisha,East,Regular,2023-03-23
685,Anya Narang,dalaldeepa@example.net,919737418972.0,Mau,Uttarakhand,Central,New,2024-06-30
686,Banjeet Raj,isaiah76@example.net,917438119953.0,Bhiwani,Goa,West,Occasional,2026-05-02
687,Henry Mammen,zayan85@example.com,4510173973.0,Shimoga,Kerala,South,Regular,2024-05-28
688,Keya Venkataraman,mbasak@example.org,1911359966.0,Sri Ganganagar,Haryana,North,Occasional,2023-01-20
689,Triveni Virk,rastogirachana@example.net,913920514607.0,Secunderabad,Jharkhand,East,Regular,2025-05-13
690,Indira Kothari,sanaya05@example.com,4238856527.0,Thoothukudi,Uttarakhand,Central,Occasional,2026-02-03
691,Edhitha Mohan,chananidra@example.com,7263475575.0,Gulbarga,Bihar,East,Regular,2024-02-09
692,Isaac Gupta,yashawini84@example.net,2691311964.0,Mau,Chhattisgarh,Central,Regular,2023-12-26
693,Mekhala Deol,vchawla@example.com,9153703824.0,Shimla,Chhattisgarh,Central,Premium,2024-11-16
694,Yatan Kara,jkalita@example.org,3097768893.0,Gaya,Delhi,North,Regular,2023-07-26
695,Lila Lal,adya65@example.com,915851253892.0,Guna,Maharashtra,West,New,2026-03-21
696,Dipta Cheema,ijayakapur@example.com,9079779612.0,Karaikudi,Tamil Nadu,South,Occasional,2025-08-16
697,Idika Sood,devanshpandya@example.org,4940976263.0,Tirupati,Andhra Pradesh,South,New,2024-07-08
698,Ganga Kaul,xdhawan@example.net,9509059119.0,Bettiah,Madhya Pradesh,West,New,2024-11-25
699,Robert Kothari,pratyushbalan@example.net,1511696667.0,Tiruvottiyur,Odisha,East,Regular,2024-05-15
700,Deepa Pant,qushikrishnan@example.com,912463351571.0,Jaipur,Delhi,North,New,2023-05-23
701,Daniel Prakash,gangulyaarav@example.net,910564099512.0,Udupi,Telangana,South,New,2026-05-08
702,Tejas Pai,dubeykavya@example.net,917282709081.0,Jalna,Uttar Pradesh,North,Regular,2024-09-23
703,Pranit Vasa,harishtank@example.org,2957867181.0,Shahjahanpur,Tamil Nadu,South,Occasional,2023-01-26
704,Wriddhish Swaminathan,netrabarman@example.com,917918158998.0,Bongaigaon,Madhya Pradesh,West,Regular,2024-03-02
705,Barkha Nagi,sarahora@example.com,6666170715.0,Phagwara,West Bengal,East,Regular,2025-05-07
706,Widisha Mani,wablebenjamin@example.org,914998250800.0,Kharagpur,Jammu & Kashmir,Central,Regular,2024-04-06
707,Charles Saraf,yashodaprabhakar@example.net,317235137.0,Aurangabad,Odisha,East,Premium,2023-05-31
708,Chakradev Raj,jacksonmannan@example.org,915263560229.0,Rampur,Jammu & Kashmir,Central,Premium,2025-05-02
709,Dayita Jayaraman,nimrat06@example.com,4374906072.0,Madurai,Telangana,South,Premium,2026-05-13
710,Jack Dutt,lbhavsar@example.net,2464844941.0,Tenali,Tamil Nadu,South,Regular,2025-04-28
711,Gabriel Tank,joshuavasa@example.org,7113062113.0,Tadepalligudem,Goa,West,New,2026-02-10
712,Luke Sathe,thakurranbir@example.org,5090254257.0,Pimpri-Chinchwad,Himachal Pradesh,North,Regular,2024-03-10
713,Michael Manne,karqarin@example.net,915707139848.0,Asansol,Assam,East,New,2024-04-10
714,Dakshesh Choudhury,routzarna@example.net,919255021306.0,Phusro,Karnataka,South,Premium,2024-12-08
715,Jagdish Kapur,borahanmol@example.net,9649673794.0,Malda,Madhya Pradesh,West,Premium,2022-11-10
716,Suhani Yadav,udarsh24@example.net,2642506420.0,Bulandshahr,Punjab,North,New,2024-08-25
717,Neelima Dass,sathvik66@example.com,7767555628.0,Sambalpur,Karnataka,South,Premium,2025-08-20
718,Robert Patla,xrege@example.net,3627187496.0,Kollam,Tamil Nadu,South,Regular,2023-07-15
719,Naksh Rajagopalan,cgole@example.org,3692492693.0,Bulandshahr,Andhra Pradesh,South,New,2023-07-15
720,Yatan De,nmutti@example.net,111000515.0,Panihati,Odisha,East,Premium,2023-12-16
721,Tanay Mohanty,patildiya@example.net,7524418222.0,Kochi,Chhattisgarh,Central,Regular,2025-10-10
722,Nathan Singh,zaid12@example.com,910267672095.0,Bhimavaram,Bihar,East,Regular,2024-11-15
723,Sara Bahri,vpadmanabhan@example.org,1229462135.0,Gwalior,Punjab,North,Regular,2025-01-16
724,Amol Sahni,janyakrishnan@example.org,4807520344.0,Bhiwani,Goa,West,New,2024-02-14
725,Anjali Shanker,natarajanazad@example.org,904637660.0,Gandhinagar,Odisha,East,Premium,2024-01-18
726,Yauvani Samra,ioommen@example.com,4837441715.0,Lucknow,Karnataka,South,Premium,2024-01-15
727,Hredhaan Kibe,goelkashvi@example.org,919311005912.0,Bathinda,Goa,West,Regular,2026-01-22
728,Jairaj Bhalla,ryanbumb@example.org,911063301658.0,Fatehpur,Uttarakhand,Central,New,2025-12-15
729,Warhi Grewal,umani@example.net,728012342.0,Amravati,Karnataka,South,New,2026-02-02
730,Raghav Grover,vedant26@example.net,4968436453.0,Chandrapur,Chhattisgarh,Central,Premium,2025-08-07
731,Dhruv Bhatia,takhemangini@example.net,919617015959.0,Jehanabad,Jammu & Kashmir,Central,Regular,2023-10-23
732,Shravya Parmar,fprabhakar@example.com,5833920567.0,Anantapur,Chhattisgarh,Central,Regular,2023-09-23
733,Ubika Shetty,jdua@example.net,6025626506.0,Saharanpur,Jammu & Kashmir,Central,Regular,2026-07-16
734,Teerth Chandran,ramanurmi@example.org,5307624843.0,Morbi,Chhattisgarh,Central,Regular,2025-02-18
735,Rachita Saran,vinayabhasin@example.com,911579423873.0,Pallavaram,Uttarakhand,Central,Regular,2025-03-11
736,Nathan Nigam,pushti91@example.net,918455259710.0,Uluberia,Telangana,South,Premium,2022-09-01
737,Shaurya Narain,dhritisoni@example.com,5953259399.0,Kulti,Uttarakhand,Central,New,2024-05-20
738,Anirudh Munshi,rajagopalanmanbir@example.net,1877941763.0,Asansol,Gujarat,West,Premium,2024-09-08
739,Urvi Koshy,customer_739@unknown.com,N/A,Kavali,Maharashtra,West,Premium,2024-02-28
740,Chakrika Bhat,yaminimandal@example.org,6044324006.0,Arrah,West Bengal,East,Regular,2025-03-08
741,Sanya Raja,sachimurthy@example.org,7439742925.0,Amravati,Himachal Pradesh,North,Regular,2024-08-03
742,Vansha Pillay,divyaprashad@example.net,916562590459.0,Sasaram,Delhi,North,Regular,2022-11-01
743,Watika Bhatt,deymax@example.org,2315551651.0,Rewa,Rajasthan,North,Occasional,2022-11-06
744,Omaja Randhawa,gauravjohal@example.com,911433080037.0,Kalyan-Dombivli,Punjab,North,Regular,2024-12-05
745,Michael Devan,ekantika66@example.org,4706810390.0,Berhampur,Gujarat,West,New,2023-07-18
746,Abhimanyu Palla,pillaiyashodhara@example.org,3280944858.0,Kozhikode,Goa,West,Occasional,2025-02-02
747,Aahana Natt,etalad@example.com,914707986321.0,Munger,Madhya Pradesh,West,New,2026-02-28
748,Samesh Iyengar,tanish94@example.com,394380403.0,Thoothukudi,Madhya Pradesh,West,Regular,2026-01-12
749,Lipika Narang,mraman@example.org,7894319100.0,Hyderabad,Chhattisgarh,Central,New,2023-06-28
750,Chavvi Saxena,gdutta@example.org,3365146040.0,Barasat,West Bengal,East,Regular,2023-10-12
751,Tanmayi Jayaraman,balasubramanianvamakshi@example.org,911137984409.0,Rajkot,Uttarakhand,Central,Premium,2023-03-20
752,Tanveer Bhattacharyya,bpurohit@example.org,6762090144.0,Panihati,Tamil Nadu,South,New,2025-09-21
753,Arjun Magar,wahabsem@example.org,968730451.0,Sirsa,Jharkhand,East,New,2026-01-08
754,Nihal Prakash,madhav55@example.com,919657542786.0,Bhiwani,Uttarakhand,Central,Premium,2026-02-06
755,Laksh Natarajan,unnati78@example.net,910582958292.0,Tenali,Karnataka,South,Premium,2022-12-24
756,Isaac Thaker,venkateshhemang@example.net,914823571558.0,Nagaon,Kerala,South,Regular,2022-12-16
757,Theodore Panchal,ocherian@example.net,7230817214.0,Machilipatnam,Delhi,North,New,2025-05-28
758,Gopal Halder,babuazaan@example.com,913211471656.0,Kavali,Maharashtra,West,Regular,2023-11-25
759,Lipika Prasad,dakshasangha@example.net,7990707550.0,Bhalswa Jahangir Pur,Delhi,North,Premium,2023-11-21
760,Guneet Sami,vritti06@example.org,1748113176.0,New Delhi,Maharashtra,West,Regular,2026-04-10
761,Bakhshi Naidu,siya39@example.com,910290871827.0,Buxar,Punjab,North,Regular,2025-03-06
762,Zehaan Dalal,cghosh@example.com,910495612137.0,Kulti,Chhattisgarh,Central,New,2024-04-06
763,Patrick Puri,mittalqadim@example.org,9737112229.0,Bahraich,Uttar Pradesh,North,Premium,2022-08-20
764,Qushi Bail,hitesh67@example.org,6861114576.0,Durgapur,Bihar,East,New,2024-09-20
765,Neel Chadha,ronithsehgal@example.net,5847129618.0,Ahmednagar,Uttarakhand,Central,Premium,2023-02-15
766,Charita Deol,xapte@example.org,184980425.0,Nangloi Jat,Bihar,East,Regular,2023-06-22
767,Ranbir Soman,nsrinivas@example.org,916881228217.0,Buxar,Telangana,South,Regular,2026-01-07
768,Odika Pathak,adwetaray@example.org,560356793.0,Nangloi Jat,Odisha,East,Regular,2023-04-24
769,Nakul Khurana,widisha16@example.net,916181205464.0,Mau,Jammu & Kashmir,Central,Occasional,2025-03-24
770,Darika Singhal,wraju@example.net,8999275175.0,Chandrapur,Madhya Pradesh,West,Regular,2023-11-26
771,Anika Mani,dhritinaik@example.org,3543586449.0,Maheshtala,Jharkhand,East,New,2025-04-15
772,Chakrika Gupta,ekani37@example.net,2143395275.0,Katni,Jharkhand,East,Regular,2025-11-17
773,Tripti Yogi,madhav49@example.org,1686013477.0,Sasaram,Jharkhand,East,Regular,2024-09-02
774,Rushil Lata,sanevrishti@example.net,917665122150.0,Coimbatore,Uttarakhand,Central,Regular,2025-01-09
775,Amrita Datta,sampathsamarth@example.org,9001594463.0,Muzaffarnagar,Kerala,South,New,2023-10-16
776,Irya Khalsa,arinnadig@example.org,916389021994.0,Amravati,Andhra Pradesh,South,Occasional,2025-03-29
777,Niharika Kant,triptigandhi@example.org,914103469967.0,Ahmednagar,Uttarakhand,Central,Occasional,2023-01-07
778,Nilima Sawhney,vdoctor@example.com,6084376855.0,Panchkula,Jammu & Kashmir,Central,Regular,2023-01-14
779,Riya Jha,maanas19@example.net,6263355643.0,Ahmednagar,Kerala,South,Regular,2024-10-08
780,Arjun Kohli,sethianthony@example.com,5560767616.0,Karnal,Punjab,North,New,2024-03-23
781,Jeevika Lad,kdugar@example.org,8983065031.0,Tiruchirappalli,Rajasthan,North,New,2023-08-02
782,Zashil Buch,sneha24@example.org,4236428131.0,Chapra,Tamil Nadu,South,Regular,2025-03-25
783,Bhavya Singhal,pganesh@example.org,919111428178.0,Mangalore,Jammu & Kashmir,Central,Regular,2025-05-24
784,Yatan Anand,onveer48@example.org,8062207223.0,Chapra,Uttar Pradesh,North,New,2023-04-06
785,Turvi Korpal,tgill@example.org,3290162047.0,Tenali,Jammu & Kashmir,Central,New,2025-12-10
786,Unnati Venkatesh,nidhi48@example.com,918720319541.0,Eluru,Andhra Pradesh,South,Regular,2024-12-13
787,Kashvi Bajwa,vidhi30@example.org,2792463203.0,Nizamabad,Odisha,East,Occasional,2024-03-18
788,Unnati Shroff,samarth72@example.com,913214505766.0,Khora,Uttar Pradesh,North,Occasional,2024-09-06
789,Yauvani Sood,srinivasekansh@example.com,3482012840.0,Danapur,Himachal Pradesh,North,Occasional,2023-11-11
790,Arjun Sen,znatt@example.net,5954508917.0,Bhiwani,Gujarat,West,New,2023-07-17
791,Yashawini Bhavsar,krishnanarayanan@example.net,7422319646.0,Kalyan-Dombivli,Andhra Pradesh,South,Occasional,2025-11-10
792,Advik Deol,omyahari@example.com,916894301204.0,Amritsar,Uttarakhand,Central,New,2022-10-19
793,Noah Tak,buchtripti@example.com,5749885582.0,Hindupur,Madhya Pradesh,West,Premium,2023-07-18
794,Upkaar Bains,rsubramanian@example.com,4760944128.0,Muzaffarnagar,Odisha,East,Regular,2025-12-03
795,Ucchal Dua,tiwarijanani@example.com,6695413297.0,Satara,Uttarakhand,Central,Premium,2026-05-11
796,Rajata Ravi,adube@example.com,915514377693.0,Chinsurah,Goa,West,Occasional,2026-07-20
797,Bhavini Kohli,gayathridutta@example.net,9611110286.0,Tiruchirappalli,Odisha,East,Regular,2026-03-23
798,Charan Agate,cgoel@example.org,5591024510.0,Thane,Chhattisgarh,Central,New,2026-08-02
799,Rehaan Garde,gswaminathan@example.com,4981942179.0,Sangli-Miraj & Kupwad,Haryana,North,Premium,2025-03-23
800,Watika Kapur,customer_800@unknown.com,N/A,Bhagalpur,Jammu & Kashmir,Central,New,2025-05-07
801,Manthan Dubey,buchdaniel@example.net,912172214559.0,Ongole,Bihar,East,Regular,2023-08-20
802,Jason Mittal,urvashibandi@example.com,916351004627.0,Sikar,Andhra Pradesh,South,Premium,2024-06-18
803,Shivani Deol,pahal59@example.net,910246175202.0,Anand,Andhra Pradesh,South,Premium,2025-12-11
804,Arunima Jain,omishabarad@example.org,5595501783.0,Siliguri,Odisha,East,New,2025-03-07
805,Mahika Wadhwa,radhikabaral@example.com,9848704506.0,Bhalswa Jahangir Pur,Madhya Pradesh,West,Premium,2024-01-10
806,Ubika Kashyap,udant74@example.com,394640830.0,Hospet,Bihar,East,Regular,2026-02-20
807,Aarnav Sani,borraanusha@example.net,6084907938.0,Bhiwandi,Uttarakhand,Central,Regular,2023-08-18
808,Lopa Narasimhan,saiatwal@example.net,1537012424.0,Vijayanagaram,Jammu & Kashmir,Central,Occasional,2026-04-01
809,Samar Gade,gunbir44@example.net,8112103142.0,Bidhannagar,Chhattisgarh,Central,New,2023-04-20
810,Xiti Warrior,hvaidya@example.com,9415152638.0,Surat,Himachal Pradesh,North,Regular,2024-01-18
811,Dev Gaba,hemadyal@example.net,8375056618.0,Rajpur Sonarpur,Punjab,North,Regular,2026-06-27
812,Veda Bhavsar,wardashankar@example.com,5300730950.0,Sonipat,Tamil Nadu,South,New,2023-04-29
813,Divya Sheth,desaigopal@example.net,8192778851.0,Ratlam,Uttar Pradesh,North,Premium,2024-05-18
814,Pavani Memon,chhabrachristopher@example.com,2462456185.0,Panchkula,West Bengal,East,Premium,2023-08-29
815,Niharika Bajaj,manefalak@example.org,1289915114.0,Ratlam,Uttarakhand,Central,New,2023-12-04
816,Qadim Kala,katachandran@example.com,8818984841.0,Thane,Delhi,North,Premium,2026-05-23
817,Girik Nath,charles21@example.org,170756814.0,Gudivada,Maharashtra,West,Regular,2023-12-09
818,Finn Natt,qasimchawla@example.net,917322836084.0,Kumbakonam,Assam,East,Occasional,2026-08-10
819,Daniel Sani,lipikahans@example.net,5269694439.0,Bidar,Rajasthan,North,New,2024-12-09
820,Aarav Contractor,vhalder@example.com,2929132033.0,Madurai,Gujarat,West,Regular,2023-09-12
821,Kiaan Kamdar,isaiah90@example.net,911061537221.0,Anantapur,Rajasthan,North,Regular,2025-07-09
822,Zilmil Maharaj,ojaggi@example.org,916533774604.0,Bhiwani,Telangana,South,Premium,2024-05-11
823,Darsh Bhasin,sviswanathan@example.org,1424426078.0,Dharmavaram,Odisha,East,New,2024-08-01
824,Chavvi Kapur,siyer@example.com,6427372037.0,Muzaffarnagar,Haryana,North,Occasional,2024-07-17
825,Imaran Loyal,aachal14@example.net,4601913443.0,Mehsana,Gujarat,West,Occasional,2024-12-16
826,Manthan Bahri,oni95@example.org,3214644936.0,Jalandhar,Kerala,South,New,2024-11-09
827,Rohan Konda,chakradev55@example.com,918573680119.0,Ahmednagar,Himachal Pradesh,North,Occasional,2024-03-24
828,Samarth Sibal,vwarrior@example.org,918723335104.0,Dharmavaram,Delhi,North,Regular,2024-05-11
829,Avni Sengupta,girikoak@example.org,1149830748.0,Chennai,Madhya Pradesh,West,Regular,2024-05-08
830,Tarak Sabharwal,harish18@example.net,919406557820.0,Aurangabad,Himachal Pradesh,North,Regular,2026-07-20
831,Reyansh Gera,vivaanbath@example.net,913332470739.0,Patna,Madhya Pradesh,West,Premium,2022-09-14
832,Jeevika Mistry,sdube@example.org,917602508261.0,Sangli-Miraj & Kupwad,Assam,East,Occasional,2023-02-11
833,Mitesh Sagar,saranveer@example.net,914888995729.0,Sultan Pur Majra,Rajasthan,North,Occasional,2023-07-06
834,Sai Mallick,abha93@example.net,913646871912.0,Berhampur,Karnataka,South,Occasional,2024-06-02
835,Varenya Rana,chatreshvasa@example.org,3230898138.0,Sonipat,Uttarakhand,Central,Regular,2025-09-29
836,Aashi Lal,laban20@example.com,3231829716.0,Pondicherry,Himachal Pradesh,North,Occasional,2024-11-04
837,Anya Nazareth,baliadvay@example.org,15291137.0,Bahraich,Jammu & Kashmir,Central,New,2024-07-27
838,Dakshesh Bal,iramunshi@example.com,1844421829.0,Tumkur,Kerala,South,Regular,2025-12-11
839,Matthew Gill,yachana90@example.com,7086700900.0,Sambalpur,Telangana,South,Regular,2024-09-12
840,Harita Chakrabarti,zaitra48@example.org,6913624835.0,Dhanbad,Maharashtra,West,Regular,2024-03-21
841,Onkar Prashad,baralupma@example.org,3369987950.0,Cuttack,Chhattisgarh,Central,Premium,2024-03-02
842,Amrita Batta,ramanathanzayyan@example.net,918804428773.0,Burhanpur,Goa,West,Regular,2022-11-20
843,Devansh Ratta,xavier21@example.org,6942894642.0,Latur,Tamil Nadu,South,Premium,2025-08-31
844,Kalpit Pillay,gkala@example.com,1706462554.0,Gaya,West Bengal,East,Regular,2026-05-09
845,Jyoti Oak,chaayahanda@example.net,911764644898.0,Kamarhati,Tamil Nadu,South,Regular,2024-04-29
846,Jyoti Khurana,anyanarula@example.net,917905040433.0,Dhule,Jammu & Kashmir,Central,Regular,2025-09-20
847,Rishi Vora,divya16@example.net,912111978718.0,Medininagar,West Bengal,East,Premium,2025-11-12
848,Gavin Hora,ikalita@example.com,5306011987.0,Pali,Madhya Pradesh,West,Regular,2023-06-16
849,Xiti Ray,anneqasim@example.org,910915618298.0,Sambalpur,Uttarakhand,Central,Regular,2023-01-07
850,Gauri Sodhi,ulalla@example.com,1609365952.0,Solapur,Jammu & Kashmir,Central,Regular,2025-07-16
851,Jatin Vora,ikbal84@example.org,916875092632.0,Thrissur,Uttarakhand,Central,New,2023-12-08
852,Ethan Khatri,vmaharaj@example.com,1140428860.0,Jaipur,Delhi,North,Regular,2025-03-11
853,Wazir Tailor,bsangha@example.net,918112600308.0,Karimnagar,Gujarat,West,New,2025-12-02
854,Gaurang Bala,rdube@example.com,915312345506.0,Junagadh,Odisha,East,Regular,2024-04-09
855,Vedika Sundaram,ndhar@example.org,4401348087.0,Tiruvottiyur,Haryana,North,Regular,2025-01-16
856,Vansha Wadhwa,nikitabatra@example.org,915910157090.0,Buxar,West Bengal,East,Regular,2023-11-18
857,Bimala Mangal,amolsethi@example.com,2699969964.0,Hubli–Dharwad,Andhra Pradesh,South,Regular,2025-01-30
858,Maanav Wason,leena93@example.org,9140849932.0,Moradabad,Jammu & Kashmir,Central,Regular,2026-05-24
859,Chaitaly Dhaliwal,kraval@example.net,916908726176.0,Mango,Delhi,North,Regular,2023-05-26
860,Dayamai Kari,eshanapathak@example.net,918280405612.0,Mau,Rajasthan,North,Premium,2023-05-09
861,Nidra Parmer,radhalata@example.org,6965613087.0,Navi Mumbai,Jharkhand,East,Regular,2022-09-27
862,Ranveer Wadhwa,gayathri14@example.org,6823948400.0,Morena,Madhya Pradesh,West,New,2025-06-20
863,Aarav Ahuja,yraman@example.org,911683113950.0,Amritsar,Chhattisgarh,Central,Premium,2025-10-23
864,Arya Buch,elijah50@example.com,2839762053.0,Gopalpur,Andhra Pradesh,South,Regular,2024-03-16
865,Ridhi Savant,mahika20@example.net,2662925081.0,Bhalswa Jahangir Pur,Odisha,East,Regular,2022-09-07
866,Champak Dyal,lallarin@example.com,8413337312.0,Secunderabad,Tamil Nadu,South,Regular,2026-07-15
867,Samaksh Pai,dchopra@example.net,917032119206.0,Muzaffarnagar,Jharkhand,East,Regular,2025-08-26
868,Wazir Varghese,kevin77@example.net,5613371844.0,Guntakal,Haryana,North,Regular,2025-10-20
869,Ekantika Batta,meghanamenon@example.net,911644037341.0,Nandyal,Andhra Pradesh,South,Premium,2022-10-27
870,Lucky Sheth,kvarghese@example.org,910217982134.0,Tirunelveli,Andhra Pradesh,South,Regular,2024-11-18
871,Vyanjana Sarma,poojakata@example.net,911828560539.0,Lucknow,West Bengal,East,Occasional,2025-01-17
872,Neha Dani,ssridhar@example.org,7368205068.0,Guwahati,Assam,East,Regular,2024-09-15
873,Pranit Kapur,falak21@example.com,5058714692.0,Nagaon,Jharkhand,East,Regular,2025-05-31
874,Elijah Dewan,mitali79@example.org,9843699848.0,Kozhikode,Chhattisgarh,Central,Regular,2025-05-19
875,Ganga Bandi,rachitakrishna@example.net,2495988114.0,Bidhannagar,Jammu & Kashmir,Central,Regular,2023-02-25
876,Balendra Sastry,parikhpraneel@example.org,6767382097.0,Nadiad,Bihar,East,Occasional,2025-04-10
877,Devansh Shenoy,fwali@example.com,2996872258.0,Kumbakonam,Odisha,East,New,2025-12-06
878,Eesha Viswanathan,rastogiquincy@example.net,3504056695.0,Jehanabad,Gujarat,West,Regular,2025-10-19
879,Jeet Ganesh,patrick55@example.com,2867963259.0,Gaya,Jharkhand,East,Regular,2022-10-10
880,Kiaan Walia,mahika33@example.net,1562415285.0,Mangalore,Chhattisgarh,Central,Premium,2025-04-29
881,Lopa Ganesh,netrakant@example.net,915895138186.0,Ambarnath,Chhattisgarh,Central,New,2026-07-01
882,Zilmil Lall,bnair@example.net,7443034918.0,Gorakhpur,Chhattisgarh,Central,Occasional,2022-09-20
883,Veda Gala,issacgauri@example.net,914015364154.0,Moradabad,Gujarat,West,Regular,2026-07-01
884,Samaksh Chhabra,oscarpau@example.net,916781367500.0,Jalgaon,West Bengal,East,New,2024-01-01
885,Bhanumati Chahal,pandyapeter@example.com,9819878092.0,Chennai,Madhya Pradesh,West,Regular,2025-07-29
886,Kai Keer,neelima22@example.com,6605986787.0,Bihar Sharif,Bihar,East,Regular,2023-10-08
887,Lakshit Tailor,yashvi54@example.net,5965594282.0,Srikakulam,Andhra Pradesh,South,New,2026-04-12
888,Fitan Sangha,atharv20@example.org,912453931321.0,Ratlam,Punjab,North,Occasional,2026-06-26
889,Abdul Naik,vasana08@example.org,6821444889.0,Kharagpur,Madhya Pradesh,West,Premium,2022-11-27
890,Maanas Tata,pallavisen@example.net,4620258254.0,Coimbatore,Maharashtra,West,New,2025-02-07
891,Oscar Cherian,ranveerbhatnagar@example.org,919204910601.0,Vijayanagaram,Assam,East,Premium,2024-11-05
892,Nathaniel Jani,bpai@example.net,917681722577.0,Bhilwara,Delhi,North,New,2023-09-23
893,Amaira Sule,ladlidubey@example.net,915291876831.0,Meerut,Bihar,East,Premium,2025-10-15
894,Ria Dara,egill@example.com,3373992052.0,Bhatpara,Rajasthan,North,Occasional,2024-12-12
895,Nisha Garg,saneeta@example.net,1438823255.0,Gangtok,Goa,West,Occasional,2025-01-23
896,Ekaja Morar,omisha17@example.net,7732643095.0,Nizamabad,Maharashtra,West,Regular,2026-04-02
897,Jackson Gole,asarna@example.org,2712053978.0,Gorakhpur,Bihar,East,Premium,2025-01-25
898,Eta Devi,kalpitdixit@example.org,1256083200.0,Begusarai,Jammu & Kashmir,Central,Premium,2023-07-10
899,Zilmil Thakur,rpalla@example.org,5852386003.0,Alwar,Chhattisgarh,Central,Regular,2024-09-09
900,Lipika Bumb,imaran71@example.com,913910292950.0,Avadi,Madhya Pradesh,West,New,2023-11-24
901,Aradhana Vaidya,daksheshhegde@example.org,6713971912.0,Nashik,Jammu & Kashmir,Central,Premium,2023-06-16
902,Max D’Alia,nakuldalal@example.net,7672019111.0,Sambhal,West Bengal,East,Premium,2025-04-21
903,Pratyush Barman,balaysanya@example.org,5873393049.0,Chinsurah,Jharkhand,East,Occasional,2023-01-21
904,Sathvik Yadav,golatamanna@example.net,4812421140.0,Loni,Delhi,North,New,2024-03-24
905,Abhiram Narain,masonmangat@example.com,910935561039.0,Warangal,Kerala,South,Regular,2023-03-18
906,Anay Chatterjee,sudikshadani@example.org,3658585642.0,Indore,Gujarat,West,Premium,2025-12-04
907,Nachiket Bal,vasatikabhagat@example.com,915927387402.0,Mango,Jharkhand,East,Regular,2023-09-18
908,Raagini Sandhu,sacharvedant@example.org,914815542034.0,Kulti,Goa,West,Regular,2025-09-01
909,Anay Patil,ktaneja@example.net,5649157955.0,Khandwa,Himachal Pradesh,North,Regular,2022-11-11
910,Yatin Krishnamurthy,icherian@example.com,6010801810.0,Indore,West Bengal,East,New,2026-03-14
911,Victor Chaudhry,rrastogi@example.org,2680808157.0,Siliguri,Karnataka,South,Premium,2026-01-15
912,Hritik Oommen,shethfrado@example.org,671307351.0,Tumkur,Chhattisgarh,Central,Regular,2025-02-17
913,Vyanjana Mital,nandinigill@example.org,3009625885.0,Purnia,Madhya Pradesh,West,Regular,2024-02-23
914,Zehaan Taneja,jayaramanjai@example.net,915339627466.0,Jalgaon,Gujarat,West,Regular,2025-08-08
915,Devansh Vohra,lakshitsoman@example.org,910466614590.0,Bhiwandi,Madhya Pradesh,West,Regular,2022-12-12
916,Vedika Sibal,krishnanbaljiwan@example.org,4938819490.0,Kulti,Chhattisgarh,Central,Regular,2022-10-29
917,Edhitha Gera,kumeryachana@example.org,4976987313.0,Gudivada,Madhya Pradesh,West,Regular,2025-06-14
918,Oeshi Raja,harsh66@example.org,913740779433.0,North Dumdum,Karnataka,South,Regular,2024-06-23
919,Shivansh Varma,ishaan97@example.org,914262037087.0,Aligarh,Rajasthan,North,Regular,2024-06-20
920,Christopher Dutt,ladgirish@example.net,913599898972.0,Gwalior,Chhattisgarh,Central,Regular,2022-12-28
921,Yahvi Mann,bobalmohini@example.com,8221758839.0,Guna,Andhra Pradesh,South,Regular,2024-07-02
922,Advay Zacharia,davidbal@example.com,675712369.0,Dewas,Goa,West,Premium,2024-03-14
923,Gavin Chad,yastitata@example.net,4296882769.0,Dhanbad,Uttarakhand,Central,Premium,2025-02-22
924,Isha Karnik,kuruvillagaurang@example.net,1560783274.0,Thoothukudi,Odisha,East,New,2023-09-30
925,Irya Chhabra,lrao@example.com,964966834.0,Indore,Chhattisgarh,Central,New,2025-09-07
926,Yasti Muni,dhruvsawhney@example.org,918516225936.0,Hosur,Assam,East,Premium,2023-09-28
927,Aadi Thakkar,amairawarrior@example.com,8390624672.0,Madanapalle,Kerala,South,Regular,2024-12-08
928,Pavani Bains,chakrabortycharita@example.org,911935923613.0,Fatehpur,West Bengal,East,Regular,2025-01-22
929,Aadi Om,yuvrajbassi@example.com,8816502544.0,Ulhasnagar,Telangana,South,Regular,2025-09-03
930,Gunbir Sanghvi,customer_930@unknown.com,N/A,Bongaigaon,Chhattisgarh,Central,Premium,2023-09-23
931,Nandini Shenoy,gunbirmagar@example.org,4681359266.0,Bongaigaon,Gujarat,West,Premium,2024-11-29
932,Meghana Sarraf,yashawini69@example.com,1559450119.0,Khora,Jammu & Kashmir,Central,Occasional,2024-05-28
933,Dalbir Sridhar,yatin60@example.com,911716039886.0,Bidar,Telangana,South,Regular,2025-07-02
934,Nirja Dass,varmaabha@example.com,9067000994.0,Bihar Sharif,Bihar,East,Regular,2023-12-13
935,Praneel Batta,krisha64@example.net,9667605642.0,Bijapur,Maharashtra,West,New,2024-11-12
936,Januja Suri,ioak@example.org,7453389062.0,Uluberia,Punjab,North,Regular,2023-12-13
937,Lakshmi De,omyanayar@example.net,165995300.0,Nanded,Madhya Pradesh,West,Regular,2023-09-16
938,Jagat Gill,chaitalygolla@example.com,7746259160.0,Vijayawada,Madhya Pradesh,West,New,2026-04-02
939,Harish Chanda,customer_939@unknown.com,N/A,Shimla,Madhya Pradesh,West,Regular,2023-05-13
940,Rohan Buch,ishitasawhney@example.org,7264261212.0,Kurnool,Chhattisgarh,Central,New,2024-12-27
941,Veer Srinivas,vedant65@example.net,6807852548.0,Tirupati,Kerala,South,Regular,2024-11-10
942,Viraj Thakur,zehaan54@example.org,916445475231.0,Kolhapur,Telangana,South,Regular,2023-02-26
943,Sara Mangal,cchad@example.com,3342720388.0,Gulbarga,Madhya Pradesh,West,Premium,2023-06-08
944,Vaishnavi Pandya,bhatekalinga@example.net,3045306935.0,Shimoga,Rajasthan,North,Regular,2026-02-05
945,Ganga Karpe,advik01@example.net,916778481652.0,Rohtak,Uttarakhand,Central,Premium,2025-04-07
946,Advika Lala,ibera@example.org,5179937810.0,New Delhi,Himachal Pradesh,North,Regular,2023-09-11
947,Manan Yadav,gthakkar@example.net,8699969882.0,Farrukhabad,Andhra Pradesh,South,Regular,2025-05-07
948,Kiaan Srinivas,mahalshivani@example.net,914630198642.0,Mira-Bhayandar,Kerala,South,New,2023-12-13
949,Upkaar Sengupta,warinderkhanna@example.net,912187062932.0,Gangtok,Punjab,North,Regular,2026-06-17
950,Oliver Dhingra,basujackson@example.org,913200186766.0,Ranchi,Punjab,North,New,2024-12-24
951,Yashoda Srivastava,adara@example.net,914356140384.0,Latur,Uttar Pradesh,North,Regular,2026-06-25
952,Yashvi Batta,amajumdar@example.net,2354695100.0,Pune,Jammu & Kashmir,Central,Regular,2025-05-03
953,Qabil Aggarwal,arya59@example.com,1500666641.0,Ahmedabad,Jammu & Kashmir,Central,Regular,2024-07-21
954,Kamala Mistry,chanaumang@example.com,917851699497.0,Nagaon,Chhattisgarh,Central,New,2026-06-17
955,Jhalak Hayer,jsaini@example.org,8268999626.0,Kanpur,Tamil Nadu,South,Premium,2025-03-24
956,Rachita Venkatesh,sodhivedhika@example.net,915059625719.0,Burhanpur,Uttarakhand,Central,Premium,2024-11-09
957,Jonathan Bains,deoraagini@example.net,7898260418.0,Aurangabad,Kerala,South,Occasional,2022-09-17
958,Elijah Shenoy,gautami85@example.org,7741274692.0,Jalandhar,Odisha,East,Premium,2024-03-06
959,Avni Chanda,bdevi@example.com,912297589170.0,Ambarnath,Jammu & Kashmir,Central,New,2024-11-30
960,Henry Pal,kashish70@example.com,8209225709.0,Dhanbad,Andhra Pradesh,South,Occasional,2023-09-29
961,Theodore Oommen,dmaharaj@example.com,913247282895.0,Kolkata,Bihar,East,New,2022-11-18
962,Vedika Venkatesh,naveenlala@example.net,3126168507.0,Allahabad,Karnataka,South,Regular,2022-11-10
963,Daniel Chand,prabhuaarav@example.net,917115261053.0,Meerut,Bihar,East,New,2025-12-15
964,Ryan Bassi,shereekavir@example.com,5007418948.0,Durg,Madhya Pradesh,West,Regular,2026-02-07
965,Upadhriti Sachdev,nitarapadmanabhan@example.org,4471619827.0,Bijapur,Jharkhand,East,Regular,2023-07-30
966,Tanay Bobal,kuruvillagaurangi@example.org,915896321743.0,Bahraich,Himachal Pradesh,North,New,2026-01-22
967,Geetika Doshi,customer_967@unknown.com,N/A,Hosur,Punjab,North,Premium,2023-09-13
968,Chavvi Goel,vedant64@example.com,918055077406.0,Sultan Pur Majra,Odisha,East,Premium,2024-10-01
969,Indira Buch,mekhala23@example.net,910908551074.0,Ghaziabad,Goa,West,Premium,2025-03-31
970,Harish Chacko,shereyashica@example.com,919025476022.0,Machilipatnam,Himachal Pradesh,North,Occasional,2023-01-17
971,Vivaan Murty,fiyaz20@example.org,2275950026.0,Vijayawada,West Bengal,East,New,2025-08-29
972,Geetika Kala,idikalad@example.com,9507407173.0,Madhyamgram,Gujarat,West,Occasional,2023-12-21
973,Irya Pau,kashyapdominic@example.org,916493403910.0,Karnal,Andhra Pradesh,South,Regular,2025-02-21
974,Tanish Sangha,toorbhavani@example.org,918491359928.0,Sri Ganganagar,Odisha,East,Premium,2023-02-23
975,Kashvi Oak,chakradevpathak@example.com,910067990069.0,Motihari,Telangana,South,New,2025-11-04
976,Lila Sarna,clall@example.net,917842339449.0,Kamarhati,West Bengal,East,Regular,2022-11-11
977,Maya Swaminathan,wpurohit@example.org,5032501736.0,Rohtak,Maharashtra,West,Regular,2022-09-12
978,Qarin Mangal,sharafaachal@example.org,292334511.0,Patna,Andhra Pradesh,South,Premium,2023-03-01
979,Oviya Batra,yash08@example.net,8430211667.0,Bhavnagar,Gujarat,West,Occasional,2025-01-15
980,Baghyawati Natt,wnatt@example.net,8759212996.0,Rourkela,Kerala,South,Regular,2025-03-26
981,Vihaan Khosla,zgola@example.org,2755821477.0,Kavali,West Bengal,East,New,2024-04-16
982,Sai Contractor,padmanabhanneel@example.org,8023621921.0,Loni,West Bengal,East,Regular,2023-02-23
983,Vrinda Agrawal,girindra61@example.org,6385588195.0,Nandyal,Tamil Nadu,South,Regular,2025-12-14
984,Lakshmi Varughese,bediharinakshi@example.org,8931869289.0,Malegaon,Bihar,East,Regular,2023-04-29
985,Garima Mukhopadhyay,charyoshita@example.org,917200283948.0,Berhampur,Himachal Pradesh,North,Regular,2026-01-11
986,Daniel Krishnan,mallarya@example.com,3281165993.0,Cuttack,Andhra Pradesh,South,Regular,2023-03-10
987,Joshua Banik,chandreshmalhotra@example.net,2322775213.0,Jammu,Chhattisgarh,Central,Premium,2025-09-27
988,Yahvi Chander,dnayak@example.com,6300593777.0,Sikar,Maharashtra,West,Regular,2022-10-15
989,Udarsh Deo,bajajneel@example.net,916174690298.0,Jamshedpur,West Bengal,East,Occasional,2026-06-14
990,Adya Kota,ekalinga96@example.com,912913167080.0,Machilipatnam,Gujarat,West,Premium,2025-12-13
991,Omisha Ramaswamy,ybaria@example.org,6219865504.0,Rohtak,Andhra Pradesh,South,Regular,2024-12-24
992,Ridhi Sankar,rhegde@example.com,3396504962.0,Jhansi,Delhi,North,Regular,2023-11-21
993,Lekha Desai,fdalal@example.com,914362585421.0,Deoghar,Bihar,East,Regular,2023-03-01
994,Guneet Reddy,wriddhishmukhopadhyay@example.net,919964338532.0,Jaunpur,Karnataka,South,Regular,2025-09-26
995,Dakshesh Patla,umangkorpal@example.com,910311587605.0,Uluberia,Chhattisgarh,Central,Premium,2023-05-28
996,Madhavi Luthra,ynarayanan@example.com,9453536597.0,Singrauli,Andhra Pradesh,South,Regular,2026-04-14
997,Devansh Sankar,avnidate@example.org,915450809594.0,Mau,Karnataka,South,Occasional,2024-04-03
998,Luke Naidu,lakshmi64@example.com,911307423591.0,Bokaro,Jammu & Kashmir,Central,Regular,2023-05-26
999,Bhavika Ben,rohan32@example.com,914543079637.0,Vasai-Virar,Tamil Nadu,South,New,2024-03-31
1000,Ayushman Walla,tandonishani@example.org,911158718452.0,Mirzapur,Tamil Nadu,South,Premium,2026-06-21
1001,Patrick Sant,rlad@example.net,7017320865.0,Korba,Goa,West,Occasional,2026-01-30
1002,Turvi Sethi,qushiratta@example.net,6337014005.0,Bahraich,Bihar,East,Regular,2026-06-17
1003,Aryan Pillai,zilmil00@example.org,917221425731.0,Indore,Uttar Pradesh,North,Premium,2026-07-30
1004,Utkarsh Dasgupta,mitaliwadhwa@example.net,1720313695.0,Jamnagar,Jammu & Kashmir,Central,Premium,2025-03-07
1005,Patrick Bala,vedhikakoshy@example.com,915953322273.0,Nagaon,Himachal Pradesh,North,New,2024-10-24
1006,Aarav Mani,urvi35@example.org,913661850761.0,Suryapet,Telangana,South,Premium,2025-03-06
1007,Yasti Grover,ytank@example.org,2360107126.0,Raichur,Andhra Pradesh,South,Regular,2024-07-25
1008,Qadim Chakraborty,tsaran@example.com,4673574223.0,Jamnagar,Uttar Pradesh,North,Premium,2025-05-09
1009,Yashoda Badal,masterzehaan@example.org,8922256062.0,Rajpur Sonarpur,Uttar Pradesh,North,Premium,2023-03-20
1010,Lopa Kibe,ekonda@example.net,918046741307.0,Berhampur,Chhattisgarh,Central,Premium,2024-03-11
1011,Jairaj Naik,agastyabora@example.org,2608463975.0,Rajkot,Haryana,North,Occasional,2026-04-03
1012,Vamakshi Bath,eiravati49@example.org,911516411955.0,Darbhanga,Andhra Pradesh,South,New,2023-12-12
1013,Keya Kakar,shravya87@example.com,910702042620.0,Mehsana,Uttarakhand,Central,Regular,2022-09-07
1014,Gaurav Doctor,ethan39@example.org,6967897609.0,Thrissur,Andhra Pradesh,South,Occasional,2023-01-08
1015,Pooja Swaminathan,fkashyap@example.net,912760759889.0,Tinsukia,Delhi,North,Premium,2022-12-05
1016,Warjas Johal,samaksh19@example.org,6543089523.0,Ulhasnagar,Haryana,North,Regular,2024-05-26
1017,Jai Biswas,arjun57@example.com,4974700026.0,Tenali,Punjab,North,Premium,2022-10-21
1018,Radhika Taneja,kmishra@example.com,7416365604.0,Patna,Uttarakhand,Central,Regular,2023-11-30
1019,Yash Pandit,thomas73@example.org,6496927711.0,Durgapur,Maharashtra,West,Premium,2022-09-16
1020,Udant Nagi,chandranprabhakar@example.net,255128276.0,Purnia,Jammu & Kashmir,Central,Regular,2025-01-12
1021,Farhan Murthy,gautami96@example.com,6634544344.0,Farrukhabad,Haryana,North,Regular,2023-11-20
1022,Meghana Konda,aarnamajumdar@example.net,4394640882.0,Rajahmundry,Karnataka,South,Premium,2025-03-19
1023,Xiti Salvi,vanshakamdar@example.net,8894132109.0,Bikaner,Maharashtra,West,Regular,2022-10-25
1024,Ishwar Srinivas,srinivaseta@example.com,5346557922.0,Sambalpur,Gujarat,West,Regular,2022-11-15
1025,Chasmum Mall,ymodi@example.org,919390025121.0,Surendranagar Dudhrej,Punjab,North,Regular,2022-08-27
1026,Ishani Wadhwa,customer_1026@unknown.com,N/A,Suryapet,Jammu & Kashmir,Central,Regular,2024-01-11
1027,Aashi Narang,orama@example.org,913885034236.0,Bhavnagar,Tamil Nadu,South,Regular,2023-11-18
1028,Robert Mukherjee,lmaster@example.com,3104379686.0,Patna,Tamil Nadu,South,Regular,2022-10-03
1029,Lohit Mand,jbedi@example.net,917741743043.0,Howrah,Assam,East,Premium,2024-12-16
1030,Jeevika Batta,neelmand@example.com,5275233282.0,Bangalore,Bihar,East,Regular,2023-04-10
1031,Krish Narayanan,nchokshi@example.org,913033467711.0,Sirsa,West Bengal,East,New,2023-03-11
1032,Raksha Sane,vanyapalan@example.com,910245301239.0,Morbi,Haryana,North,New,2024-03-01
1033,Ayush Kalita,karan02@example.net,7190172224.0,Dindigul,Assam,East,Regular,2023-05-04
1034,Odika Lad,echaudry@example.net,7546199240.0,Karimnagar,Jammu & Kashmir,Central,Regular,2022-11-10
1035,Ridhi Dube,vdivan@example.net,912259095668.0,Rohtak,Goa,West,Regular,2025-05-01
1036,Yug Sunder,raghavseth@example.net,912121101878.0,Noida,Chhattisgarh,Central,Regular,2026-07-03
1037,Ojasvi Bedi,shachandran@example.com,392519994.0,Mangalore,West Bengal,East,New,2025-07-29
1038,Imaran Tak,geraparth@example.org,6433872205.0,Jalgaon,Uttar Pradesh,North,New,2025-02-26
1039,Keya Goda,rnagi@example.com,6330833444.0,Surat,Delhi,North,New,2023-03-24
1040,Yashoda Narayanan,madanucchal@example.org,910596851953.0,Mehsana,Uttar Pradesh,North,Regular,2023-11-28
1041,Mekhala Sane,nathanielnadig@example.com,914277752259.0,Pune,Jharkhand,East,Occasional,2023-09-15
1042,Mohini Palla,dharkrish@example.org,5922941156.0,Kalyan-Dombivli,Tamil Nadu,South,Premium,2024-05-22
1043,Diya Ratti,rajatakonda@example.com,2629420661.0,Rampur,Gujarat,West,Regular,2023-04-04
1044,Harinakshi Chatterjee,samarthchhabra@example.org,8004983211.0,Saharanpur,Goa,West,Regular,2025-04-06
1045,Faraj Pradhan,yasti15@example.net,916868764019.0,Bettiah,Rajasthan,North,Regular,2023-01-05
1046,Dalbir Ramachandran,dalaja20@example.org,2987787358.0,Munger,Jammu & Kashmir,Central,Occasional,2024-01-01
1047,Baghyawati Rastogi,jagat96@example.net,913421926221.0,South Dumdum,Karnataka,South,New,2025-04-28
1048,Devansh Bath,nihal94@example.net,911478911797.0,Vellore,Punjab,North,Regular,2022-09-07
1049,Gopal Dyal,indrajitbahri@example.org,916660200053.0,Panvel,Goa,West,New,2025-02-10
1050,Meghana Gulati,aggarwalekanta@example.net,915243838058.0,Erode,Odisha,East,Regular,2024-01-16
1051,David Bhasin,irao@example.net,2763328389.0,Kurnool,Maharashtra,West,Regular,2026-03-12
1052,Nikita Chacko,ishaan86@example.org,7136841013.0,Dibrugarh,Assam,East,New,2023-07-11
1053,Sai Kara,hardikzachariah@example.net,3527918750.0,Ongole,Chhattisgarh,Central,Premium,2025-12-22
1054,Girish Bassi,lprabhakar@example.org,918814319279.0,Alappuzha,Uttarakhand,Central,Occasional,2024-09-15
1055,Yahvi Choudhry,oni98@example.net,918457202665.0,Deoghar,Telangana,South,New,2023-02-09
1056,Irya Chandra,ekiyasem@example.org,9899255394.0,Bangalore,Karnataka,South,Regular,2024-03-31
1057,Chanchal Deshpande,saxenaamrita@example.net,2966941799.0,Shivpuri,Maharashtra,West,Regular,2025-11-10
1058,Tanvi Mohanty,jkumer@example.com,9946418398.0,Gorakhpur,West Bengal,East,Occasional,2022-09-14
1059,Xavier Mani,ovenkataraman@example.com,916988164980.0,Ramagundam,Himachal Pradesh,North,Regular,2024-05-11
1060,Ojas Varma,uanne@example.org,910262706648.0,Surat,West Bengal,East,Regular,2023-12-15
1061,Anika Warrior,jagrati81@example.org,918898305748.0,Tadipatri,Andhra Pradesh,South,Premium,2026-03-08
1062,Adweta Cherian,ojasvi30@example.org,5000305661.0,Kurnool,Uttar Pradesh,North,New,2025-02-21
1063,Lila Master,lalrehaan@example.com,4679087018.0,Nanded,Delhi,North,Occasional,2022-09-07
1064,Azaan Chowdhury,prishapradhan@example.net,910344442990.0,Karawal Nagar,Uttarakhand,Central,New,2024-05-16
1065,Pahal Rattan,nitesh40@example.com,912155996725.0,Mangalore,Jharkhand,East,Occasional,2023-10-12
1066,Jeet Anand,warinder34@example.com,914747648455.0,Ghaziabad,Rajasthan,North,Regular,2023-05-25
1067,Onkar Char,umangmunshi@example.org,1245531290.0,Kulti,Andhra Pradesh,South,Regular,2024-06-20
1068,Qasim Chand,sodhiwarjas@example.net,917726488395.0,Pondicherry,Chhattisgarh,Central,Regular,2024-04-15
1069,Onveer Golla,onkar52@example.net,1618575917.0,Pimpri-Chinchwad,Karnataka,South,Regular,2024-12-19
1070,Champak Patil,george47@example.com,4735352478.0,Gorakhpur,Jharkhand,East,New,2024-01-15
1071,Jagat Parekh,tripti34@example.com,3053788033.0,Bettiah,Odisha,East,Premium,2026-02-26
1072,Fiyaz Biswas,customer_1072@unknown.com,N/A,Nangloi Jat,Tamil Nadu,South,Occasional,2023-07-16
1073,Ronith Andra,radhika25@example.net,915217465353.0,Anand,Telangana,South,Regular,2024-12-02
1074,Yauvani Chhabra,pavani73@example.com,6717762969.0,Tirupati,Uttar Pradesh,North,Regular,2022-10-28
1075,Meghana Deshpande,krisha64@example.com,919999001089.0,Nangloi Jat,Jharkhand,East,Regular,2023-07-26
1076,Vivaan Oak,girishchada@example.net,6844246488.0,Udupi,Bihar,East,Premium,2023-07-31
1077,Kamala Sarma,kamalaswaminathan@example.com,9582819022.0,Gandhidham,Goa,West,New,2025-10-21
1078,Ethan Devan,raghav97@example.org,598445143.0,Mehsana,Uttar Pradesh,North,New,2025-10-12
1079,Mahika Virk,butalaqabil@example.net,910388568119.0,Phagwara,Assam,East,Regular,2025-11-05
1080,Anvi Nayar,bajajojas@example.org,7905528669.0,Korba,Bihar,East,Regular,2024-09-13
1081,Gaurav Munshi,shettyadvik@example.net,3260119391.0,Kulti,Kerala,South,Regular,2026-02-10
1082,Urvi Mohanty,divyapalla@example.org,916090858181.0,Anantapuram,Himachal Pradesh,North,Regular,2026-04-05
1083,Krishna Mistry,triyajhaveri@example.com,915873662713.0,Danapur,Tamil Nadu,South,Occasional,2024-01-03
1084,Yatan Kadakia,wyatt90@example.net,915856154731.0,Kharagpur,Gujarat,West,Regular,2025-09-04
1085,Wriddhish Sura,ishanvipalan@example.org,916436902837.0,South Dumdum,Uttar Pradesh,North,Regular,2026-02-06
1086,Nathan Sama,arout@example.com,914281644161.0,Vasai-Virar,Uttar Pradesh,North,Regular,2024-07-21
1087,Ekiya Jayaraman,chandani64@example.org,1038802730.0,Asansol,Goa,West,New,2025-04-06
1088,Sathvik Sami,yashodharachaudry@example.com,4471893953.0,Ramgarh,Rajasthan,North,Premium,2024-09-05
1089,Omya Tandon,slad@example.net,922884987.0,Imphal,Delhi,North,Occasional,2024-05-12
1090,Isaac Khalsa,sudiksha27@example.org,4306881164.0,Panihati,Andhra Pradesh,South,New,2025-10-26
1091,Yahvi Virk,tripathiwakeeta@example.org,7758333647.0,Kanpur,Haryana,North,Regular,2023-11-28
1092,Girindra Kaul,aroraisaiah@example.com,918602826254.0,Thane,Maharashtra,West,Regular,2026-02-20
1093,Ekansh Garde,frederickbanerjee@example.net,5772044100.0,Gudivada,Uttarakhand,Central,New,2026-07-17
1094,Harish Kale,anikaprabhu@example.org,1097941224.0,Bhopal,Madhya Pradesh,West,Regular,2026-03-07
1095,Matthew Ramakrishnan,niharika32@example.org,1742240432.0,Salem,Gujarat,West,Regular,2025-02-09
1096,Balendra Hans,lavanya86@example.org,6307028672.0,Saharanpur,Kerala,South,Regular,2023-01-26
1097,Azad Nayak,mahikasachdeva@example.net,911953689005.0,Fatehpur,Tamil Nadu,South,Premium,2025-12-04
1098,Ayushman Bhasin,talwaryagnesh@example.org,9007397130.0,Tirunelveli,Chhattisgarh,Central,Premium,2025-03-08
1099,Ikbal Jayaraman,vbarman@example.net,1672210454.0,Gorakhpur,Madhya Pradesh,West,New,2023-04-17
1100,Oliver Biswas,dahuja@example.com,3602344225.0,Tiruchirappalli,Maharashtra,West,Regular,2024-09-20
1101,Alexander Dhawan,pratyush39@example.com,912094477269.0,Dhule,Gujarat,West,Regular,2025-05-14
1102,Osha Pandit,girindra32@example.com,1794802455.0,Gorakhpur,Chhattisgarh,Central,Premium,2025-06-24
1103,Karan Cherian,choudhryekaja@example.net,1268649864.0,Miryalaguda,Chhattisgarh,Central,Occasional,2024-03-27
1104,Jonathan Kala,draghavan@example.org,8447408378.0,Buxar,Jharkhand,East,Premium,2024-06-06
1105,Vritti Manne,fredericksarkar@example.com,910698369235.0,Alwar,Goa,West,Occasional,2023-01-29
1106,Yashvi Sarkar,saumya08@example.org,913986546220.0,Amritsar,Uttarakhand,Central,Regular,2024-11-28
1107,Vyanjana Divan,parmerfalguni@example.org,913000088634.0,Malda,Tamil Nadu,South,Regular,2023-04-27
1108,Aayush Aggarwal,darazayyan@example.org,91692327.0,Sirsa,Tamil Nadu,South,New,2023-08-18
1109,Chaitanya Rama,nayarcharita@example.net,918674630009.0,Muzaffarnagar,West Bengal,East,New,2025-10-07
1110,Jagat Chatterjee,sanayabutala@example.org,1519854582.0,Jalgaon,Goa,West,New,2023-09-02
1111,Abha Arora,patilsamar@example.com,914660756999.0,Anantapuram,Karnataka,South,Regular,2022-09-09
1112,Nidhi Sankaran,tdivan@example.org,910824028182.0,Korba,Kerala,South,Premium,2025-02-01
1113,Bhavya Agarwal,mahikadhaliwal@example.org,5817452735.0,Bulandshahr,Uttar Pradesh,North,Premium,2024-10-17
1114,Tristan Padmanabhan,abadal@example.com,912918285181.0,Coimbatore,Goa,West,Occasional,2023-12-09
1115,Falak Pal,mangatmitali@example.org,910792304660.0,Guwahati,Karnataka,South,Regular,2025-04-14
1116,Luke Shanker,balangaurav@example.net,2329615120.0,Katihar,Odisha,East,Occasional,2023-02-26
1117,Advay Tank,wsaran@example.com,914460422763.0,Yamunanagar,Himachal Pradesh,North,New,2025-08-27
1118,Hredhaan Chakrabarti,warjas05@example.com,3472435861.0,Alappuzha,Jammu & Kashmir,Central,Regular,2026-02-13
1119,Nihal Nadkarni,datetara@example.net,916708666562.0,Bally,Andhra Pradesh,South,Premium,2024-11-19
1120,Nilima Sathe,chaaya77@example.org,2903500618.0,Orai,Andhra Pradesh,South,Regular,2022-12-08
1121,Charvi Dhingra,wahabmunshi@example.com,914046682121.0,Bhiwani,Uttar Pradesh,North,Premium,2025-01-06
1122,Ishani Gade,aahana92@example.org,4411197388.0,Bettiah,Rajasthan,North,Premium,2026-03-14
1123,Zaid Agate,tkaur@example.org,9488218849.0,Jorhat,Assam,East,Regular,2023-03-27
1124,Nidhi Lad,palanguneet@example.org,912125434123.0,Kochi,Kerala,South,New,2022-09-17
1125,Charan Mukhopadhyay,pagrawal@example.com,911860032031.0,Jamalpur,West Bengal,East,Regular,2025-08-16
1126,Faris Chakraborty,bachittar03@example.com,1317197860.0,Munger,Jammu & Kashmir,Central,Occasional,2026-02-18
1127,Isha Behl,guneet94@example.net,8550113753.0,Bettiah,Rajasthan,North,New,2026-05-16
1128,Arin Sodhi,sachivirk@example.net,917279037161.0,Bhopal,Haryana,North,New,2023-04-26
1129,Upma Dubey,samakshrajagopalan@example.com,7183753076.0,Chennai,Maharashtra,West,Regular,2024-12-17
1130,Alexander Peri,udyati80@example.org,914432362216.0,Yamunanagar,Bihar,East,Occasional,2023-05-21
1131,Indira Shah,customer_1131@unknown.com,N/A,Pimpri-Chinchwad,Madhya Pradesh,West,Premium,2025-03-04
1132,Niharika Misra,lipikabora@example.org,335084243.0,Udupi,Telangana,South,New,2025-09-28
1133,Laksh Mani,yahvi13@example.org,914169105302.0,Arrah,Uttarakhand,Central,Regular,2024-11-25
1134,Krishna Soni,lipika46@example.net,913953481105.0,Kochi,Chhattisgarh,Central,Regular,2026-06-28
1135,Wishi Salvi,nachiket78@example.net,1573855128.0,Sultan Pur Majra,Bihar,East,Regular,2026-05-10
1136,Forum Chaudhari,vivaanpradhan@example.net,8155426097.0,Ambattur,Himachal Pradesh,North,Occasional,2026-06-21
1137,Anirudh Dube,brinda65@example.com,7720517107.0,Ghaziabad,Maharashtra,West,Regular,2025-09-25
1138,Jason Pathak,wlall@example.net,8370317543.0,Gaya,Assam,East,Regular,2026-02-16
1139,Chaman Bora,yahvi57@example.net,916029254686.0,Hospet,Chhattisgarh,Central,Occasional,2026-05-23
1140,Chakradev Sen,qsangha@example.org,917632713538.0,Fatehpur,Kerala,South,New,2023-05-27
1141,Ishita Dass,raaginithaman@example.com,604886932.0,Thanjavur,Kerala,South,Occasional,2024-05-21
1142,Wahab Lad,palanatharv@example.net,9273961597.0,Bardhaman,Tamil Nadu,South,New,2025-12-05
1143,Dipta Handa,nisha70@example.net,8977554261.0,New Delhi,Jharkhand,East,Regular,2025-11-30
1144,Manan Golla,zkade@example.net,917320222711.0,Madhyamgram,Karnataka,South,New,2026-02-23
1145,Vrishti Sandhu,swamyhredhaan@example.com,910429851448.0,Gangtok,Odisha,East,New,2026-02-21
1146,Bachittar Prasad,hemangsandal@example.net,913922026980.0,Shimoga,Delhi,North,Regular,2024-12-18
1147,Amruta Tandon,bhatpahal@example.net,911770316370.0,Hyderabad,Gujarat,West,New,2023-05-25
1148,Rushil Joshi,odikashanker@example.org,4693172947.0,New Delhi,Madhya Pradesh,West,Regular,2022-10-02
1149,Tristan Bali,qnair@example.org,915998519393.0,Surendranagar Dudhrej,Maharashtra,West,New,2026-07-04
1150,Wakeeta Gole,duttajacob@example.com,915049602667.0,Bathinda,Jammu & Kashmir,Central,New,2025-08-04
1151,Sudiksha Ganesan,ishani39@example.com,9950708864.0,Gurgaon,Karnataka,South,Premium,2026-02-12
1152,Januja Sachar,garachaitanya@example.net,911929022154.0,Udupi,Haryana,North,Regular,2025-10-17
1153,Aashi Banerjee,oscardugar@example.com,913320235102.0,Bathinda,West Bengal,East,Regular,2022-10-01
1154,Ishaan Kara,bhanumati50@example.org,9888439333.0,Durg,Andhra Pradesh,South,Regular,2024-01-28
1155,Meera Gade,adeo@example.net,915983124412.0,Raiganj,Rajasthan,North,Occasional,2026-03-24
1156,Maya Munshi,dakshdalal@example.org,917631774954.0,Amritsar,Haryana,North,Premium,2025-12-05
1157,Leena Gopal,girik93@example.com,9192267131.0,Serampore,Uttarakhand,Central,New,2026-06-20
1158,Kabir Sampath,urvashi52@example.net,6461209617.0,Indore,Gujarat,West,Premium,2023-08-07
1159,Amruta Murty,anamikabhat@example.org,911153550514.0,Kolhapur,Gujarat,West,Regular,2022-08-19
1160,Chandani Khanna,varugheseriya@example.com,7247925422.0,Orai,Bihar,East,Occasional,2023-01-14
1161,Aachal Nagy,goleabhimanyu@example.com,7706769333.0,Giridih,Goa,West,New,2024-12-06
1162,Irya Chandran,dakshesh25@example.com,8464085858.0,Hosur,Bihar,East,Regular,2025-02-12
1163,Rajeshri Sridhar,nidhigera@example.org,8467292543.0,Dindigul,Madhya Pradesh,West,Regular,2023-05-05
1164,Om Dutt,qadimpalla@example.org,918256247286.0,Giridih,West Bengal,East,Regular,2022-12-14
1165,Pranit Arya,garanicholas@example.org,1499290096.0,Tirunelveli,Assam,East,Premium,2025-11-05
1166,Balveer Desai,arastogi@example.com,956321740.0,Ahmednagar,Delhi,North,Regular,2026-02-23
1167,Chandresh Chad,yatanprabhakar@example.org,9222471193.0,Kolkata,West Bengal,East,Premium,2025-03-23
1168,Oni Bail,triyasunder@example.net,915646160762.0,Ichalkaranji,Haryana,North,New,2025-07-26
1169,Advaith Aurora,vedant72@example.org,6176231336.0,Ahmedabad,Madhya Pradesh,West,New,2023-07-17
1170,Barkha Chander,imistry@example.org,1654413727.0,Munger,West Bengal,East,Premium,2025-05-06
1171,Vansha Salvi,samisathvik@example.com,4290461755.0,Sasaram,Gujarat,West,Regular,2024-11-02
1172,Anmol Chadha,lgulati@example.com,2024837444.0,Mehsana,Goa,West,Regular,2024-12-14
1173,Amruta Pai,ynayak@example.org,6947902548.0,Kamarhati,Haryana,North,Regular,2023-04-30
1174,Omya Barman,unni23@example.net,4100953855.0,Agartala,Bihar,East,New,2024-03-21
1175,Mahika Mallick,ekanibabu@example.org,3781460476.0,Durg,Chhattisgarh,Central,Regular,2023-05-09
1176,Yashasvi Virk,anya37@example.org,6187564672.0,Muzaffarpur,Delhi,North,New,2023-07-23
1177,Jhalak Mishra,venkataramankashish@example.net,9900277291.0,Hazaribagh,Uttarakhand,Central,Occasional,2024-04-30
1178,Banjeet Sha,sbahri@example.org,6605033746.0,Rajpur Sonarpur,Chhattisgarh,Central,Premium,2023-12-03
1179,Vasudha Sarraf,anthonyravel@example.com,1822266794.0,Srikakulam,Madhya Pradesh,West,Occasional,2022-09-23
1180,Yashoda Tripathi,nnarasimhan@example.net,9067396342.0,Silchar,Gujarat,West,Premium,2022-09-06
1181,Ekantika Bains,lakshit21@example.net,486186706.0,Tiruppur,Punjab,North,Occasional,2022-09-18
1182,Ekaraj Ratti,alexandersom@example.org,9289198271.0,Gurgaon,Rajasthan,North,Premium,2023-05-29
1183,Samar Kaul,dchana@example.net,918649426942.0,Tiruppur,Jammu & Kashmir,Central,New,2025-08-07
1184,Gagan Khanna,chasmum90@example.org,5996706921.0,Siwan,Chhattisgarh,Central,Regular,2025-08-31
1185,Aarnav Pillai,nicholas43@example.net,4302178167.0,Kharagpur,Gujarat,West,Occasional,2024-06-24
1186,Anika Kapadia,ozacharles@example.org,4928150370.0,Fatehpur,Karnataka,South,New,2025-04-22
1187,Nitara Misra,sehgalchanakya@example.org,918808172628.0,Ghaziabad,Tamil Nadu,South,Regular,2022-11-04
1188,Chaman Mistry,ayushman07@example.org,8959274116.0,Bhusawal,Gujarat,West,Occasional,2024-05-17
1189,Lekha Choudhary,urmiravi@example.com,910808203917.0,Akola,Telangana,South,Regular,2026-08-06
1190,Robert Lalla,amruta35@example.net,2458701204.0,Bihar Sharif,Delhi,North,Regular,2026-07-15
1191,Tanveer Reddy,chananachiket@example.org,5302849760.0,Phagwara,Goa,West,New,2023-04-21
1192,Aadi Deo,xavier65@example.org,4055364818.0,Arrah,Uttarakhand,Central,Occasional,2024-03-19
1193,Amol Kibe,gmagar@example.net,911597738546.0,Saharanpur,Himachal Pradesh,North,Premium,2025-12-03
1194,Vihaan Sangha,rajneha@example.com,9864912594.0,Akola,Uttarakhand,Central,Regular,2023-06-14
1195,Aahana Grewal,kgour@example.com,9206661799.0,Belgaum,Karnataka,South,Premium,2023-03-09
1196,Krishna Dubey,tanveernagi@example.net,7688777925.0,Ahmedabad,Chhattisgarh,Central,Occasional,2023-06-01
1197,Yatin Kumar,chandranvirk@example.com,3153983912.0,Sambhal,Chhattisgarh,Central,New,2023-11-22
1198,Aayush Bhavsar,chameli07@example.com,919143049134.0,Pune,Uttarakhand,Central,New,2022-08-27
1199,Ekanta Doshi,cdeo@example.net,8656422405.0,Pimpri-Chinchwad,Jharkhand,East,New,2023-06-25
1200,Vivaan Nayar,azaansundaram@example.com,9194896298.0,Uluberia,Jammu & Kashmir,Central,Premium,2024-10-25
1201,Aayush Chada,ppatla@example.net,917966186957.0,Ramagundam,Kerala,South,Regular,2024-04-27
1202,Dayita Kota,vritti41@example.net,915313795610.0,Mehsana,Jammu & Kashmir,Central,New,2026-03-23
1203,Ronith Gara,customer_1203@unknown.com,N/A,Gudivada,Maharashtra,West,Regular,2024-09-11
1204,Rishi Kade,mbaria@example.com,2444748904.0,Chinsurah,Bihar,East,Regular,2023-06-16
1205,Ojasvi Dave,divyabhatti@example.org,7651917085.0,Karawal Nagar,Goa,West,New,2022-09-20
1206,Ojas Yohannan,farhan45@example.com,914091858055.0,Bareilly,Haryana,North,New,2025-07-26
1207,Abha Madan,ppau@example.net,1607700409.0,Ahmedabad,Odisha,East,Regular,2023-12-23
1208,Eiravati Muni,zachariaanya@example.org,919822180396.0,Nanded,Maharashtra,West,Occasional,2025-08-29
1209,William Varkey,mohini40@example.net,8802652951.0,Ichalkaranji,Karnataka,South,Regular,2025-11-15
1210,Samuel Jani,hemasahni@example.org,910397440880.0,Morbi,Goa,West,Regular,2025-07-22
1211,Brijesh Ganguly,dalalgeorge@example.net,4311326611.0,Siwan,Maharashtra,West,Regular,2022-10-17
1212,Champak Oza,mohinikhosla@example.org,1196047220.0,Kamarhati,Andhra Pradesh,South,New,2023-10-14
1213,Abhimanyu Soni,xmahajan@example.net,4708231714.0,Srinagar,Uttarakhand,Central,New,2025-03-02
1214,Yagnesh Magar,zsunder@example.com,2623596053.0,Durgapur,Chhattisgarh,Central,Regular,2026-02-10
1215,Ethan Warrior,amol25@example.com,7036860506.0,Kalyan-Dombivli,Uttarakhand,Central,Regular,2025-10-18
1216,William Saraf,prabhakarchaitanya@example.org,8164098910.0,Dharmavaram,Jammu & Kashmir,Central,Regular,2024-04-18
1217,Nitesh Bhargava,ayushdhar@example.com,910945237597.0,Ahmednagar,Karnataka,South,New,2022-10-19
1218,Rachit Ramanathan,bawaqushi@example.org,917574544920.0,Baranagar,Tamil Nadu,South,Premium,2026-04-05
1219,Bhavika Narayan,yoshitachana@example.org,818965583.0,Ichalkaranji,Bihar,East,Regular,2025-10-15
1220,Mitali Ravi,oliverprabhakar@example.org,917970566036.0,Bidar,Madhya Pradesh,West,Premium,2025-11-07
1221,Dayita Sampath,semadvaith@example.com,2660235158.0,Indore,Himachal Pradesh,North,Regular,2026-03-09
1222,Rushil Agrawal,sastryvictor@example.net,1671560587.0,Dindigul,Jharkhand,East,Premium,2022-11-30
1223,Aadhya Mittal,kadakiayatan@example.net,4794064531.0,Bhind,Andhra Pradesh,South,Premium,2023-02-28
1224,Eiravati Sharma,buchmitali@example.com,4693656183.0,North Dumdum,Odisha,East,Regular,2025-02-03
1225,Aishani Sharma,xamble@example.net,237718430.0,Phusro,West Bengal,East,Regular,2025-08-24
1226,Atharv Parsa,psuresh@example.org,912973239644.0,Gaya,Maharashtra,West,Regular,2023-05-27
1227,Ekanta Khatri,meghasharma@example.com,9242773923.0,Ajmer,Chhattisgarh,Central,New,2026-04-22
1228,William Gopal,chandrazayan@example.net,911693328442.0,Bihar Sharif,Karnataka,South,Regular,2022-10-23
1229,Manthan Andra,unarula@example.org,4526075699.0,Panihati,Maharashtra,West,New,2024-09-18
1230,Jeet Balan,ramaswamybhavani@example.org,912262277773.0,Aurangabad,Punjab,North,Occasional,2024-12-15
1231,Mitali Ratti,vanya07@example.org,918503605952.0,Bhavnagar,Telangana,South,New,2024-05-16
1232,Frado Barad,umishra@example.org,917406758267.0,Durgapur,Kerala,South,Premium,2025-04-16
1233,Qushi Dutta,baralyash@example.net,3856461497.0,Satna,Odisha,East,Regular,2024-03-10
1234,Sathvik Chawla,vedhikamall@example.net,914986099550.0,Kavali,Goa,West,Premium,2025-02-21
1235,Luke Saha,nminhas@example.org,913946121289.0,Vasai-Virar,Andhra Pradesh,South,Regular,2025-08-06
1236,Harinakshi Kari,amol01@example.org,7622398474.0,Nanded,Jammu & Kashmir,Central,Regular,2024-01-05
1237,Triya Thaman,gbhatt@example.net,2237887058.0,Jabalpur,Delhi,North,Premium,2024-01-23
1238,Leena Bose,aadhyapingle@example.com,7998460586.0,Agartala,Assam,East,Premium,2024-04-05
1239,Reyansh Khurana,saxenamitesh@example.org,1080926166.0,Chennai,Uttarakhand,Central,Regular,2025-01-09
1240,Ekantika Parekh,shivani86@example.com,7865557512.0,Nandyal,Punjab,North,Regular,2023-01-12
1241,Abdul Amble,rajusanya@example.com,6824051665.0,Anantapur,Odisha,East,New,2024-06-11
1242,Parth Kunda,abha18@example.net,7402338686.0,Anand,Odisha,East,Regular,2023-01-24
1243,Eesha Singhal,bhattsneha@example.org,916309442386.0,Malegaon,Chhattisgarh,Central,New,2025-11-28
1244,Chanakya Zachariah,azaanmall@example.net,913490961979.0,Ramgarh,Uttarakhand,Central,New,2022-10-21
1245,Krishna Mahajan,michael84@example.org,915694804507.0,Raichur,Tamil Nadu,South,New,2026-05-06
1246,Vyanjana Mistry,nagywishi@example.net,3940598026.0,Gulbarga,Odisha,East,Occasional,2025-10-25
1247,Anamika Din,kaulgautam@example.com,9258490734.0,Thane,Madhya Pradesh,West,New,2025-08-30
1248,Ria Sharaf,imangal@example.com,5951418648.0,Panihati,Jammu & Kashmir,Central,Occasional,2023-07-31
1249,Ekaja Venkatesh,zvarkey@example.com,919623326058.0,Parbhani,Kerala,South,New,2022-08-17
1250,Osha Srivastava,zaitra31@example.com,910662931518.0,Bhind,Telangana,South,Premium,2023-04-26
1251,Chaitaly Din,vpathak@example.net,6989062327.0,Muzaffarnagar,Goa,West,Premium,2024-11-29
1252,Jagat Seshadri,doshionveer@example.org,9006548708.0,Kirari Suleman Nagar,Telangana,South,Regular,2025-05-23
1253,Aashi Bobal,fsalvi@example.com,3981889073.0,Kottayam,Punjab,North,Regular,2024-07-05
1254,Dhruv Nagi,jbhardwaj@example.net,5896268384.0,Bulandshahr,Assam,East,New,2022-11-23
1255,Nachiket Badal,frastogi@example.org,919612190518.0,Bhatpara,Kerala,South,New,2023-06-27
1256,Guneet Vaidya,avisuresh@example.org,6901079237.0,Giridih,Kerala,South,Regular,2026-07-24
1257,Lila Kashyap,anvivaidya@example.net,4970350675.0,Sasaram,Jharkhand,East,New,2024-12-20
1258,Zilmil Kar,hamsinipandya@example.net,773123155.0,Kalyan-Dombivli,Odisha,East,Regular,2025-03-23
1259,Ria Bali,joshua18@example.com,9384440458.0,Vasai-Virar,Jharkhand,East,New,2025-07-05
1260,Devansh Morar,pbehl@example.net,912350368715.0,Deoghar,Maharashtra,West,New,2022-12-08
1261,Baljiwan Sarma,isekhon@example.org,913445684467.0,Nagpur,Jammu & Kashmir,Central,Occasional,2025-03-03
1262,Pallavi Sane,anthony16@example.org,919573783159.0,Ambarnath,Punjab,North,New,2026-07-03
1263,Manan Sarna,hemangupadhyay@example.com,3029158542.0,Ambattur,Chhattisgarh,Central,New,2024-07-15
1264,Gautam Prashad,ekapad85@example.net,4839660734.0,Yamunanagar,Goa,West,Regular,2023-05-10
1265,Aachal Ramachandran,jasonpai@example.net,9584174916.0,Mango,Karnataka,South,Occasional,2026-03-19
1266,Agastya Edwin,farajvarghese@example.net,916981413447.0,Howrah,Jharkhand,East,Occasional,2022-08-16
1267,Samar Sur,bmani@example.net,919286433026.0,Ludhiana,Gujarat,West,Regular,2025-08-11
1268,Rachit Dada,ojasvipurohit@example.com,1966661025.0,New Delhi,Tamil Nadu,South,Premium,2025-01-21
1269,Azad Desai,kiaankannan@example.com,9801376836.0,Secunderabad,Kerala,South,Premium,2023-10-17
1270,Girindra Som,ubora@example.org,4461440923.0,Etawah,Punjab,North,Regular,2025-03-27
1271,Daksha Rana,radha42@example.com,911863726319.0,Eluru,Telangana,South,New,2022-11-17
1272,Ishani Dugar,vedikasarna@example.com,1490038502.0,Tiruvottiyur,Maharashtra,West,Regular,2026-05-31
1273,Anika Mani,mohini72@example.org,8390473314.0,Bally,Madhya Pradesh,West,Regular,2022-11-18
1274,Kashvi Subramaniam,rudra25@example.org,914978879531.0,Bangalore,Madhya Pradesh,West,Regular,2024-03-21
1275,Ekanta Mangal,ridhitandon@example.net,6183085800.0,Jorhat,Chhattisgarh,Central,New,2023-11-04
1276,Frederick Muni,fradonair@example.org,914367862107.0,Motihari,Haryana,North,New,2024-08-27
1277,Chakradev Ravi,pallavi42@example.com,680269331.0,Firozabad,Chhattisgarh,Central,Regular,2024-07-20
1278,Advik Raval,beraqasim@example.org,912865505224.0,Jalandhar,Himachal Pradesh,North,New,2023-05-17
1279,Avi Raval,csrinivasan@example.org,1459920166.0,Tiruppur,Kerala,South,Regular,2023-11-04
1280,Kabir Deshmukh,arunimabarad@example.org,3922205620.0,Srikakulam,Punjab,North,Premium,2026-03-22
1281,Faqid Comar,aahanawarrior@example.com,913913325286.0,Kakinada,Bihar,East,Regular,2025-10-31
1282,Aachal Nayak,vmander@example.org,914286449760.0,Bilaspur,Haryana,North,Occasional,2023-04-14
1283,Pushti Hans,owen09@example.com,916773498529.0,Ahmednagar,Goa,West,Regular,2025-02-03
1284,George Natt,leelaraval@example.com,9147625380.0,Erode,Kerala,South,Occasional,2024-02-16
1285,Amaira Solanki,theodore36@example.net,5247466535.0,Kishanganj,Goa,West,New,2023-11-21
1286,Joshua Nori,miteshmann@example.org,6792415712.0,Gurgaon,Andhra Pradesh,South,Regular,2025-01-29
1287,Ekiya Madan,bhaviniroy@example.net,8639061682.0,Buxar,Karnataka,South,Regular,2023-06-13
1288,Faras Sagar,pandyaudarsh@example.net,1168371030.0,Dhule,Rajasthan,North,Premium,2024-08-11
1289,Ladli Bhargava,xganesan@example.org,914896780826.0,Chapra,Haryana,North,New,2024-08-17
1290,Karan Das,mitali39@example.com,6254292645.0,Tiruppur,Punjab,North,New,2023-07-01
1291,Ikbal Sharma,charitaapte@example.org,9481126649.0,Hubli–Dharwad,Assam,East,Premium,2026-07-06
1292,Siya Bal,nkapur@example.com,919101612590.0,Rewa,Chhattisgarh,Central,New,2025-04-01
1293,Anita Bandi,hayerupkaar@example.org,4376734814.0,Phusro,Delhi,North,New,2025-11-29
1294,Gaurang Bhatia,sarafwakeeta@example.net,910148116049.0,Nagpur,Madhya Pradesh,West,Regular,2024-12-06
1295,Neel Barad,omishasahni@example.org,8019903421.0,Rampur,Uttarakhand,Central,Premium,2022-10-24
1296,Chasmum Lal,darpankadakia@example.com,911607917913.0,Allahabad,Karnataka,South,New,2024-09-29
1297,Vasana Chaudhary,tandonjack@example.org,911940247028.0,Ramagundam,Haryana,North,Regular,2022-12-14
1298,Kevin Walla,umistry@example.org,1936785764.0,Maheshtala,Himachal Pradesh,North,Premium,2023-01-01
1299,William Buch,tatacharvi@example.net,916194232154.0,Aurangabad,Jammu & Kashmir,Central,New,2025-03-09
1300,Fitan Nayak,garimabehl@example.com,6261684552.0,Akola,Maharashtra,West,Premium,2025-08-18
1301,Devika Borde,dewanjanuja@example.com,1798994885.0,Pali,Chhattisgarh,Central,Regular,2025-10-31
1302,Yashawini Kant,balasubramaniankala@example.org,5675635584.0,Udaipur,Punjab,North,Regular,2025-03-08
1303,Tamanna Dugal,iraval@example.net,6504607001.0,Panipat,Kerala,South,New,2024-07-08
1304,Abdul Radhakrishnan,qgole@example.org,8710066890.0,Salem,Kerala,South,New,2023-01-31
1305,Lohit Amble,kreddy@example.org,1152232822.0,Miryalaguda,Bihar,East,Regular,2024-09-04
1306,Agastya Wason,urishilla52@example.net,915999400410.0,Bidhannagar,Gujarat,West,New,2023-04-09
1307,Vedant Pradhan,daliayatin@example.com,535722892.0,Junagadh,Goa,West,Regular,2025-03-09
1308,Jagvi Suri,shettywridesh@example.org,918010419453.0,Solapur,Himachal Pradesh,North,Regular,2023-11-04
1309,Jonathan Uppal,lalabhavna@example.com,6742802188.0,Lucknow,Rajasthan,North,New,2025-03-21
1310,Hemangini Tank,karanucchal@example.net,1213974369.0,Imphal,Tamil Nadu,South,New,2024-04-01
1311,Ekantika Padmanabhan,lpradhan@example.net,842906969.0,Bihar Sharif,Himachal Pradesh,North,New,2026-01-28
1312,Zinal Sanghvi,purohitekalinga@example.net,916567337457.0,Gwalior,Bihar,East,Premium,2024-02-21
1313,Maanas Sawhney,ochander@example.com,8149802530.0,Jammu,Odisha,East,Premium,2024-04-22
1314,Naveen Rao,amruta47@example.com,915084232423.0,Anand,Uttar Pradesh,North,New,2024-08-24
1315,Anusha Buch,tdate@example.org,5536915855.0,Ichalkaranji,Odisha,East,New,2022-08-19
1316,Leena Ghosh,aradhakrishnan@example.org,2570333295.0,Secunderabad,Jharkhand,East,New,2026-03-17
1317,Fitan Nagy,lilakara@example.org,296629917.0,Navi Mumbai,Delhi,North,Regular,2023-05-20
1318,Naksh Dewan,avimittal@example.org,7821539266.0,Fatehpur,Karnataka,South,Regular,2024-09-04
1319,Meghana Kant,ishabali@example.org,913928048502.0,Ranchi,Goa,West,New,2026-04-06
1320,Chanakya Cherian,yagneshkakar@example.com,3797190000.0,Amaravati,Haryana,North,New,2024-05-22
1321,Qushi Chaudhary,ldhingra@example.com,4718559407.0,Ambattur,Tamil Nadu,South,Regular,2025-05-14
1322,Hemangini Kalla,vivaanbutala@example.com,7781456474.0,Raiganj,Goa,West,New,2022-08-12
1323,Chakrika Pandit,hemangbuch@example.net,7666505276.0,Cuttack,Madhya Pradesh,West,Premium,2022-08-31
1324,Gabriel Nagi,abhakta@example.net,919022311678.0,Nagpur,Tamil Nadu,South,Regular,2022-09-22
1325,Prisha Jayaraman,yatan22@example.org,7185921268.0,Anand,Uttar Pradesh,North,Regular,2024-04-03
1326,Thomas Tank,chackobhavika@example.org,4300037539.0,Latur,Uttarakhand,Central,New,2024-03-05
1327,Sarthak Dhar,rajeshri59@example.net,8669327841.0,Begusarai,Gujarat,West,Premium,2025-08-08
1328,Nitara Oommen,omshivansh@example.net,910114065266.0,Udaipur,Assam,East,Regular,2023-06-21
1329,Thomas Pillay,dhawanvinaya@example.org,5533756569.0,Bulandshahr,Andhra Pradesh,South,Occasional,2024-06-11
1330,Yasti Memon,kdutta@example.com,4510462506.0,Tezpur,Punjab,North,Regular,2023-09-20
1331,Leela Walla,imaran20@example.com,917672935097.0,Bardhaman,Haryana,North,New,2024-05-23
1332,Lakshit Bora,imaranmitra@example.com,5022347780.0,Hapur,Himachal Pradesh,North,New,2025-07-10
1333,Laksh Prakash,venkateshbishakha@example.net,703398214.0,Miryalaguda,Jammu & Kashmir,Central,Premium,2024-09-15
1334,Xavier Hans,sdugal@example.org,4516767063.0,Muzaffarnagar,Chhattisgarh,Central,Occasional,2025-07-04
1335,Zinal Sandhu,aayushchowdhury@example.org,912008484264.0,Kurnool,Assam,East,Premium,2025-06-19
1336,Pallavi Seth,ybajaj@example.net,918967136054.0,Raebareli,Chhattisgarh,Central,Regular,2025-10-24
1337,Arjun Prabhakar,kmammen@example.net,911324951935.0,Mumbai,Andhra Pradesh,South,Regular,2026-05-04
1338,Garima Manne,echoudhary@example.com,803889044.0,Ghaziabad,Gujarat,West,New,2022-12-10
1339,Anita Khurana,pallnidra@example.com,5135381483.0,Tirupati,Jammu & Kashmir,Central,Regular,2023-10-23
1340,Indira Tiwari,hegdebrijesh@example.net,168564717.0,Jamalpur,Telangana,South,New,2024-07-23
1341,Gavin Barad,turvichauhan@example.com,8837161158.0,Khandwa,Gujarat,West,Regular,2023-09-23
1342,Isaiah Chada,crajan@example.com,8332617050.0,Jorhat,Goa,West,Regular,2026-01-03
1343,Ranveer Kumer,ekalinga95@example.com,7285353399.0,Ichalkaranji,West Bengal,East,Premium,2023-06-30
1344,Mugdha Dhar,sidhuvasatika@example.com,158466879.0,Kolkata,Jammu & Kashmir,Central,Regular,2023-04-16
1345,Abeer Doshi,samarth27@example.org,6698345150.0,Imphal,Tamil Nadu,South,Premium,2026-01-28
1346,Charita Sandhu,khareaayush@example.net,3089720738.0,Karawal Nagar,Uttarakhand,Central,Regular,2023-02-23
1347,Upasna Shah,darayachana@example.com,915278630900.0,Gwalior,Madhya Pradesh,West,Regular,2025-12-26
1348,Chanakya Dhaliwal,lohit34@example.net,7305777196.0,Adoni,Maharashtra,West,Regular,2023-03-27
1349,Hritik Puri,radha56@example.com,6409968334.0,Pune,Maharashtra,West,Premium,2025-02-01
1350,Max Edwin,lakshit65@example.org,9322191439.0,Berhampore,Delhi,North,New,2022-09-08
1351,Bhavani Sridhar,oviyabedi@example.org,7911501016.0,Gurgaon,Jammu & Kashmir,Central,Regular,2022-09-14
1352,Yamini Bali,nandinipalla@example.net,3475978335.0,Guna,Jammu & Kashmir,Central,Regular,2022-08-25
1353,Ishita Swamy,groverhritik@example.com,6791463866.0,Mathura,Goa,West,Regular,2024-09-27
1354,Arin Johal,talwarliam@example.net,6528246854.0,Panchkula,Uttar Pradesh,North,New,2026-01-24
1355,Bina Agate,banerjeelohit@example.org,6014605190.0,Parbhani,Assam,East,New,2025-06-17
1356,Warhi Contractor,ujain@example.org,3356369301.0,Howrah,Uttarakhand,Central,New,2023-07-01
1357,Charles Vora,dominicsawhney@example.net,910480283541.0,Tinsukia,Jharkhand,East,Regular,2025-09-07
1358,Chandresh Karpe,lalathomas@example.net,6613662808.0,Kolhapur,Tamil Nadu,South,Regular,2026-05-11
1359,Zinal Bhavsar,chavvi74@example.com,915311058330.0,Mehsana,Assam,East,Premium,2023-03-12
1360,Sara Thakur,liam18@example.net,914269376501.0,Shivpuri,Delhi,North,New,2026-07-26
1361,Guneet Upadhyay,zsrinivas@example.org,8836368850.0,Sikar,Gujarat,West,New,2024-06-05
1362,Tripti Ratti,nathangour@example.com,6788093761.0,Anantapur,Maharashtra,West,Regular,2026-05-08
1363,Aadi Sheth,wyatt59@example.net,912559777265.0,Nadiad,Karnataka,South,Regular,2023-05-01
1364,Raghav Pingle,nadigayushman@example.org,4171657893.0,Kolhapur,Gujarat,West,Premium,2023-11-15
1365,Meghana Panchal,warriorridhi@example.org,1486005009.0,Firozabad,Kerala,South,Regular,2025-02-13
1366,Sanya Swamy,ubika03@example.net,912930112501.0,Vadodara,Maharashtra,West,Occasional,2023-10-05
1367,Onveer Bajaj,jpadmanabhan@example.org,913369318062.0,Ahmedabad,Chhattisgarh,Central,New,2024-09-16
1368,Rohan Bahri,advikagera@example.com,6249753740.0,Shimla,Madhya Pradesh,West,New,2025-12-09
1369,Aradhana Mody,apillai@example.net,4068735445.0,Rohtak,Chhattisgarh,Central,Occasional,2026-05-16
1370,Avni Rai,qyadav@example.com,8348348358.0,Kozhikode,Rajasthan,North,New,2024-01-07
1371,Warda Kalita,tramanathan@example.net,3207758708.0,Latur,Uttarakhand,Central,New,2026-03-31
1372,Tejas Krishnamurthy,yagnesh69@example.net,8050450509.0,Katihar,Gujarat,West,New,2023-04-16
1373,Ubika Gandhi,behltanvi@example.org,2939077372.0,Gopalpur,Karnataka,South,Regular,2023-10-04
1374,Aayush Khurana,bhatnagaroviya@example.org,8515020450.0,Kishanganj,Jammu & Kashmir,Central,New,2025-04-24
1375,Shaurya Oza,dhruvdewan@example.com,4337953111.0,Mathura,Uttarakhand,Central,Regular,2023-01-05
1376,Ayush Maharaj,nandiniparmar@example.org,4286625108.0,Shimla,Jammu & Kashmir,Central,New,2025-05-28
1377,Inaya Pall,hema14@example.net,919351174.0,Secunderabad,Jharkhand,East,Occasional,2023-07-25
1378,Sudiksha Balay,edeshmukh@example.org,1673374612.0,Ratlam,Jharkhand,East,New,2023-12-10
1379,Kavya Sampath,pavanikurian@example.org,916084818762.0,Giridih,Andhra Pradesh,South,Premium,2026-02-22
1380,Panini Kaur,sankarwridesh@example.org,919951670450.0,Tadepalligudem,Uttarakhand,Central,New,2025-04-03
1381,Jeremiah Sahota,rkari@example.org,913438880485.0,Jalna,Uttarakhand,Central,New,2026-02-08
1382,Dakshesh Dhillon,xavier64@example.com,912823134275.0,Mango,Jammu & Kashmir,Central,Regular,2025-05-18
1383,Qasim Bhatt,narulabrinda@example.net,914431834369.0,Kamarhati,Telangana,South,New,2024-03-22
1384,Balvan Dugar,hsule@example.net,1506291792.0,Sonipat,Bihar,East,Occasional,2026-07-03
1385,Siya Kala,yashodharachoudhury@example.com,919108739221.0,Sikar,Telangana,South,Premium,2026-01-19
1386,Ekanta Savant,trivenisaran@example.com,910529877074.0,Hindupur,West Bengal,East,New,2025-01-09
1387,Kashvi Hegde,kumaranusha@example.com,910202683878.0,Kakinada,Uttarakhand,Central,Premium,2025-10-05
1388,Hiral Bhakta,diyathakur@example.com,6030409346.0,Karnal,Goa,West,New,2025-10-11
1389,Madhav Khatri,gtiwari@example.org,913827210513.0,Parbhani,Maharashtra,West,Premium,2023-11-17
1390,Harish Mukherjee,manthanagate@example.org,918825320831.0,Nagaon,Punjab,North,Regular,2024-03-17
1391,Tristan Sagar,khannagabriel@example.net,7369078947.0,Ongole,Uttar Pradesh,North,Regular,2023-02-16
1392,Brijesh Bajaj,kai14@example.net,1070716348.0,Bhopal,Kerala,South,New,2023-05-25
1393,Hemang Gole,taraahuja@example.net,1191944545.0,Medininagar,Tamil Nadu,South,New,2025-12-28
1394,Megha Padmanabhan,lopa19@example.org,6713771886.0,Khandwa,Bihar,East,New,2024-08-15
1395,Nandini Chhabra,neelimaraj@example.com,3055737138.0,Baranagar,Haryana,North,New,2023-08-20
1396,Noah Dey,bhavyarai@example.org,4662763304.0,Madurai,Rajasthan,North,New,2026-02-10
1397,Omaja Chatterjee,owen15@example.org,8319686364.0,Indore,Chhattisgarh,Central,New,2026-01-14
1398,Lipika Munshi,kyohannan@example.com,8703688300.0,Hosur,Uttarakhand,Central,Regular,2026-03-11
1399,Vedant Ratti,farhanpadmanabhan@example.net,912912706593.0,Rajkot,West Bengal,East,Occasional,2023-07-19
1400,Chandresh Purohit,girindrabumb@example.net,2282471830.0,Jorhat,Madhya Pradesh,West,Occasional,2022-10-18
1401,Nandini Bera,rnatt@example.com,9849749979.0,Satna,Assam,East,Regular,2023-02-05
1402,Hredhaan Swaminathan,choudhryarya@example.net,5658189810.0,Solapur,Bihar,East,Premium,2023-04-19
1403,Dhriti Ray,girindrareddy@example.org,912975572616.0,Narasaraopet,Gujarat,West,Occasional,2024-09-15
1404,Vinaya Tripathi,chakrabartisiddharth@example.net,9990682013.0,Panchkula,Assam,East,Premium,2024-05-10
1405,Wakeeta Pall,onveercontractor@example.com,913613179854.0,Ranchi,Chhattisgarh,Central,New,2022-12-09
1406,Xavier Soni,ishanvimerchant@example.com,5835639981.0,Ongole,Kerala,South,Regular,2023-12-07
1407,Tejas Dube,ekantaoommen@example.org,4192581476.0,Aligarh,Uttar Pradesh,North,Occasional,2026-03-25
1408,Raghav Ravi,daramegha@example.org,9454138453.0,Satara,Chhattisgarh,Central,Regular,2026-02-04
1409,Charles Kibe,singhalmugdha@example.net,5909645987.0,Alwar,Goa,West,Premium,2024-04-08
1410,Patrick Chokshi,osule@example.org,1668113397.0,Haldia,Karnataka,South,Premium,2026-07-02
1411,Vanya Deshpande,srinivasupkaar@example.net,242224198.0,Ghaziabad,West Bengal,East,Regular,2024-07-15
1412,Qasim Keer,tmunshi@example.org,918144424842.0,Sangli-Miraj & Kupwad,Tamil Nadu,South,Regular,2024-05-12
1413,Yash Pillai,morarreva@example.com,1186156409.0,Kota,Assam,East,Regular,2025-07-23
1414,Indali Hans,hansunni@example.org,4245190826.0,Madurai,Jammu & Kashmir,Central,Regular,2023-12-04
1415,Eesha Rajagopal,amara29@example.net,910237666969.0,Rourkela,Jammu & Kashmir,Central,Regular,2022-09-23
1416,Vivaan Kata,kchander@example.com,911839093424.0,Durg,Assam,East,Regular,2025-01-13
1417,Panini Goel,anamikarout@example.org,914889334375.0,Hajipur,Telangana,South,Regular,2022-08-15
1418,Aachal Barad,zpathak@example.com,914382692855.0,Hospet,Chhattisgarh,Central,Regular,2024-03-26
1419,Harini Bains,nihal88@example.net,9470396964.0,Bhagalpur,Uttarakhand,Central,Regular,2023-10-03
1420,Upma Ravel,chaitanya47@example.org,8300995428.0,Rajpur Sonarpur,Karnataka,South,New,2023-12-26
1421,Bhavani Ratti,customer_1421@unknown.com,N/A,Bhiwani,Odisha,East,Regular,2026-08-02
1422,Frederick Lal,fbutala@example.org,918471567566.0,Mumbai,Jammu & Kashmir,Central,Premium,2025-02-04
1423,Faraj Tiwari,rbahri@example.org,7449234359.0,Ramgarh,Jammu & Kashmir,Central,Regular,2025-05-21
1424,Anirudh Mall,anay56@example.com,9375402428.0,Madurai,Jharkhand,East,Regular,2024-10-23
1425,Garima Sehgal,mitalbahadurjit@example.org,385762648.0,Bulandshahr,Jammu & Kashmir,Central,Regular,2024-08-13
1426,Zansi Mani,niharikaben@example.net,3585301012.0,Jamalpur,Himachal Pradesh,North,New,2025-11-05
1427,Gauri Chad,aaravmenon@example.net,5277586703.0,Khammam,Maharashtra,West,Regular,2025-01-26
1428,Charan Hari,qkale@example.com,4394689633.0,Siwan,Jammu & Kashmir,Central,Regular,2024-05-17
1429,Rohan Kapadia,customer_1429@unknown.com,N/A,Malegaon,Uttarakhand,Central,Premium,2022-12-01
1430,Laban Rama,manyasaxena@example.net,898977475.0,Baranagar,Uttarakhand,Central,Premium,2025-06-25
1431,Bhavika Thakkar,lakshit95@example.org,7403767687.0,Nagpur,Bihar,East,Regular,2025-05-17
1432,Arin Srinivasan,wsibal@example.org,9753411573.0,Allahabad,Delhi,North,Regular,2023-09-27
1433,Bachittar Batra,bahadurjit65@example.com,8234453856.0,Sambalpur,Jammu & Kashmir,Central,Regular,2025-04-04
1434,Sai De,csani@example.net,47091103.0,Bhimavaram,Uttar Pradesh,North,New,2024-01-25
1435,Oviya Brahmbhatt,thakermohini@example.com,911815837466.0,Bijapur,Andhra Pradesh,South,New,2025-10-25
1436,Upma Sen,gchander@example.net,6870479666.0,Srikakulam,Telangana,South,New,2025-09-19
1437,Kiaan Pillay,moza@example.net,891423302.0,Mehsana,Maharashtra,West,New,2022-09-05
1438,Anay Mutti,vasana39@example.net,2214051318.0,Gandhinagar,Tamil Nadu,South,Premium,2024-05-29
1439,Vedhika Mohanty,nkohli@example.net,1478524744.0,Delhi,West Bengal,East,Regular,2022-10-01
1440,Adweta Manda,badalojas@example.net,918735186647.0,Barasat,Uttar Pradesh,North,New,2023-05-31
1441,Gautam Jani,faraj83@example.org,915853465815.0,Hajipur,Chhattisgarh,Central,Premium,2023-01-07
1442,Oliver Dani,vnarang@example.net,984128655.0,Gandhinagar,Kerala,South,Regular,2025-11-29
1443,Pranav Kale,gunbirkannan@example.com,9180038146.0,Rampur,Madhya Pradesh,West,Regular,2024-07-27
1444,Devika Dugar,pingleubika@example.net,910912185273.0,Mysore,Punjab,North,New,2023-02-25
1445,Neelima Chakrabarti,zaidchacko@example.com,5530153030.0,Sagar,Chhattisgarh,Central,Premium,2022-12-25
1446,Ridhi Walia,chaudhrychampak@example.net,6598455766.0,Farrukhabad,Chhattisgarh,Central,New,2022-08-27
1447,Jagdish Gour,dhaliwalniharika@example.net,4520641910.0,Vasai-Virar,Chhattisgarh,Central,New,2023-12-30
1448,Lajita Chander,bhargavakevin@example.org,4216826822.0,Panchkula,Haryana,North,Occasional,2026-07-07
1449,Onkar Raj,bdhingra@example.net,914791005932.0,Kumbakonam,Haryana,North,New,2024-02-15
1450,Tamanna Bawa,nakuldhingra@example.org,917485972438.0,Bhilai,Assam,East,Regular,2023-03-01
1451,Gaurang Merchant,quincy05@example.net,286060480.0,South Dumdum,Madhya Pradesh,West,Regular,2023-03-24
1452,Omya Parmer,vansha47@example.com,9509041898.0,Junagadh,Punjab,North,Regular,2023-09-23
1453,Samarth Banik,ramachandranforum@example.net,6238878887.0,Sri Ganganagar,Karnataka,South,New,2024-04-12
1454,Ethan Jha,aben@example.net,912901138604.0,Giridih,Uttarakhand,Central,Occasional,2024-06-03
1455,Fariq Aurora,yashodharabadal@example.org,1489538294.0,Srinagar,Kerala,South,New,2023-10-16
1456,Aashi Sharaf,pathakviraj@example.com,2839516730.0,Korba,West Bengal,East,Premium,2025-02-12
1457,Wakeeta Anand,yashvi86@example.net,6562925822.0,Jorhat,Chhattisgarh,Central,Regular,2023-02-23
1458,Indrajit Vyas,miteshkorpal@example.com,910688568467.0,Shimla,Rajasthan,North,Premium,2026-06-11
1459,Mohini Mallick,theodore74@example.net,9597521353.0,Morena,Jammu & Kashmir,Central,Occasional,2024-09-30
1460,Forum Dutt,imaharaj@example.net,4114862675.0,Kochi,Bihar,East,New,2023-12-25
1461,Panini Kurian,udarsh49@example.com,5156419678.0,Patiala,Bihar,East,Regular,2025-12-21
1462,Chandresh Jhaveri,yamini20@example.org,3015972242.0,Loni,Chhattisgarh,Central,Regular,2026-08-04
1463,Dalaja Ganesh,araj@example.net,919846018040.0,Thiruvananthapuram,Telangana,South,New,2023-10-22
1464,Abdul Bora,theodore73@example.com,6671554460.0,Sambalpur,Tamil Nadu,South,Regular,2026-06-25
1465,Maya Baria,rsundaram@example.net,2720536499.0,Aligarh,Chhattisgarh,Central,New,2025-02-06
1466,Ikshita Rege,zdube@example.net,215538307.0,Mau,Uttarakhand,Central,Premium,2025-02-27
1467,Liam Chakraborty,libnigopal@example.com,3956784460.0,Kishanganj,Haryana,North,New,2026-05-01
1468,Vasana Oza,chaudhryyamini@example.org,7551294414.0,Sonipat,West Bengal,East,Regular,2025-03-15
1469,Pushti Majumdar,zinalkonda@example.net,5974776565.0,Ongole,Uttarakhand,Central,Occasional,2023-06-28
1470,Eshana Mitter,shivansh43@example.com,7715692209.0,Pudukkottai,Bihar,East,New,2022-09-10
1471,Vidhi Ravel,chanchalchowdhury@example.com,915977100115.0,Surendranagar Dudhrej,Tamil Nadu,South,Regular,2026-04-06
1472,Bhavna Lall,customer_1472@unknown.com,N/A,Rajahmundry,Uttar Pradesh,North,Regular,2024-07-18
1473,Vinaya More,ramaswamyfalguni@example.net,7395232855.0,Suryapet,Goa,West,Premium,2024-01-26
1474,Vedika Mitra,gpathak@example.org,6602841362.0,Kakinada,Assam,East,Regular,2022-09-08
1475,Sachi Agarwal,andrew71@example.com,9714797341.0,Imphal,Uttarakhand,Central,New,2025-10-07
1476,Benjamin Vasa,xalakmander@example.com,6017039610.0,Jaunpur,Gujarat,West,Regular,2025-01-16
1477,Balveer Cheema,ybanik@example.com,4907869285.0,Navi Mumbai,Karnataka,South,New,2024-02-03
1478,Imaran Patla,paninisaxena@example.com,3536735589.0,Ranchi,Goa,West,New,2024-04-21
1479,Suhani Dave,tanishmadan@example.org,913513901430.0,Tirupati,Kerala,South,New,2024-09-09
1480,Dayita Karan,rravel@example.org,7967148030.0,Sirsa,Madhya Pradesh,West,Regular,2023-04-25
1481,Januja Sarkar,mitesh60@example.net,915263794128.0,Haldia,Jharkhand,East,Premium,2025-06-23
1482,Gaurang Date,rohanganesan@example.org,2526119789.0,Thoothukudi,Telangana,South,Regular,2026-08-09
1483,Meera Nagar,olalla@example.net,6532554411.0,Katihar,Bihar,East,New,2026-01-21
1484,Frederick Kala,msengupta@example.net,915203881937.0,Anand,Kerala,South,New,2025-06-11
1485,Ati Taneja,ladlavanya@example.net,912014833354.0,Jalandhar,Himachal Pradesh,North,Regular,2023-11-22
1486,Saanvi Gara,lopaapte@example.org,918764770906.0,Raebareli,Rajasthan,North,Premium,2023-01-31
1487,Udyati Purohit,kashviagate@example.com,7162172048.0,Kishanganj,Jammu & Kashmir,Central,Regular,2023-01-27
1488,Harshil Thaker,ckapadia@example.org,2645649674.0,Giridih,Chhattisgarh,Central,Occasional,2022-10-27
1489,Nandini Bansal,vihaan90@example.com,9097034251.0,Meerut,Uttarakhand,Central,Premium,2025-03-21
1490,Kashvi Chaudhry,mekhaladhar@example.net,7074215319.0,Sikar,Uttarakhand,Central,New,2023-02-19
1491,Harita Garg,iaggarwal@example.org,916908875480.0,Madanapalle,Kerala,South,Regular,2025-09-16
1492,Jhalak Kashyap,rehaan91@example.org,5735174546.0,Hapur,Jammu & Kashmir,Central,New,2023-08-07
1493,Nicholas Bumb,champak12@example.net,913195589799.0,Muzaffarnagar,Andhra Pradesh,South,Premium,2023-02-17
1494,Harish Tailor,fbumb@example.net,913056870941.0,Nizamabad,Punjab,North,Regular,2024-01-20
1495,Aayush Narayan,ramanathanzehaan@example.net,918953376841.0,Sambhal,Himachal Pradesh,North,Regular,2026-06-25
1496,Rajata Bhat,ramaati@example.org,5973173033.0,Bilaspur,Jammu & Kashmir,Central,Regular,2024-07-22
1497,Siya Nath,vlalla@example.org,914848094731.0,Hapur,Chhattisgarh,Central,Regular,2025-01-29
1498,Harita Mann,vedabehl@example.com,9594761110.0,Ramgarh,Telangana,South,Occasional,2024-04-04
1499,Damyanti Sengupta,bimala56@example.com,2897226934.0,Agartala,Andhra Pradesh,South,Occasional,2024-08-15
1500,Samar Anne,lajita85@example.net,669926138.0,Alappuzha,Uttar Pradesh,North,New,2025-07-03
1501,Bahadurjit Savant,cshan@example.net,7039962637.0,Giridih,Tamil Nadu,South,Regular,2025-12-08
1502,Ekaraj Chada,sarmawilliam@example.com,912896220682.0,Panihati,Tamil Nadu,South,New,2023-05-24
1503,Reyansh Khurana,dhartanveer@example.net,3446060694.0,Delhi,Uttarakhand,Central,Regular,2023-04-23
1504,Kalpit Halder,raksha86@example.com,919412853700.0,Bilaspur,Maharashtra,West,Regular,2024-04-22
1505,Bhavna Wali,poak@example.org,919804255428.0,North Dumdum,West Bengal,East,New,2023-09-10
1506,Nirja Mittal,janyanath@example.org,8688786020.0,Gudivada,Jammu & Kashmir,Central,New,2023-08-31
1507,Jason Krish,srivastavabakhshi@example.org,5866399287.0,Kozhikode,Assam,East,Premium,2023-03-02
1508,Samaksh Bose,nakul49@example.com,2917964416.0,Noida,Andhra Pradesh,South,New,2026-07-10
1509,Yashawini Ahuja,bagrawal@example.com,910287451202.0,Delhi,Assam,East,New,2023-06-10
1510,Jalsa Mishra,anita16@example.com,7921046627.0,Surat,Rajasthan,North,Regular,2022-12-17
1511,Ishani Garg,qsem@example.com,910360785483.0,Ahmedabad,Telangana,South,Regular,2025-12-05
1512,Yashica Tak,wazirkalita@example.com,601457923.0,Rewa,Jharkhand,East,New,2025-01-17
1513,Amrita Wali,xiti19@example.net,150196797.0,Bhopal,Chhattisgarh,Central,Premium,2024-09-04
1514,Inaya Borah,chakradhardar@example.net,918523329704.0,Morena,Andhra Pradesh,South,Regular,2025-03-28
1515,Yashasvi Edwin,ozakamya@example.com,911639714920.0,Thanjavur,Rajasthan,North,Premium,2025-02-06
1516,Chasmum Choudhry,qadim48@example.com,919626259188.0,Coimbatore,Karnataka,South,Regular,2026-02-22
1517,Upma Sengupta,radhashenoy@example.com,914434354978.0,Dehradun,Assam,East,New,2023-05-15
1518,Janaki Soni,nazarethnidra@example.net,3802990348.0,Sagar,Himachal Pradesh,North,Regular,2025-03-06
1519,Urishilla Sahota,balasubramanianchandresh@example.net,916573762.0,Rourkela,West Bengal,East,Premium,2023-02-22
1520,Lakshit Dass,advika92@example.org,916930914015.0,Kirari Suleman Nagar,Madhya Pradesh,West,Regular,2024-05-02
1521,Ishaan Sharma,qabilrandhawa@example.com,914756900184.0,Phagwara,Andhra Pradesh,South,Regular,2023-08-22
1522,Teerth Narayan,saumya42@example.org,8359667715.0,Hindupur,Uttar Pradesh,North,Premium,2026-01-01
1523,Ojas Sankar,charvishroff@example.net,916500329909.0,Pimpri-Chinchwad,Karnataka,South,Premium,2022-09-11
1524,Sudiksha Ray,municharvi@example.org,8735540423.0,Rewa,Rajasthan,North,Regular,2024-06-13
1525,Maanas Bhat,xsavant@example.com,3934396904.0,Rajpur Sonarpur,Kerala,South,Occasional,2025-03-30
1526,Idika Ghosh,vkapadia@example.com,913813307345.0,Dhule,Uttarakhand,Central,Premium,2025-10-03
1527,Victor Sampath,harrison22@example.com,4098537203.0,Sri Ganganagar,Jammu & Kashmir,Central,Regular,2022-10-29
1528,Elijah Ratta,dassyuvraj@example.org,1071555870.0,Faridabad,West Bengal,East,Regular,2022-10-20
1529,Max Mistry,maya41@example.org,9255125380.0,Hazaribagh,Uttarakhand,Central,New,2023-10-10
1530,Zaid Pai,pallaudant@example.net,4941971575.0,Mehsana,Karnataka,South,New,2022-12-07
1531,Rachana Kashyap,yutikadeep@example.com,3061621856.0,Satna,Chhattisgarh,Central,New,2023-02-16
1532,Aadi Shanker,ubora@example.org,2059868569.0,Jaunpur,Telangana,South,New,2023-03-04
1533,Damini Gupta,pahalbajwa@example.net,919010146103.0,Shivpuri,Bihar,East,New,2026-05-05
1534,Sarthak Barad,mahika16@example.org,8168785185.0,Kavali,Jharkhand,East,Premium,2026-02-23
1535,Balendra Raj,mugdha88@example.org,7280072720.0,Ramagundam,Uttar Pradesh,North,Regular,2022-10-22
1536,Reyansh Shanker,indirasalvi@example.com,917830830697.0,Kota,Tamil Nadu,South,Regular,2024-07-07
1537,Hiral Mander,nishashenoy@example.org,6749066886.0,Serampore,Jammu & Kashmir,Central,New,2025-05-04
1538,Vyanjana Chaudhuri,sandaldaksha@example.com,595634318.0,Bahraich,Telangana,South,Regular,2022-11-26
1539,Amol Bali,ikshitawadhwa@example.com,5337773031.0,Shimla,Maharashtra,West,New,2023-07-03
1540,Hritik Dyal,xchokshi@example.com,7201240254.0,Pondicherry,Jammu & Kashmir,Central,New,2025-07-15
1541,Hema Merchant,tripathibalhaar@example.net,9839767388.0,Bhavnagar,Punjab,North,New,2022-09-17
1542,Gunbir Ramanathan,agastyajain@example.com,918300091435.0,Srikakulam,Jammu & Kashmir,Central,New,2023-12-06
1543,Andrew Swamy,hitesh79@example.net,6546628973.0,Salem,Madhya Pradesh,West,Regular,2023-12-02
1544,Naksh Dhillon,mohammed75@example.net,22302340.0,Eluru,Himachal Pradesh,North,Premium,2024-10-30
1545,Siya Chaudry,jagvibrar@example.net,8904182805.0,Haridwar,Andhra Pradesh,South,New,2025-10-10
1546,Caleb Contractor,teerthdatta@example.com,8447909863.0,Gwalior,Goa,West,Premium,2024-04-28
1547,Urvi Raman,baghyawati44@example.org,912248248863.0,Sambalpur,Chhattisgarh,Central,Regular,2024-01-01
1548,Wahab Shere,mitaljeevika@example.org,911180266914.0,Mahbubnagar,Jharkhand,East,New,2026-04-21
1549,Nilima Ahuja,bchada@example.com,1891199256.0,Avadi,Haryana,North,Premium,2025-11-08
1550,Nimrat Kakar,dev03@example.com,914131811814.0,Tiruvottiyur,Uttarakhand,Central,Regular,2025-09-13
1551,Vincent Dugar,jack79@example.net,914470856094.0,Kharagpur,Himachal Pradesh,North,New,2026-07-13
1552,Chaman Thakur,nvyas@example.org,913145645722.0,Khammam,Rajasthan,North,Premium,2024-07-16
1553,Amruta Bhagat,bloyal@example.org,917449998709.0,Shahjahanpur,Chhattisgarh,Central,Regular,2025-06-04
1554,Veer Ramaswamy,gaurav26@example.com,910603267531.0,Karnal,Kerala,South,Regular,2025-03-14
1555,Wyatt Chahal,bumbavi@example.net,6546125360.0,Tumkur,Uttar Pradesh,North,Regular,2024-09-09
1556,Avni Sastry,mugdha79@example.com,6989484817.0,Shahjahanpur,Uttarakhand,Central,Regular,2022-09-14
1557,Aryan Bera,asidhu@example.org,7375949330.0,Dehri,Uttarakhand,Central,Premium,2024-05-02
1558,Ethan Sathe,sampathcharles@example.org,9021444155.0,Sultan Pur Majra,Uttarakhand,Central,Occasional,2023-01-19
1559,Vincent Kaul,niharika55@example.org,919170335300.0,Tadipatri,Gujarat,West,Regular,2023-10-19
1560,Leena Raval,tanish61@example.net,7731739462.0,Guna,Uttarakhand,Central,Regular,2025-07-26
1561,Rohan Palla,qnarayan@example.org,2768714134.0,Amravati,Jammu & Kashmir,Central,Premium,2024-09-19
1562,Madhavi Sarraf,saniabeer@example.com,8173579211.0,Bhavnagar,Assam,East,Regular,2026-06-01
1563,Maya Guha,adya64@example.com,919897014557.0,Ahmednagar,Gujarat,West,New,2024-01-20
1564,Zashil Deo,uchaudhary@example.net,6925529050.0,Pali,Himachal Pradesh,North,Regular,2025-02-27
1565,Chanakya Buch,bhaktafiyaz@example.com,1619738449.0,Kolhapur,Tamil Nadu,South,Regular,2022-11-03
1566,Aarav Batta,reyanshwali@example.com,6990867233.0,Ghaziabad,Goa,West,New,2022-12-26
1567,Jeet Tak,okonda@example.com,5619221882.0,Jaipur,Jammu & Kashmir,Central,New,2023-09-25
1568,Finn Vora,hmani@example.com,1302364169.0,Bhusawal,Uttar Pradesh,North,Regular,2024-05-10
1569,Edhitha Bhatti,bshere@example.com,913239193252.0,Rewa,Delhi,North,New,2024-10-07
1570,Harsh Gill,dkhosla@example.net,9995225296.0,Rampur,Madhya Pradesh,West,Regular,2026-01-13
1571,Yuvraj Sanghvi,htripathi@example.org,914330640980.0,Kishanganj,Bihar,East,Regular,2023-11-23
1572,Frederick Nath,ijaya90@example.net,2787902591.0,Pune,Chhattisgarh,Central,New,2024-09-26
1573,Madhavi Keer,hganguly@example.com,916603235841.0,Akola,Goa,West,New,2025-08-23
1574,Hemangini Suri,ukaran@example.com,3957955192.0,Bidhannagar,Chhattisgarh,Central,Occasional,2025-04-05
1575,Ethan Bhatt,zkalita@example.com,913862567611.0,Bharatpur,Andhra Pradesh,South,Regular,2023-10-04
1576,Naveen Jha,customer_1576@unknown.com,N/A,Sasaram,Telangana,South,Regular,2024-12-22
1577,Onveer Choudhry,sodhisamaksh@example.org,917365485220.0,Guntur,Rajasthan,North,Premium,2024-08-05
1578,Saumya Bajaj,lakshit87@example.com,1627963651.0,Khammam,Telangana,South,Regular,2022-08-22
1579,Gavin Bahl,patlafaris@example.org,1948422623.0,Ahmedabad,Haryana,North,Regular,2024-02-12
1580,Advaith Seth,kaikhosla@example.com,912830342437.0,Kurnool,Uttar Pradesh,North,Regular,2023-07-03
1581,Radhika Dhaliwal,choudhuryojasvi@example.net,3166968740.0,Tiruppur,Jharkhand,East,Regular,2025-01-20
1582,Aachal Prakash,zayyan10@example.com,916649700844.0,Suryapet,Madhya Pradesh,West,Premium,2026-04-06
1583,Forum Chandran,tray@example.org,6280924115.0,Ratlam,Chhattisgarh,Central,New,2022-09-23
1584,Nikita Sagar,hayerjason@example.com,915523228058.0,Sirsa,Delhi,North,Premium,2026-02-02
1585,Daksha Keer,anika04@example.com,2539501115.0,Anantapur,Jammu & Kashmir,Central,Regular,2025-05-14
1586,Pratyush Sheth,lyohannan@example.com,913174890304.0,Deoghar,Bihar,East,Premium,2023-12-21
1587,Urishilla Dalal,zbir@example.com,912935545920.0,Nagercoil,Andhra Pradesh,South,Occasional,2026-05-26
1588,Saanvi Nagi,mtandon@example.net,911379830457.0,Asansol,Chhattisgarh,Central,Regular,2025-01-03
1589,Ekta Chawla,ramachandranaadi@example.net,5897015221.0,Panihati,Maharashtra,West,Premium,2024-06-28
1590,Darsh Amble,anitashanker@example.com,1289899307.0,Pali,Uttarakhand,Central,Regular,2024-03-22
1591,Jackson Koshy,ddate@example.org,5603387885.0,Anand,Rajasthan,North,Occasional,2026-06-13
1592,Yauvani Cheema,wahab97@example.com,3090073794.0,Bally,Jammu & Kashmir,Central,Regular,2024-03-01
1593,Zayyan Mukherjee,imaran07@example.com,2626543475.0,Katni,Madhya Pradesh,West,Premium,2023-12-10
1594,Zaid Om,zaitranarayan@example.net,9079965857.0,Mehsana,Kerala,South,Occasional,2022-09-29
1595,Ekbal Radhakrishnan,tvora@example.org,730717761.0,Satna,Madhya Pradesh,West,New,2024-01-06
1596,Aarnav Swamy,lipikadugar@example.org,913854033699.0,Bikaner,Punjab,North,Regular,2025-05-29
1597,Caleb Grover,gagandevi@example.net,5327355149.0,Bhatpara,Punjab,North,Premium,2024-12-20
1598,Raghav Dey,yatanloyal@example.com,1469509355.0,Hapur,Karnataka,South,New,2023-09-23
1599,Benjamin Dixit,barianirja@example.org,4136445947.0,Bhubaneswar,Goa,West,Premium,2025-07-26
1600,Hritik Krish,divanvanya@example.net,650761222.0,Indore,Himachal Pradesh,North,New,2025-11-13
1601,Chaman Mander,ppandit@example.net,914555595026.0,Thoothukudi,Kerala,South,Regular,2024-02-29
1602,Xalak Tara,myohannan@example.net,3327639904.0,Vadodara,West Bengal,East,Premium,2024-06-07
1603,Yash Ratta,bdhar@example.net,912220975506.0,Berhampore,Andhra Pradesh,South,Regular,2022-09-26
1604,Rachana Shere,bhavsarharini@example.net,912003934490.0,Junagadh,Telangana,South,Regular,2025-11-25
1605,Nihal Contractor,ugopal@example.org,3339192969.0,Gorakhpur,Andhra Pradesh,South,New,2025-02-27
1606,Udarsh Bakshi,kchada@example.org,82283774.0,Malda,Karnataka,South,New,2022-08-15
1607,Diya Mangal,vritti88@example.com,918206322801.0,Bidar,Karnataka,South,Regular,2025-12-04
1608,Bishakha Kuruvilla,xsaini@example.net,5247609606.0,Gandhidham,Telangana,South,Regular,2025-01-24
1609,Hema Goel,triya37@example.net,4778840709.0,Erode,Delhi,North,Occasional,2023-04-10
1610,Upadhriti Shanker,sarafgabriel@example.org,8897284268.0,Khora,Maharashtra,West,New,2023-12-19
1611,Nandini Bobal,hkurian@example.com,910537186056.0,Hosur,Chhattisgarh,Central,New,2023-03-11
1612,Saksham Borde,tradhakrishnan@example.com,5127983124.0,Proddatur,Assam,East,Regular,2024-10-20
1613,Wazir Prakash,fiyaz60@example.org,9198480870.0,Chittoor,Uttarakhand,Central,Premium,2025-07-10
1614,Vedika Chauhan,onkar07@example.com,1074043368.0,Mango,Uttarakhand,Central,Regular,2022-08-13
1615,Sneha Doshi,nitara10@example.com,911090070178.0,Bhopal,Chhattisgarh,Central,Regular,2025-02-24
1616,Advik Pradhan,dixitijaya@example.net,9723920102.0,Bharatpur,Madhya Pradesh,West,Occasional,2025-09-13
1617,Amruta Sharma,victor96@example.com,7442526942.0,Ichalkaranji,Rajasthan,North,Regular,2026-06-17
1618,Bhavani Chowdhury,siddharth74@example.org,5133793766.0,Nadiad,Andhra Pradesh,South,Occasional,2022-12-19
1619,Krisha Agrawal,hemal71@example.com,9058496881.0,Darbhanga,Uttarakhand,Central,Regular,2024-11-17
1620,Yutika Bhardwaj,geetikathakur@example.com,914057445099.0,Bhagalpur,Delhi,North,New,2025-02-10
1621,Kashvi Kohli,maanav79@example.org,911108518466.0,Kavali,Maharashtra,West,Regular,2023-05-22
1622,Faraj Kibe,nisha18@example.net,910734800226.0,Bhatpara,Uttarakhand,Central,Regular,2023-07-23
1623,Krish Anand,garima48@example.org,8781921474.0,Amroha,Bihar,East,Regular,2024-01-31
1624,Abdul Menon,yugshah@example.org,8472146172.0,Naihati,Uttarakhand,Central,Regular,2023-11-28
1625,Anika Padmanabhan,pratyushsampath@example.com,9889798877.0,Durg,Madhya Pradesh,West,Regular,2024-11-20
1626,Yochana Kuruvilla,emenon@example.org,192936059.0,South Dumdum,Odisha,East,New,2023-10-19
1627,Gaurangi Bhatt,zayanpuri@example.org,9012484479.0,Bhusawal,Jharkhand,East,Regular,2025-07-27
1628,Niharika Dani,parsanimrat@example.net,2230706594.0,Satna,Telangana,South,New,2025-09-01
1629,Kritika Banerjee,kalpitsengupta@example.net,3303727186.0,Anantapuram,Himachal Pradesh,North,Regular,2023-08-07
1630,Indira Sahota,devcheema@example.org,1380782878.0,Tenali,Telangana,South,Regular,2023-11-18
1631,Eiravati Misra,yashvi58@example.com,3565418028.0,Sonipat,Gujarat,West,Regular,2024-05-19
1632,Onveer Virk,lsant@example.org,9469984288.0,Katihar,Andhra Pradesh,South,New,2023-03-16
1633,Balendra Narasimhan,chaitanyakibe@example.org,3298871232.0,Dhule,Andhra Pradesh,South,Premium,2023-10-31
1634,Lakshmi Virk,imemon@example.com,7862685272.0,Burhanpur,Jammu & Kashmir,Central,New,2026-04-20
1635,Mason Ahuja,jsen@example.org,7106283345.0,Nangloi Jat,Goa,West,Regular,2022-09-26
1636,Pavani Ghose,customer_1636@unknown.com,N/A,Ghaziabad,Chhattisgarh,Central,Regular,2023-08-24
1637,Thomas Date,hemanginisem@example.org,2402555468.0,Adoni,Tamil Nadu,South,Regular,2023-02-23
1638,Tara Barad,hemang16@example.com,8159646738.0,Tiruvottiyur,Jharkhand,East,New,2025-12-30
1639,Chameli Mallick,raagini73@example.org,912912489558.0,Bahraich,Punjab,North,New,2024-03-24
1640,Pallavi Edwin,adwetamunshi@example.net,4264076089.0,Tiruppur,Odisha,East,Regular,2022-09-26
1641,Kabir Batta,yashvaidya@example.org,1387162833.0,Khandwa,Uttarakhand,Central,Regular,2022-11-11
1642,Ekani Borra,zachariahanay@example.org,3374356702.0,Pallavaram,Maharashtra,West,Regular,2024-12-12
1643,Ekavir Nagar,mpau@example.com,9579457595.0,Arrah,Chhattisgarh,Central,Premium,2023-04-26
1644,Ekiya Khatri,kdesai@example.net,1714854183.0,Nanded,Chhattisgarh,Central,Occasional,2022-09-20
1645,Karan Peri,davidsetty@example.net,8216511921.0,Dindigul,Odisha,East,Regular,2025-07-18
1646,Chakrika Nagarajan,darpanjayaraman@example.org,2769473088.0,Dewas,Uttarakhand,Central,New,2024-09-13
1647,Janani Khurana,gavinganguly@example.net,4029363409.0,Mysore,Maharashtra,West,Regular,2022-11-08
1648,Balvan Pathak,iryasridhar@example.net,9900479412.0,Jamnagar,Jharkhand,East,Premium,2023-05-12
1649,Niharika Anand,chahalishaan@example.org,3485713399.0,Belgaum,Karnataka,South,Premium,2023-12-29
1650,Prisha Sagar,grewalwakeeta@example.org,2112029138.0,Rajahmundry,Jharkhand,East,Premium,2026-05-29
1651,Bimala Mody,gabachandresh@example.net,8196645231.0,Ramgarh,Uttarakhand,Central,New,2022-10-12
1652,Yochana Dube,kallarehaan@example.com,8317236670.0,Coimbatore,Delhi,North,Regular,2026-04-22
1653,Frederick Apte,georgecontractor@example.net,4050133203.0,Firozabad,Kerala,South,Regular,2026-06-27
1654,Qushi Bala,qbose@example.net,6507752572.0,Aurangabad,Odisha,East,Premium,2025-02-17
1655,Sathvik Dalal,mbal@example.net,8110570399.0,Tiruppur,Goa,West,New,2026-02-14
1656,Mohini Shenoy,aryahemani@example.net,4696693233.0,Allahabad,Assam,East,Premium,2022-11-13
1657,Hritik Nadkarni,balawarhi@example.org,863323430.0,Naihati,Madhya Pradesh,West,Regular,2022-09-26
1658,Chaaya Mangal,onveerkohli@example.com,9097228582.0,Jamalpur,Uttar Pradesh,North,New,2026-05-24
1659,Ishani Mutti,kakarishwar@example.net,348236788.0,Motihari,West Bengal,East,Regular,2024-01-18
1660,Rohan Randhawa,maanavkhosla@example.net,910436475846.0,Panipat,Maharashtra,West,Regular,2025-08-19
1661,Varsha Lata,ramaswamyvihaan@example.com,912063175529.0,Ongole,Maharashtra,West,Regular,2024-10-23
1662,Jairaj Lad,yochana40@example.net,911441572814.0,Nadiad,Maharashtra,West,Regular,2024-04-23
1663,Elijah Sachdeva,gdani@example.com,361189260.0,Mau,Chhattisgarh,Central,Regular,2026-05-28
1664,Ladli Panchal,parth68@example.org,8437714034.0,Satna,Goa,West,Regular,2024-01-21
1665,Irya Roy,abalakrishnan@example.org,911196227238.0,Dharmavaram,Jharkhand,East,Premium,2023-10-22
1666,Jeremiah Chaudhary,yjohal@example.net,918509570934.0,Mahbubnagar,Telangana,South,New,2024-08-13
1667,Niharika Patel,comarekaraj@example.org,4034848437.0,Visakhapatnam,Delhi,North,New,2025-01-19
1668,Orinder Sur,gautami14@example.org,5449669542.0,Fatehpur,Jharkhand,East,Premium,2022-09-05
1669,Radhika De,koza@example.net,910161734479.0,Imphal,Uttarakhand,Central,Premium,2026-03-12
1670,Vivaan Munshi,routsimon@example.net,912648971001.0,Ahmedabad,Telangana,South,Regular,2025-02-05
1671,Jeremiah Mander,saumya61@example.net,3049484142.0,Satara,Uttarakhand,Central,Premium,2024-08-03
1672,Mason Jaggi,vasudhagara@example.net,7567981302.0,Anantapur,Uttarakhand,Central,Premium,2025-08-24
1673,Tanmayi Sodhi,butalaharita@example.net,2187089410.0,Gangtok,Uttarakhand,Central,Occasional,2024-03-21
1674,Omaja Dar,mitalnandini@example.com,6119830975.0,Malegaon,Gujarat,West,New,2023-02-15
1675,Vrishti Kala,qasim37@example.net,7487700788.0,Siliguri,Goa,West,Regular,2025-09-21
1676,Orinder Natt,dugargabriel@example.net,8082267990.0,Machilipatnam,Bihar,East,Regular,2024-01-23
1677,Manbir Sani,samar83@example.net,5716468210.0,Maheshtala,Rajasthan,North,New,2024-05-12
1678,Aditya Bail,zbatra@example.org,8088669320.0,Visakhapatnam,Kerala,South,Regular,2025-07-07
1679,Anjali Thaman,mohammed67@example.net,8762965074.0,Mau,Chhattisgarh,Central,New,2025-01-14
1680,Riya Deol,zsinha@example.com,4198281794.0,Morena,Madhya Pradesh,West,Regular,2024-04-16
1681,Aarush Baria,damyantinath@example.org,910262693032.0,Rohtak,Goa,West,Premium,2025-01-24
1682,Kamya Savant,wyattanne@example.net,740635168.0,Siliguri,Rajasthan,North,Regular,2024-01-30
1683,Anita Shroff,xsrinivas@example.org,915837990053.0,Vellore,Madhya Pradesh,West,Regular,2025-05-13
1684,Rishi Deshpande,osaraf@example.org,2285628372.0,Mehsana,Andhra Pradesh,South,New,2025-03-01
1685,Quincy Nazareth,harshbanik@example.org,917008942340.0,Amroha,Kerala,South,Regular,2025-06-24
1686,Rudra Halder,ronithdasgupta@example.net,8838456125.0,Motihari,Telangana,South,New,2022-08-29
1687,Amruta Shetty,riachaudhuri@example.net,5176968064.0,Raurkela Industrial Township,Jammu & Kashmir,Central,New,2025-04-10
1688,Maanas Char,vrishti83@example.com,2640532739.0,Nagaon,Assam,East,New,2023-12-02
1689,Samarth Lall,tanaybarad@example.org,7997833150.0,Dehradun,Gujarat,West,New,2024-11-11
1690,Osha Pai,faris02@example.com,916668606734.0,Erode,Karnataka,South,Regular,2023-01-05
1691,Chameli Wali,jkoshy@example.net,5910385242.0,Eluru,Madhya Pradesh,West,Regular,2024-08-12
1692,Harshil Nanda,nandini37@example.com,919639949594.0,Kollam,Uttarakhand,Central,Regular,2023-05-01
1693,Ekani Mangal,bpathak@example.net,5317087300.0,Mysore,Uttar Pradesh,North,Regular,2024-12-23
1694,Unni Jani,opuri@example.net,2567322348.0,Agartala,Chhattisgarh,Central,Regular,2022-09-05
1695,Dhruv Sandhu,zahluwalia@example.org,1090488660.0,Dhule,Haryana,North,Regular,2025-01-04
1696,Odika More,sara89@example.net,3785954176.0,Tadepalligudem,Maharashtra,West,Regular,2026-04-07
1697,Rudra Tandon,sachdevabrinda@example.net,5810457346.0,Ramgarh,Tamil Nadu,South,Premium,2025-06-19
1698,Aadhya Tak,vivaanzacharia@example.com,528905665.0,Begusarai,Jharkhand,East,Regular,2026-03-01
1699,Chavvi Sengupta,lchana@example.net,8374345096.0,Tadipatri,Goa,West,Premium,2023-06-05
1700,Megha Dugar,dalbir23@example.org,9964692434.0,Secunderabad,Haryana,North,Regular,2023-07-10
1701,Forum Goel,groverharsh@example.net,6038710880.0,Bathinda,Tamil Nadu,South,Regular,2023-09-06
1702,Oni Mannan,asane@example.com,376474769.0,Jodhpur,Maharashtra,West,Premium,2026-04-21
1703,Quincy Goel,nigamchaitanya@example.org,9655868190.0,Barasat,Karnataka,South,New,2024-06-03
1704,Timothy Kale,kashishdeep@example.net,6013855002.0,Ongole,Jharkhand,East,New,2023-02-18
1705,Hitesh Balasubramanian,gourchaitaly@example.com,1815806194.0,Jhansi,Himachal Pradesh,North,Regular,2023-06-07
1706,Kashvi Bansal,gayathri19@example.org,9396871867.0,Karawal Nagar,Gujarat,West,New,2026-06-30
1707,Deepa Divan,nicholaspau@example.org,1961293321.0,Parbhani,Uttar Pradesh,North,Premium,2022-08-24
1708,Nihal Deshmukh,lankabenjamin@example.net,913717758856.0,Sultan Pur Majra,Rajasthan,North,New,2025-01-23
1709,Lipika Ratta,birpratyush@example.com,2030695165.0,Tiruchirappalli,Andhra Pradesh,South,Regular,2023-09-11
1710,Jacob Sankar,bhatnagarfinn@example.org,2399330255.0,Amaravati,Odisha,East,Regular,2023-04-30
1711,Daniel Sanghvi,timothycontractor@example.com,5968891096.0,Aurangabad,Himachal Pradesh,North,Occasional,2025-09-04
1712,Chanakya Mani,azaan52@example.org,912036081641.0,Nizamabad,Chhattisgarh,Central,Regular,2025-11-08
1713,Brijesh Borra,qchaudry@example.org,3469544950.0,Hyderabad,Bihar,East,Regular,2023-09-12
1714,Yachana Banerjee,sdeep@example.com,5669839859.0,Morbi,Himachal Pradesh,North,Regular,2025-02-14
1715,Anusha Brar,luke90@example.com,5776253847.0,Pali,Uttar Pradesh,North,Premium,2023-09-16
1716,Hemani Hayer,charmahika@example.com,2861746859.0,Guntur,West Bengal,East,Regular,2025-03-08
1717,Kai Sehgal,hchad@example.com,2866034982.0,Silchar,Assam,East,Regular,2025-12-09
1718,Vasudha Batra,randhawakala@example.com,917740215723.0,Siliguri,Tamil Nadu,South,Occasional,2026-05-04
1719,Anusha Gola,harinidoshi@example.com,6008589496.0,Bidhannagar,Jammu & Kashmir,Central,Premium,2023-12-25
1720,Janaki Bhalla,mason05@example.net,915313184560.0,Pudukkottai,Chhattisgarh,Central,Regular,2023-05-18
1721,Bhavya Dixit,masondate@example.net,1091294431.0,Aurangabad,Uttar Pradesh,North,Regular,2026-02-20
1722,Vedika Vala,alkahegde@example.net,7798240211.0,Bettiah,Himachal Pradesh,North,Premium,2023-10-22
1723,George Kalla,fvarughese@example.net,910096242657.0,Bellary,Delhi,North,Regular,2023-03-28
1724,Janaki Thaman,customer_1724@unknown.com,N/A,Bijapur,Telangana,South,New,2025-07-02
1725,Kabir Nagy,etadada@example.org,8828050345.0,Berhampur,Andhra Pradesh,South,Regular,2023-11-13
1726,Yasti Sodhi,abhimanyulala@example.com,7666082887.0,Pondicherry,Jammu & Kashmir,Central,New,2024-12-19
1727,Farhan Dayal,sodhidhriti@example.org,913685931526.0,Bareilly,Gujarat,West,Regular,2025-08-13
1728,Vasana Merchant,kurianadya@example.org,911061445299.0,Farrukhabad,Goa,West,New,2025-05-28
1729,Devika Madan,tanaybiswas@example.net,7115333497.0,Bhiwani,West Bengal,East,Premium,2024-02-10
1730,Ayush Chanda,bathsamesh@example.net,3449975858.0,Coimbatore,Goa,West,Premium,2026-03-12
1731,Vamakshi Vala,tbera@example.org,915992794376.0,Kottayam,Gujarat,West,Premium,2025-09-24
1732,Bhavya Bath,tanishdalal@example.org,912395480704.0,Tiruppur,Uttarakhand,Central,Regular,2023-02-26
1733,Devika Vohra,meghanasheth@example.com,7740703666.0,Rewa,Goa,West,New,2025-07-12
1734,Shivani Purohit,neeldubey@example.org,918219386827.0,Gandhidham,Jammu & Kashmir,Central,Regular,2022-08-31
1735,Advika Kale,rudraapte@example.com,5969206660.0,Tinsukia,Chhattisgarh,Central,Regular,2023-03-07
1736,Girindra Gopal,zayyanlalla@example.org,8498118465.0,Jamnagar,Assam,East,Regular,2024-02-10
1737,Jagat Balakrishnan,dkeer@example.net,1704836481.0,Bulandshahr,Himachal Pradesh,North,Premium,2023-09-22
1738,Inaya Pathak,aarna21@example.net,917931363659.0,Belgaum,Tamil Nadu,South,Premium,2025-09-13
1739,Triya Sane,fsoni@example.com,3586134174.0,Bhimavaram,Assam,East,Regular,2024-09-09
1740,Arjun Mishra,rachanaswamy@example.org,913990761500.0,Aurangabad,Himachal Pradesh,North,Occasional,2024-01-31
1741,Hitesh Natt,aadi44@example.org,3647921499.0,Chandigarh,Gujarat,West,Premium,2022-12-17
1742,Gunbir Rajagopalan,triveni90@example.com,9915738067.0,Surendranagar Dudhrej,Gujarat,West,Premium,2022-08-15
1743,Lila Seth,balhaarramesh@example.org,912372643205.0,Tezpur,Jharkhand,East,Premium,2025-06-12
1744,Nathan Loke,upasna15@example.com,7932770115.0,Tadipatri,Delhi,North,Premium,2025-01-07
1745,Xalak Jha,odikaagrawal@example.net,8568888610.0,Mahbubnagar,Delhi,North,New,2023-01-07
1746,Idika Tella,lsrinivas@example.com,913644702632.0,Tenali,Karnataka,South,New,2024-08-17
1747,Panini Panchal,vlalla@example.com,7669494715.0,Mathura,Tamil Nadu,South,Premium,2026-03-08
1748,Zayyan Nagarajan,dayalzehaan@example.org,3772908489.0,Satna,Delhi,North,Premium,2023-10-13
1749,Aarna Natarajan,khalsaridhi@example.com,8078053833.0,Sambhal,Madhya Pradesh,West,Premium,2026-05-07
1750,Rachit Dara,niharikaraghavan@example.com,8040737304.0,Nagercoil,Uttarakhand,Central,Regular,2025-01-29
1751,Tejas Goda,ayushman51@example.org,2658387963.0,Jalna,Telangana,South,New,2022-08-14
1752,Unni Mand,slata@example.com,332739974.0,Thanjavur,Uttar Pradesh,North,New,2026-07-18
1753,Chatresh Mander,beragaurang@example.org,917607819516.0,Kadapa,Punjab,North,New,2025-02-20
1754,Vamakshi Singh,zarnahegde@example.org,916144357547.0,Mau,Haryana,North,Premium,2023-09-23
1755,Qadim Rout,grewalunni@example.org,6875670718.0,Kozhikode,Goa,West,New,2022-09-16
1756,William Rastogi,kamdarimaran@example.org,917745998413.0,Panchkula,Rajasthan,North,Regular,2025-02-28
1757,Aditya Natt,suridominic@example.org,6510640707.0,Siwan,Himachal Pradesh,North,Regular,2024-05-11
1758,Ridhi Wali,yauvani30@example.org,8573654044.0,Nangloi Jat,West Bengal,East,Occasional,2025-07-04
1759,Advaith Gulati,sethyashawini@example.org,6431678598.0,Bhilwara,Chhattisgarh,Central,Regular,2023-05-25
1760,Diya Kale,iyengarquincy@example.net,917560526990.0,Mirzapur,Telangana,South,Regular,2023-10-01
1761,Baljiwan De,mraj@example.org,919235654030.0,Kavali,Telangana,South,New,2023-04-15
1762,Ira Maharaj,goleubika@example.org,910129531850.0,Jalna,Jammu & Kashmir,Central,Occasional,2025-05-06
1763,Farhan Wali,balvanrajagopalan@example.net,910481093054.0,Sultan Pur Majra,Jammu & Kashmir,Central,Premium,2023-02-26
1764,Sachi Sunder,ljayaraman@example.net,2455381518.0,Shivpuri,Himachal Pradesh,North,Premium,2023-07-15
1765,Yutika Devi,imaharaj@example.net,1852557688.0,Naihati,Madhya Pradesh,West,New,2023-03-25
1766,Benjamin Kohli,varghesejatin@example.net,9544876150.0,Anand,Karnataka,South,Premium,2026-06-18
1767,Ishwar Nanda,uppallaban@example.net,4640350769.0,Sri Ganganagar,Uttarakhand,Central,New,2024-12-20
1768,Shivansh Pillay,yashoda81@example.org,2277547777.0,Serampore,Jammu & Kashmir,Central,Regular,2025-12-11
1769,Kala Mander,dateteerth@example.net,2493797900.0,Ghaziabad,Odisha,East,Premium,2025-01-20
1770,Ganga Patla,dayita96@example.com,1662395671.0,Ozhukarai,Odisha,East,Regular,2025-08-20
1771,Hemal Balan,shravyasankar@example.com,9064122727.0,Karimnagar,Goa,West,Premium,2024-02-28
1772,Barkha Pillai,jaggianya@example.org,54558345.0,Naihati,Jammu & Kashmir,Central,Regular,2023-06-14
1773,Radhika Grover,samratanish@example.org,7668089504.0,Ludhiana,Jammu & Kashmir,Central,Regular,2026-05-22
1774,Charan Memon,fariqsom@example.org,5785219793.0,Katni,Madhya Pradesh,West,Occasional,2024-09-30
1775,Chakradhar Kibe,salvibalendra@example.net,8885010558.0,Kavali,Himachal Pradesh,North,Regular,2024-12-22
1776,Hritik Pingle,oscarbassi@example.org,4009333963.0,Dharmavaram,Assam,East,Regular,2022-12-11
1777,Aarnav Keer,kvenkataraman@example.net,918893844781.0,Bidhannagar,Kerala,South,Regular,2022-10-17
1778,Yuvraj Mahajan,abhiramkaul@example.com,1242664742.0,Aizawl,Karnataka,South,New,2024-06-13
1779,Aarini Sheth,customer_1779@unknown.com,N/A,Darbhanga,Himachal Pradesh,North,New,2023-10-12
1780,Deepa Rama,tchakrabarti@example.com,9399531556.0,Bijapur,Jammu & Kashmir,Central,Premium,2025-03-15
1781,Rohan Mallick,duakritika@example.net,918964966681.0,Siwan,Chhattisgarh,Central,Regular,2025-05-23
1782,Madhav Kibe,amairarajagopal@example.net,2203733784.0,Munger,Goa,West,Regular,2023-05-21
1783,Samar Varma,tswamy@example.net,5783045596.0,Hospet,Odisha,East,New,2025-06-26
1784,Kamya Sharma,dagate@example.com,1267644943.0,Rajahmundry,Karnataka,South,Regular,2025-06-06
1785,Balhaar Pillai,qchhabra@example.com,3442004218.0,Mango,West Bengal,East,Premium,2023-04-26
1786,Harish Pillay,chandreshkrish@example.com,919198505651.0,Rajahmundry,Chhattisgarh,Central,New,2023-09-04
1787,Chandran Chahal,raghav22@example.net,8766327904.0,Dhule,Jharkhand,East,Regular,2023-12-16
1788,Aarav Ratti,tiwarifaras@example.net,52291845.0,Sagar,Chhattisgarh,Central,Premium,2023-06-25
1789,Janaki Bail,kevin70@example.net,915996114358.0,Varanasi,West Bengal,East,New,2025-01-29
1790,Veda Srinivas,jatin30@example.com,910922168974.0,Kollam,Uttarakhand,Central,Regular,2023-12-09
1791,Imaran Mandal,jkhare@example.org,3192743126.0,Bulandshahr,Haryana,North,Regular,2026-02-10
1792,Caleb Gill,sakshamratti@example.org,5580624755.0,Jalgaon,Madhya Pradesh,West,Occasional,2024-02-08
1793,Liam Bhagat,nidhisolanki@example.net,912751005687.0,Purnia,Uttar Pradesh,North,New,2024-05-26
1794,Eiravati Shere,bobalpranav@example.org,8167932353.0,Ahmednagar,Chhattisgarh,Central,Premium,2025-01-27
1795,Anjali Wagle,ekaja16@example.com,794321830.0,Gopalpur,Maharashtra,West,Regular,2022-09-06
1796,Alka Sachar,ganga19@example.org,910411548805.0,Dhanbad,Haryana,North,Premium,2023-05-13
1797,Ranveer Mane,upatla@example.org,916330575437.0,Delhi,Kerala,South,Premium,2025-03-11
1798,Jagdish Ravi,viraj77@example.org,2170470125.0,Suryapet,Karnataka,South,Regular,2025-01-25
1799,Simon Singhal,senkavya@example.com,1769750591.0,Patiala,Madhya Pradesh,West,New,2026-06-07
1800,Azaan Biswas,palanjanani@example.net,916983317936.0,Panchkula,Jammu & Kashmir,Central,Regular,2025-07-17
1801,Charita Bassi,tpalla@example.net,4525935707.0,Arrah,Goa,West,New,2022-09-24
1802,Manya Gole,singhekani@example.com,912719260261.0,Kishanganj,Karnataka,South,Regular,2022-08-22
1803,Jacob Bala,rajataaggarwal@example.net,1949081700.0,Bhavnagar,Maharashtra,West,Premium,2024-06-19
1804,Om Wable,padmanabhantriya@example.com,7014972682.0,Vasai-Virar,West Bengal,East,Regular,2024-09-26
1805,Prisha Rattan,radha07@example.com,915956919220.0,Jamshedpur,Gujarat,West,New,2025-01-02
1806,Nandini Khatri,umandal@example.net,9250075167.0,Loni,Gujarat,West,Premium,2023-06-25
1807,Ranbir Patil,deisaiah@example.com,7487477935.0,Jamalpur,Chhattisgarh,Central,Premium,2024-05-19
1808,Wahab Pradhan,wsingh@example.org,915201930646.0,Jalgaon,Chhattisgarh,Central,Regular,2023-12-01
1809,Isaac Chakraborty,ngulati@example.com,910313878305.0,Bettiah,Jharkhand,East,Regular,2024-03-26
1810,Kashvi Kata,forumnarula@example.org,2029487478.0,Raipur,Chhattisgarh,Central,Regular,2023-03-05
1811,Neha Hegde,jyoti17@example.org,2229317786.0,Bangalore,Madhya Pradesh,West,Regular,2023-05-28
1812,Aradhana Sarna,christopher55@example.com,7791743124.0,Barasat,Kerala,South,Regular,2025-12-26
1813,Samuel Palla,yadavibose@example.org,5750927209.0,Kottayam,Haryana,North,Regular,2025-05-03
1814,Lajita Prakash,apandey@example.org,4339168670.0,Anantapur,Assam,East,New,2022-10-04
1815,Anita Kari,amaira10@example.net,910427974935.0,Bhimavaram,Gujarat,West,Regular,2022-09-06
1816,Aarav Chhabra,tiwariojasvi@example.net,1329357538.0,Ambala,Karnataka,South,New,2023-04-02
1817,Harrison Chakraborty,xalak03@example.com,5601642624.0,North Dumdum,Tamil Nadu,South,Regular,2026-05-22
1818,Nicholas Aggarwal,jatinkashyap@example.com,4692239407.0,Raiganj,Uttar Pradesh,North,Occasional,2023-10-26
1819,Veer Majumdar,drajagopal@example.net,4700603981.0,Mango,Kerala,South,Regular,2023-08-29
1820,Hritik Raman,geetikadeol@example.org,1202241756.0,Yamunanagar,Haryana,North,Premium,2025-01-26
1821,Geetika Sarin,frederick85@example.com,913336650285.0,Ozhukarai,Haryana,North,Regular,2024-10-19
1822,Ekaja Dada,qchaudhary@example.com,7829052492.0,Guwahati,Chhattisgarh,Central,Regular,2026-06-17
1823,Harshil Mandal,anamikathakur@example.org,1401385699.0,Amaravati,Uttarakhand,Central,Premium,2026-01-28
1824,Om Sachar,mitesh01@example.org,174020984.0,Junagadh,Jammu & Kashmir,Central,Occasional,2023-02-15
1825,Neha Patla,ethan82@example.com,919136759164.0,Gangtok,Punjab,North,Premium,2025-03-29
1826,Rayaan Doctor,balgirish@example.org,910852315682.0,Ramagundam,Chhattisgarh,Central,Regular,2023-02-20
1827,Advik Dass,zayanrana@example.org,7132025342.0,Jorhat,Haryana,North,Regular,2023-05-23
1828,Balveer Sem,brajan@example.com,919398766740.0,Morbi,Uttarakhand,Central,Regular,2024-05-31
1829,Falan Baral,lnigam@example.com,33051097.0,Anantapuram,Delhi,North,Regular,2026-04-14
1830,Laksh Padmanabhan,qadim65@example.com,916893927639.0,Udaipur,Odisha,East,New,2026-01-03
1831,Omkaar Vaidya,lakshmihanda@example.net,2786807042.0,Nagercoil,Haryana,North,New,2023-07-19
1832,Vihaan Brar,wahab11@example.net,9921353470.0,Chennai,Gujarat,West,Occasional,2026-06-15
1833,Aarush Tandon,aprasad@example.net,8494999635.0,Burhanpur,Jammu & Kashmir,Central,Regular,2026-01-29
1834,Oeshi Dass,khannaadvay@example.com,5194845422.0,Ballia,Jharkhand,East,New,2024-10-03
1835,Harrison Hayre,bakhshinarang@example.net,915419635110.0,Mehsana,Chhattisgarh,Central,Regular,2024-01-11
1836,Hredhaan Karpe,zkarnik@example.com,9050417372.0,Patiala,Uttarakhand,Central,Premium,2023-12-04
1837,Oni Sur,tbaral@example.org,2381281718.0,Nagercoil,Delhi,North,Regular,2023-09-21
1838,Saanvi Nagarajan,jagdishbobal@example.org,5963731149.0,Mathura,Uttarakhand,Central,Regular,2026-04-10
1839,Yahvi Rau,wrideshbhagat@example.com,5940038180.0,Erode,Gujarat,West,Regular,2023-01-22
1840,George Barad,dayalekansh@example.net,914140817028.0,Bhusawal,Odisha,East,Premium,2023-11-17
1841,Upma Walia,lhanda@example.org,9997032043.0,Shimla,Telangana,South,Regular,2022-11-17
1842,Samarth Mohanty,kai10@example.com,1004601041.0,Bhilai,Himachal Pradesh,North,Regular,2023-09-13
1843,Jeevika Nath,imitter@example.org,7223956721.0,Burhanpur,Maharashtra,West,Occasional,2023-08-11
1844,Watika Setty,esampath@example.net,5138771239.0,Katihar,Bihar,East,Regular,2025-12-28
1845,Tanmayi Dyal,mallyashawini@example.com,910451945586.0,Sirsa,Gujarat,West,Regular,2025-01-19
1846,Avni Comar,taraneha@example.com,315758593.0,Panvel,Gujarat,West,Regular,2026-02-18
1847,William Raman,bachittarpathak@example.com,9339271954.0,Bulandshahr,Chhattisgarh,Central,Regular,2025-04-28
1848,Osha Shan,deychatura@example.net,1537842055.0,Naihati,Assam,East,Regular,2023-08-01
1849,Ekaja Loke,balendra78@example.net,6778889221.0,Agra,Chhattisgarh,Central,Regular,2025-10-29
1850,Aditya Malhotra,mukherjeewarda@example.org,912461757804.0,Lucknow,Telangana,South,Premium,2024-07-19
1851,Prisha Rege,hbumb@example.com,4262447049.0,Nandyal,Karnataka,South,Regular,2025-07-25
1852,Amol Dalal,xshukla@example.org,913257044307.0,Guntur,Chhattisgarh,Central,Regular,2022-12-17
1853,Pallavi Wagle,mkunda@example.net,913043817799.0,Bhilwara,Telangana,South,Occasional,2023-12-03
1854,Bhanumati Sibal,mandaljairaj@example.org,3018643231.0,Raurkela Industrial Township,West Bengal,East,Premium,2024-04-30
1855,Kamya Chatterjee,ganesanubika@example.com,1700343743.0,Raichur,Uttar Pradesh,North,Regular,2025-07-17
1856,Upasna Minhas,narayananshivansh@example.com,915123115411.0,Guntakal,Tamil Nadu,South,New,2026-05-22
1857,Laksh Bala,fapte@example.org,916930052214.0,Ujjain,Madhya Pradesh,West,Regular,2026-03-02
1858,Raksha Konda,ryan84@example.net,915611615999.0,Gopalpur,Bihar,East,New,2025-05-12
1859,Odika Chada,forum53@example.com,8268295081.0,Pudukkottai,Uttar Pradesh,North,Regular,2025-09-26
1860,Azad Goswami,kiaanhayer@example.com,5935803528.0,Naihati,Jammu & Kashmir,Central,Regular,2025-01-29
1861,Diya Bath,ftrivedi@example.net,7354425247.0,Unnao,Jammu & Kashmir,Central,Regular,2022-09-24
1862,Bhavika Mahal,ylalla@example.net,910464006069.0,Pali,Karnataka,South,New,2024-08-30
1863,Jeremiah Shankar,janya37@example.com,3854609121.0,Rohtak,West Bengal,East,New,2023-11-17
1864,Naksh Patel,irya39@example.com,911609932470.0,Phusro,Gujarat,West,Premium,2022-09-18
1865,Laban Patel,soodchaman@example.org,916032503943.0,Shimoga,Uttarakhand,Central,New,2023-03-22
1866,Tripti Parmar,xaviersane@example.org,9496454959.0,Sirsa,Bihar,East,New,2026-08-07
1867,Oscar Sen,ikbaltailor@example.net,2718322402.0,Ghaziabad,Madhya Pradesh,West,Regular,2025-09-23
1868,Kai Soni,dchaudry@example.com,404655112.0,Ahmednagar,Karnataka,South,Regular,2023-07-02
1869,Jason Babu,abeer22@example.net,9207459528.0,Mango,Haryana,North,Occasional,2024-10-03
1870,Vritti Subramaniam,qabil39@example.org,4337327839.0,Adoni,Karnataka,South,New,2025-12-05
1871,Hemangini Dar,aroralakshit@example.com,917721434869.0,Tiruvottiyur,Uttar Pradesh,North,Occasional,2023-05-29
1872,Ekansh Patel,vamakshi31@example.org,2089831873.0,Tezpur,Madhya Pradesh,West,New,2023-07-14
1873,Vamakshi Kadakia,unnisengupta@example.org,912973414850.0,Malda,Gujarat,West,Regular,2024-02-24
1874,Avi Vora,nishabadami@example.org,722087121.0,Sri Ganganagar,Rajasthan,North,New,2025-06-17
1875,Ekiya Sachdev,deepwahab@example.org,915998751757.0,Davanagere,Goa,West,Regular,2023-05-18
1876,Akshay Vora,sarafaarush@example.net,1750241300.0,Anand,Jammu & Kashmir,Central,Premium,2023-04-28
1877,Wakeeta Palla,vnair@example.net,5095914504.0,Belgaum,Rajasthan,North,Regular,2025-04-09
1878,Mahika Sachar,maya27@example.org,6518142043.0,North Dumdum,Maharashtra,West,New,2026-06-12
1879,Aashi Rattan,hiteshsur@example.com,3493941667.0,Visakhapatnam,Telangana,South,Premium,2026-06-30
1880,Yasti Parsa,sanya49@example.org,910667264187.0,Adoni,Rajasthan,North,Regular,2024-06-28
1881,Tarak Sha,eben@example.org,9316459824.0,Bahraich,Uttar Pradesh,North,Regular,2024-07-11
1882,Anamika Sarraf,masterbalveer@example.com,9365187569.0,Bhiwani,Goa,West,New,2024-12-08
1883,Chandresh Kannan,upasnajoshi@example.com,1256721230.0,Suryapet,Jharkhand,East,Regular,2026-06-10
1884,Tanvi Toor,ishwar53@example.org,4256600980.0,Pallavaram,Assam,East,Occasional,2025-12-06
1885,Nikita Batra,azaanjain@example.com,913653298568.0,Tadepalligudem,Chhattisgarh,Central,Premium,2026-01-23
1886,Ridhi Bala,bbassi@example.org,917461433700.0,Gudivada,Maharashtra,West,New,2026-05-25
1887,Dayamai Mander,lilasarma@example.org,6387621577.0,Chennai,Uttar Pradesh,North,New,2022-12-13
1888,Aadhya Prasad,hsanghvi@example.net,914874142785.0,Rajkot,Chhattisgarh,Central,Regular,2025-10-03
1889,Yahvi Tella,aghose@example.org,4921223399.0,Bhilai,Jharkhand,East,Regular,2023-09-05
1890,Akshay Shenoy,kakarlakshit@example.net,448456771.0,Shimoga,Gujarat,West,New,2023-12-12
1891,Ladli Ramakrishnan,minhasdiya@example.com,9391164576.0,Hospet,Haryana,North,Regular,2023-01-30
1892,Kashish Som,zrajan@example.com,6085208529.0,Bijapur,Tamil Nadu,South,Regular,2025-10-22
1893,Qasim Bobal,dpatla@example.com,9887829887.0,Bhind,Goa,West,Regular,2024-01-05
1894,Anya Dhar,abdulsankar@example.org,8506929873.0,Bally,Gujarat,West,Regular,2024-02-23
1895,Lajita Srinivas,dalajasachdeva@example.com,919032143031.0,Tezpur,Maharashtra,West,New,2022-10-04
1896,Wyatt Bahri,chopraisaac@example.net,654885587.0,Serampore,Assam,East,New,2026-02-07
1897,Ishani Dube,vchawla@example.org,3697457835.0,Bidhannagar,Karnataka,South,New,2023-03-07
1898,Yachana Shan,khuranafalguni@example.com,6963389586.0,Jabalpur,Tamil Nadu,South,Regular,2025-01-16
1899,Eta Ram,dasindrajit@example.net,2469476293.0,Jorhat,Jharkhand,East,Regular,2024-08-01
1900,Raagini Vohra,jackson79@example.com,916799010271.0,Udupi,Tamil Nadu,South,New,2023-10-27
1901,Aditya Guha,gdutt@example.org,915190456244.0,South Dumdum,Tamil Nadu,South,Premium,2023-12-10
1902,Girindra Raman,pavani63@example.net,919350824326.0,North Dumdum,West Bengal,East,Premium,2023-04-02
1903,Aradhana Atwal,chatreshtalwar@example.com,9841420248.0,Jhansi,Maharashtra,West,Premium,2023-08-20
1904,Chandran Sura,jyoti09@example.org,3280999702.0,Gopalpur,Gujarat,West,Regular,2025-10-24
1905,Samaksh Chadha,aroraupadhriti@example.com,918235327737.0,Raichur,Madhya Pradesh,West,Regular,2022-08-18
1906,Ridhi Rao,sarmajoshua@example.com,7355481471.0,Pali,Rajasthan,North,Premium,2024-01-27
1907,Hitesh Nori,teerthdatta@example.net,2702150134.0,Kulti,Telangana,South,Regular,2024-05-04
1908,Rajeshri Dugar,nzacharia@example.net,8247733912.0,Korba,Chhattisgarh,Central,Regular,2025-01-12
1909,Imaran Divan,mpal@example.org,5571421162.0,Visakhapatnam,Tamil Nadu,South,New,2024-07-10
1910,Eshana Chakrabarti,aggarwalanya@example.com,916436444329.0,Giridih,Uttar Pradesh,North,New,2026-02-26
1911,Manan Dugar,bhallaubika@example.net,912768352780.0,Bongaigaon,Jammu & Kashmir,Central,Regular,2023-01-03
1912,Hitesh Bhalla,raghavzachariah@example.com,910009006325.0,Fatehpur,Delhi,North,Regular,2023-12-21
1913,Ganga Mander,jpingle@example.com,917284703446.0,Muzaffarnagar,Karnataka,South,New,2026-07-29
1914,Kritika Pandya,swadhwa@example.org,4635175735.0,Kottayam,Jammu & Kashmir,Central,New,2023-05-24
1915,Xalak Randhawa,tparmer@example.net,9656003375.0,South Dumdum,Jammu & Kashmir,Central,New,2024-03-03
1916,Anita Varty,logan10@example.net,912251455795.0,Malda,Andhra Pradesh,South,New,2025-01-12
1917,Victor Sundaram,customer_1917@unknown.com,N/A,Muzaffarnagar,West Bengal,East,Regular,2025-05-04
1918,Mohammed Gola,jairajbabu@example.net,915243922950.0,Farrukhabad,Odisha,East,Regular,2025-12-21
1919,Kiaan Lad,customer_1919@unknown.com,N/A,Sambhal,Maharashtra,West,New,2025-01-09
1920,Chandresh Sarma,deepamitter@example.com,6694836094.0,Kadapa,Chhattisgarh,Central,Regular,2024-07-23
1921,Ishani Babu,gautami92@example.com,6297266923.0,Khammam,Tamil Nadu,South,New,2024-05-07
1922,Vinaya Konda,nitara89@example.net,917047233446.0,Sikar,Odisha,East,Premium,2024-07-07
1923,Ira Chaudhry,libni18@example.org,8628868879.0,Darbhanga,Chhattisgarh,Central,New,2023-01-22
1924,Anirudh Korpal,fiyaz86@example.net,5613440883.0,Salem,Chhattisgarh,Central,Regular,2023-09-05
1925,Ayaan Dara,rhalder@example.com,9123779398.0,Mysore,Chhattisgarh,Central,Premium,2024-12-04
1926,Nathaniel Bala,rajantanveer@example.org,5200239152.0,Srinagar,Jammu & Kashmir,Central,Regular,2025-11-29
1927,Xavier Rana,ekalingamanne@example.org,8212702318.0,Karawal Nagar,Uttarakhand,Central,Regular,2026-07-23
1928,Isaiah Goswami,andrew31@example.net,7569000191.0,Gandhinagar,Jammu & Kashmir,Central,Regular,2023-05-29
1929,Simon Ghosh,dayamai83@example.com,918715154746.0,Raipur,Telangana,South,Premium,2026-04-22
1930,Sneha Apte,vasudhadhaliwal@example.net,910400938083.0,Tezpur,Jammu & Kashmir,Central,Premium,2024-08-03
1931,Praneel Jayaraman,isaiahrai@example.net,59324183.0,Etawah,Gujarat,West,New,2025-05-04
1932,Leena Dyal,manbir02@example.org,911167954283.0,Kharagpur,Kerala,South,Occasional,2023-05-29
1933,Harrison Chacko,gsehgal@example.org,916786290251.0,Maheshtala,Delhi,North,Regular,2024-09-17
1934,Aahana Gara,osavant@example.org,912099417530.0,Ahmedabad,Himachal Pradesh,North,New,2024-10-07
1935,Faras Vig,falan05@example.org,5508485284.0,Unnao,Uttarakhand,Central,Regular,2024-02-23
1936,Viraj Taneja,rajata79@example.com,910830764405.0,Pondicherry,Odisha,East,Premium,2024-07-05
1937,Frado Tank,riyaganesh@example.com,9732829018.0,Bikaner,Tamil Nadu,South,Premium,2024-01-03
1938,Hritik Chana,devhans@example.com,916368019905.0,Mangalore,Odisha,East,New,2022-08-28
1939,Nandini Murty,bhattiupasna@example.net,4711706485.0,Tezpur,Odisha,East,Premium,2023-11-25
1940,Robert Chakraborty,aachalbhalla@example.com,9044813881.0,Amravati,West Bengal,East,Regular,2024-06-18
1941,Gautami Ray,dratti@example.com,1952496017.0,Tezpur,Odisha,East,Regular,2023-01-14
1942,Shivani Sami,garima17@example.com,912238045347.0,Gandhidham,Jammu & Kashmir,Central,Occasional,2023-04-07
1943,Ekantika Gupta,danielpandit@example.net,2848987358.0,Akola,Karnataka,South,Regular,2024-07-27
1944,Ranveer Kale,urmi02@example.net,939866398.0,Yamunanagar,Jharkhand,East,Occasional,2024-07-24
1945,Amaira Deshmukh,lkothari@example.net,915652391886.0,Machilipatnam,Himachal Pradesh,North,Regular,2023-10-30
1946,Urvashi Kothari,upkaar34@example.org,2016633401.0,Guntur,Andhra Pradesh,South,New,2023-04-26
1947,Mitali Hayre,hemal26@example.org,2886233570.0,Bally,Uttarakhand,Central,Premium,2023-01-01
1948,Janani Dalal,samar44@example.org,911175494495.0,Tumkur,Maharashtra,West,New,2023-09-29
1949,Chandani Gola,kritika38@example.org,1291164792.0,Munger,Assam,East,New,2023-04-27
1950,Yachana Sathe,zehaansastry@example.net,915399875915.0,Delhi,Assam,East,Premium,2023-11-02
1951,Diya Dar,jyoti18@example.org,7923057824.0,Thiruvananthapuram,Telangana,South,New,2022-11-15
1952,Yahvi Chand,zayanravel@example.com,917862430146.0,Khandwa,West Bengal,East,Occasional,2022-12-08
1953,Ishaan Bala,psachdev@example.net,4912187906.0,Bangalore,West Bengal,East,Regular,2024-05-26
1954,Amaira Sarma,pallaaditya@example.org,912502316004.0,Gaya,Gujarat,West,Premium,2024-06-01
1955,Noah Sagar,kiaanchowdhury@example.org,918614984250.0,Tadipatri,Gujarat,West,Premium,2026-06-26
1956,Sneha Tiwari,nihal00@example.net,914144246073.0,Gulbarga,Odisha,East,New,2024-04-16
1957,Ekansh Pandya,omkaar85@example.net,9475763798.0,Guntakal,Jharkhand,East,Regular,2023-08-30
1958,Harini Murthy,ksridhar@example.com,9836760741.0,Arrah,Kerala,South,Premium,2023-08-03
1959,Anjali Wason,nadigaayush@example.com,919035602858.0,Tadipatri,Bihar,East,Premium,2025-02-08
1960,Pavani Aurora,wkakar@example.com,7607512101.0,Bikaner,Tamil Nadu,South,Regular,2025-04-20
1961,Laksh Raghavan,bhavika18@example.org,914594085935.0,Dindigul,Uttar Pradesh,North,Occasional,2024-04-07
1962,Nakul Malhotra,upmasetty@example.net,5076557374.0,Bhatpara,Maharashtra,West,New,2023-08-20
1963,Onkar Garde,bina67@example.net,175227929.0,Phusro,Chhattisgarh,Central,Regular,2024-01-07
1964,Falak Edwin,mekhalataneja@example.com,9990203854.0,Bahraich,Goa,West,New,2025-07-12
1965,Adweta Chakraborty,fitan24@example.org,9575385139.0,Gandhinagar,Tamil Nadu,South,New,2022-08-13
1966,Gauri Dyal,omisha14@example.org,6204085206.0,Kurnool,Jammu & Kashmir,Central,Occasional,2025-08-11
1967,Faraj Biswas,fvora@example.org,2826593380.0,Kota,Tamil Nadu,South,Premium,2023-09-25
1968,Vasana Chada,pbava@example.org,3085441843.0,Chinsurah,Chhattisgarh,Central,Regular,2025-08-21
1969,Amol Issac,kapadiaurishilla@example.net,210936767.0,Madhyamgram,Himachal Pradesh,North,New,2022-11-04
1970,Omaja Oommen,tpurohit@example.com,4590348195.0,Panihati,Haryana,North,Premium,2024-07-18
1971,Hritik Bedi,lakshmijayaraman@example.net,5330892333.0,Tiruppur,Delhi,North,Premium,2024-02-19
1972,Deepa Venkatesh,gayathri07@example.org,916406260674.0,Imphal,West Bengal,East,Premium,2024-03-01
1973,Chameli Mohan,ksarkar@example.org,4834279730.0,Ballia,Bihar,East,Regular,2025-04-20
1974,Rajeshri Narang,wganguly@example.org,235893771.0,Dindigul,Kerala,South,Regular,2023-10-23
1975,Aishani Wali,mitalishita@example.org,5991945644.0,Chandrapur,Jharkhand,East,New,2024-12-07
1976,Maanas Khanna,balanaarna@example.org,2428678554.0,Bangalore,Bihar,East,Regular,2025-11-16
1977,Yadavi Singhal,wpal@example.org,914670936725.0,Warangal,Delhi,North,Occasional,2025-12-17
1978,Dakshesh Mukherjee,shenoyveda@example.net,917346031613.0,Ahmedabad,Jammu & Kashmir,Central,Regular,2026-06-21
1979,Joshua Chahal,wloyal@example.com,2754283286.0,Ambala,Uttarakhand,Central,Premium,2025-10-14
1980,Isha Ben,hraman@example.net,915571556616.0,Karaikudi,Bihar,East,Occasional,2024-01-19
1981,Caleb Khatri,ykhare@example.com,595516113.0,Dharmavaram,Assam,East,Regular,2025-02-01
1982,Raghav Grover,advikaprabhu@example.org,2569619212.0,Tezpur,Haryana,North,Premium,2024-01-13
1983,Lipika Sunder,vasatika98@example.net,6319630527.0,Bhilwara,Assam,East,Regular,2024-07-12
1984,Lopa Goswami,idikabrar@example.com,2301274690.0,Morbi,Tamil Nadu,South,Premium,2025-08-16
1985,Hritik Chana,dkohli@example.net,855360622.0,Ahmedabad,Delhi,North,Regular,2024-04-09
1986,Ijaya Sahni,pjhaveri@example.net,7756942984.0,Mumbai,Punjab,North,Regular,2024-05-14
1987,Abhiram Banik,nathanielsingh@example.org,913248274635.0,Berhampur,Jammu & Kashmir,Central,Premium,2026-01-04
1988,Odika Buch,varmamatthew@example.org,918069586218.0,Kollam,Goa,West,Regular,2025-12-16
1989,Harshil Chandra,yadavibrar@example.com,9036666369.0,Nangloi Jat,Telangana,South,Regular,2026-07-08
1990,Yatin Dutt,lnarain@example.net,5033790294.0,Kamarhati,Gujarat,West,Regular,2023-05-11
1991,Tejas Pai,hritikiyer@example.org,4527567195.0,Kulti,Maharashtra,West,Premium,2024-09-12
1992,Neha Thaker,dbhatia@example.org,916524948918.0,Kozhikode,Madhya Pradesh,West,Regular,2022-11-04
1993,Yashica Thakkar,aayushborah@example.com,914977764913.0,Guwahati,Karnataka,South,New,2026-01-04
1994,Ridhi Sachdev,laksh82@example.org,6195490294.0,Amaravati,Uttarakhand,Central,Occasional,2024-05-07
1995,Ranveer Kunda,tara76@example.com,913886550091.0,Hindupur,Gujarat,West,New,2025-12-03
1996,Sachi Varma,luckyjoshi@example.net,5936019412.0,Ludhiana,Odisha,East,Premium,2024-02-01
1997,Hitesh Narang,nimratbanerjee@example.net,7807202033.0,Jabalpur,Delhi,North,Premium,2024-05-17
1998,Prisha Randhawa,osangha@example.com,910373448365.0,Karawal Nagar,Jharkhand,East,Premium,2023-04-14
1999,Harrison Agate,nidra57@example.com,919677054673.0,Aurangabad,Kerala,South,New,2022-08-13
2000,Abdul Om,pavani88@example.com,3058868102.0,Rajpur Sonarpur,Jammu & Kashmir,Central,Regular,2024-04-12
2001,Patrick Sami,udatta@example.com,8009580401.0,Kharagpur,Punjab,North,New,2023-01-05
2002,Unni Arya,balekavir@example.net,73885467.0,Tirupati,Haryana,North,Premium,2023-02-17
2003,Barkha Kohli,kkata@example.net,918941319859.0,Mehsana,Haryana,North,Premium,2025-09-16
2004,Luke Chopra,agastyapalla@example.com,918425111903.0,Ghaziabad,Madhya Pradesh,West,Regular,2022-11-25
2005,Chaaya Ganesan,dev25@example.net,9990323887.0,Bhind,Telangana,South,Regular,2023-11-21
2006,Balhaar Ram,ekajabobal@example.org,399783874.0,Jammu,Madhya Pradesh,West,Regular,2024-04-07
2007,Yashvi Hegde,kkhare@example.net,3970266382.0,Chittoor,Telangana,South,Regular,2022-09-14
2008,Dayamai Buch,jacob33@example.org,917860577677.0,Guntakal,Goa,West,Premium,2023-02-18
2009,Bahadurjit Kari,dugalsachi@example.com,4058923036.0,Burhanpur,Karnataka,South,New,2023-03-12
2010,Vasatika Choudhry,amairasodhi@example.net,916557136496.0,Rampur,Himachal Pradesh,North,Occasional,2024-06-22
2011,Girish More,veer75@example.org,7448825269.0,Gorakhpur,Uttarakhand,Central,Regular,2025-07-31
2012,Hemang Chauhan,murtyrachita@example.com,913851576467.0,Arrah,Uttarakhand,Central,Regular,2026-01-31
2013,Aditya Jain,ekanshkapoor@example.com,5027586034.0,Gandhinagar,Punjab,North,Regular,2022-11-13
2014,Samuel Zachariah,yashmital@example.net,2457051557.0,Sambhal,Maharashtra,West,Premium,2023-06-22
2015,Samaksh Ganesan,maanav71@example.com,918628697476.0,Thrissur,Uttarakhand,Central,Regular,2023-06-06
2016,Aryan Kadakia,arya78@example.com,2681931922.0,Mysore,Delhi,North,Regular,2025-04-20
2017,Udant Dewan,ramanathanqasim@example.com,919418545541.0,Ratlam,Telangana,South,Occasional,2025-11-23
2018,Frederick Lal,behlvincent@example.com,3032826735.0,Pudukkottai,Uttar Pradesh,North,New,2024-11-25
2019,Sanya Rai,saanvi16@example.net,6213250862.0,Jorhat,Goa,West,Regular,2022-08-26
2020,Brinda Kade,raksha60@example.net,8823092587.0,Saharsa,Uttarakhand,Central,Regular,2023-12-12
2021,Megha Sibal,mayakadakia@example.org,3308460172.0,Saharanpur,Odisha,East,Premium,2025-02-25
2022,Warinder Johal,mmuni@example.org,4749116343.0,Berhampur,Jharkhand,East,New,2024-10-18
2023,Guneet Rama,xkeer@example.com,2284554140.0,Malda,West Bengal,East,Premium,2023-01-06
2024,Max Gaba,faqid10@example.net,8610660026.0,Sagar,Jammu & Kashmir,Central,Regular,2025-03-24
2025,Hemang Sathe,gautami38@example.net,1624410667.0,Imphal,Kerala,South,Regular,2024-05-23
2026,Manbir Borra,dpalla@example.org,4238935440.0,Solapur,Chhattisgarh,Central,Regular,2024-08-12
2027,Alexander Shetty,zaitraprasad@example.org,913050667148.0,Muzaffarpur,Uttarakhand,Central,Regular,2026-01-06
2028,Rushil Dara,qbuch@example.com,5541298249.0,Sangli-Miraj & Kupwad,West Bengal,East,Regular,2026-07-26
2029,Yashica Bora,pratyush08@example.net,5217680126.0,Rourkela,Uttarakhand,Central,Premium,2022-08-20
2030,Falak Bhandari,tkari@example.org,9139430325.0,Gulbarga,Madhya Pradesh,West,Regular,2024-01-13
2031,Mekhala Doshi,victortiwari@example.com,376543999.0,Bhatpara,Chhattisgarh,Central,New,2024-09-05
2032,Anirudh Halder,atharvvirk@example.com,4148632908.0,Jaipur,Gujarat,West,Regular,2026-03-13
2033,Anita Vaidya,vcherian@example.net,915182377210.0,Karawal Nagar,Goa,West,New,2024-01-10
2034,Aarini Singhal,hredhaanbora@example.com,917400345688.0,Bettiah,Kerala,South,Occasional,2023-09-09
2035,Vidhi Joshi,xmemon@example.com,6660723660.0,Nandyal,Karnataka,South,Regular,2024-04-18
2036,Manbir Ahuja,agarwalreyansh@example.com,9382528940.0,Thrissur,Uttar Pradesh,North,New,2023-09-25
2037,Janya Dada,ibadami@example.com,5775266848.0,Bellary,Madhya Pradesh,West,Occasional,2025-01-30
2038,Prisha Hegde,hsinghal@example.org,5248135376.0,Sangli-Miraj & Kupwad,Tamil Nadu,South,Regular,2025-06-12
2039,Thomas Apte,ishitakhosla@example.net,2608853298.0,Patiala,Madhya Pradesh,West,New,2025-03-16
2040,Girik Chad,vrinda47@example.com,7377049909.0,Berhampore,Uttarakhand,Central,Premium,2023-11-05
2041,Dayita Patla,knayar@example.com,3961034057.0,Rewa,Madhya Pradesh,West,Premium,2024-11-18
2042,Charan Venkataraman,memonimaran@example.net,7569430721.0,Malda,Madhya Pradesh,West,Regular,2024-11-30
2043,Panini Chaudhuri,gnagarajan@example.com,913634110485.0,Miryalaguda,Andhra Pradesh,South,Premium,2026-01-08
2044,Shivani Choudhry,lekhanarang@example.com,2818291278.0,Dehradun,Uttarakhand,Central,New,2026-07-06
2045,Nidhi Bal,harish58@example.com,3730437631.0,Arrah,Telangana,South,Regular,2023-09-17
2046,Wakeeta Bains,bdasgupta@example.net,4814400040.0,Uluberia,Jammu & Kashmir,Central,Regular,2025-01-06
2047,Manthan Khare,behlpahal@example.com,917972968228.0,Farrukhabad,Rajasthan,North,Premium,2024-05-10
2048,Samuel Loke,vedika99@example.org,1973665475.0,Karaikudi,West Bengal,East,Premium,2023-04-08
2049,Veda Bhavsar,naiduraghav@example.net,2590677185.0,Rewa,Uttar Pradesh,North,New,2025-08-06
2050,Vaishnavi Mann,anmolkurian@example.org,915600413166.0,Kirari Suleman Nagar,Uttarakhand,Central,Premium,2022-08-15
2051,Varsha Acharya,jchoudhry@example.com,7176350642.0,Sangli-Miraj & Kupwad,Rajasthan,North,New,2024-02-10
2052,Chaitaly Kade,surniharika@example.com,2270254316.0,Ramgarh,Uttar Pradesh,North,Premium,2025-01-12
2053,Yashvi More,emahajan@example.org,6046782036.0,Katni,Himachal Pradesh,North,Premium,2022-11-23
2054,Ekaja Panchal,goyalmaya@example.org,914097312206.0,Bahraich,Uttarakhand,Central,Premium,2025-07-24
2055,Ekantika Mangat,nairvivaan@example.net,2421694353.0,Orai,Assam,East,New,2024-06-18
2056,Ethan Shukla,pauekansh@example.org,573213678.0,Sagar,Madhya Pradesh,West,Premium,2025-10-12
2057,Kashish Deol,uchoudhary@example.org,917055705295.0,Kishanganj,Goa,West,Regular,2024-02-17
2058,Amara Mann,daterayaan@example.com,9989625869.0,Silchar,Odisha,East,Regular,2024-04-22
2059,Raagini Bakshi,rajagopalrachit@example.com,5151797519.0,Fatehpur,Jammu & Kashmir,Central,Regular,2023-08-29
2060,Gaurika Kamdar,gerasuhani@example.org,4580197621.0,Agartala,Uttarakhand,Central,Regular,2026-05-06
2061,Mekhala Malhotra,ubose@example.org,6532224708.0,Delhi,Gujarat,West,Premium,2024-05-20
2062,Hritik Ganesh,nbora@example.net,4089437481.0,Rewa,Assam,East,Regular,2023-01-25
2063,Vinaya Krish,atwalandrew@example.com,8990580814.0,Nellore,Maharashtra,West,Regular,2024-10-20
2064,Aryan Oak,chowdhurychanakya@example.com,3586990213.0,Jalandhar,Haryana,North,Regular,2023-07-14
2065,Chavvi Sahota,devanfalan@example.org,6764281259.0,Sikar,Uttarakhand,Central,Regular,2024-05-11
2066,Charan Shankar,yashodhara84@example.net,5912609203.0,Vijayawada,West Bengal,East,New,2025-12-01
2067,Rachita Pingle,fpandya@example.net,916657813049.0,Howrah,Chhattisgarh,Central,Occasional,2025-09-09
2068,Yachana Randhawa,harish64@example.com,918629532230.0,Siliguri,Andhra Pradesh,South,Regular,2023-11-26
2069,Lekha Kumar,grewalodika@example.org,919557458618.0,North Dumdum,Kerala,South,New,2023-10-07
2070,Yatan Muni,vasatheodore@example.com,4278859881.0,Kanpur,Andhra Pradesh,South,Regular,2026-04-01
2071,Kashish Raj,pranavprabhakar@example.net,6276223683.0,Akola,Chhattisgarh,Central,Regular,2024-06-15
2072,Vihaan Kumar,waliasamesh@example.net,9557802280.0,Malda,Uttar Pradesh,North,Premium,2024-08-11
2073,Avi Salvi,chamanpatil@example.org,916944735341.0,Shahjahanpur,Andhra Pradesh,South,New,2024-09-22
2074,Azaan Kalla,williamdasgupta@example.net,6790667477.0,Faridabad,Madhya Pradesh,West,Regular,2025-04-03
2075,Fariq Bhat,aarav83@example.net,3782601877.0,Udupi,Gujarat,West,Regular,2025-08-22
2076,Tristan Guha,lucky25@example.org,3922425777.0,Sirsa,West Bengal,East,Premium,2025-10-24
2077,Janaki Sehgal,chanakya21@example.net,8521148460.0,Burhanpur,Delhi,North,Regular,2024-07-20
2078,Meghana Warrior,ttiwari@example.org,914759835894.0,Fatehpur,Madhya Pradesh,West,Regular,2023-06-02
2079,Yash Goel,wyatt20@example.org,4616794677.0,Saharsa,Chhattisgarh,Central,Regular,2022-11-06
2080,Tanveer Sachdeva,customer_2080@unknown.com,N/A,Thoothukudi,Madhya Pradesh,West,Regular,2025-11-07
2081,Gagan Mand,fkala@example.com,6263896549.0,Madhyamgram,Uttarakhand,Central,Regular,2025-04-17
2082,Varenya Dube,anmolbasu@example.net,1001428669.0,Tenali,Madhya Pradesh,West,New,2025-01-13
2083,Frederick Nagy,lnaik@example.com,914909671080.0,Bilaspur,Jammu & Kashmir,Central,Occasional,2023-05-22
2084,Yutika Sule,anjalidugar@example.net,917496652948.0,Varanasi,Rajasthan,North,Premium,2025-04-18
2085,Tanmayi Dash,vdugal@example.com,912343353675.0,Karawal Nagar,Goa,West,Regular,2024-01-30
2086,Simon Krishna,lipikanatt@example.net,5031049791.0,Mumbai,West Bengal,East,Regular,2024-09-23
2087,Falan Gopal,sacharfrederick@example.net,9074666974.0,Saharanpur,Uttarakhand,Central,Premium,2024-08-11
2088,Tripti Dar,bimalakarpe@example.com,6830325369.0,Asansol,Telangana,South,New,2025-12-26
2089,Eshana Wali,fraghavan@example.org,781072839.0,Surendranagar Dudhrej,Uttarakhand,Central,New,2026-05-15
2090,Amrita Sagar,goswamikritika@example.org,9936319627.0,Singrauli,Kerala,South,Premium,2026-03-10
2091,Aadhya Kapoor,nagardevansh@example.net,5663006362.0,Meerut,Delhi,North,Regular,2025-07-31
2092,Lopa Lad,sehgalyashvi@example.com,481135373.0,Bharatpur,Rajasthan,North,Regular,2024-02-20
2093,Vasudha Gade,manya77@example.com,554899071.0,Dharmavaram,Goa,West,Regular,2026-07-28
2094,Gopal Nanda,qadim70@example.org,2933132689.0,Chittoor,Odisha,East,Regular,2026-07-11
2095,Osha Bahri,devanshkrish@example.com,8415771291.0,Malegaon,Rajasthan,North,Regular,2026-01-29
2096,Dev Pandit,echada@example.com,5589223552.0,Miryalaguda,Jammu & Kashmir,Central,New,2025-08-04
2097,Rajeshri Hayer,doramanbir@example.net,2933528789.0,Vasai-Virar,Telangana,South,Premium,2024-09-11
2098,Indali Rout,vedhika26@example.net,4746455072.0,Kota,Delhi,North,New,2024-03-15
2099,Jason Pandit,vorachandran@example.net,5645058105.0,Moradabad,Andhra Pradesh,South,New,2025-11-01
2100,Vidhi Swamy,zehaan76@example.org,3788663646.0,Latur,Chhattisgarh,Central,New,2022-08-14
2101,Vivaan Mital,rsavant@example.net,6337922628.0,Tadepalligudem,Kerala,South,Regular,2026-08-05
2102,Hemani Acharya,tejassundaram@example.com,918734505219.0,Bangalore,Himachal Pradesh,North,Premium,2026-07-18
2103,Zayyan Solanki,omajabala@example.net,9629145977.0,Alappuzha,Jharkhand,East,New,2023-12-21
2104,Edhitha Contractor,sarnachanchal@example.com,3665397885.0,Dewas,Odisha,East,Regular,2024-03-20
2105,Janaki Sethi,kondaisaiah@example.net,8444961639.0,Bokaro,Haryana,North,New,2024-10-05
2106,Zashil Sood,rsubramanian@example.org,2123848775.0,Srinagar,Madhya Pradesh,West,Regular,2024-01-20
2107,Zilmil Singh,kashvi79@example.net,3229000590.0,Baranagar,Haryana,North,Occasional,2025-12-14
2108,Raksha Karpe,jnagy@example.com,591934424.0,Cuttack,Bihar,East,Regular,2024-02-07
2109,Harshil Desai,vivaankoshy@example.org,5335359759.0,Aurangabad,Gujarat,West,Premium,2026-04-08
2110,Yahvi Grewal,ravalaadi@example.net,8757882737.0,Shahjahanpur,Andhra Pradesh,South,Regular,2024-04-18
2111,Tamanna Kanda,rajeshrirajan@example.com,919797855004.0,Bharatpur,Uttarakhand,Central,Regular,2022-10-24
2112,Sachi Dey,ndugar@example.net,107932265.0,Sultan Pur Majra,Punjab,North,New,2025-06-05
2113,Hemani Mann,bkhanna@example.com,4156711775.0,Bhimavaram,Delhi,North,Regular,2024-10-22
2114,Nitesh Mall,gautam98@example.com,884075538.0,Bharatpur,Jammu & Kashmir,Central,Regular,2024-12-15
2115,Hamsini Sood,rajeshrivig@example.org,5070513069.0,Sultan Pur Majra,Maharashtra,West,New,2023-06-12
2116,Kabir Warrior,nadkarnilipika@example.net,918702785379.0,Gorakhpur,Tamil Nadu,South,Occasional,2023-05-21
2117,Dayita Chad,urvashichauhan@example.com,910639085830.0,Karaikudi,Goa,West,Regular,2023-11-03
2118,Pavani Varty,sampathsaanvi@example.org,918665606775.0,Phusro,Jharkhand,East,Premium,2023-09-21
2119,Yagnesh Narain,harish05@example.net,7725040258.0,Indore,Jammu & Kashmir,Central,Occasional,2024-02-15
2120,Eshana Wadhwa,ndora@example.com,8457208024.0,Pune,Madhya Pradesh,West,Regular,2025-04-13
2121,Frederick Pingle,sibalchavvi@example.net,911660816115.0,Eluru,Rajasthan,North,Regular,2025-12-25
2122,Vihaan Mane,majumdarridhi@example.net,5000458408.0,Bikaner,Madhya Pradesh,West,Regular,2024-06-20
2123,Arin Ravi,rajagopalandayita@example.net,9356580363.0,Sambhal,Uttarakhand,Central,Regular,2025-04-10
2124,Logan Gala,janani58@example.net,917083351424.0,Pudukkottai,Jharkhand,East,Regular,2023-11-09
2125,Neelima Kota,bariabakhshi@example.com,3980488672.0,Vasai-Virar,Haryana,North,Premium,2025-04-17
2126,Krisha Choudhary,kbehl@example.net,7317098166.0,Rajahmundry,West Bengal,East,New,2023-11-23
2127,Victor Menon,rchopra@example.org,1501645466.0,Uluberia,Bihar,East,Regular,2026-05-30
2128,Isaac Dubey,theodore61@example.org,6987622957.0,Unnao,Punjab,North,New,2024-06-24
2129,Baljiwan Bhasin,ddar@example.org,3157160426.0,Bilaspur,Jharkhand,East,New,2023-10-21
2130,Sara Chahal,cnatarajan@example.com,1526445829.0,Kavali,Jharkhand,East,Regular,2026-02-28
2131,Aarini Chadha,kandaubika@example.net,914987620938.0,Raiganj,Gujarat,West,Regular,2023-10-29
2132,Eshana Gala,oscar76@example.org,7414644026.0,Jhansi,Tamil Nadu,South,New,2023-08-29
2133,Barkha Dubey,ira56@example.org,3262138415.0,Srinagar,Chhattisgarh,Central,Premium,2024-02-10
2134,Indira Mahajan,janakidhaliwal@example.com,568808482.0,Bahraich,Rajasthan,North,Premium,2026-03-12
2135,Ekbal Dora,nguha@example.com,912937813267.0,Bidhannagar,Madhya Pradesh,West,Occasional,2023-04-11
2136,Mohammed Rout,saumyasekhon@example.net,7469588194.0,Siwan,Delhi,North,Regular,2023-08-31
2137,Chaitaly Dora,amrita99@example.org,913675726684.0,Bathinda,West Bengal,East,Regular,2024-07-05
2138,Pahal Sarna,rachitbalay@example.org,916131779053.0,Kalyan-Dombivli,Telangana,South,Premium,2023-08-04
2139,Timothy Gulati,harshnagar@example.net,1801664802.0,Bhusawal,Chhattisgarh,Central,New,2026-07-03
2140,Jagdish Kapadia,rishi11@example.com,3978157341.0,Adoni,Tamil Nadu,South,Regular,2023-03-09
2141,Anthony Purohit,garora@example.com,913650460262.0,Bijapur,Andhra Pradesh,South,New,2026-01-11
2142,Karan Dhillon,henry82@example.com,1350621084.0,Solapur,Maharashtra,West,Regular,2026-04-13
2143,Watika Badami,tdeshpande@example.net,1099752686.0,Dindigul,Tamil Nadu,South,Regular,2023-12-26
2144,Omya Chander,hgade@example.com,917373087143.0,Jammu,Haryana,North,New,2022-10-28
2145,Mohammed Bal,ommahika@example.org,702474857.0,Rajkot,Punjab,North,Premium,2025-03-30
2146,Triya Kari,narayananowen@example.org,3229725401.0,Guntakal,Chhattisgarh,Central,New,2023-08-05
2147,Chakrika Suri,bishakha31@example.net,6459478007.0,Gopalpur,Delhi,North,Premium,2025-06-18
2148,Tarak Ratta,pvirk@example.com,5504583875.0,Ahmedabad,Chhattisgarh,Central,Regular,2025-10-25
2149,Ucchal Balay,guhajack@example.com,911135980433.0,Bhubaneswar,Andhra Pradesh,South,Regular,2026-05-01
2150,Osha Salvi,andrew10@example.org,6019335206.0,Akola,Goa,West,Regular,2026-01-15
2151,Chatura Johal,ramaanya@example.org,6331614082.0,Vasai-Virar,Jammu & Kashmir,Central,Regular,2026-01-20
2152,Vaishnavi Chada,mdara@example.net,5740519950.0,Khora,Tamil Nadu,South,Premium,2022-08-24
2153,Abdul Natarajan,zsastry@example.org,5263595176.0,Mirzapur,West Bengal,East,Regular,2026-06-03
2154,Imaran Khatri,doctorquincy@example.net,7106656024.0,Nellore,Andhra Pradesh,South,Regular,2023-05-21
2155,Ria Sawhney,finn49@example.org,7175322799.0,Karnal,Assam,East,Regular,2024-03-03
2156,Jairaj Mutti,nvirk@example.net,9168317151.0,Jabalpur,Telangana,South,Regular,2023-04-22
2157,Adya D’Alia,brindatella@example.com,4673137174.0,Chapra,Himachal Pradesh,North,Premium,2023-09-16
2158,Nimrat Ratti,dayita50@example.net,7034011761.0,Bhopal,Tamil Nadu,South,New,2026-05-27
2159,Samuel Bansal,chawlajeremiah@example.com,918318172035.0,Dharmavaram,Delhi,North,Regular,2024-04-04
2160,Pahal Lad,balasubramaniandevansh@example.net,915426078241.0,Bidar,Himachal Pradesh,North,New,2024-03-25
2161,Samesh Madan,chavviboase@example.org,7546624822.0,Ghaziabad,Jharkhand,East,New,2026-04-24
2162,Chaaya Date,buchpahal@example.net,6038951592.0,Alwar,Gujarat,West,Regular,2025-05-08
2163,Mahika Nagar,dhruvtandon@example.com,4533164950.0,Visakhapatnam,Assam,East,Premium,2026-07-10
2164,Bhavna Chauhan,kalavamakshi@example.net,913463107890.0,Jorhat,Karnataka,South,Premium,2025-12-04
2165,Sneha Prashad,choudhuryutkarsh@example.org,1544747334.0,Serampore,Rajasthan,North,Regular,2024-06-07
2166,Yuvraj Sankaran,gbanerjee@example.net,8525317504.0,Phusro,Maharashtra,West,Premium,2025-05-24
2167,Andrew Butala,vasafalak@example.net,8974095290.0,Raichur,Odisha,East,Regular,2023-07-10
2168,Vasudha Dua,waliamara@example.com,2668063992.0,Solapur,Chhattisgarh,Central,Regular,2022-10-01
2169,Gautam Pal,balendra62@example.net,8908806831.0,Jalgaon,Chhattisgarh,Central,Premium,2024-06-03
2170,Triveni Natarajan,manthandyal@example.org,911256772503.0,Haldia,Jammu & Kashmir,Central,Regular,2025-06-14
2171,Parth Sharma,lalgeorge@example.org,2773235737.0,Bokaro,Kerala,South,Regular,2023-02-19
2172,Dayamai Dora,krishnanqasim@example.org,9374158719.0,Asansol,Uttar Pradesh,North,New,2026-06-22
2173,Forum Deshpande,upkaar09@example.com,8779936427.0,Jaunpur,Madhya Pradesh,West,Regular,2024-01-25
2174,Sudiksha Dixit,hardiksami@example.net,912921351113.0,Dhanbad,Delhi,North,Premium,2025-02-05
2175,Vaishnavi Narasimhan,kashishbasu@example.org,6948412322.0,Ambattur,Bihar,East,Regular,2023-01-25
2176,Bahadurjit Sule,ekantasom@example.org,9439137085.0,Kadapa,Assam,East,New,2026-04-02
2177,Omkaar Dasgupta,isaacsamra@example.net,2260809937.0,Serampore,Maharashtra,West,Regular,2023-06-26
2178,Falan Sen,anamika98@example.net,918037473811.0,Dhule,Rajasthan,North,Regular,2023-01-24
2179,Zashil Lata,tgara@example.com,4077005355.0,Kurnool,Punjab,North,Premium,2024-07-03
2180,Harrison Dash,golavincent@example.net,284779825.0,Raichur,Uttar Pradesh,North,New,2026-07-06
2181,Ekaraj Prabhu,gmenon@example.com,913070666706.0,Muzaffarpur,Jammu & Kashmir,Central,Regular,2023-07-18
2182,Ekapad Sankar,chawlagaurangi@example.com,3093731340.0,Morbi,Kerala,South,Regular,2022-12-30
2183,Unnati Anand,vedikakakar@example.org,1892004582.0,Morena,Haryana,North,Regular,2024-09-15
2184,Mahika Gopal,saumya42@example.com,8473255065.0,Ramgarh,Andhra Pradesh,South,New,2023-03-23
2185,Gautami Kanda,nsastry@example.net,912072095789.0,Muzaffarpur,Gujarat,West,Regular,2025-06-03
2186,Advay Yogi,sachdevaadya@example.com,6578174420.0,Bhilwara,Uttarakhand,Central,Regular,2023-12-12
2187,Frado Pingle,oni74@example.org,2016759930.0,Madurai,Gujarat,West,Regular,2022-11-06
2188,Farhan Mitter,pallacharles@example.com,7091446548.0,Kolkata,Uttarakhand,Central,Regular,2023-07-26
2189,Banjeet Memon,bajajbrinda@example.net,4549768348.0,Etawah,Bihar,East,Premium,2022-10-27
2190,Niharika Bahl,lucky46@example.com,915760138079.0,Vijayawada,Kerala,South,Occasional,2023-05-03
2191,Onkar Chhabra,lpandit@example.net,5081595904.0,Moradabad,Kerala,South,Regular,2022-12-28
2192,Reva Bobal,ekunda@example.net,4776310323.0,Ballia,Chhattisgarh,Central,Regular,2024-01-19
2193,Urmi Bhardwaj,janakimohanty@example.com,916844469645.0,Chandrapur,Punjab,North,Premium,2024-07-24
2194,Frado Kari,yashodabhavsar@example.org,917244792975.0,Shimoga,Kerala,South,Regular,2025-07-08
2195,Damini Bahri,moreleena@example.com,4639248878.0,Morena,Assam,East,Regular,2026-07-04
2196,Vanya Ranganathan,zsahota@example.com,7378053425.0,Phusro,Chhattisgarh,Central,Premium,2025-10-23
2197,Jason Sampath,sanyamohan@example.com,7666091919.0,Bharatpur,Chhattisgarh,Central,Regular,2023-01-13
2198,Zehaan Date,shivansh17@example.com,7085675910.0,Junagadh,Uttarakhand,Central,New,2023-04-23
2199,Ojasvi Sundaram,mitterarunima@example.com,7140577025.0,Guwahati,Telangana,South,Premium,2025-09-24
2200,Baghyawati Kunda,balendra99@example.net,7525637448.0,Raurkela Industrial Township,Goa,West,Regular,2024-02-22
2201,Urvashi Ramakrishnan,pkade@example.com,4205095307.0,Nandyal,Gujarat,West,Regular,2024-01-16
2202,Kalpit Wable,vaishnaviramachandran@example.net,8870894266.0,Noida,Gujarat,West,New,2026-07-24
2203,Azaan Grover,rsaran@example.com,8294350079.0,Kota,Chhattisgarh,Central,Occasional,2024-05-09
2204,Udarsh Sridhar,rsibal@example.net,2471649191.0,Nellore,Punjab,North,Occasional,2024-06-13
2205,Gauri Bains,vghose@example.net,915016915697.0,Nangloi Jat,Punjab,North,New,2025-07-03
2206,Sathvik Bera,bbatra@example.net,913349023743.0,Bhiwani,Chhattisgarh,Central,Regular,2025-04-08
2207,Arya Manda,aggarwalgautam@example.net,9599112946.0,Thane,Madhya Pradesh,West,New,2025-01-20
2208,Hredhaan Dugal,qchandra@example.com,9511203390.0,Madanapalle,Punjab,North,Premium,2023-08-31
2209,Rachita Kulkarni,teerthmannan@example.org,3754288463.0,Nangloi Jat,Rajasthan,North,New,2024-03-31
2210,Ekta Bera,adityagola@example.com,2179316250.0,Nagercoil,Gujarat,West,Regular,2023-08-21
2211,Panini Sawhney,arunimamody@example.net,8372687793.0,Hindupur,Bihar,East,Premium,2023-06-15
2212,Rajata Savant,yashawinisura@example.com,7869104076.0,Kavali,Delhi,North,Premium,2022-12-13
2213,Dipta Goswami,harish57@example.org,918020404107.0,Tezpur,Bihar,East,New,2024-03-19
2214,Ati Krish,tanmayibhalla@example.org,5781496355.0,Vijayawada,Jammu & Kashmir,Central,Premium,2022-11-27
2215,Kala Kadakia,buchazaan@example.org,5845673137.0,Ranchi,Madhya Pradesh,West,New,2025-02-01
2216,Triya Maharaj,georgeseshadri@example.com,730217373.0,Hindupur,Gujarat,West,New,2025-09-09
2217,Fiyaz Ahluwalia,mannonveer@example.com,911892240061.0,Loni,Jharkhand,East,New,2024-08-28
2218,Anamika Sandhu,kbera@example.net,1435804711.0,Patna,Himachal Pradesh,North,Regular,2024-03-26
2219,Charles Butala,xavier11@example.net,9602769347.0,Medininagar,Assam,East,Regular,2023-11-25
2220,Chandran Narang,yadavi56@example.org,7504224640.0,Gudivada,Goa,West,New,2024-06-20
2221,Xiti Sachdeva,swamygeetika@example.com,918277114881.0,Pimpri-Chinchwad,Jammu & Kashmir,Central,Premium,2026-05-04
2222,Faqid Tata,irya70@example.net,916786504441.0,Alwar,Tamil Nadu,South,Premium,2024-03-07
2223,Abha Dhillon,ytak@example.net,918805015137.0,Belgaum,West Bengal,East,Premium,2025-10-14
2224,Sachi Bassi,luke41@example.com,9814207681.0,Hyderabad,West Bengal,East,Regular,2024-05-11
2225,Faras Lanka,customer_2225@unknown.com,N/A,Jaunpur,Jharkhand,East,Premium,2022-10-19
2226,Ekantika Barad,talwarrachana@example.org,917518007784.0,Guna,Odisha,East,Regular,2025-12-11
2227,Janani Shan,hchauhan@example.net,7706672192.0,Begusarai,Jammu & Kashmir,Central,Regular,2023-10-27
2228,Chandani Dalal,samesh09@example.org,915272597833.0,Madhyamgram,Karnataka,South,Occasional,2025-11-04
2229,Chatura Viswanathan,gardechakradev@example.com,9447698801.0,Dehradun,Telangana,South,Regular,2026-06-28
2230,Kai Bhat,oeshichar@example.net,918802570162.0,Sikar,Gujarat,West,New,2024-01-25
2231,Tanvi Bhatia,kamyanazareth@example.net,9151676166.0,Chapra,Kerala,South,Regular,2025-08-31
2232,Mekhala Hans,ibhagat@example.com,916873209225.0,Karimnagar,Assam,East,New,2024-05-03
2233,Lila Loyal,sarnaubika@example.org,8718341000.0,Pali,West Bengal,East,Regular,2022-10-22
2234,Yutika Mani,vihaanbala@example.org,6035608970.0,Bally,Jharkhand,East,Premium,2023-12-26
2235,Upma Pradhan,manebarkha@example.com,583047027.0,Kozhikode,Chhattisgarh,Central,Premium,2025-01-06
2236,Pavani Lall,ishaan30@example.net,915019857547.0,Hosur,Jammu & Kashmir,Central,New,2026-03-22
2237,Barkha Gole,bmohanty@example.com,918285072553.0,Ahmedabad,Jharkhand,East,Premium,2024-10-09
2238,Jalsa Bora,kala01@example.org,2471178875.0,Mirzapur,Uttar Pradesh,North,New,2024-03-09
2239,Jai Wali,gagan80@example.com,1412007404.0,Jabalpur,Maharashtra,West,Regular,2023-02-17
2240,Simon Kalita,urvashiray@example.net,2689947387.0,Kalyan-Dombivli,Kerala,South,Occasional,2024-01-08
2241,Kala Gokhale,chanakyaprashad@example.org,6360712413.0,Tiruppur,Delhi,North,Regular,2025-01-09
2242,Gabriel Devan,ekaraj93@example.com,9436436531.0,Satna,Himachal Pradesh,North,Regular,2025-03-16
2243,Kashish Salvi,pillaiazad@example.net,5146318798.0,Bulandshahr,Karnataka,South,Premium,2025-07-23
2244,Wriddhish Batra,rushilanand@example.com,913338831960.0,Anantapur,Haryana,North,Regular,2025-12-07
2245,Warhi Babu,abdul04@example.org,6668470726.0,Nanded,Chhattisgarh,Central,Premium,2022-09-23
2246,Vansha Toor,msandhu@example.com,537380882.0,Jhansi,Madhya Pradesh,West,New,2024-08-01
2247,Triveni Balan,garachaitaly@example.com,751862109.0,Maheshtala,Haryana,North,Regular,2026-05-14
2248,Owen Tiwari,customer_2248@unknown.com,N/A,Uluberia,Uttar Pradesh,North,New,2024-04-30
2249,Krishna Naidu,samifalan@example.net,9224199797.0,Bellary,Jammu & Kashmir,Central,Regular,2023-05-05
2250,David Wali,aishaniagrawal@example.net,5448789048.0,Nellore,Uttarakhand,Central,New,2023-02-19
2251,Eesha Zacharia,vshankar@example.net,916021318066.0,Bihar Sharif,Jharkhand,East,Premium,2023-09-12
2252,Vamakshi Mitter,arjunwali@example.com,8037825371.0,Gurgaon,Jammu & Kashmir,Central,Regular,2022-11-07
2253,Arin Mani,nathekaja@example.com,1373142175.0,Durgapur,Assam,East,Regular,2025-09-26
2254,Anya Krishnan,ronithchoudhry@example.com,2730597662.0,Dehri,Bihar,East,New,2023-10-05
2255,Ridhi Verma,nandini40@example.org,7746621997.0,Purnia,Andhra Pradesh,South,Regular,2023-12-04
2256,Diya Oza,mason45@example.net,6729299072.0,Bidar,West Bengal,East,Regular,2024-01-26
2257,Caleb Sant,chaudharydipta@example.com,913827386883.0,Tadepalligudem,Jharkhand,East,Occasional,2024-08-14
2258,Madhavi Devi,ishitakrishnan@example.com,8629661035.0,Serampore,Chhattisgarh,Central,New,2023-03-09
2259,Charles Muni,vrittibuch@example.net,9262735060.0,Solapur,Bihar,East,Occasional,2024-09-22
2260,Nitara Mangal,lbansal@example.com,914909100916.0,Raurkela Industrial Township,Karnataka,South,Regular,2023-03-30
2261,Dayamai Nori,yuvraj00@example.org,8462742052.0,Mau,Haryana,North,Premium,2026-02-28
2262,Rudra Bhalla,kissac@example.org,6569107086.0,Kochi,Goa,West,Regular,2025-06-10
2263,Girik Kala,aadi25@example.org,916422764349.0,Haridwar,Telangana,South,New,2026-01-27
2264,Raagini Parekh,nagarajanreyansh@example.com,7411602859.0,Nellore,Odisha,East,Regular,2024-01-19
2265,Hemal Parmer,knadig@example.net,910415528230.0,Silchar,Gujarat,West,Premium,2025-08-29
2266,Vihaan Bahri,krishtalwar@example.com,4443329457.0,Panchkula,Delhi,North,Regular,2026-07-16
2267,Chatura Merchant,isha@example.com,6497283419.0,Alappuzha,Gujarat,West,Occasional,2025-07-23
2268,Anthony Balay,smanne@example.org,8299316421.0,Ambala,Bihar,East,Regular,2024-07-12
2269,Ishani Toor,upma02@example.com,9105579991.0,Dehri,Jammu & Kashmir,Central,Regular,2023-02-24
2270,Veer Lalla,kritika51@example.net,913434407080.0,Thrissur,Jharkhand,East,New,2025-10-09
2271,Falguni Master,ekantikasengupta@example.net,4590731282.0,Salem,Jammu & Kashmir,Central,Regular,2022-11-30
2272,Qabil Ramaswamy,max18@example.org,4478893770.0,Howrah,Jammu & Kashmir,Central,Occasional,2025-12-27
2273,Sachi Bakshi,anmol62@example.com,3276243265.0,Jamnagar,Goa,West,New,2024-03-08
2274,Charles Kumer,ebaria@example.net,3798775239.0,Jammu,Maharashtra,West,Regular,2022-08-17
2275,Zilmil Mital,aradhana41@example.net,8385792826.0,Mahbubnagar,Chhattisgarh,Central,Regular,2024-04-06
2276,Oni Pandey,muttidipta@example.org,4787155333.0,Amroha,Gujarat,West,Regular,2022-09-08
2277,Ekavir Kala,warda56@example.org,6176502100.0,Tirunelveli,Haryana,North,Regular,2025-01-19
2278,Darika Parikh,xbhalla@example.org,1253806319.0,Bathinda,Telangana,South,Premium,2024-09-24
2279,Warhi Rajagopal,onkarsibal@example.net,2746226897.0,Jammu,Bihar,East,Regular,2026-06-10
2280,Ijaya Gade,samuel87@example.org,757931444.0,Raipur,Uttarakhand,Central,New,2022-12-28
2281,Anamika Mutti,ogoda@example.com,3840927715.0,Berhampur,Rajasthan,North,Regular,2025-02-19
2282,Garima Ahluwalia,ubhargava@example.net,918251103186.0,Bikaner,Goa,West,Premium,2025-06-11
2283,Isha Cheema,arunima56@example.com,919667601504.0,Darbhanga,Chhattisgarh,Central,Occasional,2022-09-10
2284,Aarav Goyal,vprabhu@example.com,4756657329.0,Nangloi Jat,Jharkhand,East,Regular,2022-08-14
2285,Daniel Nazareth,santzinal@example.com,233094621.0,Shivpuri,Goa,West,Regular,2023-11-22
2286,Omya Chaudhari,onatt@example.com,910534289078.0,Erode,Haryana,North,Regular,2025-04-26
2287,David Purohit,pandeydaksh@example.com,910661690367.0,Bathinda,Jharkhand,East,New,2023-03-31
2288,Amruta Dani,sharmaupasna@example.com,6319946709.0,Nashik,Uttar Pradesh,North,New,2025-01-23
2289,Anika Salvi,dixitmason@example.net,3087884779.0,Bardhaman,Madhya Pradesh,West,New,2024-12-12
2290,Tamanna Pall,vwali@example.com,6274823009.0,Amritsar,Bihar,East,New,2025-12-02
2291,Aarini Sura,isha01@example.org,916721156781.0,Surat,Madhya Pradesh,West,Regular,2026-06-09
2292,Qabil Memon,mmorar@example.net,913716509423.0,Dindigul,Jammu & Kashmir,Central,Regular,2024-11-21
2293,Warinder Singh,kapoorjacob@example.net,1518136900.0,Gandhidham,Kerala,South,Premium,2026-06-19
2294,Daksha Sankaran,baghyawati94@example.org,8151939427.0,Srinagar,Uttarakhand,Central,Regular,2025-02-19
2295,Radha Warrior,bailxiti@example.com,681441666.0,Kota,Uttarakhand,Central,Regular,2025-04-04
2296,Max Mall,aarnavrout@example.com,918058582404.0,Shivpuri,Goa,West,Regular,2024-08-21
2297,Veda Goda,abeer03@example.org,911518617598.0,Mangalore,Uttarakhand,Central,New,2025-08-21
2298,Dayita Modi,qsaini@example.net,919495832519.0,Gwalior,Karnataka,South,Regular,2025-11-25
2299,Netra Kata,adwetadesai@example.org,7708594268.0,Noida,Goa,West,Premium,2022-08-27
2300,Kamala Lalla,arunimakunda@example.net,911380115576.0,Salem,Haryana,North,New,2025-03-27
2301,Harshil Kade,jyoti32@example.org,5083973175.0,Imphal,Jharkhand,East,Premium,2025-06-21
2302,Manan Mallick,zayandhillon@example.org,3957965628.0,Pallavaram,Gujarat,West,Regular,2023-04-01
2303,Kashvi Bahl,salviaashi@example.net,5804829407.0,Kadapa,Uttar Pradesh,North,Regular,2023-06-14
2304,Jasmit Palan,kgole@example.org,7062587360.0,Arrah,Maharashtra,West,New,2024-03-22
2305,Laban Sahota,samakshbutala@example.com,5011532703.0,Bareilly,Jharkhand,East,Regular,2024-02-09
2306,Sachi Sood,ladli88@example.net,6371379987.0,Loni,Tamil Nadu,South,Regular,2026-02-20
2307,Yuvraj Toor,faqidgoda@example.net,913965753764.0,Thoothukudi,Jharkhand,East,Occasional,2022-09-29
2308,Falak Rajagopal,omkaardua@example.org,3464429961.0,Kadapa,Rajasthan,North,New,2023-02-04
2309,Falan Puri,sankaransamaksh@example.net,4510683829.0,Madurai,Uttarakhand,Central,Premium,2022-11-08
2310,Zaitra Purohit,mohanqasim@example.com,5710363056.0,Vijayanagaram,Jharkhand,East,Occasional,2024-03-26
2311,Diya Banerjee,emital@example.org,915288899088.0,Ludhiana,Haryana,North,Premium,2026-06-30
2312,Gavin Aggarwal,schaudhary@example.net,2360368085.0,Bhilwara,Chhattisgarh,Central,New,2024-11-05
2313,Shaurya Sura,isaiahissac@example.org,7763831918.0,Avadi,Telangana,South,Regular,2025-12-08
2314,Wridesh Batra,vsura@example.com,4218180187.0,Surendranagar Dudhrej,Jharkhand,East,New,2023-08-08
2315,Vedant Cheema,duttalibni@example.com,7460302312.0,Unnao,Kerala,South,Regular,2023-04-27
2316,Sara Badal,peter32@example.com,8881185920.0,Bellary,Odisha,East,Regular,2024-11-08
2317,Jackson Raj,kalpit72@example.com,918910953100.0,Jaunpur,West Bengal,East,Regular,2022-09-18
2318,Ekiya Bhatt,mekhalagara@example.org,918013702098.0,Kavali,Jammu & Kashmir,Central,Occasional,2025-03-04
2319,Falan Malhotra,fram@example.net,916077272045.0,Aurangabad,Chhattisgarh,Central,New,2023-12-09
2320,Radha Jayaraman,veer33@example.com,911626251049.0,Burhanpur,Tamil Nadu,South,Premium,2024-12-15
2321,Vedhika Konda,patilfalan@example.net,1332096730.0,Durg,Telangana,South,Regular,2026-08-08
2322,Dayamai Chander,hamsinisaini@example.com,3390363857.0,Kollam,Odisha,East,Regular,2022-08-12
2323,Ekaja Thaman,apteayaan@example.net,1626750146.0,Bhilai,West Bengal,East,Premium,2023-07-21
2324,Janani Ahluwalia,karaadhya@example.net,5846420181.0,Kolhapur,Bihar,East,Regular,2023-10-02
2325,Aarnav Chandran,gpall@example.net,8906091750.0,Tiruvottiyur,Uttarakhand,Central,Regular,2023-07-09
2326,Madhavi Shenoy,zpandya@example.org,6162284396.0,Khandwa,Madhya Pradesh,West,Regular,2023-02-14
2327,Nitesh Anne,aarushkurian@example.net,1036534764.0,Nizamabad,Tamil Nadu,South,Regular,2024-11-24
2328,Upasna Contractor,vmerchant@example.org,914595508002.0,Purnia,Chhattisgarh,Central,New,2023-11-07
2329,Dalaja Singhal,divyasamra@example.com,917294361090.0,Bhilwara,Jammu & Kashmir,Central,New,2025-09-01
2330,Jackson Lalla,cmishra@example.org,913607417060.0,Malegaon,Jammu & Kashmir,Central,New,2023-12-27
2331,Gautami Naidu,farisguha@example.com,1762280954.0,Pallavaram,Punjab,North,Premium,2024-02-26
2332,Azad Char,ckota@example.net,915848281739.0,Rajpur Sonarpur,Delhi,North,New,2024-03-08
2333,Harshil Bal,pallavipandya@example.com,912064646764.0,Miryalaguda,Punjab,North,Regular,2025-10-28
2334,Lavanya Gara,champak84@example.com,911439992570.0,Kottayam,Bihar,East,New,2026-01-31
2335,Abhiram Dhawan,gaurika14@example.org,2552032865.0,Jorhat,Jammu & Kashmir,Central,New,2024-06-12
2336,Balendra Palla,sameshbasak@example.com,910673083038.0,Surat,Bihar,East,New,2025-11-08
2337,Vaishnavi Shetty,sdhar@example.net,919105071970.0,Shivpuri,Himachal Pradesh,North,New,2023-01-21
2338,Ijaya Mall,sarinjackson@example.com,918767384315.0,Haridwar,Karnataka,South,New,2023-11-10
2339,Divya Shenoy,krishnagole@example.net,3273243703.0,Aurangabad,Karnataka,South,Regular,2024-09-19
2340,Eta Rege,rnagi@example.org,1343076832.0,Yamunanagar,Karnataka,South,Occasional,2025-06-12
2341,Raagini Bandi,gabriel91@example.com,912423637437.0,Deoghar,Maharashtra,West,Regular,2026-01-22
2342,Tejas Borra,reyansh41@example.org,7168261114.0,Eluru,Madhya Pradesh,West,Regular,2022-10-21
2343,Aryan Saxena,aadhyashenoy@example.net,3541455647.0,Rajkot,Delhi,North,New,2026-07-19
2344,Meghana Vala,patrick66@example.org,88943830.0,Bihar Sharif,Jammu & Kashmir,Central,Regular,2025-05-20
2345,Urvi Tripathi,ravelkashvi@example.com,918804189024.0,Rewa,Haryana,North,Regular,2024-12-08
2346,Onkar Sankaran,sibalsamesh@example.com,6087363149.0,Tiruchirappalli,West Bengal,East,New,2026-01-15
2347,Ranveer Seth,maxjaggi@example.net,450308349.0,Jodhpur,Rajasthan,North,Regular,2024-10-22
2348,Vrishti Sachar,qasim73@example.net,6813372278.0,Proddatur,Karnataka,South,New,2024-04-27
2349,Hemani Johal,janyathakur@example.net,910213671603.0,Ambala,Delhi,North,Regular,2022-12-06
2350,Urvashi Verma,araval@example.org,7490726488.0,Delhi,Assam,East,Regular,2023-12-07
2351,Yuvraj Chakrabarti,isrivastava@example.org,918837939859.0,Howrah,Telangana,South,New,2024-01-19
2352,Qarin Sem,mahalpavani@example.net,3953698232.0,Bahraich,Chhattisgarh,Central,Premium,2025-12-01
2353,Yasti Sachdeva,chadaharini@example.com,2306780194.0,Pallavaram,Delhi,North,New,2023-04-29
2354,Aradhana Brahmbhatt,aadikumer@example.com,1208362487.0,Ambala,Rajasthan,North,Regular,2022-10-09
2355,Quincy Kala,ssandal@example.org,3277606395.0,Mathura,Kerala,South,Regular,2024-01-06
2356,Pooja Parsa,emanne@example.net,9843663375.0,Guwahati,Chhattisgarh,Central,Occasional,2024-05-06
2357,Irya Kant,vasatika77@example.net,8592945836.0,Jorhat,Uttar Pradesh,North,Occasional,2026-06-19
2358,Ria Manne,ojas39@example.com,914244502567.0,Bhatpara,Goa,West,New,2025-07-05
2359,Zansi Ghose,ekbal61@example.net,913763294038.0,Avadi,Andhra Pradesh,South,New,2023-02-15
2360,Aadhya Chana,rajeshriandra@example.net,6551086199.0,Delhi,Uttar Pradesh,North,New,2023-07-10
2361,Yadavi Jhaveri,fariqkeer@example.org,4027594250.0,Sambhal,Madhya Pradesh,West,Regular,2026-04-19
2362,Janya Patla,vaishnavi48@example.com,912810705605.0,Nangloi Jat,Andhra Pradesh,South,Regular,2024-03-14
2363,Jack Behl,xahuja@example.org,6616153176.0,Jaipur,West Bengal,East,Premium,2023-07-04
2364,Chaaya Manne,krisha97@example.net,1814336975.0,Thoothukudi,Chhattisgarh,Central,Premium,2026-01-12
2365,Adya Ramaswamy,rajagopalanrayaan@example.com,916053388249.0,Giridih,Odisha,East,Premium,2026-03-19
2366,Chandresh D’Alia,hnagarajan@example.net,914140363487.0,Thoothukudi,Delhi,North,Regular,2024-04-24
2367,Madhavi Dara,shivanibhalla@example.org,919309443121.0,Panipat,Punjab,North,Regular,2023-01-22
2368,Ganga Sarraf,bariavaishnavi@example.org,6687230636.0,Amroha,Jammu & Kashmir,Central,Regular,2026-03-24
2369,Riya Borah,ikbal04@example.org,916777679593.0,Mira-Bhayandar,Gujarat,West,Premium,2026-04-14
2370,Varenya Kamdar,lbuch@example.com,5579120945.0,Nagpur,Jharkhand,East,Regular,2023-10-07
2371,Arunima Misra,lakshitpurohit@example.net,6941366748.0,Guna,Punjab,North,Occasional,2026-07-15
2372,Abhiram Venkataraman,bvasa@example.org,1418359094.0,Ichalkaranji,Bihar,East,Regular,2025-03-07
2373,Abha Shukla,quincy70@example.com,915445278610.0,Nizamabad,Maharashtra,West,Regular,2025-12-21
2374,Vaishnavi Malhotra,shaneesha@example.org,3914603782.0,Ambattur,Jammu & Kashmir,Central,New,2024-07-26
2375,Ishwar Bahl,warda77@example.org,7501399392.0,Singrauli,Uttar Pradesh,North,Regular,2023-12-13
2376,Daksha Ramesh,georgesrinivas@example.com,918626678616.0,Kamarhati,Chhattisgarh,Central,New,2024-07-13
2377,Sarthak Walla,khuranaadvaith@example.org,916249864094.0,Sikar,Tamil Nadu,South,Regular,2025-11-13
2378,Vidhi Sethi,munshiumang@example.com,4349541217.0,Tirunelveli,Kerala,South,Regular,2024-03-02
2379,Faraj Goda,aachaltripathi@example.org,92053650.0,Raichur,Maharashtra,West,Regular,2022-10-26
2380,Omya Baral,buchomkaar@example.org,911524041575.0,Ulhasnagar,Madhya Pradesh,West,Regular,2024-04-23
2381,Zansi Sahni,ghoshvarsha@example.com,9333356942.0,Tiruchirappalli,Jammu & Kashmir,Central,Regular,2024-07-29
2382,Aahana Nagi,yramesh@example.org,2950641031.0,Rajkot,Goa,West,Premium,2024-12-15
2383,Yatan Gole,ipillay@example.org,6554612038.0,Bulandshahr,Uttarakhand,Central,Occasional,2025-04-26
2384,Rajata Lad,charles19@example.net,2891435354.0,Tiruvottiyur,Uttarakhand,Central,Regular,2024-07-18
2385,Jeremiah Walia,customer_2385@unknown.com,N/A,Darbhanga,Maharashtra,West,Regular,2025-04-16
2386,Yahvi Nadig,prasadlakshit@example.net,554651206.0,Chinsurah,Madhya Pradesh,West,Regular,2025-03-29
2387,Ikshita Sha,riadugal@example.com,910315846439.0,Gopalpur,Tamil Nadu,South,Regular,2023-01-27
2388,Amol Nagi,anay09@example.org,3195078730.0,Maheshtala,Delhi,North,Premium,2026-05-28
2389,Baljiwan Khatri,shaurya29@example.org,2055556284.0,Serampore,Uttar Pradesh,North,Regular,2025-01-31
2390,Saanvi Kanda,xaviermann@example.org,910951888578.0,Bettiah,Bihar,East,Regular,2024-03-31
2391,Alexander Oak,ugole@example.net,919783018986.0,Giridih,Chhattisgarh,Central,New,2026-07-12
2392,Netra Badami,customer_2392@unknown.com,N/A,Raurkela Industrial Township,Uttarakhand,Central,New,2026-04-04
2393,Falguni Bera,deobakhshi@example.com,2046907439.0,Silchar,Kerala,South,New,2024-10-28
2394,Zayan Srinivasan,ngupta@example.org,912444073197.0,Hosur,Goa,West,Premium,2026-02-14
2395,Jai Bir,dalbirhayre@example.com,2916942616.0,Bidar,Jammu & Kashmir,Central,Regular,2025-05-21
2396,Dominic Balakrishnan,wkannan@example.org,5652083130.0,Aurangabad,Punjab,North,New,2023-10-12
2397,Fariq Vohra,pranavchana@example.com,919007416643.0,Jamalpur,Punjab,North,Premium,2025-09-29
2398,Chaman Divan,gopalrao@example.com,913246447106.0,Singrauli,Madhya Pradesh,West,Premium,2024-03-20
2399,Suhani Khalsa,hsetty@example.net,2141810072.0,Ambala,Uttar Pradesh,North,Premium,2022-11-15
2400,Urishilla Walia,cheemagirish@example.com,915647658575.0,Guntakal,Bihar,East,Premium,2025-06-03
2401,Umang Rastogi,onagarajan@example.net,4791099993.0,Dehri,Kerala,South,New,2022-09-14
2402,Divya Gaba,calebyogi@example.org,5334304982.0,Madhyamgram,Maharashtra,West,Premium,2023-10-24
2403,Aarnav Bajwa,mayasidhu@example.com,4753964163.0,Mau,Madhya Pradesh,West,Premium,2026-03-22
2404,Urishilla Dhaliwal,charleshans@example.com,2172633080.0,Begusarai,Telangana,South,Regular,2022-12-15
2405,Yutika Sanghvi,chhabraojas@example.com,443065772.0,Salem,Jharkhand,East,Premium,2026-07-31
2406,Hredhaan Ravel,acharyagirish@example.net,6635215267.0,Bidhannagar,Goa,West,New,2023-03-07
2407,Advik Seth,rananirja@example.net,6464147359.0,Purnia,Odisha,East,Regular,2023-02-05
2408,Rehaan Shukla,quincy52@example.com,7689977395.0,Munger,Chhattisgarh,Central,Regular,2024-12-12
2409,Bahadurjit Kapur,zaidsrinivasan@example.net,911409507151.0,Korba,Odisha,East,New,2025-04-11
2410,Dalbir Mohanty,jswamy@example.com,9611595338.0,Mysore,Chhattisgarh,Central,New,2023-03-18
2411,Anay Saraf,yashodharachahal@example.com,6603098051.0,Firozabad,Jharkhand,East,Regular,2024-04-14
2412,Anusha Jayaraman,ukrish@example.com,877934724.0,Bareilly,Odisha,East,Regular,2026-07-28
2413,Ubika Ram,girindrayadav@example.com,4309647429.0,Kolhapur,Himachal Pradesh,North,Regular,2025-08-09
2414,Chasmum Virk,mbajwa@example.net,2951628908.0,Karnal,Kerala,South,Premium,2024-04-10
2415,Krishna Dey,nsood@example.org,912581287663.0,Chennai,Haryana,North,Regular,2023-09-27
2416,Riya Krishnan,unni65@example.net,912469685169.0,Jabalpur,Tamil Nadu,South,Premium,2023-09-13
2417,Ekbal Shenoy,kotakamya@example.net,2845470500.0,Gandhidham,Punjab,North,New,2024-08-21
2418,Caleb Sundaram,tsaini@example.net,8413831276.0,Shimla,Madhya Pradesh,West,Regular,2023-09-19
2419,Ronith Palla,patrick24@example.com,914881603534.0,Morbi,Maharashtra,West,Occasional,2024-11-21
2420,Deepa Reddy,lalahardik@example.org,9101473912.0,Satara,Madhya Pradesh,West,Regular,2024-05-31
2421,Baghyawati Anand,desaitara@example.com,912771568539.0,Gudivada,Punjab,North,Regular,2024-10-27
2422,Baghyawati Madan,akrishnan@example.net,913089229064.0,Mahbubnagar,Kerala,South,Premium,2023-01-08
2423,Eshana Merchant,dubeyyash@example.com,4526587280.0,Patiala,Bihar,East,Premium,2025-03-28
2424,Ekaja Saini,odikabassi@example.org,598018880.0,Shahjahanpur,Jharkhand,East,Regular,2024-12-13
2425,Gaurangi Hayer,jyogi@example.net,8722030710.0,Khandwa,Rajasthan,North,Regular,2022-08-12
2426,Ojas Jayaraman,pradhakrishnan@example.com,911541519807.0,Cuttack,West Bengal,East,Regular,2025-01-15
2427,Ojas Morar,nilimakalita@example.com,3492638987.0,Tadepalligudem,Uttarakhand,Central,New,2024-07-17
2428,Gaurang Bera,victorkhatri@example.com,8857283463.0,Raebareli,Jammu & Kashmir,Central,Occasional,2023-12-28
2429,Inaya Nagi,npau@example.org,2961499094.0,Haldia,Chhattisgarh,Central,Premium,2022-12-16
2430,Naksh Basak,ucchaltrivedi@example.net,1454811891.0,Nanded,West Bengal,East,Premium,2024-08-08
2431,Geetika Varty,veda49@example.com,910926288658.0,Kumbakonam,Uttarakhand,Central,Regular,2024-10-17
2432,Ansh Bhalla,parekhtanmayi@example.org,919743575292.0,Hapur,West Bengal,East,New,2025-05-28
2433,Oviya Tella,loyalpanini@example.net,15812362.0,Gaya,Assam,East,New,2026-02-04
2434,Veda Barad,deshmukhhemani@example.org,672446095.0,Shivpuri,Goa,West,Regular,2023-11-10
2435,Bhavna Walia,ssundaram@example.com,3083572890.0,Howrah,Goa,West,Premium,2026-06-06
2436,Zaid Loke,omohanty@example.net,918042022305.0,Hapur,Gujarat,West,New,2022-10-08
2437,Tanish Sant,yachanasrinivasan@example.com,7555258685.0,Panvel,Chhattisgarh,Central,Premium,2024-07-21
2438,Pooja Rajagopalan,xiti78@example.org,6487130002.0,Nagercoil,Andhra Pradesh,South,Regular,2024-02-22
2439,Alka Oak,williammangal@example.com,8529484470.0,Kochi,Jammu & Kashmir,Central,New,2023-09-21
2440,Kamya Banik,lekha33@example.com,916951181961.0,Deoghar,Maharashtra,West,Premium,2025-07-17
2441,Januja Pall,ati22@example.net,1332419977.0,Jodhpur,Jharkhand,East,Regular,2025-05-09
2442,Hritik Purohit,ssharma@example.org,489098592.0,Navi Mumbai,Kerala,South,New,2024-10-27
2443,Ojasvi Madan,mkrishnan@example.org,4768893861.0,Mysore,Goa,West,New,2023-09-17
2444,Tripti Rajagopal,diya80@example.net,3196521790.0,Pondicherry,Himachal Pradesh,North,Regular,2025-08-04
2445,Krish Saini,prabhakareiravati@example.net,4028459587.0,Chapra,Goa,West,New,2023-06-08
2446,Girindra Garde,fvarty@example.org,917837318359.0,Moradabad,Kerala,South,New,2023-12-23
2447,Advika Narang,sakshamgoda@example.com,8024557116.0,Kirari Suleman Nagar,Andhra Pradesh,South,Regular,2023-05-04
2448,Gaurangi Chauhan,jeremiah86@example.org,917023174028.0,Varanasi,Karnataka,South,Regular,2023-10-05
2449,Vedhika Rama,chamanmahal@example.org,914602633564.0,Sambhal,Jharkhand,East,Premium,2024-03-24
2450,Warhi Barad,gangadora@example.org,1435172368.0,Varanasi,Madhya Pradesh,West,Premium,2025-04-29
2451,Januja Gara,obehl@example.org,3547224055.0,Ranchi,Uttar Pradesh,North,Regular,2023-09-24
2452,Faraj D’Alia,anayagrawal@example.com,8927523408.0,Vadodara,Tamil Nadu,South,Regular,2025-11-10
2453,Omya Kar,gaurikapau@example.com,3859818284.0,Pudukkottai,Assam,East,Regular,2025-10-23
2454,Chameli Wagle,cbasak@example.com,5733807926.0,Mumbai,Himachal Pradesh,North,Premium,2025-01-03
2455,Advaith Modi,tamanna50@example.org,5056655899.0,Sikar,Delhi,North,New,2025-01-25
2456,Watika Deol,sakshamgara@example.com,910430063191.0,Haldia,Haryana,North,Premium,2023-12-26
2457,Harrison Koshy,vkhurana@example.net,911420286122.0,Sangli-Miraj & Kupwad,Punjab,North,New,2026-03-28
2458,Jai Madan,deepbhavna@example.com,2249224302.0,Mira-Bhayandar,Punjab,North,Occasional,2024-12-19
2459,Alexander Bala,halderkai@example.com,9282435097.0,Muzaffarpur,Karnataka,South,Regular,2025-11-26
2460,Neel Naidu,odada@example.com,2948467640.0,Berhampore,Chhattisgarh,Central,Premium,2024-01-15
2461,Tanveer Prashad,maharajaarush@example.net,910709063360.0,Shivpuri,Jammu & Kashmir,Central,Regular,2025-01-29
2462,Gaurika Sampath,agade@example.org,3629245989.0,Hospet,Uttar Pradesh,North,Premium,2023-05-30
2463,Rohan Gopal,rishi82@example.org,6292222833.0,Thiruvananthapuram,Odisha,East,New,2026-04-16
2464,Patrick Gade,geetikabala@example.com,917094014412.0,Sonipat,Gujarat,West,Occasional,2024-09-26
2465,Qasim Dubey,kala67@example.net,918939350462.0,Thiruvananthapuram,Karnataka,South,Regular,2026-07-18
2466,Arya Chowdhury,ronith58@example.net,913878959190.0,Latur,Kerala,South,Regular,2025-05-06
2467,Amrita Oak,kpathak@example.com,918257232300.0,Kolkata,Assam,East,Regular,2025-11-08
2468,Ekaraj Sarin,yahvi46@example.net,4752914835.0,Mirzapur,Uttarakhand,Central,New,2024-12-28
2469,Laban Dewan,vacharya@example.org,2541105562.0,Madurai,Haryana,North,Premium,2022-10-15
2470,Nikita Sehgal,btripathi@example.net,4059647033.0,Shimoga,Gujarat,West,Occasional,2023-03-21
2471,Ekta Issac,arjunsani@example.com,3261434037.0,Hapur,Kerala,South,Premium,2023-05-03
2472,Ranveer Dar,bhattacharyyagautami@example.net,8309531225.0,Rewa,Odisha,East,Regular,2023-04-01
2473,Baghyawati Sarma,bbhatia@example.com,6442863070.0,Loni,Chhattisgarh,Central,New,2023-10-14
2474,Ekapad Bansal,deshmukhchaitaly@example.com,569421187.0,Dharmavaram,Himachal Pradesh,North,Occasional,2022-12-13
2475,Atharv Mammen,ekaraj00@example.com,913149204993.0,Vijayanagaram,Kerala,South,Premium,2025-05-22
2476,Alka Chada,ethanbhargava@example.com,914310550315.0,Jamalpur,Odisha,East,Occasional,2023-11-04
2477,Lila Sagar,sanisai@example.com,1414835156.0,Tezpur,Rajasthan,North,New,2023-12-16
2478,Amaira Deep,dsom@example.net,911538611511.0,Raebareli,Madhya Pradesh,West,Regular,2024-02-08
2479,Gopal Kunda,kalahans@example.com,910616504725.0,Thrissur,Goa,West,Regular,2023-05-09
2480,Watika Iyengar,lborde@example.org,917250845240.0,Visakhapatnam,Kerala,South,Regular,2023-02-16
2481,Kabir Nadkarni,wahabreddy@example.org,910999319140.0,Hindupur,Andhra Pradesh,South,Premium,2025-10-04
2482,Nitesh Seth,deshmukhqasim@example.net,7415949254.0,Bihar Sharif,Maharashtra,West,Regular,2025-03-18
2483,Chaitanya Dixit,qsandhu@example.net,917386966481.0,Agra,Punjab,North,Premium,2025-08-15
2484,Onveer Deshmukh,rdivan@example.org,916777983677.0,Hyderabad,Goa,West,New,2024-01-13
2485,Yashvi Desai,chatura89@example.org,5133157920.0,Kulti,Uttar Pradesh,North,New,2024-09-16
2486,Lekha Chacko,bgade@example.org,2951266086.0,Bhubaneswar,Chhattisgarh,Central,Regular,2025-12-23
2487,Anika Agarwal,avigole@example.net,7673608633.0,Ballia,Jammu & Kashmir,Central,New,2022-12-25
2488,Chaitanya Raman,pravel@example.com,550800509.0,Motihari,Jharkhand,East,New,2025-02-22
2489,Omaja Grover,chanakya98@example.org,5644199412.0,Rajpur Sonarpur,Himachal Pradesh,North,Premium,2023-07-16
2490,Manya Bava,agastya29@example.net,9076191814.0,Haridwar,Gujarat,West,Regular,2024-05-21
2491,Akshay Khalsa,giriksengupta@example.com,9117675500.0,Maheshtala,Kerala,South,Regular,2024-09-16
2492,Harinakshi Issac,natarajansanaya@example.com,2295083860.0,Ballia,Delhi,North,Regular,2026-02-14
2493,Panini Tandon,pushti75@example.com,5351534743.0,Mehsana,Jammu & Kashmir,Central,Occasional,2022-11-11
2494,Onkar Bhandari,wbasu@example.net,913781010320.0,Mathura,Telangana,South,New,2022-08-13
2495,Nidhi Andra,shettyidika@example.com,8851661907.0,Bhilwara,Jharkhand,East,Premium,2023-09-15
2496,Chanakya Mand,bhavyarastogi@example.net,916222772610.0,Agartala,Kerala,South,Regular,2023-12-10
2497,Omkaar Raj,golechasmum@example.com,5921895688.0,Chandrapur,Uttarakhand,Central,New,2025-12-06
2498,Rehaan Sengupta,indira39@example.org,238487614.0,Rohtak,Tamil Nadu,South,Regular,2026-04-30
2499,Ridhi Kata,nbansal@example.org,5753794763.0,Dehri,Andhra Pradesh,South,New,2023-07-25
2500,Aadhya Gole,aryanathan@example.com,2785234615.0,Kozhikode,Chhattisgarh,Central,Regular,2025-08-27
2501,Vyanjana Rau,virknilima@example.org,910665897824.0,Uluberia,Rajasthan,North,Premium,2023-01-31
2502,Jalsa De,forumkrishna@example.net,445039863.0,Nizamabad,Tamil Nadu,South,Occasional,2026-03-20
2503,Arin Virk,kurianchaitaly@example.net,6029653283.0,Hapur,Kerala,South,New,2024-03-19
2504,Anthony Srinivas,shuklahemang@example.net,914878601508.0,Mathura,Tamil Nadu,South,Regular,2025-06-06
2505,Eiravati Bobal,manthankrishnamurthy@example.com,1833788147.0,Ulhasnagar,Goa,West,Regular,2026-07-26
2506,Arjun Shankar,tristan82@example.org,919500786775.0,Mumbai,Bihar,East,Occasional,2026-05-15
2507,Ranveer Nagar,trajagopal@example.org,3673361424.0,Parbhani,Delhi,North,New,2022-10-04
2508,Girik Saraf,masonmutti@example.com,1482436485.0,Raiganj,Madhya Pradesh,West,New,2022-12-21
2509,Shivani Pathak,msom@example.org,1460174196.0,Indore,Maharashtra,West,Regular,2024-11-08
2510,Darsh Dubey,nitara83@example.net,9627838777.0,Ozhukarai,Karnataka,South,Occasional,2026-06-07
2511,Krish Kapur,urishilla14@example.com,913740282656.0,Bokaro,Odisha,East,New,2023-09-20
2512,Krisha Srinivas,lipika27@example.com,5403498939.0,Karimnagar,Gujarat,West,Regular,2025-01-13
2513,Forum Khalsa,omisra@example.org,910947054476.0,Dibrugarh,Telangana,South,Regular,2025-04-01
2514,Advay Bir,xrajan@example.net,2704388528.0,Rajkot,Bihar,East,Regular,2026-05-04
2515,Zarna Kaul,amaira30@example.org,9738544240.0,Tadepalligudem,Gujarat,West,Regular,2026-03-26
2516,Abhimanyu Mitra,hvarma@example.com,9890876342.0,Dehradun,Bihar,East,Premium,2026-06-05
2517,Udyati Chawla,panchalsanaya@example.net,3781561621.0,Rajpur Sonarpur,Kerala,South,Premium,2023-12-02
2518,Frederick Keer,ehora@example.com,913191666162.0,Sikar,Maharashtra,West,Regular,2024-03-21
2519,Varsha Ramaswamy,faqidthakkar@example.org,914792247686.0,Kalyan-Dombivli,Kerala,South,Occasional,2025-03-27
2520,Harsh Ramanathan,ochanda@example.com,9579257852.0,Satna,Gujarat,West,New,2025-07-14
2521,Atharv Gulati,customer_2521@unknown.com,N/A,Bokaro,Goa,West,Regular,2023-04-04
2522,Gauri Chad,ychanda@example.net,917067769313.0,Katni,Chhattisgarh,Central,Regular,2022-11-22
2523,Dhriti Kohli,reyanshratta@example.com,915503533210.0,Nanded,Andhra Pradesh,South,Occasional,2026-06-12
2524,Netra Seshadri,ekapad49@example.net,9597703170.0,Haldia,Jammu & Kashmir,Central,Occasional,2024-01-17
2525,Kala Hayre,benjaminbhavsar@example.com,915456367988.0,Junagadh,Jammu & Kashmir,Central,New,2024-11-16
2526,Wahab Saini,devika49@example.net,910632673920.0,Lucknow,Delhi,North,Regular,2024-09-27
2527,Chaitaly Din,farajchakraborty@example.net,914743506978.0,Allahabad,Uttarakhand,Central,Regular,2023-10-12
2528,Yadavi Srinivasan,jagatchandra@example.org,913829983990.0,Arrah,Goa,West,Regular,2025-01-22
2529,Jhalak Palla,vrishti61@example.com,680304005.0,Bidar,Chhattisgarh,Central,Premium,2026-05-23
2530,Fariq Iyer,mahalsiddharth@example.org,574321115.0,Ramgarh,Bihar,East,Premium,2024-10-29
2531,Finn Som,raghavanchampak@example.net,913641765920.0,Chapra,Jharkhand,East,Regular,2024-01-10
2532,Mitali Bakshi,bordeosha@example.net,911153609643.0,Bharatpur,Assam,East,Regular,2023-11-25
2533,Amara Tailor,jonathanbhargava@example.org,6015353053.0,Hapur,West Bengal,East,Regular,2025-04-19
2534,Darika Zacharia,mitalwarhi@example.org,6485551693.0,Ichalkaranji,Andhra Pradesh,South,New,2024-06-13
2535,Shravya Mann,buchsamarth@example.com,919103891667.0,Indore,Odisha,East,Occasional,2022-09-30
2536,Mohammed Bora,yamini68@example.net,914394290088.0,Khammam,Odisha,East,Premium,2025-04-08
2537,Veda Varkey,chakradevhanda@example.com,913773120588.0,Tezpur,Assam,East,Regular,2025-11-25
2538,Zilmil Pant,davidshan@example.com,7813409514.0,Imphal,Kerala,South,New,2025-05-06
2539,Harrison Kibe,fborde@example.org,910485412348.0,Bangalore,Gujarat,West,Premium,2022-11-09
2540,Eshana Gandhi,eta39@example.com,915561441298.0,Ghaziabad,Maharashtra,West,Regular,2026-05-01
2541,Rayaan Dayal,nathmadhav@example.net,1761114832.0,Agra,Uttar Pradesh,North,Regular,2022-11-17
2542,Hemal Deshmukh,ibose@example.org,6948100112.0,Muzaffarnagar,Goa,West,Regular,2025-02-27
2543,Jason Saini,vraj@example.com,6732383684.0,Durg,Madhya Pradesh,West,Regular,2025-07-28
2544,Baghyawati Ramaswamy,parthtiwari@example.org,7490538905.0,Chennai,Maharashtra,West,Regular,2023-08-21
2545,Neel Vohra,sarinvihaan@example.com,915772108727.0,Bhilai,Uttarakhand,Central,Premium,2025-03-23
2546,Fariq Palla,vupadhyay@example.net,915551849552.0,Bardhaman,Himachal Pradesh,North,New,2022-10-29
2547,Logan Devi,sulerushil@example.org,4248729802.0,Bhatpara,Haryana,North,Regular,2023-08-30
2548,Tara Gera,xmurthy@example.org,3420457813.0,Ramagundam,Bihar,East,New,2025-03-27
2549,Laksh Pradhan,darshkamdar@example.org,914130011314.0,Barasat,Uttarakhand,Central,Premium,2024-02-26
2550,Qasim Chacko,yuvraj77@example.net,559227702.0,Meerut,Chhattisgarh,Central,Premium,2026-02-25
2551,Unnati Ratta,cvasa@example.net,915696411350.0,Raebareli,Rajasthan,North,New,2025-10-05
2552,Lajita Seth,sanyarau@example.org,919680071194.0,Satara,Andhra Pradesh,South,Occasional,2025-12-15
2553,Qarin Dave,chandrandominic@example.org,422593323.0,Avadi,Andhra Pradesh,South,New,2022-10-25
2554,Isaac Ray,sankarnidra@example.net,7446970711.0,Jabalpur,West Bengal,East,Regular,2023-08-07
2555,Jacob Pingle,isetty@example.org,371558602.0,Barasat,Punjab,North,Regular,2025-12-24
2556,Neha Gokhale,harinakshi88@example.net,6937147875.0,Kadapa,Haryana,North,Regular,2023-03-02
2557,Ishanvi Sharaf,birwidisha@example.net,4400274894.0,Bally,Punjab,North,New,2025-06-17
2558,Riya Jayaraman,bramakrishnan@example.org,4867118816.0,Hajipur,Madhya Pradesh,West,Premium,2023-12-01
2559,Ridhi Kannan,sanaya74@example.net,7845273318.0,Ratlam,Assam,East,New,2023-05-01
2560,Eta Mane,kalagautami@example.com,5579707907.0,Pimpri-Chinchwad,West Bengal,East,New,2024-05-18
2561,Kashvi Nazareth,avibahri@example.org,3141272592.0,South Dumdum,Goa,West,Occasional,2026-02-25
2562,Lavanya Sem,aarnaben@example.com,5251774856.0,Bhatpara,Chhattisgarh,Central,Regular,2025-01-20
2563,Darika Dugal,tarak74@example.org,2202204106.0,Aurangabad,Himachal Pradesh,North,Regular,2026-07-15
2564,Tanvi Edwin,koak@example.net,911487609673.0,Tirunelveli,Himachal Pradesh,North,Regular,2024-05-03
2565,Christopher Khare,jacoboommen@example.com,9320506506.0,Raipur,Uttarakhand,Central,Regular,2024-03-14
2566,Zinal Kulkarni,indali23@example.com,9411002089.0,Pallavaram,Bihar,East,Regular,2025-06-22
2567,Chameli Bhardwaj,pdhawan@example.org,915175196792.0,Bhopal,Maharashtra,West,Regular,2024-04-30
2568,Irya Kaur,madansiddharth@example.com,912070431077.0,Dehradun,Karnataka,South,Regular,2024-01-18
2569,Zehaan Natarajan,mugdhasur@example.com,918601767873.0,Kochi,Goa,West,Premium,2023-03-22
2570,Samuel Bali,orinder92@example.org,3522377504.0,Loni,Tamil Nadu,South,Regular,2023-01-20
2571,Mitali Khurana,aishanimallick@example.net,9684604126.0,Tenali,Goa,West,Occasional,2026-01-08
2572,Ekta Mukhopadhyay,unnikota@example.org,9970214616.0,Bijapur,Chhattisgarh,Central,Regular,2025-09-09
2573,Elijah Bedi,prishaperi@example.com,1904377029.0,Berhampore,Haryana,North,Premium,2024-08-16
2574,Ganga Anne,ekantasachdev@example.org,917246456048.0,Chandigarh,Madhya Pradesh,West,New,2026-07-18
2575,Nidhi Nagarajan,lkeer@example.org,6791117851.0,Sri Ganganagar,Goa,West,Premium,2022-12-22
2576,Suhani Gokhale,ravibishakha@example.org,912925384187.0,Morena,Maharashtra,West,New,2025-03-05
2577,Gabriel Suri,rprasad@example.com,912458836607.0,Noida,Assam,East,Regular,2026-07-24
2578,Champak Varkey,robertsodhi@example.net,916159266866.0,Hosur,Maharashtra,West,Regular,2025-06-06
2579,Kala Sahni,william00@example.org,912750936047.0,Tadipatri,Jharkhand,East,New,2022-09-15
2580,Wahab Kapadia,qchahal@example.org,1374727939.0,Asansol,Andhra Pradesh,South,Premium,2023-04-10
2581,Yahvi Mallick,abha27@example.com,2933698324.0,Chittoor,Chhattisgarh,Central,Regular,2025-07-11
2582,Hemani Thakkar,sahafaqid@example.net,980988040.0,Ahmednagar,Maharashtra,West,Occasional,2023-05-09
2583,Raksha Din,chasmum52@example.org,5942673272.0,Siliguri,Goa,West,Regular,2024-04-15
2584,Ijaya Khanna,ekajabedi@example.org,9932974511.0,Sonipat,Kerala,South,New,2023-01-17
2585,Pahal Agrawal,xghose@example.com,5133966057.0,Jalgaon,Uttarakhand,Central,Regular,2026-01-28
2586,Megha Mody,rbhatti@example.org,1320723919.0,Siwan,Rajasthan,North,Regular,2025-05-04
2587,Forum Patla,royteerth@example.com,8516765599.0,Kavali,Rajasthan,North,Regular,2023-09-24
2588,Saanvi Ravi,gourlakshit@example.org,4499514370.0,Thiruvananthapuram,Madhya Pradesh,West,Regular,2024-03-22
2589,Mohammed Minhas,sahotanachiket@example.com,911777442221.0,Barasat,Uttarakhand,Central,Regular,2026-05-21
2590,Varsha Handa,balaviraj@example.com,3175102958.0,Karaikudi,Chhattisgarh,Central,New,2023-03-03
2591,Yashawini Jha,omsom@example.org,914535135634.0,Amritsar,Delhi,North,New,2024-01-01
2592,Faras Bhattacharyya,zkarpe@example.org,4715433825.0,Moradabad,Gujarat,West,New,2025-07-29
2593,Lohit Din,raokiaan@example.net,9458028457.0,Proddatur,Maharashtra,West,Regular,2024-09-03
2594,Yoshita Chada,xgoda@example.com,9314536513.0,Hazaribagh,Odisha,East,Premium,2024-05-21
2595,Udant Sachdeva,ymannan@example.org,1605433707.0,Eluru,Madhya Pradesh,West,Premium,2024-06-15
2596,Joshua Tara,veda06@example.net,3121789406.0,Kolhapur,Odisha,East,Occasional,2024-08-10
2597,Sanya Dhaliwal,mahajangaurav@example.net,2931916787.0,Proddatur,Karnataka,South,Regular,2025-02-19
2598,Vyanjana Kuruvilla,dadamaanas@example.net,5317550461.0,Gorakhpur,Uttarakhand,Central,New,2024-04-01
2599,Anita Bawa,unnatidass@example.com,5457690941.0,Bikaner,Punjab,North,Premium,2023-11-13
2600,Ira Ramanathan,nilimabhalla@example.org,5528823132.0,Shivpuri,Punjab,North,Regular,2024-02-15
2601,Dayamai Jain,janya99@example.org,7763858692.0,Thanjavur,Andhra Pradesh,South,Premium,2024-10-14
2602,Utkarsh Sura,ahayre@example.com,918711716535.0,Sri Ganganagar,Madhya Pradesh,West,Regular,2025-08-23
2603,Kala Batta,nverma@example.com,2948630997.0,Saharsa,Uttarakhand,Central,New,2023-06-11
2604,Aradhana Dara,sjayaraman@example.net,3149142154.0,Patna,Goa,West,Regular,2024-01-12
2605,Turvi Ramachandran,deepadhar@example.net,7404052770.0,Arrah,Tamil Nadu,South,Regular,2025-01-28
2606,Raagini Rai,chandreshsethi@example.net,9975109065.0,Ichalkaranji,Himachal Pradesh,North,Occasional,2023-09-06
2607,Omkaar Kari,nikita15@example.net,914117082922.0,Dharmavaram,Uttar Pradesh,North,Premium,2022-09-16
2608,Gaurang Kade,agrawalpraneel@example.net,5011474729.0,Sri Ganganagar,Karnataka,South,Regular,2023-03-22
2609,Jonathan Khosla,mthaman@example.net,497574568.0,Anantapuram,Chhattisgarh,Central,Regular,2024-03-08
2610,Vincent Hayre,yatanmohanty@example.net,5190348308.0,Durg,Gujarat,West,Premium,2023-03-11
2611,Benjamin Dalal,zbawa@example.net,4903593417.0,Jammu,Delhi,North,Regular,2022-12-28
2612,Vivaan Basak,jchoudhry@example.net,911821606392.0,Jabalpur,Andhra Pradesh,South,Occasional,2023-06-24
2613,Triya Verma,chadavi@example.net,912388369702.0,Hospet,Maharashtra,West,New,2024-11-09
2614,Wriddhish Parmar,rmukherjee@example.net,911935472863.0,Ujjain,Chhattisgarh,Central,Regular,2025-03-13
2615,Naksh Kata,maanas03@example.org,5914509090.0,Bharatpur,Uttarakhand,Central,Regular,2023-11-30
2616,Lakshit Verma,nkhurana@example.com,919106733382.0,Yamunanagar,Delhi,North,Premium,2025-11-15
2617,Chakrika Zachariah,gokhalecharita@example.net,6899238585.0,South Dumdum,Madhya Pradesh,West,New,2023-12-22
2618,Aarav Choudhury,dayita44@example.net,7920740518.0,Kanpur,Jammu & Kashmir,Central,New,2022-09-23
2619,Onkar Chauhan,vshan@example.net,254983910.0,Belgaum,West Bengal,East,Premium,2023-06-01
2620,Hitesh Ben,vidhideep@example.net,910297295755.0,Bhatpara,Madhya Pradesh,West,Regular,2022-08-21
2621,Ubika Bhalla,takpooja@example.net,3302251766.0,Katihar,Rajasthan,North,Regular,2024-06-12
2622,Jacob Gala,amangal@example.org,913345958295.0,Etawah,Uttarakhand,Central,Premium,2025-04-05
2623,Devansh Garg,bachittar99@example.com,1475376378.0,Karnal,Jharkhand,East,New,2024-04-20
2624,Yashoda Pandya,fmuni@example.com,9557705186.0,Faridabad,Punjab,North,Premium,2024-05-21
2625,Odika Mammen,ekalinga15@example.net,592568704.0,Khandwa,Jharkhand,East,New,2024-04-18
2626,Xalak Parikh,battachandani@example.net,6063828504.0,Erode,Uttar Pradesh,North,Regular,2023-09-23
2627,Ganga Acharya,ayaandugar@example.org,2123802944.0,Guntur,Andhra Pradesh,South,Regular,2023-03-20
2628,Kritika Kohli,gopal48@example.com,9715129545.0,Bongaigaon,Telangana,South,Regular,2026-06-07
2629,Utkarsh Narula,ekalinga69@example.com,915952287512.0,Aurangabad,Assam,East,New,2023-12-11
2630,Dominic Chakraborty,wmittal@example.net,3111496336.0,Buxar,Gujarat,West,New,2025-07-23
2631,Chatura Murty,mandaekanta@example.net,1974005975.0,Firozabad,Madhya Pradesh,West,New,2024-12-02
2632,Ishita Mahajan,gauravbabu@example.net,2084182865.0,Jehanabad,Jharkhand,East,New,2026-06-27
2633,Saanvi Ghosh,falguni05@example.com,915190937577.0,Mango,Telangana,South,Regular,2022-10-06
2634,Ayushman Ratti,sampathanya@example.org,915128483695.0,Giridih,Himachal Pradesh,North,Premium,2026-02-18
2635,Nathaniel Sundaram,sbhatia@example.com,9226915694.0,Raebareli,Karnataka,South,Regular,2026-02-21
2636,Pranav Tank,bdash@example.org,913512094596.0,Thanjavur,Maharashtra,West,New,2026-05-20
2637,Samesh Lal,robert85@example.net,6337598491.0,Panvel,Goa,West,Regular,2025-12-07
2638,Widisha Agate,vartygaurang@example.net,1133795233.0,Shimoga,Chhattisgarh,Central,Occasional,2025-09-27
2639,Anya Bumb,qarora@example.com,912787963387.0,Anand,Odisha,East,Regular,2023-08-12
2640,Rehaan Gera,chandreshtripathi@example.org,910448435197.0,Vijayanagaram,Karnataka,South,New,2025-09-10
2641,Ira Soni,banerjeebina@example.org,5990028422.0,Jalandhar,Chhattisgarh,Central,New,2026-05-11
2642,Jeet Zacharia,girishkhare@example.com,4340305792.0,Mysore,Jharkhand,East,Regular,2024-09-24
2643,Udant Korpal,ishwar36@example.net,912015297968.0,Tumkur,Tamil Nadu,South,Premium,2024-09-23
2644,Finn Chanda,customer_2644@unknown.com,N/A,Bhiwani,Goa,West,Occasional,2024-04-30
2645,Tanay Ramachandran,joshuadada@example.net,915011344968.0,Indore,West Bengal,East,New,2023-10-27
2646,Fitan Vyas,yashoda99@example.com,4949725472.0,Tumkur,Uttarakhand,Central,New,2025-02-13
2647,Damini Dass,semjalsa@example.com,919490465144.0,Farrukhabad,Jammu & Kashmir,Central,New,2024-09-10
2648,Vedhika More,mastereesha@example.org,2888646508.0,Nagpur,Punjab,North,New,2024-05-26
2649,Fitan Soni,mohammed13@example.net,913699754839.0,Morbi,Delhi,North,New,2023-09-04
2650,Kevin Sastry,pathakzayan@example.org,914125038341.0,Tumkur,Chhattisgarh,Central,New,2024-09-03
2651,Pranit Karpe,cdhingra@example.com,1975370063.0,Noida,Rajasthan,North,Regular,2024-08-18
2652,Tamanna Kadakia,kashishdutta@example.org,918583755826.0,Kozhikode,Uttar Pradesh,North,Occasional,2025-02-22
2653,Kala Chaudhry,virkhiral@example.net,9818119942.0,Mehsana,Kerala,South,New,2022-12-26
2654,Bhavika Deshmukh,sabharwalaadhya@example.org,919553433497.0,Kavali,Uttarakhand,Central,New,2026-02-02
2655,Advik Madan,kaleqasim@example.com,914300917316.0,Korba,Uttar Pradesh,North,Premium,2024-07-02
2656,Utkarsh Aggarwal,tgarde@example.com,8390712125.0,Udupi,Bihar,East,Regular,2023-03-07
2657,Faras Bedi,customer_2657@unknown.com,N/A,Aurangabad,Andhra Pradesh,South,Occasional,2026-01-23
2658,Ishani Dhar,frederickchana@example.net,7895166501.0,Faridabad,Uttar Pradesh,North,New,2025-02-02
2659,Chaman Bail,unnatisarma@example.com,911231625751.0,Visakhapatnam,Goa,West,Regular,2024-03-12
2660,Libni Roy,urishilla43@example.net,3847184581.0,Ambattur,Tamil Nadu,South,Regular,2022-09-11
2661,Patrick Chhabra,faraswason@example.org,916372511298.0,Tiruppur,Goa,West,Premium,2026-04-10
2662,Charles Dube,odua@example.com,915067482522.0,Anantapur,Karnataka,South,New,2025-10-27
2663,Gayathri Mallick,opuri@example.org,9145590365.0,Raichur,Uttarakhand,Central,New,2023-10-23
2664,Nathan Jani,qdutta@example.com,7622676174.0,Giridih,Andhra Pradesh,South,Regular,2025-10-16
2665,Ishani Nayak,lukemenon@example.net,910596425497.0,Gandhinagar,Madhya Pradesh,West,Occasional,2022-08-30
2666,Vasatika Chacko,sbaral@example.net,914897311601.0,Nadiad,Jammu & Kashmir,Central,Regular,2023-10-08
2667,Wahab Prabhakar,georgechar@example.net,5424015043.0,Phagwara,Punjab,North,Regular,2026-03-18
2668,Ojasvi Bala,hamsinivyas@example.net,5583645487.0,Pudukkottai,Himachal Pradesh,North,New,2025-12-19
2669,Abha Deol,brinda29@example.net,914368275684.0,Dehri,Delhi,North,Regular,2024-07-09
2670,Sneha Virk,lsrivastava@example.com,910815808678.0,Dindigul,Gujarat,West,Regular,2024-01-03
2671,Tristan Dutt,nitara71@example.net,9992752371.0,Bangalore,Maharashtra,West,New,2023-01-27
2672,Jhalak Rajan,eeshaborah@example.net,5705320936.0,Korba,Telangana,South,Regular,2025-09-09
2673,Dhruv Mani,nikita41@example.net,2941036758.0,Munger,Uttarakhand,Central,Regular,2025-07-09
2674,Mitesh Viswanathan,balveer11@example.com,913037097184.0,Berhampore,Uttarakhand,Central,New,2025-01-10
2675,Udyati Soni,vamakshikalita@example.net,916927592746.0,Guwahati,Odisha,East,Regular,2025-02-15
2676,Mugdha Savant,dmaster@example.org,7018325661.0,Burhanpur,Assam,East,Premium,2022-10-18
2677,Hamsini Kohli,abaria@example.com,910102221268.0,Srikakulam,Andhra Pradesh,South,Regular,2023-01-04
2678,Gopal Banik,boseekansh@example.net,9349106769.0,Amritsar,Telangana,South,Premium,2022-10-15
2679,Baghyawati Mody,bumbpavani@example.org,918225196429.0,Guna,Jammu & Kashmir,Central,Regular,2022-10-12
2680,Jairaj Sant,gdhingra@example.org,254496550.0,Bally,Jharkhand,East,New,2025-04-18
2681,Fiyaz Vasa,eshanalall@example.net,575950242.0,Durgapur,West Bengal,East,Regular,2026-07-16
2682,Yash Prasad,utkarshdalia@example.net,5487713202.0,Rewa,Jharkhand,East,New,2024-05-23
2683,Kalpit Atwal,hiteshviswanathan@example.com,6744822878.0,Panchkula,Telangana,South,Occasional,2022-12-29
2684,David Bassi,rachana30@example.net,6667629602.0,Bijapur,Bihar,East,Regular,2026-06-28
2685,Benjamin Kurian,adas@example.com,5458446577.0,Sambalpur,Uttarakhand,Central,Premium,2026-03-15
2686,Indrajit Padmanabhan,aachalganesh@example.com,9328732276.0,Pondicherry,Tamil Nadu,South,Regular,2025-07-15
2687,Kabir Tata,bimala64@example.com,4030021436.0,Khammam,Jammu & Kashmir,Central,Regular,2023-09-15
2688,Jagrati Jaggi,tanveerdeshpande@example.org,5335668228.0,Bharatpur,Jharkhand,East,Occasional,2025-10-30
2689,Jyoti Mitter,abdulkant@example.net,8013376191.0,Sirsa,Himachal Pradesh,North,Regular,2025-11-20
2690,Hardik Mukhopadhyay,contractorfarhan@example.com,8162315394.0,Motihari,Odisha,East,Premium,2024-08-29
2691,Ishita Shere,cnazareth@example.net,916397505792.0,Uluberia,West Bengal,East,Regular,2022-12-03
2692,George Bhatia,lankachaitaly@example.org,910277320656.0,Ulhasnagar,Punjab,North,Regular,2022-11-19
2693,Ranbir Anand,lavanyahora@example.org,7631143107.0,Berhampur,Punjab,North,Regular,2024-07-05
2694,Farhan Majumdar,lataquincy@example.com,4293064614.0,Guna,Telangana,South,Premium,2026-04-08
2695,Yashawini Bhatnagar,ttank@example.net,2895405847.0,Shahjahanpur,Jammu & Kashmir,Central,Regular,2025-09-24
2696,Vrinda Nayar,yashodasule@example.org,4597989822.0,Mau,Odisha,East,New,2024-12-25
2697,Avi Mammen,jasonbail@example.org,914996117785.0,Serampore,Jammu & Kashmir,Central,Regular,2024-01-29
2698,Hiral Sarraf,irajagopalan@example.net,9233953002.0,Etawah,Gujarat,West,Regular,2023-07-02
2699,Qadim Pingle,djhaveri@example.com,3125245870.0,Korba,Jammu & Kashmir,Central,Regular,2023-06-11
2700,Dev Saxena,jairaj73@example.net,915836249215.0,Sonipat,Jharkhand,East,Regular,2023-01-06
2701,Deepa Kannan,esoni@example.com,913593589105.0,Siwan,Madhya Pradesh,West,Regular,2024-06-08
2702,Ganga Sant,vedakala@example.net,4331612099.0,Jamalpur,Punjab,North,New,2026-06-04
2703,Chaaya Dua,vsrivastava@example.org,3672097506.0,Tadepalligudem,Gujarat,West,Regular,2024-05-26
2704,Kabir Murthy,vvasa@example.net,4164933111.0,Eluru,Assam,East,Regular,2025-02-17
2705,Devika Balakrishnan,liladass@example.org,603632351.0,Tirunelveli,Jammu & Kashmir,Central,New,2025-10-30
2706,Prisha Pandya,mchander@example.net,917398714845.0,Aizawl,Assam,East,Premium,2023-03-24
2707,Ayushman Agrawal,ymaster@example.com,7774146518.0,Jalandhar,Madhya Pradesh,West,New,2026-07-16
2708,Sai Gill,tristan36@example.org,915757866070.0,Naihati,Madhya Pradesh,West,New,2024-04-26
2709,Lakshmi Sane,ybasu@example.net,5085261068.0,Serampore,Telangana,South,Regular,2022-09-17
2710,Laban Rajan,watika41@example.net,4124043968.0,Kottayam,Gujarat,West,Occasional,2024-01-31
2711,Eesha Rama,ambleabdul@example.org,2087163881.0,Amaravati,Jammu & Kashmir,Central,Regular,2026-03-14
2712,Vansha Bumb,toorthomas@example.net,919879216501.0,Kirari Suleman Nagar,Andhra Pradesh,South,Premium,2025-04-18
2713,Tanmayi Sama,chauhanyasti@example.org,6752262491.0,Warangal,Telangana,South,Regular,2025-09-29
2714,Om Uppal,ravalrajata@example.com,1773131974.0,Bhiwandi,Rajasthan,North,New,2025-07-12
2715,Laksh Suresh,ygopal@example.com,9376511825.0,Khandwa,Delhi,North,Regular,2023-08-18
2716,Imaran Rajagopal,imaranshah@example.org,1548362813.0,Bhilai,West Bengal,East,Premium,2025-04-10
2717,Arjun Guha,bhanumatiratti@example.org,7496875744.0,Satna,Haryana,North,Regular,2023-08-10
2718,Lucky Contractor,nkalla@example.net,2125588774.0,Etawah,Odisha,East,Regular,2023-11-28
2719,Dhruv Oak,johaldayita@example.net,5086569963.0,Shimoga,Uttar Pradesh,North,Regular,2022-11-10
2720,Vyanjana Brar,darikachadha@example.org,3834106572.0,Bidar,Uttarakhand,Central,Regular,2023-11-10
2721,Jeevika Sama,brijeshsama@example.com,393367774.0,Bareilly,Odisha,East,Regular,2026-03-07
2722,Samaksh Singh,choudhuryzinal@example.org,34093582.0,Raipur,Maharashtra,West,Regular,2022-10-02
2723,Rudra Deshmukh,kakarfariq@example.net,916664651847.0,Bhind,West Bengal,East,New,2026-07-10
2724,Inaya Tella,dparekh@example.net,7114917946.0,Pudukkottai,Madhya Pradesh,West,Premium,2024-11-06
2725,Peter Kar,gopal08@example.net,3278668689.0,Ulhasnagar,Uttarakhand,Central,Occasional,2022-11-04
2726,Veer Grover,dnarayanan@example.net,910524114207.0,Dindigul,Madhya Pradesh,West,New,2022-09-08
2727,Udant Kalita,pranav94@example.net,7603961084.0,Gudivada,Chhattisgarh,Central,New,2026-03-14
2728,Charvi Nadig,paninisawhney@example.com,912976762135.0,Pondicherry,Jammu & Kashmir,Central,Premium,2024-08-23
2729,Avni Karan,padmanabhanrudra@example.net,3489953120.0,Saharsa,Madhya Pradesh,West,Regular,2024-04-30
2730,Brijesh Muni,balanparth@example.com,917036423733.0,Kurnool,West Bengal,East,New,2025-11-13
2731,Deepa Bhatnagar,ria18@example.net,6217794292.0,Visakhapatnam,Uttarakhand,Central,Regular,2023-11-19
2732,Warda Deshpande,iloke@example.org,915175079631.0,Asansol,Goa,West,Premium,2026-01-30
2733,Anvi Ramachandran,sainieiravati@example.org,6627145706.0,Katihar,Goa,West,Premium,2023-10-11
2734,Yashica Sarin,tanishsathe@example.net,7717121999.0,Mahbubnagar,Tamil Nadu,South,Premium,2026-06-12
2735,Waida Raghavan,qagarwal@example.com,22796244.0,South Dumdum,Assam,East,Premium,2025-12-17
2736,Rohan Acharya,kandawatika@example.net,646594918.0,Hosur,Chhattisgarh,Central,Regular,2024-06-29
2737,Yasti Sur,rishi20@example.org,9226868703.0,Ambarnath,Jammu & Kashmir,Central,Premium,2025-05-10
2738,Jhalak Mangat,veda65@example.org,919246430813.0,Jalgaon,Rajasthan,North,Premium,2024-03-12
2739,Triveni Prabhakar,kuruvillafaqid@example.org,916643509455.0,Ahmednagar,Maharashtra,West,Regular,2023-05-08
2740,Matthew Samra,jgoel@example.net,7760382807.0,Ghaziabad,Chhattisgarh,Central,Occasional,2023-01-11
2741,Aadhya Mutti,hmahajan@example.net,9399697933.0,Sambalpur,Bihar,East,Regular,2022-10-27
2742,Rohan Vyas,jsanghvi@example.net,918689825817.0,Proddatur,Uttarakhand,Central,Regular,2024-10-05
2743,Harsh Radhakrishnan,pranit23@example.com,917993787352.0,Adoni,Jammu & Kashmir,Central,Regular,2026-04-25
2744,Krisha Varty,netra03@example.org,2995086722.0,Raebareli,Chhattisgarh,Central,Premium,2025-03-06
2745,Daksh Sengupta,dsarraf@example.net,8673971819.0,Secunderabad,Haryana,North,Regular,2023-05-26
2746,Alka Sani,teerthbali@example.com,917406242610.0,New Delhi,Maharashtra,West,New,2025-05-20
2747,Urmi Tara,lopapalla@example.org,8491986613.0,Amaravati,Jharkhand,East,Regular,2023-04-04
2748,Mugdha Khanna,urmi24@example.com,3985726850.0,Kirari Suleman Nagar,Delhi,North,Premium,2023-11-22
2749,Utkarsh Trivedi,abhiram09@example.net,8669245051.0,Tadepalligudem,Bihar,East,Regular,2023-03-17
2750,Yahvi Sibal,hemanisura@example.com,3453649961.0,Morbi,Uttar Pradesh,North,Regular,2022-09-25
2751,Tanmayi Dhar,naveendhaliwal@example.net,4615330027.0,Bhavnagar,Gujarat,West,Regular,2024-09-25
2752,Darpan Soni,wsinghal@example.net,9380514538.0,Hindupur,Bihar,East,Regular,2024-07-26
2753,Jackson Saran,dubeybaljiwan@example.com,6991558.0,Jehanabad,Haryana,North,Regular,2025-06-29
2754,Maanas Kuruvilla,eiravati56@example.com,913221489441.0,Aurangabad,Bihar,East,Regular,2023-07-18
2755,Frederick Sekhon,nissac@example.org,918156959070.0,Raebareli,Odisha,East,Regular,2025-01-20
2756,Dhruv Arya,ajoshi@example.org,1287408117.0,Nagpur,Delhi,North,Regular,2025-02-25
2757,Veer Wali,ekapadmajumdar@example.com,918789999628.0,Chennai,Jammu & Kashmir,Central,Regular,2025-07-13
2758,Bhavini Bhalla,maanas18@example.com,915608319126.0,Firozabad,Jammu & Kashmir,Central,Regular,2025-12-06
2759,Oviya Nanda,ekansh84@example.com,919386547192.0,Faridabad,Haryana,North,Regular,2025-08-06
2760,Zehaan Uppal,hmohan@example.com,915662300560.0,Darbhanga,Madhya Pradesh,West,Regular,2025-07-14
2761,Hritik Patel,chatterjeelakshit@example.net,3506656605.0,Karnal,Punjab,North,Premium,2025-04-10
2762,Yasti Patel,tanvi65@example.com,9379391947.0,Kamarhati,Haryana,North,Premium,2025-03-28
2763,Benjamin Halder,michael19@example.net,910276471.0,Gaya,Jammu & Kashmir,Central,Regular,2024-07-29
2764,Om Buch,bordechandran@example.org,6237738133.0,Pudukkottai,Jammu & Kashmir,Central,New,2023-09-06
2765,Guneet Lall,nicholas37@example.net,913463328742.0,Erode,Assam,East,Regular,2026-06-19
2766,Maya Sachdev,nathbanjeet@example.org,915895381575.0,Tiruchirappalli,Himachal Pradesh,North,Premium,2023-12-21
2767,Anamika Kant,sudiksha81@example.net,779491488.0,Sri Ganganagar,Kerala,South,Premium,2026-03-29
2768,Chakrika Madan,fray@example.net,9541710065.0,Ajmer,Karnataka,South,Premium,2025-06-17
2769,Mahika Sangha,bina55@example.org,6377665995.0,Gulbarga,Madhya Pradesh,West,Regular,2026-06-26
2770,Anya Manda,virajchaudry@example.com,912664849186.0,Bijapur,Goa,West,New,2025-06-06
2771,Zansi Kaur,tkamdar@example.com,533151313.0,Chinsurah,Tamil Nadu,South,Regular,2024-03-31
2772,Sachi Agrawal,vedhikatoor@example.com,3447937223.0,Karawal Nagar,Goa,West,Premium,2023-02-04
2773,Faqid Reddy,onkarpal@example.net,5843135740.0,Aizawl,Goa,West,New,2025-11-10
2774,Ayaan Seth,vanshadoshi@example.net,6175657799.0,Kharagpur,Telangana,South,New,2024-07-06
2775,Bimala Lala,falgunidash@example.org,954551924.0,Arrah,West Bengal,East,Regular,2023-02-21
2776,Yoshita Sankaran,deepakrishnamurthy@example.org,916170649144.0,Rajpur Sonarpur,Jammu & Kashmir,Central,Regular,2026-07-14
2777,Ikshita Gola,charjagvi@example.com,1461641573.0,Fatehpur,Punjab,North,New,2023-08-28
2778,Abhimanyu Chakrabarti,amarabora@example.net,8109071957.0,Dewas,Telangana,South,Occasional,2024-06-02
2779,Harsh Muni,hardik49@example.net,5583873680.0,Akola,Gujarat,West,Premium,2026-06-15
2780,Pooja Brahmbhatt,warrioraarini@example.org,8168482723.0,Hindupur,Odisha,East,Premium,2025-02-20
2781,Tamanna Badal,lekha44@example.com,913006045199.0,Sasaram,Goa,West,Regular,2025-03-07
2782,Vihaan Kakar,balakrishnanpeter@example.com,6327223736.0,Allahabad,Odisha,East,Regular,2022-12-19
2783,Madhav Raju,customer_2783@unknown.com,N/A,Faridabad,Uttarakhand,Central,Regular,2023-09-22
2784,Shaurya Sidhu,dalajapingle@example.org,915996426060.0,Phagwara,Tamil Nadu,South,Premium,2025-12-27
2785,Naksh Sibal,advay51@example.com,3164119913.0,Ambarnath,Delhi,North,New,2024-12-31
2786,Chandran Dugar,bhavya26@example.org,916289223843.0,Surendranagar Dudhrej,Madhya Pradesh,West,New,2024-05-25
2787,Eiravati Mital,oliver25@example.org,7475294977.0,Sikar,Chhattisgarh,Central,New,2025-03-15
2788,Harsh Gaba,rajata38@example.org,7665703101.0,Warangal,Rajasthan,North,Regular,2024-03-02
2789,Yatan Kapur,yparekh@example.org,4214483545.0,Tumkur,Maharashtra,West,Regular,2025-04-12
2790,Pavani Venkatesh,joshuapathak@example.org,4309353521.0,Rajkot,Goa,West,Regular,2025-01-03
2791,Bhavini Raghavan,ybail@example.com,9924715756.0,Pune,Delhi,North,Premium,2024-09-11
2792,Faraj Barad,anmolgaba@example.org,912395512169.0,Bhavnagar,Andhra Pradesh,South,Regular,2024-12-06
2793,Isha Lad,lalajonathan@example.org,3262144537.0,Naihati,Haryana,North,New,2023-06-04
2794,Amara Nagy,ramaswamyvrinda@example.net,7880115913.0,Bhusawal,Bihar,East,Regular,2025-05-11
2795,Quincy Hayre,mayagupta@example.com,4690336931.0,Mau,Jammu & Kashmir,Central,Regular,2024-11-22
2796,Suhani Kota,saichaudhry@example.com,5527876260.0,Thrissur,Karnataka,South,Occasional,2024-07-02
2797,Bhavani Bains,akshaywalla@example.com,9195078679.0,Jehanabad,West Bengal,East,Regular,2024-01-06
2798,Hritik Dasgupta,triveni46@example.org,913190024155.0,Shimla,Chhattisgarh,Central,Regular,2025-01-15
2799,Zinal Randhawa,snehakade@example.com,913270289966.0,Orai,Maharashtra,West,New,2026-03-21
2800,Amruta Kala,chakrabortylekha@example.org,910651494739.0,Bharatpur,Jammu & Kashmir,Central,Premium,2024-06-14
2801,Sai Brar,oakirya@example.com,1030275960.0,Motihari,Chhattisgarh,Central,New,2025-07-10
2802,Ranbir Narula,samar42@example.org,914945212586.0,Khandwa,Jammu & Kashmir,Central,New,2024-03-29
2803,Yauvani Chokshi,mahajanchampak@example.net,9915141405.0,Proddatur,Chhattisgarh,Central,Regular,2023-03-15
2804,Fariq Khurana,varenya42@example.net,6364122647.0,Imphal,Tamil Nadu,South,Regular,2024-02-04
2805,Theodore Gokhale,harini39@example.net,424081744.0,Arrah,Chhattisgarh,Central,New,2025-07-22
2806,Mugdha Wable,quincy76@example.net,910918812246.0,Bhilai,Bihar,East,New,2025-06-21
2807,Nathaniel Yadav,suraaarav@example.org,919790963515.0,Aurangabad,Himachal Pradesh,North,New,2026-08-04
2808,Tanay Keer,sarrafchristopher@example.org,5337970860.0,Noida,Uttarakhand,Central,New,2024-08-09
2809,Hemani Sharma,jhalakissac@example.com,917201533300.0,Gaya,Maharashtra,West,Occasional,2024-08-07
2810,Ojasvi Magar,ekrishnamurthy@example.org,911151968394.0,Sangli-Miraj & Kupwad,Haryana,North,Regular,2024-01-16
2811,Rachana Hora,customer_2811@unknown.com,N/A,Tiruvottiyur,Goa,West,Regular,2023-03-19
2812,Rachana Taneja,johalnandini@example.com,3514522823.0,Anantapur,Uttarakhand,Central,Premium,2023-06-12
2813,Dayamai Vaidya,rachit97@example.net,3496577583.0,Sri Ganganagar,Chhattisgarh,Central,New,2025-07-14
2814,Watika Acharya,amenon@example.com,1231540244.0,Ambala,Tamil Nadu,South,Regular,2023-05-12
2815,Sneha Natt,chhabramugdha@example.org,917034914105.0,Nadiad,Madhya Pradesh,West,Regular,2023-06-25
2816,Sai Sachdev,oliver72@example.net,912645436768.0,Phagwara,Gujarat,West,Regular,2025-03-09
2817,Damini Ramakrishnan,ygrewal@example.net,6301333279.0,Bareilly,Chhattisgarh,Central,Occasional,2024-06-15
2818,Aarav Garg,hsule@example.net,6149491851.0,Jaunpur,Andhra Pradesh,South,Occasional,2026-02-21
2819,Jatin Sagar,joshibarkha@example.net,2606822879.0,Sambhal,Karnataka,South,Regular,2024-02-13
2820,Frado Apte,eraja@example.net,9293257890.0,Varanasi,West Bengal,East,Premium,2022-12-01
2821,Rayaan Bhakta,bhavikasubramanian@example.net,1120273023.0,Chapra,Delhi,North,Premium,2024-05-30
2822,Gunbir Dewan,balendrashetty@example.org,913033582339.0,Jabalpur,Rajasthan,North,New,2026-02-25
2823,Wridesh Tank,ikohli@example.net,9278767823.0,Chennai,Odisha,East,Regular,2023-01-22
2824,Qabil De,vreddy@example.org,4486574306.0,Lucknow,Gujarat,West,Occasional,2025-04-24
2825,Dayamai Misra,tiwarireva@example.org,912981130084.0,Bellary,Haryana,North,Premium,2024-03-27
2826,Bimala Chad,borraraksha@example.net,3305074950.0,Ichalkaranji,Tamil Nadu,South,New,2025-02-05
2827,Ridhi Chatterjee,abeerdhar@example.net,4416169362.0,Howrah,Uttarakhand,Central,New,2023-08-18
2828,Ishwar Sangha,kevinkhosla@example.net,913705741037.0,Kozhikode,Maharashtra,West,Regular,2024-10-27
2829,Gaurika Loyal,narainkabir@example.com,3851635781.0,Bulandshahr,Delhi,North,Regular,2023-05-11
2830,Radha Roy,varenya13@example.org,9010291585.0,Navi Mumbai,Uttar Pradesh,North,Regular,2023-10-25
2831,Finn Dara,chandrabhavika@example.com,912353596828.0,Jalandhar,Maharashtra,West,Regular,2024-12-14
2832,Chanakya Yogi,deyxavier@example.com,3167660271.0,Kishanganj,Maharashtra,West,Regular,2025-12-12
2833,Ubika Wadhwa,upadhriti87@example.org,1938347705.0,Ahmedabad,Rajasthan,North,Regular,2025-02-02
2834,Urvi Kaul,balasubramanianqasim@example.net,911311482414.0,Jaipur,Madhya Pradesh,West,Regular,2025-05-15
2835,Dayamai Raj,owalia@example.net,2596349001.0,Gurgaon,Gujarat,West,New,2023-10-11
2836,Yatin Malhotra,abhimanyu04@example.org,5113030766.0,Morena,Chhattisgarh,Central,Premium,2024-11-06
2837,Hitesh Rama,aloyal@example.com,8209872848.0,Anand,Madhya Pradesh,West,New,2022-08-18
2838,Maya Dey,avnikumar@example.com,915572477213.0,Thiruvananthapuram,Chhattisgarh,Central,Regular,2023-01-23
2839,Michael Bal,reddyabhimanyu@example.net,9417231901.0,Pimpri-Chinchwad,Punjab,North,Premium,2025-05-17
2840,Pallavi Vyas,ckibe@example.org,918589358404.0,Thane,Chhattisgarh,Central,Regular,2025-08-01
2841,Tanmayi Chakrabarti,omajanadkarni@example.com,6416566671.0,Berhampore,Rajasthan,North,New,2025-12-04
2842,Fiyaz Dani,balvantalwar@example.org,918058935967.0,Alappuzha,Chhattisgarh,Central,Occasional,2025-11-24
2843,Harinakshi Devan,triveni61@example.com,913359848086.0,Dibrugarh,Telangana,South,Regular,2023-05-22
2844,Advaith Krishnan,atidhillon@example.org,9785321013.0,Ballia,Madhya Pradesh,West,New,2024-06-11
2845,Aditya Atwal,abhimanyu03@example.com,5849014056.0,Mumbai,Gujarat,West,Regular,2024-12-04
2846,Shivani Suresh,batraekta@example.net,912799046369.0,Hindupur,Delhi,North,Regular,2023-03-29
2847,Zaitra Hans,hloke@example.net,916269616367.0,Jabalpur,Uttarakhand,Central,Premium,2025-11-08
2848,Eesha Goyal,rmistry@example.org,6915489788.0,Bilaspur,Odisha,East,Premium,2024-07-19
2849,Aarna Narang,saisodhi@example.org,875505624.0,Deoghar,Chhattisgarh,Central,Regular,2023-01-08
2850,Riya Varty,aryan13@example.net,919387074142.0,Salem,Assam,East,Regular,2022-12-14
2851,Dayita Kakar,falanmukhopadhyay@example.org,6247863572.0,Bulandshahr,West Bengal,East,Premium,2023-08-21
2852,Vasatika Karan,champakthaker@example.net,345446843.0,Rajkot,Tamil Nadu,South,Regular,2025-06-07
2853,Ekanta Minhas,gsahota@example.com,3079099199.0,Sikar,Chhattisgarh,Central,Regular,2025-10-15
2854,Ekansh Shroff,pradhanjacob@example.org,913562576210.0,Ajmer,Karnataka,South,Premium,2024-07-04
2855,Hiral Setty,kashvi00@example.org,4415663057.0,Mehsana,Tamil Nadu,South,Regular,2024-11-07
2856,Mohammed Grover,gadeishaan@example.com,8928390537.0,Kochi,Madhya Pradesh,West,Premium,2024-03-13
2857,Vanya Ramanathan,shanqasim@example.org,3248932377.0,Bidar,Assam,East,Premium,2025-10-11
2858,Anika Prashad,nnair@example.org,1484268988.0,Morbi,Assam,East,Regular,2024-09-13
2859,Vamakshi Mangal,hpadmanabhan@example.com,7856451924.0,Sultan Pur Majra,Bihar,East,Regular,2024-06-27
2860,Alka Raju,jananichand@example.com,2287351187.0,Bettiah,Punjab,North,Regular,2025-01-10
2861,Aashi Bir,bhavani87@example.net,7476397103.0,Loni,Himachal Pradesh,North,Regular,2024-04-13
2862,Praneel Tank,dsahota@example.com,8886742050.0,Nandyal,Andhra Pradesh,South,Premium,2024-11-23
2863,Netra Gill,ekarajravel@example.org,6518651531.0,Rajkot,Andhra Pradesh,South,New,2024-11-20
2864,Vivaan Verma,yachanasule@example.net,918686514660.0,Shimla,Jharkhand,East,Regular,2023-11-10
2865,Warjas Sachdeva,gbansal@example.net,5226412465.0,Jamnagar,Tamil Nadu,South,Regular,2022-09-02
2866,Vedika Sethi,edhithacontractor@example.com,3202271131.0,Allahabad,Haryana,North,Regular,2025-07-16
2867,Arunima Venkataraman,balayaachal@example.com,5557734328.0,Berhampur,Uttar Pradesh,North,Regular,2023-03-22
2868,Raghav Datta,khoslaojasvi@example.com,4983598084.0,Ghaziabad,Telangana,South,Occasional,2026-05-15
2869,Samuel Devi,gmutti@example.com,6271370244.0,Phagwara,West Bengal,East,Occasional,2024-10-21
2870,Ijaya Balakrishnan,raghavanmohini@example.org,4783062646.0,Ambala,Karnataka,South,Regular,2024-11-04
2871,Peter Loyal,charita63@example.org,918420927493.0,Giridih,Kerala,South,New,2026-06-03
2872,Fariq Dhar,baljiwangopal@example.org,1285136840.0,Ramagundam,Assam,East,Regular,2024-10-21
2873,Lipika Narula,victorsuresh@example.org,918777519003.0,Kozhikode,Tamil Nadu,South,Regular,2026-03-09
2874,Avi Soni,bhavinishetty@example.net,4326748464.0,Solapur,West Bengal,East,Regular,2025-09-11
2875,Sathvik Dey,vincentpandya@example.com,917673058582.0,Udupi,Andhra Pradesh,South,New,2025-11-30
2876,Harita Saini,lakshitmadan@example.org,912125588983.0,Tiruppur,Haryana,North,Occasional,2024-05-29
2877,Jagdish Loke,dattaforum@example.com,916707792445.0,Nandyal,Jharkhand,East,Regular,2022-09-13
2878,Ekaraj Chauhan,imaranprakash@example.net,8731024264.0,Ghaziabad,Bihar,East,Occasional,2023-12-31
2879,Vihaan Mammen,swadhwa@example.com,3109035858.0,Bhavnagar,Uttarakhand,Central,New,2025-09-11
2880,Rachit Solanki,bakhshi27@example.net,919264210238.0,Ujjain,Delhi,North,Regular,2024-03-21
2881,Vrinda Krish,vsachdeva@example.net,4970695990.0,Phusro,Karnataka,South,Regular,2026-07-25
2882,Amara Kannan,hemanisachdev@example.org,919502111870.0,Kolkata,Goa,West,Regular,2026-02-08
2883,Praneel Datta,parmerwarinder@example.org,2089395608.0,Jalna,Gujarat,West,Occasional,2022-10-13
2884,Ekavir Sekhon,aurorageorge@example.com,8247599117.0,Tezpur,Jammu & Kashmir,Central,Regular,2024-06-01
2885,Omya Naik,rauyutika@example.net,8576027316.0,Mathura,Uttarakhand,Central,New,2022-10-19
2886,Chatresh Dube,harini06@example.org,917052416945.0,Dewas,Bihar,East,Regular,2026-02-20
2887,Kritika Sibal,akumar@example.net,914284000013.0,Firozabad,Bihar,East,New,2024-03-26
2888,Yashvi Madan,bchatterjee@example.com,918232258337.0,Dehradun,Uttarakhand,Central,Regular,2023-06-05
2889,Shaurya Keer,forum01@example.com,1776578661.0,Dhanbad,Punjab,North,New,2025-05-05
2890,Indali Chadha,waglelakshmi@example.org,4793933489.0,Baranagar,Chhattisgarh,Central,Regular,2022-10-06
2891,Megha Ramachandran,gabrielnagarajan@example.net,5800875757.0,Navi Mumbai,Goa,West,Premium,2022-11-07
2892,Imaran Upadhyay,labanhans@example.com,918444685013.0,Sambalpur,Gujarat,West,Regular,2025-07-18
2893,Chanchal Chopra,peter93@example.org,4570177337.0,Jabalpur,Assam,East,New,2024-10-06
2894,Janaki Hans,wbasu@example.com,9712793108.0,Munger,Madhya Pradesh,West,Regular,2022-10-24
2895,Upadhriti Murthy,bacharya@example.net,914186960956.0,Salem,Maharashtra,West,Regular,2023-04-25
2896,Kai Chahal,srivastavadhriti@example.net,4358309753.0,Burhanpur,Andhra Pradesh,South,New,2022-12-21
2897,Adweta Desai,hchandra@example.net,1756863454.0,Parbhani,Gujarat,West,Regular,2023-06-15
2898,Orinder Balakrishnan,vdua@example.com,3003580875.0,Sambalpur,Gujarat,West,Occasional,2025-06-13
2899,Gunbir Baral,viraj48@example.net,911927277834.0,Mehsana,Odisha,East,Premium,2023-09-10
2900,Laksh Thaker,chakrabortylibni@example.net,1771103402.0,Pallavaram,Tamil Nadu,South,Regular,2025-02-02
2901,Rajeshri Bhatti,umukhopadhyay@example.com,1791848000.0,Kanpur,Uttarakhand,Central,Regular,2026-04-27
2902,Vedant Khare,gangulyjacob@example.com,9040113921.0,Proddatur,Punjab,North,Premium,2026-05-04
2903,Mason Shukla,rdin@example.com,917645618468.0,Dindigul,Jharkhand,East,Premium,2026-04-15
2904,Samuel Ranganathan,saanvi47@example.org,9148719290.0,Rajahmundry,Madhya Pradesh,West,Regular,2026-06-16
2905,Keya Palan,kdara@example.com,9681266699.0,Kharagpur,Goa,West,Regular,2024-10-31
2906,Tanvi Sethi,thakkarpanini@example.net,5748659775.0,Pallavaram,Uttar Pradesh,North,Regular,2025-09-18
2907,Tanish Tripathi,baralturvi@example.com,916823373393.0,Bhind,West Bengal,East,Regular,2024-06-15
2908,Girik Gill,jtara@example.net,5707385460.0,Bhatpara,Haryana,North,New,2025-11-23
2909,Shivansh Deshmukh,kotharitejas@example.org,5878928802.0,Giridih,Jammu & Kashmir,Central,Premium,2022-12-16
2910,Gauri Tata,dkamdar@example.net,8370799190.0,Warangal,Bihar,East,Regular,2025-05-27
2911,Hiral Manda,daminimemon@example.net,919747084867.0,Gorakhpur,Haryana,North,Regular,2023-05-31
2912,Nathan Memon,krishna34@example.org,5094162672.0,Hyderabad,Kerala,South,Regular,2025-08-08
2913,Nihal Tailor,chackoyatin@example.org,915667019187.0,Madhyamgram,Odisha,East,Regular,2024-10-05
2914,Amrita Nath,chakradevsoni@example.org,9802213189.0,Patna,Bihar,East,New,2023-01-31
2915,Rayaan Muni,ochopra@example.org,3417414655.0,Khammam,Telangana,South,Occasional,2023-12-11
2916,Yug Jhaveri,januja91@example.com,9156630363.0,Anand,Haryana,North,Regular,2022-12-23
2917,Yashodhara Ratta,anirudh07@example.com,3525019165.0,Sikar,Jharkhand,East,Occasional,2024-05-13
2918,Anmol Ramaswamy,zsane@example.net,7781341452.0,Bally,Jammu & Kashmir,Central,Regular,2023-09-19
2919,Anvi Bhattacharyya,tarak50@example.net,914351840639.0,Ghaziabad,Chhattisgarh,Central,New,2024-12-09
2920,Netra Patla,jayaramanmaanav@example.com,910049912643.0,Chittoor,Karnataka,South,New,2025-08-20
2921,Guneet Dutt,patilchanakya@example.net,916339236259.0,Guntur,Andhra Pradesh,South,Regular,2025-08-21
2922,Jalsa Suri,choudhryom@example.net,9128300623.0,Anand,Jammu & Kashmir,Central,New,2026-04-26
2923,Amrita Patla,sachdevawakeeta@example.net,917761960791.0,Chittoor,Goa,West,New,2023-07-07
2924,Warjas Kari,jason33@example.com,911535628724.0,Lucknow,Bihar,East,Regular,2023-03-18
2925,Ayaan Kulkarni,latasanya@example.net,1682898218.0,Ramagundam,Gujarat,West,Regular,2025-11-22
2926,Naveen Chatterjee,yhayer@example.org,7038647322.0,Kolhapur,Chhattisgarh,Central,Regular,2023-10-29
2927,Nathan Sant,snehakala@example.com,1254145287.0,Morena,Chhattisgarh,Central,Regular,2023-03-14
2928,Arunima Kuruvilla,smandal@example.org,6434410579.0,Visakhapatnam,Punjab,North,New,2024-02-02
2929,Qabil Palla,patrickkoshy@example.net,914448345199.0,Imphal,Odisha,East,Regular,2024-04-03
2930,Shivani Subramanian,aishani72@example.net,1570662501.0,Malegaon,Madhya Pradesh,West,New,2026-07-09
2931,Charita Hayer,hsawhney@example.com,4872484926.0,Karnal,Uttarakhand,Central,Regular,2023-05-29
2932,Abdul Naidu,udeol@example.org,820780988.0,Tirunelveli,Rajasthan,North,New,2023-05-06
2933,Ishani Goel,agrawalanusha@example.org,915479130279.0,Dharmavaram,Karnataka,South,Occasional,2022-10-06
2934,Oliver Murty,bajajalexander@example.net,912798257998.0,Thoothukudi,Assam,East,Premium,2026-03-18
2935,Siddharth Ganguly,obandi@example.org,914080770037.0,Pallavaram,Jammu & Kashmir,Central,Premium,2025-12-19
2936,Chandran Raghavan,manbir46@example.org,8895920851.0,Guwahati,Madhya Pradesh,West,Regular,2023-01-23
2937,Logan Uppal,crajagopal@example.org,9974941171.0,Ballia,Maharashtra,West,Premium,2025-12-06
2938,Wahab Ravi,xiti73@example.com,915901259968.0,Saharsa,Andhra Pradesh,South,Regular,2026-06-07
2939,Amruta Karnik,riyazachariah@example.net,7154295995.0,Jodhpur,Uttarakhand,Central,Premium,2025-07-18
2940,Reva Taneja,basuunni@example.org,1035336359.0,Raipur,West Bengal,East,Regular,2025-12-17
2941,Praneel Jaggi,advay51@example.com,8866314387.0,Gandhinagar,Chhattisgarh,Central,Regular,2025-04-09
2942,Hemal Modi,jackchowdhury@example.net,8959491926.0,Amaravati,Uttarakhand,Central,Regular,2023-01-29
2943,Vamakshi Jha,meeraramakrishnan@example.com,8143137400.0,Tezpur,Tamil Nadu,South,Occasional,2024-01-15
2944,Jackson Chokshi,routyug@example.net,912443265495.0,Kottayam,Goa,West,Regular,2024-12-08
2945,Vidhi Tella,eshana17@example.net,915436980345.0,Deoghar,Assam,East,Regular,2025-03-13
2946,Ayush Mander,chandran80@example.net,910069569819.0,Maheshtala,Haryana,North,Premium,2025-02-20
2947,Frederick Rao,yganguly@example.com,307505999.0,Chinsurah,Kerala,South,New,2026-08-02
2948,Zaitra D’Alia,prashadsara@example.org,919179651059.0,Indore,Madhya Pradesh,West,Regular,2023-10-17
2949,Falguni Kale,lmann@example.com,5839318566.0,Bardhaman,Uttar Pradesh,North,Premium,2024-11-28
2950,Aadhya Shere,divannirja@example.net,8107863201.0,Thane,Maharashtra,West,Regular,2026-05-16
2951,Arin Swaminathan,shettypallavi@example.org,912558811912.0,Madhyamgram,Karnataka,South,New,2025-04-13
2952,Janani Chandran,senguptayadavi@example.com,2467600425.0,Bulandshahr,Jharkhand,East,New,2024-05-23
2953,George Gour,aahana45@example.net,7951961499.0,Jabalpur,Gujarat,West,Premium,2023-12-15
2954,Ayaan Bail,chavvi44@example.net,2521653897.0,Ballia,Assam,East,Regular,2026-02-21
2955,Tanvi Raval,fratti@example.com,2442031579.0,Bangalore,Goa,West,Regular,2026-05-17
2956,Dominic Chaudry,arunimapillay@example.org,7836350968.0,Kota,Andhra Pradesh,South,Regular,2024-05-01
2957,Madhav Sharaf,sahotaojasvi@example.org,919352601772.0,Tiruvottiyur,Gujarat,West,Premium,2025-01-11
2958,Samar Datta,mchaudhari@example.com,4270182332.0,Faridabad,Uttarakhand,Central,Premium,2024-01-15
2959,Udant Bassi,mohini74@example.org,1853311564.0,North Dumdum,Chhattisgarh,Central,New,2023-04-26
2960,Peter Sharma,reyansh18@example.com,3364921529.0,Nizamabad,Jharkhand,East,Regular,2026-03-24
2961,Dev Radhakrishnan,phari@example.net,910322168807.0,Bareilly,Jharkhand,East,Premium,2024-02-28
2962,Fiyaz Natt,vrishti41@example.org,1218833401.0,Ramgarh,Andhra Pradesh,South,Regular,2024-10-15
2963,Daksha Lata,jasmit76@example.net,9625367117.0,Bhavnagar,Jammu & Kashmir,Central,Regular,2025-08-24
2964,Dalaja Peri,hloyal@example.net,5659230022.0,Mangalore,Gujarat,West,New,2022-10-18
2965,Shivani Chand,trajan@example.org,913519997211.0,Ratlam,Punjab,North,New,2023-02-28
2966,Riya Anand,christophersama@example.com,4201173101.0,Pudukkottai,Uttar Pradesh,North,New,2023-03-07
2967,Azaan Lala,dbanik@example.com,910495668651.0,Kollam,Kerala,South,New,2026-04-22
2968,Shivansh Sodhi,krishnasharaf@example.net,3929025324.0,Dehri,Uttarakhand,Central,New,2024-12-10
2969,Vyanjana Rout,dparikh@example.com,5439592891.0,Bhusawal,Himachal Pradesh,North,New,2024-12-03
2970,Ojas Merchant,warjas47@example.com,1160847818.0,Ulhasnagar,Andhra Pradesh,South,Regular,2023-08-13
2971,Amaira Madan,arya74@example.net,8569445142.0,Arrah,Chhattisgarh,Central,Occasional,2023-04-22
2972,Girik Kunda,ladlibhakta@example.com,913391438276.0,Sikar,Delhi,North,Premium,2024-07-31
2973,Siddharth Pandey,aishani52@example.com,9137206773.0,Udupi,Jharkhand,East,Premium,2023-02-07
2974,Avi Khosla,aadhyaratta@example.net,2075391919.0,Jamalpur,Bihar,East,Premium,2025-06-27
2975,Zansi Chacko,ekaniarya@example.com,919848550506.0,Sri Ganganagar,Maharashtra,West,Regular,2026-07-30
2976,Alka Sachdeva,trivenithakkar@example.com,6217627243.0,Farrukhabad,Madhya Pradesh,West,Regular,2023-01-04
2977,Nimrat Panchal,loyalsneha@example.com,910144633845.0,Anantapuram,Gujarat,West,Regular,2023-10-04
2978,Gaurav Dass,loganborah@example.net,8848131205.0,Pimpri-Chinchwad,Haryana,North,Regular,2024-01-12
2979,Arjun Doshi,maxbaral@example.org,4176697068.0,Motihari,Kerala,South,New,2024-12-19
2980,Kritika Rege,dmann@example.net,910977354962.0,Khora,Madhya Pradesh,West,Premium,2023-04-15
2981,Jack Dhaliwal,kallajanuja@example.com,910125343646.0,Amaravati,Rajasthan,North,New,2024-02-06
2982,David Sandhu,bnarasimhan@example.com,314822119.0,Bathinda,Gujarat,West,Premium,2023-07-23
2983,Pranit Bahl,kavya53@example.org,916855502694.0,Kanpur,Bihar,East,Regular,2025-10-27
2984,Manya Bhagat,jdutt@example.net,4993928866.0,Navi Mumbai,Rajasthan,North,Regular,2024-02-10
2985,Harini Gole,bhavani43@example.org,2361416370.0,Nanded,West Bengal,East,Premium,2022-09-29
2986,Liam Balakrishnan,pallachatresh@example.org,9407993977.0,Nashik,Gujarat,West,Regular,2024-09-21
2987,Yashoda Pingle,pallaryan@example.net,4248784041.0,Panchkula,Himachal Pradesh,North,Regular,2026-07-28
2988,Abeer Vala,ksura@example.com,915699229137.0,Rajkot,Goa,West,Regular,2023-01-21
2989,Akshay Morar,sraval@example.org,910994791415.0,Orai,Himachal Pradesh,North,Premium,2024-04-21
2990,Unni Rai,rshan@example.org,5374667856.0,Mango,Maharashtra,West,New,2023-11-24
2991,Chaman Khalsa,pbir@example.net,911685952417.0,Chinsurah,Jammu & Kashmir,Central,New,2023-01-16
2992,Charvi Swaminathan,divyaray@example.net,914325101102.0,Kochi,Punjab,North,New,2024-10-31
2993,Ekansh Madan,berafrado@example.org,2017474815.0,Jehanabad,Maharashtra,West,Premium,2025-12-13
2994,Anusha Dayal,xitibhalla@example.org,1245824708.0,Panchkula,Punjab,North,New,2024-06-19
2995,Triya Varughese,saumya43@example.com,4254247026.0,Imphal,Kerala,South,Occasional,2022-10-18
2996,Mohini Ravi,adeep@example.com,2972231870.0,New Delhi,Tamil Nadu,South,Regular,2026-02-11
2997,Aradhana Palla,riaparsa@example.org,2903856980.0,Proddatur,Delhi,North,Regular,2023-07-01
2998,Aarav Dube,mvarughese@example.com,2684941479.0,Bilaspur,Tamil Nadu,South,Regular,2023-11-25
2999,Eta Bumb,wahab79@example.org,608238200.0,Malegaon,Himachal Pradesh,North,Regular,2023-10-30
3000,Abhiram Sama,odewan@example.com,5530922221.0,Kottayam,Tamil Nadu,South,Regular,2025-02-19
3001,Mohini Bail,ekajayadav@example.org,912327234424.0,Katni,Haryana,North,Regular,2024-12-09
3002,Zaitra Kala,kumaranika@example.net,2233228466.0,Madanapalle,Telangana,South,Regular,2026-03-23
3003,Finn Bath,upadhyaymugdha@example.org,911337521455.0,Bardhaman,Uttarakhand,Central,Occasional,2025-02-03
3004,Mohammed Sridhar,behlaishani@example.net,9744225973.0,Bellary,Uttar Pradesh,North,Regular,2024-07-05
3005,Yutika Patla,vohrasimon@example.com,3200608307.0,Latur,Odisha,East,Regular,2024-09-13
3006,Vasudha Patla,zilmil77@example.org,5733353837.0,Udaipur,Goa,West,Regular,2024-06-17
3007,Daksh Narain,rmann@example.com,1927812079.0,Bhatpara,Andhra Pradesh,South,Regular,2023-08-30
3008,Ira Dutt,adwetadeol@example.com,6173720170.0,Gorakhpur,Assam,East,Regular,2023-10-20
3009,Ganga Natarajan,dsha@example.com,3510674449.0,Pallavaram,Uttar Pradesh,North,Regular,2024-07-05
3010,Vinaya Swamy,keerandrew@example.org,9230083341.0,Jamshedpur,Uttarakhand,Central,Occasional,2023-02-21
3011,Dhriti Badami,rishibhakta@example.org,354313731.0,Aurangabad,Himachal Pradesh,North,Premium,2025-12-04
3012,Anika Varma,tarajanya@example.net,7322927809.0,Nagaon,Chhattisgarh,Central,Regular,2024-03-07
3013,Shivansh Chandra,sainipranav@example.org,6786303816.0,Aurangabad,Rajasthan,North,Regular,2023-08-12
3014,Maya Srinivasan,siballadli@example.net,8644491185.0,Kalyan-Dombivli,Gujarat,West,Regular,2025-10-27
3015,Adya Ganesan,ugill@example.com,3018087258.0,Akola,Jharkhand,East,Regular,2023-01-23
3016,Amol Deep,vaishnavigole@example.com,5215272311.0,Korba,Rajasthan,North,Occasional,2026-03-31
3017,Libni Rajagopal,nathansahni@example.com,5972777198.0,Vellore,Madhya Pradesh,West,Premium,2023-11-01
3018,Ranbir Mitra,onarula@example.com,968348698.0,Bareilly,Telangana,South,Premium,2022-09-22
3019,Nandini Dutt,giriktank@example.com,916053908110.0,Patna,Uttar Pradesh,North,Regular,2024-06-05
3020,Warjas Dada,nilimajani@example.com,4198703225.0,Kottayam,Haryana,North,Regular,2024-08-29
3021,Vihaan Doctor,vaishnavikuruvilla@example.net,5454472787.0,Ramagundam,Gujarat,West,Premium,2022-12-27
3022,Tripti Borra,bmuni@example.com,8679942061.0,Chittoor,Uttar Pradesh,North,Regular,2023-10-25
3023,Rayaan Sethi,jchada@example.org,9308787909.0,Belgaum,Bihar,East,Regular,2024-06-08
3024,Patrick Butala,nidrakalla@example.com,8156710262.0,Anantapur,Tamil Nadu,South,Regular,2024-09-27
3025,Ryan Handa,oni28@example.com,3728284012.0,Mira-Bhayandar,Uttarakhand,Central,New,2025-10-29
3026,Alka Korpal,chakradharboase@example.net,918124796667.0,Indore,Bihar,East,Regular,2022-11-10
3027,Vrishti Gara,chandresh99@example.org,5137684814.0,Hindupur,Rajasthan,North,New,2023-06-07
3028,Warda Chaudhry,eta19@example.org,918496538519.0,Thane,Goa,West,New,2025-09-28
3029,Bimala Palan,zayyanbhagat@example.org,917528799722.0,Chittoor,Kerala,South,Regular,2024-03-13
3030,Champak Dave,gayathrikothari@example.net,912272544955.0,Shahjahanpur,Telangana,South,Regular,2025-12-14
3031,Sneha Nadig,gangakrishnamurthy@example.com,7239677839.0,Raiganj,Karnataka,South,Premium,2025-07-04
3032,Niharika Jaggi,rattanpooja@example.org,7940990737.0,Gulbarga,Goa,West,Regular,2023-12-21
3033,Xalak Ramakrishnan,alexander36@example.org,5440291956.0,Surat,Delhi,North,New,2025-03-27
3034,Avni Mital,madanpraneel@example.org,3560229351.0,Morbi,Uttar Pradesh,North,Regular,2025-06-10
3035,Yasti Ravi,ojasvikibe@example.net,584607043.0,Vasai-Virar,Karnataka,South,Regular,2025-11-25
3036,Rehaan Buch,bdyal@example.org,918456314796.0,Mangalore,Telangana,South,Premium,2024-09-06
3037,Chandresh Wable,vparsa@example.net,3799788166.0,Machilipatnam,Karnataka,South,Premium,2024-05-28
3038,Henry Tripathi,pmangal@example.com,7321778545.0,Baranagar,Madhya Pradesh,West,Regular,2024-01-06
3039,Turvi Bajaj,hbaral@example.net,5883485643.0,Kirari Suleman Nagar,Karnataka,South,Regular,2026-06-02
3040,Darika Butala,nagypooja@example.com,917701562669.0,Panvel,Chhattisgarh,Central,Regular,2025-08-12
3041,Jeremiah Seshadri,avibath@example.net,4631646066.0,Phusro,Uttarakhand,Central,Occasional,2022-11-08
3042,Naveen Khare,vnatt@example.net,3883331493.0,Secunderabad,Kerala,South,New,2025-12-04
3043,Yasti Nair,yachanaghosh@example.net,916665347971.0,Tezpur,Maharashtra,West,Occasional,2026-03-25
3044,Max Yadav,acharyabalveer@example.org,912666178088.0,Bardhaman,Jharkhand,East,Regular,2022-09-14
3045,Mahika Dhawan,xsunder@example.com,294250122.0,Mirzapur,Madhya Pradesh,West,Regular,2023-12-04
3046,Samaksh Shan,naksh71@example.net,6616242933.0,Bhubaneswar,Jammu & Kashmir,Central,Regular,2023-06-20
3047,Urvi Basu,sarnatriya@example.com,6083486491.0,North Dumdum,Andhra Pradesh,South,Regular,2026-02-06
3048,Samaksh Chandran,samarthkapadia@example.org,3497621741.0,Korba,Madhya Pradesh,West,New,2022-08-26
3049,Henry Misra,raghavanati@example.net,6689823973.0,Raiganj,Assam,East,Premium,2024-07-14
3050,Azad Dutta,odika35@example.com,121991499.0,Bikaner,Jammu & Kashmir,Central,Regular,2024-11-11
3051,Gayathri Pau,abhimanyuchacko@example.net,5497059445.0,Bhilwara,Madhya Pradesh,West,Regular,2023-12-24
3052,Ekavir Agrawal,baljiwanjayaraman@example.net,7071360421.0,Navi Mumbai,Jharkhand,East,Premium,2023-12-11
3053,Bahadurjit Mangat,msundaram@example.com,2100848654.0,Sri Ganganagar,Maharashtra,West,Regular,2026-01-12
3054,Rachita Varughese,ldhar@example.org,544171056.0,Kakinada,Gujarat,West,Regular,2025-06-29
3055,Tarak Sabharwal,shroffaditya@example.com,8723583895.0,Surendranagar Dudhrej,Tamil Nadu,South,Regular,2025-03-01
3056,Liam Bhagat,ucchal70@example.org,8307627325.0,Kakinada,Jammu & Kashmir,Central,New,2026-05-04
3057,Triveni Mohanty,vivaandugal@example.net,2250634837.0,Durgapur,Madhya Pradesh,West,Occasional,2024-12-07
3058,Aarnav Bora,nirja46@example.com,380954185.0,Ghaziabad,Goa,West,Regular,2026-06-02
3059,Henry Bassi,bahrianya@example.com,913050980993.0,Kalyan-Dombivli,Assam,East,Regular,2023-07-07
3060,Anmol Bhakta,graval@example.com,8655842252.0,Gandhidham,Delhi,North,Regular,2025-06-07
3061,Unni Nayak,radhika44@example.org,2775019325.0,Vellore,Chhattisgarh,Central,Regular,2024-04-09
3062,Devika Mammen,rachitghose@example.org,6095238149.0,Aurangabad,Goa,West,New,2026-02-13
3063,Pratyush Bains,eeshashan@example.com,9312404938.0,Kakinada,Assam,East,New,2025-07-17
3064,Veer Bir,onigam@example.com,913734776306.0,Jorhat,West Bengal,East,New,2024-03-16
3065,Sudiksha Sankar,charita69@example.net,915897303785.0,Agartala,Gujarat,West,Regular,2024-02-16
3066,Jonathan Viswanathan,nilimawali@example.com,1907505611.0,Nagercoil,Haryana,North,Premium,2025-06-16
3067,Caleb Tak,jason88@example.com,6115889017.0,Ambala,Himachal Pradesh,North,New,2024-02-28
3068,Tanmayi Anand,grewaloeshi@example.net,911562420605.0,Jalandhar,Kerala,South,Premium,2024-06-22
3069,Omisha Anne,amaira35@example.org,8219471902.0,Malegaon,Kerala,South,Regular,2024-04-30
3070,Azad Som,jonathanoak@example.com,9212303489.0,Anantapur,Jammu & Kashmir,Central,New,2024-09-21
3071,Samarth Bumb,xdevan@example.org,463118670.0,Buxar,Delhi,North,New,2024-05-09
3072,Shaurya Palla,nagarajancharvi@example.com,9318131254.0,Delhi,Madhya Pradesh,West,New,2024-11-23
3073,Reyansh Kunda,keerishita@example.net,915407647186.0,Dharmavaram,Rajasthan,North,Occasional,2026-07-27
3074,Nilima Choudhry,gaurangmerchant@example.com,919480720784.0,Kadapa,Gujarat,West,New,2023-10-05
3075,Charvi Bhagat,kevinedwin@example.com,7602180667.0,Thanjavur,Odisha,East,Premium,2023-10-16
3076,Rehaan Mander,anika51@example.net,677421083.0,Vijayanagaram,Jammu & Kashmir,Central,New,2023-05-13
3077,Chakrika Iyengar,bchauhan@example.net,8425754237.0,Naihati,Uttarakhand,Central,New,2023-07-02
3078,Tanmayi Dass,oni89@example.net,3225350227.0,Bhilwara,Delhi,North,Premium,2023-07-05
3079,Abhimanyu Hans,zarnakumar@example.com,913705877522.0,Gwalior,Bihar,East,Regular,2025-05-19
3080,Chakradev Bandi,advik23@example.net,2033873845.0,Secunderabad,Andhra Pradesh,South,New,2026-03-23
3081,Chatura Dass,murthynisha@example.org,3666943658.0,Avadi,Uttar Pradesh,North,New,2026-03-02
3082,Varsha Nagi,kannandayita@example.com,5329677375.0,Bhatpara,Delhi,North,Regular,2025-03-26
3083,Gaurang Thakur,zchopra@example.com,3342809115.0,Gorakhpur,Madhya Pradesh,West,New,2024-11-30
3084,Chakrika Shetty,wahluwalia@example.com,4911406547.0,Nagercoil,Gujarat,West,Regular,2024-03-22
3085,Panini Subramanian,anay75@example.org,1383456293.0,Barasat,Karnataka,South,Regular,2023-01-07
3086,Pahal Narayanan,nattmitesh@example.org,3094760596.0,Alappuzha,Telangana,South,Occasional,2025-06-12
3087,Rachita Chacko,anjalikamdar@example.org,4146796938.0,Serampore,Gujarat,West,Regular,2025-10-03
3088,Harrison Mangat,urvashikala@example.com,2908311686.0,Bilaspur,Himachal Pradesh,North,Regular,2025-06-21
3089,Sara Viswanathan,cvora@example.org,910718116944.0,Motihari,Kerala,South,Occasional,2026-05-18
3090,Wishi Butala,tbhandari@example.org,3987405419.0,Ballia,Madhya Pradesh,West,Premium,2023-03-22
3091,Eiravati Dara,srivastavabhavya@example.org,1422740451.0,Rourkela,Chhattisgarh,Central,New,2026-01-15
3092,Yachana Kamdar,jbalan@example.org,913574318910.0,Bijapur,Tamil Nadu,South,Regular,2024-11-02
3093,Aadhya Ratti,daramatthew@example.net,5499726315.0,Anand,Maharashtra,West,Regular,2025-05-11
3094,Radhika Sarkar,rbera@example.net,919579035406.0,Jalgaon,West Bengal,East,Premium,2022-11-30
3095,Tristan Parsa,yadavi76@example.net,1864841212.0,Ichalkaranji,Madhya Pradesh,West,New,2025-10-13
3096,Bakhshi Palla,xalakbasak@example.net,2723526436.0,Bhubaneswar,Delhi,North,Regular,2025-01-12
3097,Dalbir Nagi,bchauhan@example.org,8475487009.0,Rohtak,Himachal Pradesh,North,Premium,2023-08-28
3098,Amara Prashad,yoshita38@example.net,6016685867.0,Hajipur,Delhi,North,Regular,2024-05-12
3099,Vihaan Devan,shravya53@example.net,910361999326.0,Shahjahanpur,Punjab,North,Premium,2025-03-06
3100,Isaac Prabhu,imangal@example.net,916837803717.0,Jamalpur,Jharkhand,East,Premium,2025-12-12
3101,Ansh Shan,neha12@example.org,6545656636.0,Katni,Assam,East,Regular,2024-06-15
3102,Sathvik Dhar,patrickkade@example.org,2103799820.0,Siwan,Odisha,East,Occasional,2023-06-10
3103,Wishi Batra,ghoshvincent@example.org,7937759012.0,Giridih,Kerala,South,New,2024-07-04
3104,Mohammed Bajwa,kaurshaurya@example.com,914574085074.0,Jodhpur,Maharashtra,West,Occasional,2026-02-25
3105,Krish Hegde,vsami@example.com,3826831380.0,Bellary,West Bengal,East,Regular,2023-07-28
3106,Rudra Keer,vshah@example.org,6140476194.0,Bidar,Gujarat,West,Regular,2026-08-10
3107,Hritik Tiwari,bordeadvay@example.com,9942922319.0,Dibrugarh,Rajasthan,North,Regular,2022-12-25
3108,Shivansh Din,bhattbalvan@example.net,9810723227.0,Gandhidham,Kerala,South,Premium,2025-01-28
3109,Bakhshi Chana,amara10@example.net,3444253742.0,Khora,Madhya Pradesh,West,New,2024-10-25
3110,George Tandon,adya77@example.org,913928310915.0,Coimbatore,Himachal Pradesh,North,Occasional,2025-11-01
3111,Advaith Master,saigill@example.org,1024250596.0,Aligarh,West Bengal,East,Premium,2025-02-24
3112,Nakul Sampath,baghyawati18@example.com,6896176872.0,Cuttack,Himachal Pradesh,North,Regular,2022-11-06
3113,Charvi Garde,yperi@example.net,1014100825.0,Rajpur Sonarpur,Gujarat,West,Premium,2025-09-09
3114,Hemangini Chatterjee,srinivasodika@example.net,915152880049.0,Nagpur,Maharashtra,West,Regular,2022-10-24
3115,Anusha Sahota,prakashcaleb@example.net,9517042047.0,Lucknow,Maharashtra,West,New,2026-02-12
3116,Ridhi Narula,libnikapur@example.org,918441333580.0,Srinagar,Assam,East,Regular,2026-05-25
3117,Varsha Sood,balalucky@example.org,915823506274.0,Uluberia,Telangana,South,New,2022-11-12
3118,Yashoda Wali,olivertripathi@example.com,914161435434.0,Ambala,Chhattisgarh,Central,Regular,2024-08-16
3119,Damyanti Pal,sneha46@example.net,3330403058.0,Orai,Haryana,North,New,2025-01-17
3120,Yochana Palla,hemalaggarwal@example.com,919258099491.0,Mathura,Uttarakhand,Central,Regular,2023-02-11
3121,Wazir Kala,godasamarth@example.net,6556850220.0,Dindigul,Maharashtra,West,Premium,2024-06-30
3122,Warhi Dua,epingle@example.org,914651835914.0,Raipur,Chhattisgarh,Central,Regular,2023-06-03
3123,Chaitanya Contractor,banjeet79@example.net,914007716010.0,Bhubaneswar,Tamil Nadu,South,Regular,2025-04-15
3124,Wyatt More,ljain@example.org,5339753175.0,Bongaigaon,Uttar Pradesh,North,Occasional,2026-03-31
3125,Qasim Dutt,arin00@example.org,9375818350.0,Udaipur,Jharkhand,East,New,2024-03-17
3126,Amara Arya,pprabhu@example.com,8423518026.0,Bokaro,Kerala,South,New,2023-03-25
3127,Liam Walia,elijah63@example.net,4779279693.0,Kolkata,Himachal Pradesh,North,Regular,2023-01-30
3128,Faris Peri,yahluwalia@example.com,3304349481.0,Tezpur,Jammu & Kashmir,Central,New,2024-01-31
3129,Lopa Varty,smaster@example.org,917314029030.0,Bongaigaon,Himachal Pradesh,North,Regular,2025-01-01
3130,Tristan Chana,daliachandani@example.org,5597862163.0,Guna,Telangana,South,New,2023-01-24
3131,Vivaan Bhargava,tanay44@example.net,5508238288.0,Singrauli,Chhattisgarh,Central,Premium,2023-11-29
3132,Tanvi Chada,yutika80@example.com,912714635542.0,Raebareli,Madhya Pradesh,West,New,2022-12-14
3133,Tanish Sawhney,charleskadakia@example.org,918322704943.0,Morena,Uttarakhand,Central,New,2026-01-28
3134,Ayush Dutta,vpandit@example.net,9245802331.0,Guna,Kerala,South,Regular,2025-07-25
3135,Ati Yadav,nandagirik@example.com,918827374909.0,Parbhani,Delhi,North,Regular,2023-01-13
3136,Dominic Jaggi,chamanbarad@example.com,911461335473.0,Chittoor,Chhattisgarh,Central,New,2024-09-22
3137,Ekanta Nagy,mahika34@example.net,1415771807.0,Buxar,Rajasthan,North,Regular,2022-11-11
3138,Ranbir Sanghvi,ipatel@example.net,5141908274.0,Bidhannagar,Jharkhand,East,Premium,2023-03-09
3139,Nisha Palla,kamyabadami@example.com,3373643537.0,Bokaro,Haryana,North,Regular,2023-10-13
3140,Meera Kohli,tatadarpan@example.net,919583042863.0,Mathura,Chhattisgarh,Central,New,2023-01-11
3141,Peter Raval,ekaja74@example.com,4936673521.0,Pune,Goa,West,New,2022-11-22
3142,Chanchal Batra,yashicashan@example.com,919393496479.0,Bharatpur,Telangana,South,New,2024-10-28
3143,Lopa Gade,nairbishakha@example.org,6267188926.0,Ghaziabad,Chhattisgarh,Central,Regular,2023-07-18
3144,Raagini Bhattacharyya,sacharlila@example.com,912217759414.0,Morbi,Rajasthan,North,New,2022-12-29
3145,Arjun Mammen,umang37@example.net,9791627624.0,Ramgarh,Bihar,East,New,2024-08-25
3146,Nandini Kant,baradudyati@example.net,2338917873.0,Gurgaon,Bihar,East,Premium,2024-05-08
3147,Falan Chopra,vchauhan@example.com,916987735105.0,Rajpur Sonarpur,Gujarat,West,Premium,2023-07-21
3148,Nisha Virk,aarnav09@example.com,9479293616.0,Jamnagar,Tamil Nadu,South,Premium,2023-11-19
3149,Sai Deo,yzacharia@example.org,6776396635.0,Fatehpur,Assam,East,Occasional,2026-06-22
3150,Advay Badami,xpatel@example.org,841383890.0,Amritsar,Haryana,North,Occasional,2023-08-17
3151,Manthan Deep,singhadvik@example.com,9886182561.0,Purnia,Uttarakhand,Central,Premium,2024-07-25
3152,Onveer Aggarwal,atharvdhillon@example.org,914466165175.0,Sikar,Andhra Pradesh,South,Regular,2023-09-21
3153,Netra Pant,tben@example.org,8339238409.0,Gaya,Maharashtra,West,Occasional,2024-05-08
3154,Faras Shah,kkumar@example.net,7742735984.0,Sirsa,Bihar,East,New,2025-11-26
3155,Charita Sidhu,chanakyadeol@example.com,6529679471.0,Haldia,Karnataka,South,New,2022-09-21
3156,Vrishti Kata,batraayush@example.org,9776600220.0,Kulti,Uttar Pradesh,North,New,2024-05-09
3157,Darika De,yastiganesan@example.org,915522094124.0,Rewa,Goa,West,Occasional,2025-07-17
3158,Manbir Bajaj,jalsakuruvilla@example.net,919411396545.0,Ozhukarai,Tamil Nadu,South,Premium,2023-05-27
3159,Gunbir Saxena,anagarajan@example.net,8364950926.0,Sasaram,Jharkhand,East,New,2025-07-25
3160,Kamala Swaminathan,danielhanda@example.net,914306143288.0,Dehri,Jharkhand,East,Regular,2026-07-23
3161,Sneha Baral,sachdevaishaan@example.net,2371044907.0,Vasai-Virar,Jammu & Kashmir,Central,Regular,2025-01-25
3162,Zehaan Samra,rajanunni@example.net,8039127790.0,Jhansi,Telangana,South,Regular,2023-07-25
3163,Gaurangi Borra,simon42@example.net,397733800.0,Mysore,Kerala,South,New,2025-06-19
3164,Nitesh Sahni,charvi10@example.com,913200865862.0,Rajahmundry,Chhattisgarh,Central,New,2023-09-13
3165,Ekalinga Karnik,oliver11@example.com,4675732514.0,Thoothukudi,Jharkhand,East,New,2023-09-19
3166,Ekaraj Shan,gabrielgoel@example.com,912197924761.0,Panipat,Chhattisgarh,Central,Regular,2026-05-14
3167,Falak Jayaraman,baralgaurangi@example.com,4172734069.0,Ozhukarai,Goa,West,New,2022-10-26
3168,Utkarsh Gopal,thari@example.net,911508922983.0,Gudivada,Karnataka,South,New,2023-09-24
3169,Faqid Kapur,ucchalbalasubramanian@example.com,5038607294.0,Visakhapatnam,Tamil Nadu,South,Regular,2023-04-04
3170,Yahvi Shankar,anushanayak@example.org,919519728558.0,Panchkula,Chhattisgarh,Central,New,2024-05-10
3171,Jagdish Raghavan,dubeyurvashi@example.net,3487656128.0,Alappuzha,Andhra Pradesh,South,Occasional,2025-04-08
3172,Eesha Dugar,cheemabalendra@example.net,5316156678.0,Srikakulam,Gujarat,West,Occasional,2025-03-10
3173,Siddharth Loyal,comarkalpit@example.net,918810423852.0,Hospet,Haryana,North,Occasional,2024-07-01
3174,Ekaja Parmar,isha08@example.com,4885980690.0,New Delhi,Tamil Nadu,South,Regular,2025-04-01
3175,Yutika Wable,daksha40@example.com,912690959405.0,Vasai-Virar,Jammu & Kashmir,Central,Regular,2025-01-28
3176,Rachit Acharya,fshroff@example.org,918815302933.0,Munger,Gujarat,West,Premium,2025-01-06
3177,Saumya Bhat,lohit97@example.net,915384127913.0,Dindigul,Gujarat,West,Regular,2026-01-01
3178,Logan Parmar,anay41@example.com,917422121154.0,Tirupati,Andhra Pradesh,South,Premium,2023-07-20
3179,Alexander Dhingra,nikita10@example.net,1681071377.0,Ahmednagar,Chhattisgarh,Central,New,2025-05-13
3180,Girish Mitter,canne@example.org,2040324044.0,Kota,Maharashtra,West,New,2022-09-03
3181,Sai Oommen,pjha@example.com,916145501290.0,Mathura,Goa,West,Premium,2023-04-14
3182,Radhika Yadav,dsangha@example.com,6469836332.0,Jehanabad,Goa,West,Regular,2022-12-18
3183,Niharika Tripathi,rayaan19@example.net,9087014618.0,Howrah,Delhi,North,Regular,2023-10-24
3184,Vamakshi Kari,amairaramakrishnan@example.com,3146425088.0,Patiala,Chhattisgarh,Central,Regular,2025-12-11
3185,Rushil Roy,tmody@example.net,7323724929.0,Chandigarh,Jammu & Kashmir,Central,Premium,2023-03-19
3186,Lakshit Mohan,ramaswamyekbal@example.net,9460569274.0,Indore,Rajasthan,North,Regular,2023-08-30
3187,Niharika Parmer,lavanyachacko@example.com,9134381258.0,Udaipur,Madhya Pradesh,West,Regular,2026-07-17
3188,Omkaar Chacko,emadan@example.com,914404241426.0,Gandhinagar,Tamil Nadu,South,Regular,2023-12-22
3189,Ekavir Rana,kundanetra@example.com,910072476605.0,Madurai,Chhattisgarh,Central,Regular,2023-04-09
3190,Vasana Wadhwa,turvimander@example.com,6937772424.0,Karawal Nagar,Punjab,North,Premium,2026-03-09
3191,Ekbal Goda,xsachar@example.org,918261249987.0,Narasaraopet,Jammu & Kashmir,Central,Premium,2024-10-12
3192,Yashasvi Borah,baljiwan68@example.org,917561040867.0,Asansol,Jammu & Kashmir,Central,Premium,2025-01-09
3193,Yahvi Lata,balankritika@example.org,7165693865.0,South Dumdum,Uttar Pradesh,North,Occasional,2023-12-27
3194,Adya Choudhry,kabir80@example.net,8647701696.0,Pune,Uttar Pradesh,North,New,2022-09-20
3195,Wriddhish Hans,fdass@example.org,5381378956.0,Panihati,Tamil Nadu,South,Premium,2026-05-17
3196,Upkaar Pau,gabaanirudh@example.com,8963859524.0,Sonipat,West Bengal,East,Regular,2024-01-03
3197,Dakshesh Mall,gagan06@example.net,6058809592.0,Rajpur Sonarpur,Chhattisgarh,Central,New,2026-03-24
3198,Gayathri Vyas,nicholasdubey@example.com,211686602.0,Loni,Rajasthan,North,Regular,2025-01-27
3199,Aarini Toor,bpalla@example.net,1781548361.0,Satna,Delhi,North,Occasional,2026-05-07
3200,Tristan Purohit,smody@example.net,914743034267.0,Mau,Uttarakhand,Central,Regular,2023-08-21
3201,Radha Bhattacharyya,narasimhaninaya@example.com,1609640578.0,Haldia,Chhattisgarh,Central,Regular,2026-01-07
3202,Faqid Sinha,lakshmichar@example.com,7307480279.0,Guntur,Uttar Pradesh,North,Regular,2024-05-21
3203,Samaksh Arora,sanedalaja@example.com,2174565898.0,Thiruvananthapuram,Uttarakhand,Central,New,2026-06-13
3204,Chakrika Mitter,arinramanathan@example.net,1457955738.0,Tiruvottiyur,Gujarat,West,Premium,2026-01-10
3205,Siya Singh,farispadmanabhan@example.com,913023276391.0,Udupi,Assam,East,Occasional,2025-04-21
3206,Samuel Seshadri,dvirk@example.net,6596471817.0,Ambattur,Assam,East,Premium,2023-10-27
3207,Rachana Chokshi,hpadmanabhan@example.org,5634406021.0,Giridih,Tamil Nadu,South,New,2023-09-29
3208,Qabil Sant,esaini@example.org,8332263731.0,Hazaribagh,Uttar Pradesh,North,Regular,2023-01-16
3209,Rishi Salvi,datechakradhar@example.org,7897267156.0,Barasat,Kerala,South,New,2023-05-09
3210,Alexander Bora,siddharthkumer@example.net,4164607150.0,Chinsurah,Karnataka,South,Premium,2025-09-10
3211,Idika Gandhi,sai00@example.com,5786859222.0,Faridabad,Telangana,South,Regular,2025-05-02
3212,Hiral Sridhar,pmohan@example.org,4201803420.0,Jamalpur,Telangana,South,Regular,2022-09-09
3213,Ekansh Tata,mandpushti@example.com,7081796211.0,Karawal Nagar,Uttarakhand,Central,Regular,2024-08-06
3214,Wahab Baria,lopa58@example.org,5998016658.0,Kamarhati,Andhra Pradesh,South,Premium,2023-01-27
3215,Nihal Ganesh,balvanpuri@example.org,213050963.0,Shivpuri,Jharkhand,East,Occasional,2024-05-28
3216,Chaitaly Wagle,latamekhala@example.org,8247407943.0,Bijapur,Telangana,South,Regular,2024-12-14
3217,Unni Pillay,ysanghvi@example.org,6213239295.0,Raipur,Bihar,East,New,2023-10-28
3218,Leena Butala,harikrish@example.org,5808726705.0,Raipur,Jammu & Kashmir,Central,Premium,2026-07-06
3219,Tanish Bhatia,madanharita@example.net,1672919304.0,Patna,Jammu & Kashmir,Central,Regular,2025-04-01
3220,Darsh Palla,vanyakaran@example.org,918765672241.0,Sasaram,Kerala,South,Occasional,2022-12-25
3221,Arjun Kothari,jeet01@example.net,5992224924.0,Firozabad,Madhya Pradesh,West,Regular,2024-04-08
3222,Rachana Chada,peter22@example.org,7648618382.0,Naihati,Chhattisgarh,Central,Regular,2022-09-23
3223,Chaitaly Kanda,falancontractor@example.net,2456051820.0,Suryapet,Rajasthan,North,Regular,2025-07-16
3224,Siya Varghese,vorawarda@example.org,915384732420.0,Madhyamgram,Uttarakhand,Central,Regular,2024-05-15
3225,Raagini Patla,rachit57@example.org,2792904699.0,Coimbatore,Haryana,North,Occasional,2022-11-11
3226,Luke Chada,varshabehl@example.org,6167167270.0,Ulhasnagar,Bihar,East,New,2025-09-16
3227,Fariq Barad,omishaedwin@example.org,918308320914.0,Bhilai,Kerala,South,Regular,2025-09-19
3228,Aadhya Bhavsar,yug11@example.net,9230731397.0,Tezpur,Gujarat,West,Regular,2026-03-04
3229,Praneel Wadhwa,eshenoy@example.org,423876809.0,Kanpur,Delhi,North,Regular,2024-11-29
3230,Tara Sane,nakul77@example.net,919785253991.0,Loni,Assam,East,New,2025-10-06
3231,Ekansh Kara,sharmaadvika@example.com,5195442334.0,Kalyan-Dombivli,Maharashtra,West,Premium,2023-12-26
3232,Yashawini Patil,devansh08@example.net,2171087485.0,Jodhpur,Uttarakhand,Central,Premium,2023-05-11
3233,Bhavna Ranganathan,senkrish@example.com,7775388176.0,Arrah,Chhattisgarh,Central,New,2024-01-21
3234,Anvi Sinha,choudhuryadvay@example.net,916219897446.0,Mysore,Kerala,South,Occasional,2023-06-02
3235,Hemani Borah,nmani@example.org,9070445196.0,Ramgarh,Gujarat,West,Regular,2024-05-23
3236,William Bakshi,esandal@example.net,911748425246.0,Jamshedpur,Jammu & Kashmir,Central,Premium,2026-04-28
3237,David Raja,vinaya39@example.org,7535898324.0,Ozhukarai,Madhya Pradesh,West,Premium,2025-02-28
3238,Ishaan Keer,upkaarbiswas@example.net,9543232469.0,Etawah,West Bengal,East,New,2025-06-12
3239,Omya Taneja,watikasolanki@example.com,910439718884.0,Kirari Suleman Nagar,Karnataka,South,Regular,2024-02-15
3240,Keya Sandal,omaja45@example.com,3928403476.0,Dewas,Jammu & Kashmir,Central,Regular,2026-03-17
3241,Amaira Mohan,sahnimaya@example.net,9425328369.0,Kolkata,Bihar,East,New,2025-10-06
3242,Ethan Chaudhari,hgill@example.net,919830200565.0,Dehradun,Madhya Pradesh,West,Regular,2026-04-21
3243,Pushti Dasgupta,ebatta@example.net,1913640695.0,Karimnagar,Jharkhand,East,Premium,2025-06-10
3244,Yauvani Mukherjee,minhaswakeeta@example.com,915031884974.0,Munger,Jharkhand,East,Premium,2025-10-12
3245,Nitesh Vyas,isha63@example.org,6023521792.0,Kochi,Kerala,South,Premium,2023-07-25
3246,Ekaraj Kota,naiduethan@example.org,917190581479.0,Faridabad,Haryana,North,Regular,2026-03-29
3247,Krishna Dey,teerthbanik@example.net,7976885434.0,Panipat,West Bengal,East,Premium,2025-08-16
3248,Ekiya Kuruvilla,ejha@example.org,913003047166.0,Noida,Himachal Pradesh,North,Regular,2023-12-29
3249,Jasmit Kota,darajeremiah@example.net,1940011295.0,Faridabad,Uttar Pradesh,North,Premium,2023-10-27
3250,Warda Master,mitterlibni@example.com,6370704373.0,Arrah,Himachal Pradesh,North,Regular,2024-09-08
3251,Warinder Prakash,ekanipanchal@example.net,6222847660.0,Phagwara,Maharashtra,West,Occasional,2022-12-15
3252,Aarav Chand,lajitachokshi@example.net,915815141859.0,Howrah,Gujarat,West,Premium,2024-09-06
3253,Yashodhara Ratti,radhika08@example.com,9544956977.0,Arrah,Jammu & Kashmir,Central,Occasional,2022-11-09
3254,Naveen Korpal,anay01@example.net,2290401507.0,Dehradun,Jammu & Kashmir,Central,Regular,2024-06-07
3255,Onkar Bajaj,divanikbal@example.com,912094342208.0,Bihar Sharif,Rajasthan,North,Regular,2025-02-19
3256,Jagvi Sheth,evala@example.org,1372307357.0,Rajpur Sonarpur,Himachal Pradesh,North,Regular,2026-04-16
3257,Yachana Saxena,kkumar@example.com,9535258535.0,Tadipatri,Jammu & Kashmir,Central,Regular,2024-04-09
3258,Jagdish Murty,henry43@example.com,914387243088.0,Proddatur,Jammu & Kashmir,Central,Premium,2025-01-14
3259,Bachittar Sandhu,jagat44@example.net,915096933757.0,Salem,Uttarakhand,Central,Occasional,2025-10-30
3260,Anay Wadhwa,sanghasaksham@example.net,8454505296.0,Mathura,Chhattisgarh,Central,Regular,2024-01-01
3261,Aachal Som,dthakkar@example.net,5683505183.0,Aizawl,Bihar,East,Premium,2024-08-30
3262,Tanvi Patil,adweta70@example.org,2950336936.0,Dewas,Punjab,North,Premium,2022-09-27
3263,Harshil Dasgupta,luthrahiral@example.com,8046065349.0,Jaipur,Kerala,South,Occasional,2022-10-06
3264,Nirja Sarkar,dayitadash@example.com,557739045.0,Sagar,Bihar,East,New,2025-04-01
3265,Quincy Kapadia,fariskakar@example.org,2108110387.0,Jhansi,Haryana,North,Regular,2023-06-06
3266,Bahadurjit Sehgal,gvarty@example.net,6870666884.0,Thiruvananthapuram,Odisha,East,Regular,2026-07-24
3267,Rachita Nagi,kalaumang@example.net,912724901405.0,Kollam,Uttarakhand,Central,Regular,2026-08-08
3268,Ati Puri,vanya38@example.com,919537258015.0,Arrah,Assam,East,New,2025-02-22
3269,Odika Dua,baniksamarth@example.org,910201926860.0,Pallavaram,Punjab,North,New,2024-10-29
3270,Ekiya Patla,irya05@example.org,8176142662.0,Farrukhabad,Maharashtra,West,Regular,2023-08-02
3271,Warda Sood,kuriangaurav@example.org,918002649135.0,Rampur,Uttarakhand,Central,Regular,2023-07-30
3272,Nidhi Lata,kamyadoctor@example.com,3177910537.0,Secunderabad,West Bengal,East,Regular,2026-03-16
3273,Lekha Kapur,watikahora@example.com,914889190000.0,Chandrapur,Andhra Pradesh,South,Regular,2024-05-10
3274,Ekbal Deo,yshere@example.org,6259578744.0,Jalandhar,Punjab,North,Premium,2023-05-13
3275,Yachana Mangat,giriksule@example.net,917421940478.0,Panihati,Rajasthan,North,Premium,2023-02-28
3276,Indrajit Sarkar,sahnichaitaly@example.net,8991263827.0,Chandigarh,Andhra Pradesh,South,Regular,2024-06-13
3277,Hemangini Aggarwal,wkhare@example.org,910987038242.0,Bhatpara,Maharashtra,West,Regular,2023-12-01
3278,Brinda Sehgal,arunimamohan@example.com,3464749659.0,Kulti,Bihar,East,Premium,2024-09-20
3279,Akshay Bobal,joshua21@example.net,1595881236.0,Yamunanagar,Odisha,East,Regular,2023-01-12
3280,Vincent Divan,kamyachaudhuri@example.org,919522549457.0,Bhagalpur,Telangana,South,New,2022-10-02
3281,Neelima Chauhan,chadhatanish@example.org,7073081414.0,Rajahmundry,Punjab,North,New,2022-12-14
3282,Raksha Majumdar,anusha51@example.com,913016548765.0,Bettiah,Gujarat,West,Regular,2024-06-23
3283,Ethan Salvi,vpandit@example.net,1728642136.0,Raipur,Maharashtra,West,Regular,2022-12-30
3284,Daksha Sule,oscardass@example.net,4531965164.0,Navi Mumbai,Tamil Nadu,South,Regular,2024-08-26
3285,Gauri Loyal,balazilmil@example.com,3809420796.0,Srikakulam,Uttar Pradesh,North,Regular,2024-12-09
3286,Ubika Sandhu,fariq31@example.org,7087815749.0,Bhusawal,West Bengal,East,Regular,2025-02-15
3287,Ekalinga Sampath,rachita70@example.net,8667885168.0,Lucknow,Andhra Pradesh,South,Occasional,2026-03-20
3288,Madhav Varty,upadhriti94@example.org,915415068985.0,Aligarh,West Bengal,East,Regular,2023-06-20
3289,Faris Rai,fwarrior@example.org,8085149667.0,Berhampore,Uttarakhand,Central,New,2024-12-02
3290,Lajita Nadig,arjun23@example.org,914268396995.0,Bareilly,Kerala,South,New,2025-05-31
3291,Ucchal Bains,cherianpahal@example.net,5122402387.0,Varanasi,Madhya Pradesh,West,Regular,2023-07-19
3292,Chakrika Shroff,rbehl@example.org,6262922595.0,Mango,Delhi,North,Regular,2023-06-23
3293,Jagat Ahluwalia,ryan27@example.org,2066754905.0,Kakinada,Assam,East,Regular,2024-06-03
3294,Tanmayi Naik,urmikumer@example.com,883068294.0,Mango,Tamil Nadu,South,New,2022-09-06
3295,Arunima Saini,ldixit@example.com,917919163798.0,Vadodara,Jharkhand,East,Occasional,2026-07-16
3296,Madhav Agarwal,omkala@example.net,9708770152.0,Malegaon,Punjab,North,Premium,2023-10-04
3297,Yuvraj Chahal,dateteerth@example.org,910367400925.0,Siliguri,Jharkhand,East,Regular,2023-10-01
3298,Yutika Kale,varkeyjairaj@example.net,913430714883.0,Bathinda,Gujarat,West,Premium,2024-09-21
3299,Hemani Bakshi,wakeetaparmar@example.net,8685819748.0,Erode,Chhattisgarh,Central,Regular,2025-10-15
3300,Aarna Dugal,ranveergarg@example.net,4250464717.0,Kolhapur,Haryana,North,Occasional,2025-05-26
3301,Chanchal Bera,ysaran@example.org,914501160124.0,Begusarai,Andhra Pradesh,South,Regular,2024-04-03
3302,Nimrat Bera,lranganathan@example.net,910969262168.0,Nandyal,Himachal Pradesh,North,New,2023-01-22
3303,Naksh Batta,ehayer@example.com,910924432954.0,Hapur,Chhattisgarh,Central,Regular,2023-05-19
3304,Madhavi Mangal,meeradasgupta@example.net,2472731889.0,Vadodara,Jammu & Kashmir,Central,Premium,2026-01-01
3305,Dayamai Loke,bdhar@example.org,4457199167.0,Ichalkaranji,Tamil Nadu,South,Regular,2024-06-16
3306,Ethan Kumar,gavinchaudhary@example.com,917813664929.0,Shimla,Haryana,North,Occasional,2025-07-31
3307,Zarna Kapadia,oscar71@example.net,914247064922.0,Satna,Andhra Pradesh,South,Regular,2022-11-09
3308,Gunbir Sama,chandran04@example.net,9524143456.0,Alappuzha,Tamil Nadu,South,New,2025-07-26
3309,Tejas Srivastava,tellabrijesh@example.org,910633575997.0,Kavali,Madhya Pradesh,West,Premium,2026-07-05
3310,Nidhi Sharma,omya46@example.net,7667491348.0,Singrauli,Karnataka,South,Regular,2024-08-07
3311,Advik Kala,charvidhar@example.org,916453244214.0,Bareilly,Maharashtra,West,Premium,2026-07-06
3312,Bhanumati Varkey,divyabasak@example.org,8198365146.0,North Dumdum,Haryana,North,Regular,2022-09-01
3313,Utkarsh Srivastava,npandit@example.net,9005783410.0,Mehsana,Odisha,East,Occasional,2025-02-21
3314,Garima Bhargava,ekiyamagar@example.com,913640294220.0,Bhimavaram,Gujarat,West,Regular,2024-02-19
3315,Rayaan Chaudhry,gunbirparsa@example.com,5995924197.0,Bhiwani,Uttar Pradesh,North,Regular,2023-12-24
3316,Ekantika Kalita,hbatra@example.net,911703280325.0,Siwan,Himachal Pradesh,North,New,2024-04-11
3317,Ekavir Mangat,jairaj79@example.org,916514811146.0,Mangalore,Kerala,South,Premium,2023-06-18
3318,Jagat Tak,vanyaatwal@example.org,915384503559.0,Surendranagar Dudhrej,Chhattisgarh,Central,Regular,2024-03-23
3319,Rushil Chhabra,jacobjain@example.org,2434666291.0,Burhanpur,Jharkhand,East,Regular,2023-07-25
3320,Gaurika Karan,aarna06@example.org,914612058498.0,Bardhaman,West Bengal,East,Regular,2023-05-16
3321,Kashish Kannan,pavanibhatia@example.org,4813353336.0,Rajkot,Himachal Pradesh,North,Premium,2026-08-01
3322,Inaya Choudhry,aggarwalsaumya@example.net,6582554838.0,Proddatur,Kerala,South,Regular,2026-04-26
3323,Gaurang Dhaliwal,hariniverma@example.com,507309072.0,Dehri,Assam,East,Premium,2025-10-13
3324,Yuvraj Ram,craval@example.org,913962863389.0,Thanjavur,Bihar,East,New,2023-12-12
3325,Arin Dalal,gollafiyaz@example.com,915939394272.0,Katihar,Telangana,South,Regular,2023-12-03
3326,Indali Saha,lavanya04@example.org,918744770648.0,Tiruppur,Uttar Pradesh,North,Premium,2026-05-20
3327,Xalak Virk,mohammedloyal@example.net,2350688439.0,Gudivada,Chhattisgarh,Central,Regular,2023-08-19
3328,Lopa Bala,bdhillon@example.org,2391929478.0,Alwar,Karnataka,South,New,2026-01-04
3329,Jagvi Saini,handajairaj@example.net,8686592799.0,Hazaribagh,Delhi,North,Occasional,2024-02-14
3330,Nitara Menon,bhavani82@example.com,1959119941.0,Silchar,Uttarakhand,Central,Regular,2023-02-05
3331,Sanaya Sinha,gopaldar@example.net,4401470823.0,Gudivada,Gujarat,West,Premium,2023-11-17
3332,Imaran Sodhi,iravala@example.net,918442718045.0,Pudukkottai,Tamil Nadu,South,Regular,2025-12-14
3333,Parth Pradhan,edwinikbal@example.net,7447563651.0,Nandyal,Goa,West,New,2026-08-03
3334,Tara Basak,reyanshsetty@example.org,2506821203.0,Kottayam,Uttarakhand,Central,New,2022-09-17
3335,Sai Narayanan,sankaranqabil@example.net,5240558972.0,Mirzapur,Maharashtra,West,Occasional,2023-02-14
3336,Yochana Varughese,ishita22@example.net,919770259845.0,Satara,Punjab,North,Regular,2025-02-21
3337,Laban Dugar,nagychaitaly@example.net,7291298967.0,Kulti,Chhattisgarh,Central,Regular,2026-03-12
3338,Warinder Shah,sanghatanveer@example.org,910017195576.0,Mira-Bhayandar,Bihar,East,Regular,2025-05-20
3339,Jagdish Ramaswamy,edate@example.com,6748637470.0,Pune,Chhattisgarh,Central,New,2025-02-21
3340,Maya Kohli,ibhagat@example.com,8717584053.0,Katihar,Andhra Pradesh,South,Premium,2023-07-08
3341,Garima Nanda,quincytripathi@example.net,7617274600.0,Durg,Jammu & Kashmir,Central,Occasional,2025-04-11
3342,Kashvi Gera,pbala@example.com,917199497450.0,Mahbubnagar,Andhra Pradesh,South,New,2022-12-29
3343,Prisha Loke,chandresh71@example.net,915346115552.0,Ludhiana,Madhya Pradesh,West,Regular,2024-08-21
3344,Reva Gour,comarjanaki@example.net,911308395311.0,Udupi,Bihar,East,Regular,2025-12-22
3345,Indira Datta,sameshlall@example.com,918960713766.0,Ahmedabad,Telangana,South,Regular,2023-12-27
3346,Leena Anne,vbera@example.net,916405118328.0,Lucknow,Rajasthan,North,Premium,2025-05-29
3347,Chaaya Mand,shaanmol@example.com,918935317324.0,Moradabad,Uttarakhand,Central,Regular,2026-02-17
3348,Naksh Dubey,faris13@example.com,914812689265.0,Khammam,Kerala,South,New,2024-02-08
3349,Urmi Khatri,nimrattella@example.net,6069456847.0,Medininagar,Chhattisgarh,Central,Regular,2025-04-26
3350,Faris Prasad,vsanghvi@example.net,912394494930.0,Begusarai,Rajasthan,North,Regular,2026-03-27
3351,Suhani Thakkar,zashil90@example.net,913077146502.0,Ahmedabad,Himachal Pradesh,North,Regular,2023-12-04
3352,Faraj Tripathi,sairege@example.net,910818981378.0,Gorakhpur,Bihar,East,Regular,2026-03-08
3353,Bhavani Sharaf,trivediamrita@example.com,4453256721.0,Phusro,Himachal Pradesh,North,Occasional,2023-01-31
3354,Faqid Chadha,mahajanjanaki@example.net,2658216551.0,Raebareli,Telangana,South,Regular,2025-07-03
3355,Aadi Amble,tsama@example.net,914377222855.0,Adoni,Assam,East,Occasional,2023-05-07
3356,Farhan Mallick,ishamani@example.net,1073276199.0,Patiala,West Bengal,East,Occasional,2025-09-11
3357,Siya Koshy,chatterjeeaditya@example.org,3759335851.0,Jabalpur,Uttarakhand,Central,New,2024-07-07
3358,Anusha Baral,talwaralka@example.com,2397988118.0,Jalandhar,Goa,West,Regular,2025-04-10
3359,Reva Purohit,naikjanuja@example.com,7042537769.0,Morena,Himachal Pradesh,North,New,2025-10-30
3360,Karan Prakash,manya60@example.com,912873723805.0,Bhiwandi,Bihar,East,New,2025-08-27
3361,Neha Sarin,leenaraju@example.net,2734289042.0,Hosur,Bihar,East,Regular,2023-04-11
3362,Bina Ramesh,rauyashawini@example.net,5899321913.0,Patna,Rajasthan,North,New,2023-12-29
3363,Chameli Date,sridhareshana@example.org,8564504462.0,Nagpur,Chhattisgarh,Central,New,2026-07-12
3364,Bishakha Char,fkale@example.com,6417000337.0,Bardhaman,Goa,West,New,2026-04-03
3365,Amaira Dass,deobalveer@example.com,6058085690.0,Karaikudi,Jammu & Kashmir,Central,Regular,2026-03-02
3366,Widisha Ben,sarnalohit@example.com,910753087722.0,Khora,Gujarat,West,Regular,2025-06-12
3367,Sai Kara,divya86@example.org,915008585491.0,Pali,Telangana,South,Premium,2024-05-31
3368,Rajeshri Taneja,indrajitdhar@example.com,919526171867.0,Bhimavaram,Gujarat,West,Regular,2024-02-06
3369,Urvi Dey,birrajeshri@example.com,5471332581.0,Dhule,Goa,West,Regular,2024-06-10
3370,Vedant Badami,mitterwyatt@example.com,915691539305.0,Siwan,Maharashtra,West,Premium,2023-09-10
3371,Noah Manda,mandpriya@example.com,910106195816.0,Dehri,Gujarat,West,New,2024-09-26
3372,Manthan Sankar,reyansh66@example.org,5018187850.0,Madhyamgram,Karnataka,South,Premium,2025-03-20
3373,Lekha Borde,harinakshibhatti@example.com,916189124152.0,Bhatpara,Kerala,South,Regular,2023-11-22
3374,Simon Sha,anaybath@example.net,328979573.0,Surendranagar Dudhrej,Karnataka,South,New,2022-12-15
3375,Chaman Chauhan,morarkala@example.org,917259403764.0,Vijayawada,Chhattisgarh,Central,Regular,2024-03-04
3376,Arin Vala,ekaja52@example.net,915549422851.0,Mysore,Punjab,North,Regular,2023-06-08
3377,Manya Jain,indalimurty@example.net,1333305613.0,Solapur,Maharashtra,West,New,2026-05-29
3378,Waida Dey,oshasingh@example.net,9082135221.0,Solapur,Tamil Nadu,South,Premium,2023-02-20
3379,Tarak Bawa,okala@example.org,919138919860.0,Surat,Madhya Pradesh,West,Regular,2023-01-20
3380,Niharika Toor,daramaira@example.org,915862835880.0,Hosur,Himachal Pradesh,North,Occasional,2026-04-06
3381,Vedika Sarin,shankarnikita@example.net,9024464423.0,Ramgarh,Karnataka,South,New,2024-11-04
3382,Anita Varkey,ayaan92@example.net,290754224.0,Mysore,Bihar,East,Occasional,2024-11-11
3383,Lila Zachariah,neelimagupta@example.net,9159658668.0,Darbhanga,Chhattisgarh,Central,New,2023-11-22
3384,Anika Yohannan,harini45@example.org,7932633457.0,Guna,Delhi,North,Premium,2022-11-03
3385,Ekbal Som,krishna61@example.net,4665849089.0,Nandyal,West Bengal,East,Regular,2025-06-17
3386,Vasudha Bassi,gdada@example.com,912235960658.0,Nagercoil,Madhya Pradesh,West,New,2023-02-18
3387,Janaki Bajaj,bhavya36@example.org,4884861817.0,North Dumdum,Odisha,East,Premium,2023-05-08
3388,Ridhi Rau,rachanakala@example.com,89730365.0,Kirari Suleman Nagar,Tamil Nadu,South,Premium,2024-06-24
3389,Pallavi Sarma,tanveer34@example.org,7055501333.0,Ambattur,Assam,East,Regular,2024-08-08
3390,Upma Desai,nmani@example.com,3188534026.0,Nashik,Delhi,North,Premium,2025-10-14
3391,Ekaja Doshi,kjohal@example.org,910785778846.0,Patna,Rajasthan,North,New,2023-02-18
3392,Krish Badami,chanazarna@example.com,8272634018.0,Ichalkaranji,Gujarat,West,Regular,2024-03-11
3393,Ria Kunda,bordeyahvi@example.net,917151319482.0,Bhind,Tamil Nadu,South,Regular,2025-01-06
3394,Anamika Kadakia,rachana35@example.com,1886835473.0,Baranagar,Gujarat,West,Regular,2024-05-17
3395,Indrajit Mukhopadhyay,cgoyal@example.com,7931980712.0,Jhansi,Bihar,East,Occasional,2024-01-11
3396,Yochana Chauhan,hritiknarula@example.com,2373997704.0,Chandrapur,Maharashtra,West,Premium,2024-05-31
3397,Odika Chacko,meghamadan@example.org,913590632877.0,Sonipat,Uttar Pradesh,North,Regular,2026-02-24
3398,Baljiwan Aurora,mason10@example.net,9798857601.0,Erode,Odisha,East,Regular,2023-09-19
3399,Riya Jayaraman,wakeetayogi@example.net,916079890978.0,Pune,West Bengal,East,Regular,2026-07-01
3400,Yagnesh Venkatesh,aryahritik@example.org,2408319526.0,Tenali,Delhi,North,Premium,2024-09-26
3401,Zayyan Nagy,uhans@example.net,912505467884.0,Dindigul,Andhra Pradesh,South,Premium,2024-08-29
3402,Adweta Srinivas,pratyush00@example.org,9234371424.0,Ambala,Chhattisgarh,Central,New,2025-01-26
3403,Jason Korpal,qgokhale@example.com,2884096965.0,Rajahmundry,Kerala,South,Premium,2025-06-01
3404,Vivaan Shroff,ikbal22@example.org,2159805602.0,Jalgaon,Odisha,East,New,2024-11-10
3405,Balendra Kashyap,fradokhalsa@example.net,917800684096.0,Siliguri,Jharkhand,East,New,2023-10-03
3406,Janaki Narain,balveer79@example.org,910082244913.0,Yamunanagar,West Bengal,East,New,2025-01-17
3407,Aadi Vala,eesha70@example.com,919364064151.0,Danapur,Karnataka,South,Regular,2026-03-14
3408,Onkar Mani,kapurnoah@example.net,9501023232.0,Bellary,Madhya Pradesh,West,New,2023-03-12
3409,Divya Tripathi,mandalrachit@example.com,915022149161.0,Guwahati,Maharashtra,West,Regular,2025-01-12
3410,Udarsh Dhar,acharyafalguni@example.net,8428143519.0,Bhilai,Goa,West,Regular,2025-02-28
3411,Gabriel Sunder,bkhurana@example.net,919115431670.0,Jalna,Bihar,East,Regular,2025-04-08
3412,Charvi Vig,ayaanray@example.com,5620098327.0,Bhiwani,Goa,West,Regular,2023-01-29
3413,Maanav Jayaraman,xde@example.net,2056567916.0,Madurai,Madhya Pradesh,West,New,2025-11-15
3414,Ucchal Mukhopadhyay,anirudh13@example.org,9725332497.0,Berhampore,Goa,West,Regular,2026-05-31
3415,Amol Randhawa,eupadhyay@example.net,1920228540.0,Kanpur,Andhra Pradesh,South,Regular,2025-06-14
3416,George Sangha,qvenkatesh@example.com,156225848.0,Surat,Madhya Pradesh,West,Premium,2023-03-19
3417,Bina Natarajan,revabhattacharyya@example.com,564971729.0,Tirunelveli,Andhra Pradesh,South,Regular,2024-05-05
3418,Dipta Kohli,anikaparmer@example.org,918430926978.0,Bhagalpur,Gujarat,West,New,2024-04-24
3419,Patrick Bedi,michael05@example.com,5980344058.0,Junagadh,Kerala,South,Regular,2023-02-11
3420,Farhan Sinha,yagnesh95@example.org,4492095455.0,Madanapalle,Haryana,North,Premium,2024-02-16
3421,Shivansh Bora,sethibhavani@example.net,4228329958.0,Sagar,Tamil Nadu,South,Regular,2022-12-24
3422,Nirja Kanda,mallekani@example.net,947864163.0,Guna,Odisha,East,New,2023-04-10
3423,Agastya Nayar,ijayachaudry@example.org,911894623116.0,Uluberia,Kerala,South,Premium,2025-06-18
3424,Madhavi Kapoor,akapadia@example.org,4335901564.0,Berhampore,Uttarakhand,Central,Regular,2026-02-19
3425,Forum Raval,gavin46@example.net,3592839625.0,Berhampore,Tamil Nadu,South,New,2025-06-12
3426,Maya Das,apatla@example.net,5764063365.0,Danapur,Himachal Pradesh,North,New,2023-09-23
3427,Sara D’Alia,bhallapahal@example.net,7969392496.0,Ambattur,Maharashtra,West,New,2024-04-11
3428,Sai Sampath,yahvimutti@example.org,6283794774.0,Panchkula,Goa,West,Regular,2023-12-08
3429,Udant Kota,hbhalla@example.org,8676053450.0,Ozhukarai,Himachal Pradesh,North,Premium,2025-09-29
3430,Priya Patil,christopher61@example.net,6487608576.0,Haldia,Gujarat,West,Regular,2026-07-28
3431,Samar Prashad,omkaarmandal@example.org,6622719217.0,Alappuzha,Bihar,East,Regular,2026-01-04
3432,Radhika Sahota,mkata@example.org,727723657.0,Aurangabad,Delhi,North,Premium,2024-04-04
3433,Rachana Sabharwal,upasna16@example.com,912261234945.0,Akola,Gujarat,West,New,2023-09-18
3434,Gagan Shah,imadan@example.net,916148109957.0,Kishanganj,Gujarat,West,New,2023-09-30
3435,Zilmil Badal,oarora@example.net,911566705330.0,Chandigarh,Jharkhand,East,Regular,2023-08-26
3436,Lekha Bhandari,srau@example.org,9895691103.0,Hosur,Jharkhand,East,New,2025-02-28
3437,Jagrati Wable,jkala@example.net,404416166.0,Panihati,Haryana,North,Regular,2026-02-23
3438,Mekhala Iyer,bhanumati85@example.org,6104808805.0,Firozabad,Himachal Pradesh,North,Regular,2026-01-05
3439,Jagvi Wagle,chatresh24@example.net,918713899279.0,Sonipat,Telangana,South,Regular,2026-04-23
3440,Adya Luthra,arin57@example.org,199526145.0,Kadapa,Madhya Pradesh,West,New,2025-06-16
3441,Jhalak Ratti,bkari@example.org,915128163799.0,Berhampur,Goa,West,Occasional,2023-05-03
3442,Triveni Kibe,rushilpandey@example.com,3695700150.0,Gopalpur,Uttarakhand,Central,New,2026-05-08
3443,Priya Dube,sainagy@example.com,911343357120.0,Morbi,Gujarat,West,Regular,2023-06-25
3444,Ekapad Kanda,yagate@example.net,918972870245.0,Tirupati,Rajasthan,North,Regular,2023-12-06
3445,Viraj Dar,singhalmitali@example.net,700960896.0,Farrukhabad,Karnataka,South,Regular,2026-01-03
3446,Ekantika Kara,januja71@example.com,1563360610.0,Latur,Uttar Pradesh,North,Regular,2023-09-25
3447,Tanay Boase,ranveerbains@example.org,7268473081.0,Hindupur,Jammu & Kashmir,Central,New,2025-07-11
3448,Hema Balakrishnan,anitadave@example.org,2895804248.0,Salem,Madhya Pradesh,West,Regular,2022-10-16
3449,Raagini Vora,nathanielbora@example.org,3678587334.0,Burhanpur,Madhya Pradesh,West,Regular,2025-04-14
3450,Priya Rastogi,sarthakbhagat@example.org,7370387746.0,Ahmednagar,Jharkhand,East,Regular,2026-08-06
3451,Anay Vohra,kamyaseshadri@example.org,4554283588.0,Rohtak,Delhi,North,Regular,2024-10-08
3452,Champak Lata,chaitanyapall@example.com,7948983018.0,Dhanbad,Uttarakhand,Central,Regular,2023-05-06
3453,Upadhriti Pillai,veerpatel@example.com,6004270983.0,Thanjavur,Bihar,East,Premium,2026-06-26
3454,Ronith Kalita,periteerth@example.com,914716780478.0,Hapur,Uttar Pradesh,North,Premium,2023-11-08
3455,Zashil Pall,onveerprabhakar@example.net,914914808745.0,Jalandhar,Bihar,East,Premium,2025-04-16
3456,Guneet Baral,vasana68@example.com,4618416571.0,Vasai-Virar,Uttar Pradesh,North,Regular,2025-05-19
3457,Sneha Muni,balaneta@example.com,3262463025.0,Hosur,Jammu & Kashmir,Central,Regular,2025-06-05
3458,Geetika Kaul,vasana86@example.com,7360321124.0,Kishanganj,Maharashtra,West,Regular,2025-09-29
3459,Ishita Maharaj,ttripathi@example.com,1851996832.0,Gurgaon,Haryana,North,Regular,2024-06-09
3460,Yasti Dhawan,vedhikachoudhary@example.org,9602339804.0,Sambalpur,Odisha,East,Occasional,2023-03-19
3461,Qadim Dave,ranveer75@example.net,1162596971.0,Madurai,Chhattisgarh,Central,Regular,2023-04-05
3462,Riya Sathe,ydar@example.org,915938096278.0,Bhubaneswar,Goa,West,Occasional,2023-02-12
3463,Nitesh Kashyap,amrita02@example.com,835889743.0,Farrukhabad,Haryana,North,Regular,2023-01-04
3464,Bina Dutt,mistryjanani@example.net,9287675675.0,Saharsa,Chhattisgarh,Central,Premium,2022-11-14
3465,Zansi Bose,hema39@example.org,4133733264.0,Saharsa,Tamil Nadu,South,Premium,2024-05-08
3466,Dayita Mangat,dhingraarjun@example.net,2735991921.0,Fatehpur,Madhya Pradesh,West,Premium,2023-01-09
3467,Aarini Majumdar,rachitabuch@example.org,915287001906.0,Baranagar,Haryana,North,Regular,2025-06-14
3468,Max Bhatti,maxpandit@example.com,914437629206.0,Etawah,Maharashtra,West,New,2024-06-04
3469,Oeshi Salvi,mbhagat@example.com,917010955753.0,Tiruvottiyur,Himachal Pradesh,North,Regular,2023-09-20
3470,Aadhya Jha,gchander@example.com,1856911781.0,Ozhukarai,Karnataka,South,New,2025-11-28
3471,Jagvi Dar,pdewan@example.net,917840871957.0,Hapur,Telangana,South,Premium,2026-07-05
3472,Peter Cherian,bawaanirudh@example.com,1940656859.0,Pimpri-Chinchwad,Jammu & Kashmir,Central,Premium,2026-04-05
3473,Aayush Saha,mittalpallavi@example.org,1027423783.0,Bhusawal,Jharkhand,East,New,2023-06-08
3474,Indrajit Maharaj,fagrawal@example.org,562926692.0,Munger,Odisha,East,Regular,2023-03-14
3475,Girindra Kata,lohit14@example.net,7630298628.0,Jodhpur,Maharashtra,West,New,2023-03-08
3476,Saksham Dar,iverma@example.com,915913582637.0,Amroha,Gujarat,West,Regular,2024-12-14
3477,Chameli Narula,vermawishi@example.net,913391723288.0,Kamarhati,Jammu & Kashmir,Central,Regular,2024-11-04
3478,Tanvi Nagarajan,george38@example.com,915544054755.0,South Dumdum,Telangana,South,Premium,2025-03-30
3479,Saksham Sama,soodbakhshi@example.org,4991410717.0,Kottayam,Maharashtra,West,New,2023-11-13
3480,Warhi Parekh,lavanyaanne@example.org,5457942753.0,Kakinada,Kerala,South,Premium,2025-01-05
3481,Ojas Ranganathan,sai72@example.com,4971226951.0,New Delhi,Punjab,North,Regular,2024-07-18
3482,Chakradhar Bhasin,dhawanhiral@example.net,5340297089.0,Noida,Bihar,East,Occasional,2024-05-19
3483,Anthony Saran,bakhshi13@example.com,8967826376.0,Firozabad,Tamil Nadu,South,Regular,2024-10-08
3484,Abeer Narayanan,isaacbajaj@example.com,4794050515.0,Mahbubnagar,Odisha,East,Regular,2024-04-20
3485,Darsh Kibe,oni27@example.org,1050091719.0,Sambalpur,Andhra Pradesh,South,Regular,2022-08-31
3486,Gopal Shenoy,alala@example.net,8847975311.0,Ramagundam,Goa,West,New,2024-06-26
3487,Oviya Mistry,yagneshwadhwa@example.org,8367009741.0,Suryapet,Gujarat,West,Occasional,2023-12-25
3488,Vritti Pandit,lchar@example.net,8723075578.0,Bareilly,Uttarakhand,Central,Regular,2025-12-13
3489,Zayyan Chaudhry,abeerbansal@example.net,3220646206.0,Morbi,Jharkhand,East,Regular,2024-03-23
3490,Omaja Chad,fitan02@example.net,2963802649.0,Karaikudi,Jammu & Kashmir,Central,Regular,2023-05-06
3491,Falan Pal,edwinomkaar@example.net,5817729257.0,Khandwa,Assam,East,New,2022-11-04
3492,Hredhaan Datta,anaynanda@example.net,912526001181.0,Sambalpur,Odisha,East,Regular,2023-08-10
3493,Varsha Kala,boselucky@example.org,912436521010.0,Darbhanga,Madhya Pradesh,West,Regular,2026-07-07
3494,Champak Pall,banerjeefariq@example.org,7158085111.0,Lucknow,Rajasthan,North,Occasional,2024-01-10
3495,Hredhaan Gandhi,hemalbhasin@example.org,912875082670.0,Buxar,Himachal Pradesh,North,New,2025-06-08
3496,Yatin Anand,schandra@example.net,917191045141.0,Eluru,Chhattisgarh,Central,Regular,2022-11-05
3497,Warda Nadkarni,cbhatt@example.net,8348359127.0,Ambattur,Haryana,North,Regular,2025-08-10
3498,Charvi Solanki,pandyaqadim@example.org,3475091783.0,Bidar,Uttarakhand,Central,New,2024-05-20
3499,Anamika Banerjee,ganga88@example.org,918557717077.0,Chittoor,Andhra Pradesh,South,New,2023-06-05
3500,Karan Shenoy,bhardwajmadhavi@example.org,914203073538.0,Dehri,Haryana,North,Premium,2024-06-04
3501,Ekanta Sibal,andraunni@example.net,6169008534.0,Khammam,Uttarakhand,Central,Regular,2023-03-23
3502,Reva Mishra,kuruvillachandani@example.com,919446926626.0,Kavali,Tamil Nadu,South,Occasional,2023-12-13
3503,Gopal Vig,kariviraj@example.org,9415529927.0,Chittoor,Madhya Pradesh,West,Regular,2026-05-31
3504,Gaurav Gupta,nisha16@example.org,911311378718.0,Medininagar,West Bengal,East,Regular,2025-06-30
3505,Noah Khurana,bhandarishravya@example.com,915840090625.0,Bhimavaram,Uttarakhand,Central,Regular,2025-12-14
3506,Nilima Rajagopalan,vaggarwal@example.org,8902552889.0,Davanagere,Maharashtra,West,Regular,2025-11-20
3507,Atharv Sathe,lallishwar@example.net,912416177237.0,Berhampur,Rajasthan,North,Regular,2024-07-26
3508,Falguni Kapur,dakshdalia@example.net,2518647048.0,Ratlam,Gujarat,West,Premium,2022-09-30
3509,Samarth Butala,shivanimemon@example.net,7156503715.0,Hyderabad,Assam,East,Regular,2022-10-22
3510,Yutika Kant,rajatayogi@example.org,911202152620.0,Khandwa,Uttarakhand,Central,Regular,2024-09-02
3511,Janya Tailor,turvi18@example.com,7250069736.0,Kottayam,Jharkhand,East,Occasional,2025-07-11
3512,Manbir Kade,palhritik@example.org,918178313571.0,Gudivada,Tamil Nadu,South,Regular,2024-07-08
3513,Nimrat Sandal,sulenimrat@example.com,8188376061.0,Solapur,Himachal Pradesh,North,Regular,2025-07-16
3514,Harita Bhakta,ipadmanabhan@example.com,3917826408.0,Gopalpur,Bihar,East,Regular,2023-03-05
3515,Damyanti Johal,darsh28@example.net,5991087717.0,Junagadh,Haryana,North,Regular,2026-07-28
3516,Dhriti Suri,hayeryashica@example.org,6832007386.0,Ramagundam,Jharkhand,East,New,2024-03-21
3517,Aarush Cherian,deomeera@example.net,2897224976.0,Phagwara,Chhattisgarh,Central,New,2023-08-09
3518,Dayita Warrior,psom@example.net,131098624.0,Davanagere,Bihar,East,New,2025-12-04
3519,Dipta Tailor,dewanmadhavi@example.com,912710684666.0,Erode,Punjab,North,Regular,2022-12-13
3520,Bachittar Mander,fiyazbhatia@example.org,4973645671.0,Vijayawada,Bihar,East,Regular,2024-03-02
3521,Chandani Sehgal,emitra@example.com,7213191396.0,Gudivada,Madhya Pradesh,West,Premium,2025-08-07
3522,Om Thaker,siyasant@example.com,2207113503.0,Vellore,Andhra Pradesh,South,Regular,2026-04-26
3523,Bhavna Dhaliwal,bjha@example.com,4473245719.0,Ambarnath,Uttarakhand,Central,New,2024-05-14
3524,Zehaan Soni,tanmayiratti@example.org,1281771716.0,Darbhanga,Jammu & Kashmir,Central,Regular,2023-10-07
3525,Raghav Radhakrishnan,oscarmagar@example.com,910429554712.0,Vadodara,Jammu & Kashmir,Central,Regular,2023-12-06
3526,Gaurang Rajagopal,yadavcaleb@example.com,2423997767.0,Davanagere,West Bengal,East,Regular,2024-06-27
3527,Harrison Srinivasan,charan58@example.net,1948246411.0,Ahmednagar,Gujarat,West,Premium,2023-02-25
3528,Nandini Seth,badamipahal@example.org,9384738106.0,Panchkula,West Bengal,East,New,2025-09-11
3529,Reva Ganguly,pradhanbalhaar@example.net,912616340546.0,Pudukkottai,Goa,West,Premium,2026-03-23
3530,Anmol Choudhury,kpalan@example.com,910175504935.0,Motihari,Punjab,North,Occasional,2024-10-08
3531,Girik Dora,bsunder@example.org,5338792839.0,Hindupur,Andhra Pradesh,South,Premium,2023-02-06
3532,Wridesh Thakkar,buchvritti@example.com,74326284.0,Rourkela,Chhattisgarh,Central,Regular,2023-02-21
3533,Leena Barman,ekajapurohit@example.com,919442472226.0,Nangloi Jat,Andhra Pradesh,South,New,2023-07-25
3534,Yash Kanda,warinder26@example.org,3222756175.0,Farrukhabad,Telangana,South,Regular,2023-03-31
3535,Ekbal Shan,aryantripathi@example.net,918192424129.0,Kamarhati,Bihar,East,Occasional,2025-07-06
3536,Kamala Dyal,yochanatrivedi@example.org,910939749800.0,Phagwara,Chhattisgarh,Central,Regular,2024-02-16
3537,Saanvi Sarna,fitan45@example.com,9444429737.0,Haldia,West Bengal,East,Regular,2023-08-05
3538,Nihal Kashyap,zehaanwalia@example.org,917557378513.0,Solapur,Assam,East,New,2025-01-01
3539,Forum Kale,dhillonosha@example.com,6967570571.0,Tiruchirappalli,Himachal Pradesh,North,Premium,2023-01-25
3540,Udant Karpe,vincentpau@example.com,915501358410.0,Bhilwara,Madhya Pradesh,West,Regular,2024-02-24
3541,Viraj Sastry,liambajwa@example.net,2201738226.0,Sikar,Assam,East,Regular,2022-12-19
3542,Odika Sama,aadisrivastava@example.org,9648863998.0,Satara,West Bengal,East,Occasional,2024-11-26
3543,Omkaar Narula,chadhaandrew@example.org,8493835093.0,Mango,Madhya Pradesh,West,Regular,2024-06-08
3544,Kabir Rama,xiti63@example.net,2013065332.0,Ghaziabad,Jammu & Kashmir,Central,Regular,2024-03-07
3545,Ekavir Chaudhari,trai@example.net,911516446592.0,Vijayanagaram,Madhya Pradesh,West,Regular,2025-07-20
3546,Urmi Dora,dbahl@example.net,910470322600.0,Jhansi,Goa,West,New,2025-11-30
3547,Saksham Loke,hkorpal@example.org,3888931290.0,Darbhanga,Delhi,North,New,2026-06-29
3548,Wazir Sama,sankarbahadurjit@example.org,919728938212.0,Thane,Delhi,North,Premium,2023-04-19
3549,Hardik Ahluwalia,vbatta@example.net,8497042097.0,Machilipatnam,Uttarakhand,Central,Regular,2023-01-10
3550,Wridesh Chauhan,bedidayita@example.com,911942236532.0,Vijayawada,Jammu & Kashmir,Central,Regular,2026-03-14
3551,Pranav Pal,customer_3551@unknown.com,N/A,Gwalior,Maharashtra,West,New,2023-09-17
3552,Tanish Sagar,borahmitali@example.org,8763073722.0,Ongole,Gujarat,West,Regular,2024-09-19
3553,Wridesh Rau,jagatsawhney@example.org,913898810295.0,Miryalaguda,Madhya Pradesh,West,Regular,2024-03-12
3554,Oscar Joshi,gayathriwagle@example.com,913422342264.0,Pune,Maharashtra,West,Regular,2024-10-27
3555,Anvi Dhaliwal,abdulpatil@example.com,5776061251.0,Rampur,Madhya Pradesh,West,Occasional,2023-02-16
3556,Orinder Dash,mukhopadhyaywahab@example.net,8939031696.0,Pali,Maharashtra,West,Occasional,2023-08-16
3557,Mason Ramanathan,vmanne@example.net,1176612476.0,Bhimavaram,Telangana,South,Regular,2024-06-12
3558,Pavani Mittal,bdugar@example.com,282774694.0,Thoothukudi,Odisha,East,New,2024-07-20
3559,Dhriti Sidhu,skohli@example.com,8200137683.0,Kozhikode,Gujarat,West,Regular,2025-08-25
3560,Wahab Sundaram,aishanighose@example.org,6535217057.0,Burhanpur,Maharashtra,West,Regular,2025-09-18
3561,Suhani Hans,battamaanav@example.net,304330779.0,Bhopal,Kerala,South,New,2025-12-29
3562,Kalpit Chakraborty,robert23@example.net,4099555062.0,Bhilai,Jammu & Kashmir,Central,Premium,2025-04-27
3563,Charan Rajagopalan,ekavirwarrior@example.com,4806676462.0,Bidar,Bihar,East,Occasional,2024-12-24
3564,Mohini Pall,deonandini@example.com,7370421415.0,Noida,Gujarat,West,Premium,2023-12-26
3565,Reva Wadhwa,xbhargava@example.org,919854506935.0,Silchar,Gujarat,West,Premium,2024-12-21
3566,Yutika Dada,rishinaik@example.com,3360620376.0,Bikaner,Maharashtra,West,New,2023-08-20
3567,Wishi Balay,customer_3567@unknown.com,N/A,Medininagar,Uttarakhand,Central,Regular,2025-04-29
3568,Leena Sankar,basugayathri@example.com,3199493449.0,Pali,Gujarat,West,Regular,2022-09-02
3569,Caleb Grover,adoshi@example.net,912555741945.0,Saharsa,Assam,East,Regular,2022-12-22
3570,Radha Rajagopalan,kataojasvi@example.org,916169313.0,Kulti,Tamil Nadu,South,New,2025-04-22
3571,Bishakha Naidu,azaanluthra@example.net,913264445816.0,Bhimavaram,Telangana,South,Regular,2024-03-20
3572,Gopal Narasimhan,yaminirout@example.net,915915674079.0,Aurangabad,Uttarakhand,Central,New,2023-10-10
3573,Ayush Sampath,chaudharyliam@example.com,602982248.0,Jabalpur,Assam,East,Regular,2023-01-07
3574,Charan Rout,mpalla@example.com,2197976.0,Raiganj,Bihar,East,Regular,2023-12-09
3575,Nimrat Balakrishnan,ravalharita@example.com,912466256951.0,Serampore,Punjab,North,Regular,2022-08-22
3576,Krishna Thaker,gilllavanya@example.org,2284746978.0,Bhilai,Chhattisgarh,Central,Regular,2022-11-23
3577,Ethan Mahal,maharajamaira@example.net,3580027291.0,Kota,Chhattisgarh,Central,Premium,2023-07-04
3578,Hitesh Desai,golebanjeet@example.com,8841936263.0,Korba,Himachal Pradesh,North,New,2023-09-30
3579,Aadhya Samra,shuklayauvani@example.org,8295219385.0,Guntur,Goa,West,Regular,2025-07-15
3580,Jairaj Bhatti,qasim31@example.org,4797049988.0,Vijayawada,Kerala,South,Regular,2023-04-27
3581,Anay Radhakrishnan,murthyvictor@example.net,4328451299.0,Jorhat,Andhra Pradesh,South,New,2025-12-22
3582,Saksham Bose,sarmabrinda@example.net,914876427300.0,Faridabad,Haryana,North,Regular,2024-07-23
3583,Vedika Bhat,jhegde@example.net,914011628016.0,Madhyamgram,Tamil Nadu,South,Premium,2026-02-26
3584,Zilmil Cheema,operi@example.net,772188906.0,Etawah,Chhattisgarh,Central,Regular,2023-08-22
3585,Gaurika Sandal,kamala34@example.org,912671617277.0,Muzaffarpur,Chhattisgarh,Central,Regular,2025-05-06
3586,Aashi Kade,sanghagirindra@example.org,6981421859.0,Tezpur,Odisha,East,New,2025-06-25
3587,Charan Bakshi,anvi92@example.org,4689761661.0,Jorhat,Delhi,North,Premium,2026-07-26
3588,Balhaar Bawa,bahrinaksh@example.org,3786655719.0,Bathinda,Bihar,East,Regular,2024-03-12
3589,Brijesh Halder,ekapad38@example.com,1767372725.0,Sikar,Maharashtra,West,Regular,2024-08-30
3590,Theodore Dara,jacobparsa@example.org,99912998.0,Darbhanga,Maharashtra,West,Regular,2023-06-05
3591,Girindra Kamdar,chatterjeeaadi@example.org,8077109120.0,Mau,Madhya Pradesh,West,New,2024-11-01
3592,Yasti Soni,krisha38@example.net,5354681966.0,Nellore,Gujarat,West,Regular,2026-03-11
3593,Aditya Halder,zkaul@example.org,5708151807.0,Panvel,Uttar Pradesh,North,New,2026-05-28
3594,Prisha Vyas,nirjabhatt@example.com,4645575310.0,Bhavnagar,Chhattisgarh,Central,Regular,2023-07-29
3595,Sachi Mukherjee,urvinagar@example.com,914891255291.0,Hapur,Odisha,East,Premium,2024-05-10
3596,Zashil Majumdar,akrishnamurthy@example.org,5866849272.0,Bardhaman,Jammu & Kashmir,Central,Premium,2023-06-22
3597,Ranbir Dixit,ayush23@example.org,9122943971.0,Vadodara,Telangana,South,New,2024-01-08
3598,Manthan Koshy,jack42@example.net,9009401774.0,Tezpur,Uttar Pradesh,North,Premium,2023-01-25
3599,Logan Merchant,gunbir10@example.net,6702491169.0,Bihar Sharif,Chhattisgarh,Central,Premium,2023-05-10
3600,Sneha Sheth,mdhar@example.com,6793072178.0,Srinagar,Karnataka,South,New,2025-09-05
3601,Veda Bala,ravelyochana@example.net,6428734576.0,Ambarnath,Uttar Pradesh,North,Regular,2025-05-14
3602,Reyansh Chatterjee,chadatanveer@example.com,9258674564.0,Rajahmundry,Karnataka,South,Regular,2024-10-16
3603,Nihal Yadav,prakashlibni@example.org,916823329046.0,Hazaribagh,Kerala,South,Regular,2023-02-14
3604,Riya Mishra,singhalkiaan@example.com,187999717.0,Panvel,Tamil Nadu,South,Regular,2023-11-09
3605,Finn Nagar,vrishtiseth@example.net,911527507361.0,Gaya,Jammu & Kashmir,Central,Regular,2026-01-03
3606,Dakshesh Rao,nicholasgarde@example.org,2819799111.0,Indore,Madhya Pradesh,West,Premium,2022-10-06
3607,Osha Ram,raveltanvi@example.org,7969781626.0,Unnao,Gujarat,West,Regular,2024-08-18
3608,Devansh Sant,niharikapatla@example.net,73212712.0,Raichur,Kerala,South,Occasional,2023-01-05
3609,Anirudh Rau,tarakanda@example.org,7349928426.0,Saharsa,Rajasthan,North,New,2023-02-19
3610,Sara Tella,aditya54@example.net,1206126873.0,Ahmedabad,Uttarakhand,Central,Regular,2024-05-16
3611,Amaira Thakkar,gsule@example.net,5892781259.0,Thrissur,Andhra Pradesh,South,Regular,2023-01-24
3612,Vyanjana Kala,athaker@example.com,911511261091.0,Dehri,Madhya Pradesh,West,Premium,2025-08-31
3613,Varenya Sur,krishna53@example.net,8376732642.0,Vijayanagaram,Odisha,East,Premium,2025-08-21
3614,Saanvi Kakar,chahaladweta@example.org,915279434071.0,Ajmer,Uttarakhand,Central,Regular,2025-11-22
3615,Nandini Sarin,vasana84@example.net,564131066.0,Varanasi,Uttarakhand,Central,Regular,2025-11-16
3616,Warhi Dhar,gauri13@example.net,6099014806.0,Howrah,Punjab,North,Regular,2025-09-09
3617,Hamsini Patla,janimohini@example.org,2623750543.0,Udaipur,Rajasthan,North,Regular,2026-05-16
3618,Advaith Dutt,ymahal@example.net,914068375945.0,Meerut,Goa,West,Premium,2025-09-03
3619,Tanay Badami,cbhattacharyya@example.net,6400674158.0,Shimla,Uttarakhand,Central,Regular,2026-01-01
3620,Karan Mangat,yadavwarhi@example.net,1550757644.0,Shahjahanpur,Uttar Pradesh,North,New,2025-03-17
3621,Gopal Modi,rameshdeepa@example.org,436545191.0,Dhanbad,Gujarat,West,Regular,2026-04-17
3622,Lakshit Doshi,tnarayanan@example.com,9926624341.0,Tinsukia,Uttar Pradesh,North,New,2022-10-29
3623,Chasmum Virk,yogilopa@example.com,8614692119.0,Eluru,Bihar,East,New,2025-05-29
3624,Janani Srinivas,gautam22@example.net,7670444718.0,Buxar,Delhi,North,Regular,2024-11-25
3625,Utkarsh Ben,balhaar80@example.net,2835571427.0,Dharmavaram,Himachal Pradesh,North,Regular,2023-11-15
3626,Fiyaz Goswami,doragautami@example.net,5353241266.0,Mangalore,Goa,West,New,2023-07-16
3627,Pavani Narain,ysachar@example.org,288541111.0,Bhopal,Chhattisgarh,Central,Regular,2025-05-28
3628,Bahadurjit Dubey,vchana@example.com,2771410452.0,Vellore,Chhattisgarh,Central,Premium,2022-12-29
3629,Yashica Vaidya,bakshizayyan@example.net,5260518546.0,Bareilly,Rajasthan,North,Regular,2023-11-05
3630,Vedika Dhillon,cherianjoshua@example.org,911448863668.0,Akola,Jammu & Kashmir,Central,Regular,2026-04-19
3631,Jhalak Loyal,sanya52@example.com,7005628443.0,Patna,Madhya Pradesh,West,Regular,2025-03-14
3632,Girik Sandhu,roypranav@example.net,3956136151.0,Chennai,Bihar,East,Regular,2025-08-19
3633,Aarna Divan,doctoraditya@example.net,9860077571.0,Mirzapur,Madhya Pradesh,West,Regular,2023-06-24
3634,Lekha Devi,bhanumatitaneja@example.com,6914578590.0,Jamshedpur,Jharkhand,East,Regular,2025-12-15
3635,Dhriti Bhat,krisha03@example.org,6251031530.0,Visakhapatnam,Gujarat,West,Premium,2025-03-04
3636,Aadi Gaba,nirja77@example.com,9688706410.0,Amritsar,Uttarakhand,Central,Regular,2023-08-17
3637,Nachiket Saraf,lgarg@example.com,5515703434.0,Bahraich,Haryana,North,Regular,2022-08-23
3638,Chandresh Bera,hematailor@example.net,915833494374.0,Dindigul,Chhattisgarh,Central,Occasional,2026-01-16
3639,Sathvik Ratti,sathvik99@example.net,918636934115.0,Raurkela Industrial Township,Bihar,East,New,2022-11-11
3640,Harrison Rastogi,chandran64@example.org,3054069651.0,Sasaram,Maharashtra,West,New,2024-05-23
3641,Patrick Shan,harinakshiray@example.org,3009224117.0,Kochi,Chhattisgarh,Central,Regular,2023-03-18
3642,Rehaan Sanghvi,hkhurana@example.net,4211521926.0,Gurgaon,Delhi,North,Premium,2024-03-05
3643,Balveer Singhal,kamalapatla@example.org,911039868863.0,Hindupur,Goa,West,Regular,2022-08-23
3644,Lohit Kar,sodhiishani@example.com,4537709642.0,Ambarnath,Jharkhand,East,Regular,2023-11-13
3645,Yashoda Patla,saranayush@example.org,912191442381.0,Bathinda,Jharkhand,East,Premium,2024-05-15
3646,Dakshesh Konda,vanshamagar@example.org,4642255922.0,Srinagar,Goa,West,New,2026-03-10
3647,Aditya Singhal,anvi11@example.com,8629783284.0,Nellore,Madhya Pradesh,West,New,2026-06-11
3648,Noah Dash,zsaraf@example.org,98936870.0,Nandyal,Haryana,North,Occasional,2024-10-28
3649,Jhalak Chadha,unnati44@example.org,910543122264.0,Korba,Delhi,North,Regular,2023-03-25
3650,Noah Mishra,jagrati03@example.net,3476499523.0,Imphal,Uttar Pradesh,North,Regular,2023-04-10
3651,Vaishnavi Minhas,nakulsabharwal@example.com,916484351454.0,Guntur,Jharkhand,East,Regular,2023-06-17
3652,Ekantika Oza,yahvipatil@example.com,8859918903.0,Chittoor,Uttar Pradesh,North,New,2024-04-08
3653,Anusha Palla,siddharth91@example.org,913083212161.0,Gurgaon,Assam,East,Occasional,2024-07-25
3654,Gavin Shah,harishbalan@example.org,9833126528.0,Mumbai,Haryana,North,New,2023-03-16
3655,Bhanumati Yohannan,aborra@example.com,8404380086.0,Bulandshahr,Delhi,North,Regular,2022-11-05
3656,Divya Joshi,kritikadugal@example.org,913936469549.0,Chinsurah,West Bengal,East,Regular,2024-01-07
3657,Luke Aurora,charita88@example.net,732579162.0,Ongole,Uttarakhand,Central,Regular,2026-07-21
3658,Noah Sagar,janyagrewal@example.org,910996627250.0,Hyderabad,Karnataka,South,Premium,2026-06-09
3659,Baljiwan Arora,chakradev75@example.net,2227248599.0,Rajkot,Uttar Pradesh,North,Regular,2022-11-27
3660,Yashasvi Sinha,rjha@example.org,3867677037.0,Mango,Telangana,South,New,2024-09-18
3661,Vaishnavi Dhaliwal,jainnilima@example.com,919994650123.0,Karawal Nagar,Madhya Pradesh,West,New,2025-01-06
3662,Owen Hegde,triya08@example.org,626295364.0,Srinagar,Jammu & Kashmir,Central,Regular,2024-11-06
3663,Vrishti Sarraf,hamsini99@example.com,918836808988.0,Dharmavaram,Madhya Pradesh,West,Occasional,2023-10-07
3664,Ojas Bahri,sramakrishnan@example.com,8175525391.0,Etawah,Jharkhand,East,Regular,2025-11-05
3665,Ekani Bala,hanscharan@example.net,7376027870.0,Kulti,Odisha,East,New,2023-12-24
3666,Hamsini Tella,netrajoshi@example.org,919285867436.0,Jalna,Assam,East,New,2023-03-06
3667,Wyatt Ramanathan,ishaansarna@example.net,609471888.0,Pali,Karnataka,South,New,2024-10-02
3668,Ekbal Kaul,daraanya@example.org,6730746863.0,Sagar,Punjab,North,Regular,2025-06-23
3669,Darsh Shah,gargsiya@example.com,4917655898.0,Muzaffarnagar,Himachal Pradesh,North,Regular,2024-04-07
3670,Nimrat Dhillon,sbanerjee@example.net,914185623338.0,Bhubaneswar,Gujarat,West,Premium,2026-05-28
3671,Praneel Batta,keersneha@example.org,4709419513.0,Unnao,Bihar,East,New,2024-04-26
3672,Jeevika Din,anandrudra@example.com,2057083922.0,New Delhi,Jammu & Kashmir,Central,New,2023-11-17
3673,Samesh Bhagat,wthaman@example.org,7164294612.0,Unnao,Jharkhand,East,New,2026-01-01
3674,Noah Gulati,jacobsama@example.org,910899256311.0,Lucknow,Chhattisgarh,Central,Occasional,2025-03-16
3675,Girindra Palla,chandreshupadhyay@example.org,276177812.0,Sambalpur,Kerala,South,Regular,2026-04-07
3676,Anya Prakash,laksh23@example.net,1778162142.0,Vijayanagaram,Gujarat,West,New,2023-03-05
3677,Hamsini Sarma,customer_3677@unknown.com,N/A,Lucknow,Tamil Nadu,South,Regular,2024-02-27
3678,Jairaj Lall,batramadhavi@example.com,5820094124.0,Secunderabad,Kerala,South,Occasional,2024-03-20
3679,Gunbir Mohanty,pnatarajan@example.com,919238798323.0,Latur,Jammu & Kashmir,Central,Regular,2023-02-21
3680,Ridhi Sarraf,prabhakarsamar@example.com,915170135881.0,Jamshedpur,Maharashtra,West,New,2025-08-21
3681,Inaya Desai,zaid08@example.com,913016188041.0,Bokaro,Tamil Nadu,South,New,2024-03-14
3682,Kalpit Rajan,bediaayush@example.com,1029674697.0,Sasaram,Kerala,South,Regular,2026-05-21
3683,Bhavani Hayer,sarinviraj@example.net,3483557490.0,Gandhidham,Uttarakhand,Central,Regular,2022-09-20
3684,Fiyaz Swaminathan,uchhabra@example.com,4896432246.0,Muzaffarpur,Rajasthan,North,Regular,2023-11-20
3685,Eshana Walia,lagarwal@example.net,912634309262.0,Ichalkaranji,Gujarat,West,Regular,2023-01-24
3686,Zayan Bahri,palanmaanav@example.org,3810189733.0,Anantapuram,Uttarakhand,Central,Premium,2024-10-15
3687,Guneet Oommen,haritarastogi@example.com,919031697281.0,Deoghar,Punjab,North,Regular,2025-12-19
3688,Tanvi Khurana,veer19@example.org,8573469867.0,Jamalpur,Delhi,North,Premium,2023-09-04
3689,Darsh Chander,bhavini22@example.net,7095577200.0,Muzaffarpur,Gujarat,West,Regular,2026-01-30
3690,Rachana Mahajan,dhritikorpal@example.net,910187767129.0,Nizamabad,Gujarat,West,Premium,2024-05-17
3691,Ekaraj Prabhakar,aarnavchokshi@example.org,7073662062.0,Cuttack,Jammu & Kashmir,Central,Premium,2025-09-18
3692,Suhani Arora,qsinghal@example.com,917162392526.0,Bharatpur,Maharashtra,West,New,2023-09-17
3693,Hamsini Sawhney,hvarkey@example.org,910056555304.0,Ongole,Tamil Nadu,South,Regular,2024-01-10
3694,Rushil Jani,qdugar@example.com,917593359242.0,Proddatur,Delhi,North,Premium,2026-01-02
3695,Kai Koshy,advikchatterjee@example.net,1063781186.0,Tinsukia,Tamil Nadu,South,Premium,2023-11-20
3696,Abha Halder,gauri71@example.org,4038405887.0,Chandrapur,Bihar,East,New,2023-07-05
3697,Rushil Comar,ikanda@example.org,3519509623.0,Farrukhabad,Madhya Pradesh,West,Regular,2026-04-22
3698,Januja Konda,xavierhegde@example.org,8733580582.0,Jehanabad,Kerala,South,Premium,2023-10-10
3699,Barkha Varughese,naikgaurika@example.org,5674642273.0,Agra,Karnataka,South,Regular,2025-10-16
3700,Mahika Memon,rbarad@example.net,428048919.0,Udupi,Assam,East,Regular,2024-05-17
3701,Saanvi Sami,rohanshah@example.com,9380470130.0,Malda,Delhi,North,Regular,2023-11-07
3702,Anamika Chopra,tailorupadhriti@example.org,7973108027.0,Ambattur,Uttarakhand,Central,New,2024-06-09
3703,Qabil Nadkarni,vedika84@example.org,322211388.0,Tadepalligudem,Karnataka,South,Regular,2024-05-28
3704,Nidhi Sant,sodhiakshay@example.net,1957241685.0,Etawah,Uttar Pradesh,North,Regular,2025-05-03
3705,Madhavi Trivedi,baradikshita@example.org,4053474923.0,Panvel,Gujarat,West,Occasional,2025-07-30
3706,Urishilla Kata,irya65@example.org,919072674533.0,Mira-Bhayandar,Madhya Pradesh,West,Regular,2022-11-22
3707,Ridhi Balan,vasanachaudhari@example.com,912737226386.0,Bhind,Kerala,South,New,2023-12-17
3708,Dev Hans,harinakshivora@example.org,8105245035.0,Jorhat,Tamil Nadu,South,Premium,2023-01-30
3709,Deepa Gokhale,dadaryan@example.net,5796144400.0,Berhampore,Maharashtra,West,Premium,2023-07-06
3710,Chavvi Kannan,omonveer@example.org,9110746550.0,Uluberia,Andhra Pradesh,South,Regular,2025-02-04
3711,Aditya Gola,balpallavi@example.net,6523204204.0,Siliguri,Rajasthan,North,New,2025-11-09
3712,Udyati Andra,naksh84@example.net,136724508.0,Ajmer,Bihar,East,Premium,2026-05-18
3713,Anthony Wable,saanvi52@example.org,3269446431.0,Cuttack,Karnataka,South,New,2025-09-06
3714,Krish Bala,psarin@example.com,3571786208.0,Berhampore,Haryana,North,New,2025-02-11
3715,Rehaan Krishna,owenkrishnan@example.net,917426890175.0,Bareilly,Jharkhand,East,Premium,2025-01-27
3716,Ijaya Mall,cpall@example.org,1681573664.0,Narasaraopet,Assam,East,Regular,2024-08-05
3717,Abeer D’Alia,atharvbahl@example.org,819704765.0,Sagar,Goa,West,Regular,2025-10-01
3718,Baljiwan Zachariah,advay37@example.org,919304180848.0,Dharmavaram,Haryana,North,Regular,2026-04-30
3719,Anay Mane,ddugar@example.net,3843221563.0,Davanagere,Assam,East,New,2025-11-20
3720,Osha Thakur,inayadave@example.org,1547432995.0,Sultan Pur Majra,Uttarakhand,Central,Regular,2025-03-08
3721,Wazir Wadhwa,jananibalasubramanian@example.com,4139074432.0,Jehanabad,Jammu & Kashmir,Central,Premium,2024-02-12
3722,Quincy Devan,jatindhawan@example.org,7032288897.0,Bokaro,Andhra Pradesh,South,New,2023-03-05
3723,Azaan Bhardwaj,liam06@example.org,918410697775.0,Kolhapur,Kerala,South,Premium,2025-06-25
3724,Rehaan Sule,zjha@example.net,2178572280.0,Rajahmundry,Telangana,South,New,2023-08-23
3725,Reva Menon,simonbera@example.net,6919180981.0,Dewas,Goa,West,Regular,2024-04-18
3726,Karan Sengupta,rushil70@example.org,1023362864.0,Coimbatore,Uttar Pradesh,North,Occasional,2023-12-20
3727,Vritti Sinha,kohliviraj@example.net,1364903657.0,Bhusawal,Maharashtra,West,Occasional,2024-04-12
3728,Manbir Kant,balanfaqid@example.org,918554057448.0,Lucknow,Uttarakhand,Central,Occasional,2024-11-08
3729,Frederick Taneja,suleamrita@example.com,9079232853.0,Karawal Nagar,Chhattisgarh,Central,Regular,2026-05-11
3730,Madhav Issac,narayanansai@example.com,910726693185.0,Malegaon,Odisha,East,Regular,2023-09-01
3731,Radhika Dhar,tristan95@example.com,919487422434.0,Gudivada,Goa,West,Regular,2025-08-08
3732,Aachal Dhar,adugar@example.org,4483041054.0,Bettiah,Rajasthan,North,Premium,2026-02-25
3733,Advay Boase,sudikshaswaminathan@example.org,6756680734.0,Jaunpur,Assam,East,Regular,2025-03-18
3734,Arin Shetty,shankeryochana@example.org,5502647223.0,Bhilwara,Goa,West,Regular,2026-02-24
3735,Chaaya Dube,doshiagastya@example.com,5796675813.0,Ambattur,Punjab,North,Occasional,2026-05-19
3736,Anika Sheth,vrai@example.org,916966378612.0,Bhilwara,Andhra Pradesh,South,New,2025-11-13
3737,Watika Rout,dkrishnan@example.com,5069251911.0,Dindigul,Uttarakhand,Central,Premium,2024-02-12
3738,Peter Dhaliwal,odash@example.org,2480467793.0,Miryalaguda,Kerala,South,Premium,2024-06-08
3739,Chatura Dora,qraju@example.org,6314135039.0,Loni,Haryana,North,Regular,2023-08-14
3740,Finn Mistry,godaamol@example.org,919067736852.0,Malda,Uttar Pradesh,North,Regular,2026-03-19
3741,Ucchal Sagar,daliagaurika@example.com,4973840081.0,Ghaziabad,Chhattisgarh,Central,Regular,2026-07-29
3742,Gavin Ganesh,ansh76@example.net,7861986645.0,Latur,West Bengal,East,Regular,2024-02-16
3743,Tamanna Karan,jasonbath@example.com,4760310777.0,Arrah,Delhi,North,Regular,2024-10-22
3744,Nimrat Lalla,madandayamai@example.org,917579880272.0,Srikakulam,Odisha,East,New,2023-08-29
3745,Garima Gade,ekbal20@example.net,7554670047.0,Motihari,Jammu & Kashmir,Central,Occasional,2025-03-15
3746,Hardik Deo,shankerbachittar@example.org,1163861010.0,Meerut,Chhattisgarh,Central,Occasional,2024-07-25
3747,Rishi Oza,saumyabains@example.org,5608863841.0,Kolhapur,Bihar,East,Occasional,2023-01-19
3748,Hitesh Lal,reva46@example.net,915792321839.0,Ongole,Andhra Pradesh,South,Premium,2026-04-22
3749,Ronith Wadhwa,ranveernarang@example.com,914195178631.0,Madhyamgram,Haryana,North,Regular,2024-05-18
3750,Jasmit Sachar,srajagopalan@example.com,3799568808.0,Khora,Goa,West,Regular,2024-10-25
3751,Rajata Palla,jagatraj@example.org,4878648010.0,Bhiwandi,Madhya Pradesh,West,Regular,2025-05-31
3752,Yashasvi Mane,keyamodi@example.org,220583595.0,Begusarai,Haryana,North,Occasional,2025-05-17
3753,Udant Pal,krishaghose@example.net,3827606706.0,Ambarnath,Uttarakhand,Central,Regular,2024-11-01
3754,Urishilla Ganesh,gchaudhari@example.net,8095606993.0,Sambalpur,Goa,West,New,2022-08-18
3755,Raagini Swaminathan,mugdhaoak@example.net,197311120.0,Madhyamgram,Karnataka,South,Regular,2023-03-15
3756,Ishaan Ramesh,ekalingasuresh@example.com,1993892733.0,Pune,Gujarat,West,Regular,2023-05-01
3757,Megha Konda,bina69@example.org,912662429966.0,Gudivada,Haryana,North,Premium,2025-03-10
3758,Aradhana Deep,nsampath@example.org,9122800237.0,Alappuzha,Gujarat,West,Regular,2022-09-07
3759,Ekbal Mangal,shankeryatan@example.net,916123933818.0,Tiruvottiyur,Maharashtra,West,Regular,2022-09-14
3760,Riya Panchal,nayarnakul@example.org,5897250671.0,Ajmer,Goa,West,Premium,2025-04-19
3761,Shravya Babu,khannahenry@example.org,6443901533.0,Karaikudi,Jharkhand,East,Regular,2023-03-06
3762,Kiaan Sampath,balveer90@example.org,918184893645.0,Shahjahanpur,Madhya Pradesh,West,Occasional,2023-07-26
3763,Dakshesh Ram,pbir@example.org,6806065612.0,Kumbakonam,Maharashtra,West,Occasional,2026-04-30
3764,Urmi Dewan,lsundaram@example.org,688772753.0,Pali,Punjab,North,Regular,2026-03-11
3765,Christopher Saxena,chandanidass@example.org,893169823.0,Gangtok,Telangana,South,Occasional,2024-12-12
3766,Yash Mitra,ayushnarayan@example.com,8073526756.0,Belgaum,Telangana,South,Premium,2025-11-23
3767,Kavya Kibe,hayermekhala@example.org,910460510019.0,Delhi,Telangana,South,Premium,2025-04-03
3768,Omkaar Rana,omya27@example.org,7520593541.0,Mehsana,Uttarakhand,Central,Regular,2022-10-23
3769,Wahab Tandon,qasim47@example.com,915891995974.0,Anantapur,Gujarat,West,Regular,2025-09-20
3770,Pallavi Prasad,vkakar@example.org,328889489.0,Proddatur,Punjab,North,New,2022-12-29
3771,Henry Tak,qushikara@example.net,5288280823.0,Bijapur,Uttarakhand,Central,New,2026-02-18
3772,Max Palla,balveerapte@example.net,919890426980.0,Tinsukia,Delhi,North,Regular,2023-06-07
3773,Warjas Lal,qtandon@example.org,9785061613.0,Saharanpur,Haryana,North,Premium,2023-05-08
3774,Tripti Wable,sarafqarin@example.com,6987422338.0,Avadi,Assam,East,Premium,2026-08-10
3775,Ekapad Chand,customer_3775@unknown.com,N/A,Bharatpur,West Bengal,East,Regular,2023-12-09
3776,Libni Dara,gaurika18@example.org,913218167049.0,Karimnagar,Jammu & Kashmir,Central,Premium,2026-07-30
3777,Advay Bhardwaj,bdatta@example.org,6851640640.0,Naihati,Himachal Pradesh,North,Regular,2024-04-13
3778,Chaitaly Palan,desaiyadavi@example.org,2942898116.0,Anantapuram,Telangana,South,New,2024-12-15
3779,Nicholas Madan,mohammedmutti@example.net,7485913375.0,Rajahmundry,Gujarat,West,Regular,2026-01-22
3780,Rachit Johal,thakkarvrinda@example.org,9467568929.0,Tirupati,Kerala,South,Premium,2023-09-13
3781,Niharika Venkataraman,sodhilaban@example.com,9751315463.0,Panchkula,Punjab,North,Premium,2025-05-12
3782,Matthew Chawla,radhaarora@example.com,919494472724.0,North Dumdum,Tamil Nadu,South,Regular,2025-05-26
3783,Madhavi Warrior,emunshi@example.org,4893336399.0,Ludhiana,Telangana,South,New,2025-06-13
3784,Anita Tailor,patlatara@example.com,1944595961.0,Agra,Chhattisgarh,Central,Regular,2022-11-24
3785,Sudiksha More,trivedibaghyawati@example.org,916405352932.0,Surendranagar Dudhrej,Punjab,North,Regular,2026-05-05
3786,Rayaan Bhargava,suhani21@example.net,4532616917.0,Chapra,Uttarakhand,Central,Regular,2024-05-03
3787,Arunima Pai,ojassekhon@example.net,1805547006.0,Patiala,Haryana,North,Regular,2025-01-05
3788,Logan Sahni,aryanpai@example.net,3364097628.0,Mango,Karnataka,South,New,2026-01-09
3789,Patrick Roy,jasonbahri@example.net,6872540774.0,Vijayanagaram,Uttarakhand,Central,New,2022-12-22
3790,Advaith Mallick,nihalvenkataraman@example.org,917731774278.0,Maheshtala,Maharashtra,West,Regular,2026-04-15
3791,Nathaniel Madan,triyapalla@example.net,914065058095.0,Moradabad,Uttar Pradesh,North,Regular,2024-08-23
3792,Ridhi Batta,adya88@example.com,3407328456.0,Asansol,Karnataka,South,Premium,2024-06-06
3793,Varsha Chahal,groverluke@example.net,919403349775.0,Rajpur Sonarpur,Chhattisgarh,Central,Premium,2023-03-15
3794,Vincent Parikh,harita49@example.org,8678138231.0,Pudukkottai,Odisha,East,New,2024-03-30
3795,Mekhala Mand,qmurty@example.net,3356638828.0,Bokaro,Uttarakhand,Central,Regular,2024-05-05
3796,Mohini Sodhi,fshah@example.org,918429850770.0,Rajpur Sonarpur,Jharkhand,East,Regular,2024-07-05
3797,Chatresh Lad,ykashyap@example.net,912015461214.0,Akola,Punjab,North,Regular,2024-06-13
3798,Oeshi Sekhon,hemanglad@example.net,919492651185.0,Belgaum,Gujarat,West,Regular,2025-05-01
3799,Simon Chanda,ojas18@example.org,6124920184.0,Anantapur,Maharashtra,West,Premium,2022-08-21
3800,Udarsh Arora,routekaja@example.com,917380165845.0,Jammu,Rajasthan,North,Regular,2025-09-25
3801,Hiral Mani,parsaupkaar@example.com,916568154098.0,Sangli-Miraj & Kupwad,Uttarakhand,Central,Regular,2023-05-22
3802,Urmi Gopal,jde@example.net,913467184461.0,Jhansi,Bihar,East,Premium,2023-01-08
3803,Chameli Kohli,sawhneymeera@example.net,6740018476.0,Bhimavaram,Goa,West,Regular,2023-03-17
3804,Rayaan Padmanabhan,cbajwa@example.org,914084765205.0,Akola,Kerala,South,Premium,2025-02-26
3805,Sudiksha Dash,guhazaitra@example.net,914371045826.0,Gudivada,Chhattisgarh,Central,Regular,2023-05-25
3806,Atharv Sha,christopher79@example.com,2217806677.0,Orai,Uttarakhand,Central,Premium,2024-04-27
3807,Advay Bhavsar,sjain@example.net,8426336189.0,Patiala,Karnataka,South,Regular,2022-11-29
3808,Radhika Patla,customer_3808@unknown.com,N/A,Danapur,Uttarakhand,Central,Premium,2023-12-16
3809,Maya Suresh,mannniharika@example.org,6771641814.0,Faridabad,Kerala,South,New,2022-10-08
3810,Matthew Kapadia,xiyengar@example.org,918029798013.0,Shivpuri,Jharkhand,East,Regular,2023-09-13
3811,Radha Suri,pahalram@example.com,1965376703.0,Ongole,Madhya Pradesh,West,Occasional,2023-04-03
3812,Chameli Kata,saanvinagar@example.org,3083360146.0,Gorakhpur,Jammu & Kashmir,Central,Regular,2023-11-23
3813,Fitan Zacharia,vinayaben@example.org,912489136043.0,Agartala,Jammu & Kashmir,Central,Premium,2024-02-07
3814,Saumya Rana,kkota@example.com,918192758482.0,Gandhidham,Kerala,South,Premium,2024-01-28
3815,Siya Grewal,ucchalben@example.org,2467595796.0,Sambalpur,Uttarakhand,Central,Premium,2024-03-07
3816,Ekbal Iyer,jagat70@example.net,1650817037.0,Jabalpur,Maharashtra,West,Regular,2024-08-18
3817,Nicholas Mani,harshilsangha@example.net,5384554272.0,Darbhanga,Karnataka,South,Regular,2023-07-15
3818,Hiral Jain,qdeol@example.org,914829237925.0,Deoghar,Punjab,North,Occasional,2025-05-01
3819,Abhiram Raghavan,hbal@example.org,5586511503.0,Bharatpur,Goa,West,New,2024-05-10
3820,Daksh Behl,pratta@example.org,6772136008.0,Kakinada,Tamil Nadu,South,New,2024-03-08
3821,Arjun Sandal,vivaantak@example.net,913691099787.0,Amritsar,Andhra Pradesh,South,New,2024-11-27
3822,Leela Hora,choudharyrachana@example.com,916800472153.0,Chittoor,Maharashtra,West,Regular,2025-01-23
3823,Anmol Johal,yashoda71@example.com,912005550187.0,Howrah,West Bengal,East,Regular,2026-05-25
3824,Rachit Lall,umangdeep@example.com,4334923212.0,Davanagere,Punjab,North,New,2025-05-21
3825,Lohit Narayanan,yatinbabu@example.org,1322769047.0,Bihar Sharif,Jammu & Kashmir,Central,New,2025-12-29
3826,Advik Varghese,daraazaan@example.net,8087667845.0,Davanagere,Kerala,South,Regular,2024-09-21
3827,Xavier Panchal,tvala@example.org,118033613.0,Rajpur Sonarpur,Madhya Pradesh,West,Regular,2023-11-05
3828,Arjun Sama,munshidarpan@example.org,915116378457.0,Haridwar,Jammu & Kashmir,Central,Regular,2024-08-27
3829,Indali Khosla,kondaamara@example.net,2602732269.0,Hospet,Jharkhand,East,Regular,2026-01-24
3830,Atharv De,chasmumatwal@example.org,7511029394.0,Ramgarh,Bihar,East,Regular,2023-03-09
3831,Indira Sahota,oparmar@example.com,5981713032.0,Kishanganj,Andhra Pradesh,South,New,2025-12-03
3832,Oscar Ganesan,kalabrinda@example.net,913213300042.0,Gandhinagar,Tamil Nadu,South,Premium,2023-11-08
3833,Ayush Dayal,aaravnigam@example.net,2020752002.0,Raurkela Industrial Township,Uttar Pradesh,North,Regular,2022-08-14
3834,Fiyaz Vaidya,bamble@example.net,913143874437.0,Chennai,Tamil Nadu,South,Regular,2024-04-13
3835,Indira Saini,vinayasachdev@example.org,910976325273.0,Kharagpur,Maharashtra,West,Regular,2024-02-07
3836,Gaurang Kata,mahalmadhav@example.org,917569414314.0,Kota,Uttarakhand,Central,Regular,2024-09-04
3837,Dayamai Edwin,wridesh37@example.org,9428408885.0,Korba,Telangana,South,New,2023-08-11
3838,Qadim Nayak,ekapaddoshi@example.org,914164851559.0,Bhilwara,Uttarakhand,Central,Regular,2024-09-29
3839,Azad Guha,jaivasa@example.com,913950888842.0,Mirzapur,Chhattisgarh,Central,New,2024-11-28
3840,Abhiram Deshmukh,sabharwalchakradev@example.com,1356362244.0,Udaipur,Madhya Pradesh,West,Premium,2025-03-28
3841,Januja Sabharwal,patlavritti@example.net,2355172748.0,Sirsa,Rajasthan,North,Regular,2024-06-08
3842,Unni Basak,alka46@example.org,3536068447.0,Bhusawal,Uttarakhand,Central,Regular,2026-07-23
3843,Damyanti Agrawal,dugarlekha@example.org,918700711064.0,Ulhasnagar,Gujarat,West,Regular,2025-09-08
3844,Maanav Parikh,buppal@example.org,8148489465.0,Srinagar,Uttarakhand,Central,Regular,2025-11-30
3845,Pranit Malhotra,maanassabharwal@example.org,9138217295.0,Solapur,Odisha,East,Regular,2025-08-02
3846,Qushi Sawhney,siddharthray@example.com,6765948637.0,Bettiah,West Bengal,East,New,2024-12-26
3847,Sai Choudhary,vigvasana@example.net,914818706337.0,Bhilwara,Kerala,South,Regular,2024-02-06
3848,Nisha Savant,niteshrajan@example.net,1361593640.0,Katni,Chhattisgarh,Central,New,2024-07-02
3849,Patrick Yohannan,ayushsubramaniam@example.com,9596241324.0,Ghaziabad,Jammu & Kashmir,Central,Regular,2023-03-07
3850,Kai Khatri,mangalfiyaz@example.com,911582545143.0,Bellary,Chhattisgarh,Central,Premium,2026-07-12
3851,Hemani Bhat,vyaslavanya@example.net,9205103415.0,Udupi,Rajasthan,North,Premium,2024-11-30
3852,Raghav Mandal,max83@example.com,917060771497.0,Jalna,West Bengal,East,Regular,2025-12-07
3853,Meghana Chhabra,pbatra@example.org,2234177921.0,Berhampore,Goa,West,Regular,2023-03-21
3854,Janya Gaba,dipta96@example.org,127172098.0,Pune,Uttar Pradesh,North,Regular,2022-11-12
3855,Bakhshi Madan,gavinpanchal@example.org,911997178625.0,Mysore,West Bengal,East,Regular,2023-04-11
3856,Wridesh Sami,qmahajan@example.com,5045696062.0,Ambattur,Rajasthan,North,Occasional,2024-03-05
3857,Dayamai Garde,wadhwaupma@example.org,913635431331.0,Ajmer,Haryana,North,Occasional,2024-04-02
3858,Charles Sarkar,ekaja47@example.net,919904979103.0,Bhagalpur,Maharashtra,West,New,2025-07-13
3859,Jack Ravel,varghesegaurika@example.net,912976706440.0,Ludhiana,Gujarat,West,Regular,2023-07-28
3860,Vasana Sarraf,schadha@example.org,9260054286.0,Sri Ganganagar,Delhi,North,Regular,2025-08-06
3861,Balvan Thakur,hredhaan74@example.com,4138825823.0,Tiruvottiyur,Chhattisgarh,Central,New,2024-09-08
3862,Vedant Sharaf,yatanwason@example.org,1779989043.0,Meerut,Madhya Pradesh,West,Regular,2023-03-24
3863,Tanveer Chokshi,murtyindira@example.org,6140486871.0,Kavali,Tamil Nadu,South,Occasional,2022-08-28
3864,Wyatt Kar,hredhaanbhandari@example.net,910091149892.0,Eluru,Uttar Pradesh,North,Premium,2022-11-12
3865,Arin Vaidya,turvi93@example.net,3646906109.0,Vadodara,Maharashtra,West,Premium,2024-12-20
3866,Zinal Dubey,shauryagandhi@example.org,915375572705.0,Ratlam,Punjab,North,New,2023-07-21
3867,Sachi Doshi,routneelima@example.com,7677887130.0,Ambala,Andhra Pradesh,South,New,2022-09-24
3868,Karan Agarwal,ramanathanpavani@example.org,919568986574.0,Rewa,Chhattisgarh,Central,Regular,2023-07-05
3869,Raagini Bhatti,aparmar@example.org,918140438801.0,Kurnool,Rajasthan,North,Occasional,2024-08-03
3870,Abeer Anne,shivansh53@example.com,8584255614.0,Mango,Odisha,East,Regular,2022-11-28
3871,Tejas Seth,gbala@example.net,3257981695.0,Ambarnath,Maharashtra,West,Regular,2024-10-28
3872,Niharika Gupta,qbehl@example.net,915990401939.0,Karaikudi,Rajasthan,North,Regular,2023-04-01
3873,Yashodhara Mannan,quincymammen@example.com,7434259512.0,Proddatur,Maharashtra,West,Occasional,2025-01-20
3874,Lucky Kapadia,harshilbawa@example.com,918685210073.0,Kavali,Himachal Pradesh,North,Regular,2024-04-28
3875,Samaksh Goswami,triya04@example.com,914822430259.0,Dibrugarh,Delhi,North,Regular,2022-10-01
3876,Eshana Sawhney,thomassuresh@example.com,916085502625.0,Shimoga,Gujarat,West,Regular,2024-10-31
3877,Edhitha Kalla,eiravati69@example.org,2070367988.0,Bhalswa Jahangir Pur,Odisha,East,Premium,2025-11-03
3878,Thomas Bava,paiqadim@example.com,3748118448.0,Deoghar,Kerala,South,Regular,2023-06-09
3879,Ishanvi Doctor,manderbimala@example.org,25587825.0,Davanagere,Madhya Pradesh,West,New,2025-01-28
3880,Anthony Gola,azaankata@example.com,915405334016.0,Jaunpur,Delhi,North,Regular,2023-01-28
3881,Darsh Saha,karnikrudra@example.com,919865851021.0,Rewa,Chhattisgarh,Central,Premium,2024-12-02
3882,Henry Jha,ojasbains@example.com,915250191779.0,Phusro,Bihar,East,Regular,2023-12-26
3883,Chandani Shukla,aptemugdha@example.org,915017759174.0,Ghaziabad,Odisha,East,New,2023-12-12
3884,Rushil Kant,sbadal@example.com,4707066057.0,Pondicherry,Bihar,East,Premium,2026-07-24
3885,Samesh Koshy,chandrannathaniel@example.net,9822189870.0,Bhiwani,Odisha,East,New,2023-02-26
3886,Aachal Luthra,ekavir69@example.com,913703408497.0,Kamarhati,Chhattisgarh,Central,Regular,2023-04-11
3887,Chaitanya Dewan,pmanne@example.net,919191654594.0,Bulandshahr,Madhya Pradesh,West,Regular,2023-02-17
3888,Diya Deep,gnatt@example.net,725093330.0,Dhanbad,Karnataka,South,New,2023-03-09
3889,Quincy Dhar,nagitanish@example.net,5281349785.0,Imphal,Chhattisgarh,Central,Regular,2026-01-23
3890,Udant Dhillon,fpuri@example.org,918211862050.0,Serampore,Chhattisgarh,Central,Regular,2026-04-17
3891,Dominic Kibe,ramanathanorinder@example.net,2649770703.0,Naihati,Tamil Nadu,South,Occasional,2025-12-26
3892,Ekbal Parekh,ganga27@example.com,911691957594.0,Tezpur,Madhya Pradesh,West,Occasional,2024-03-20
3893,Zashil Naidu,chandran65@example.com,7829240988.0,Purnia,Punjab,North,New,2025-09-18
3894,Hritik Wable,abhandari@example.com,9890061802.0,Jhansi,Odisha,East,Premium,2024-04-29
3895,Kala Sankaran,zshenoy@example.com,911635924445.0,Hospet,West Bengal,East,Regular,2023-02-06
3896,Damini Shan,nadigkamya@example.net,919897751425.0,Mehsana,Uttarakhand,Central,Premium,2024-06-16
3897,Maanav Dutt,edwinaarav@example.org,3600145232.0,Mira-Bhayandar,Madhya Pradesh,West,Regular,2025-10-10
3898,Bhavya Deol,lallaharish@example.com,3953843071.0,Bulandshahr,Karnataka,South,Regular,2025-11-07
3899,Atharv Kohli,imaran49@example.org,3331393605.0,Siliguri,Maharashtra,West,New,2024-06-11
3900,Shravya Jaggi,bobaljalsa@example.net,6762386582.0,Muzaffarpur,Rajasthan,North,New,2025-09-20
3901,Krisha Brahmbhatt,gulatibakhshi@example.net,918794263405.0,Kumbakonam,Rajasthan,North,New,2022-09-21
3902,Elijah Natarajan,ovenkatesh@example.org,919918128091.0,Bhind,Odisha,East,New,2024-02-18
3903,Faris Vora,vinayasheth@example.net,917956785876.0,Bhilai,Chhattisgarh,Central,New,2024-08-10
3904,Shravya Suri,aarna41@example.com,5743759824.0,Thrissur,Assam,East,Regular,2023-04-09
3905,Yashasvi Atwal,gollajasmit@example.com,4457352640.0,Moradabad,Maharashtra,West,New,2023-03-25
3906,Fiyaz Hora,barmanalka@example.com,5274045645.0,Rajpur Sonarpur,Uttarakhand,Central,Occasional,2025-07-31
3907,Daksh Khanna,pahalnagar@example.org,919472992633.0,Patna,Assam,East,Premium,2022-11-24
3908,Ikshita Dara,kamdarfiyaz@example.net,912276158425.0,Chandigarh,Jammu & Kashmir,Central,Premium,2026-06-14
3909,Chaman Golla,williamdar@example.net,8313297570.0,Jalna,Uttarakhand,Central,Regular,2026-06-25
3910,Saanvi Dalal,loyalkala@example.com,916274818731.0,Begusarai,Madhya Pradesh,West,New,2026-07-12
3911,Krishna Srinivas,kmannan@example.net,6851926175.0,Ghaziabad,Karnataka,South,Occasional,2026-05-01
3912,Bhanumati Dyal,beraudarsh@example.net,916102811117.0,Dewas,Odisha,East,Regular,2023-03-30
3913,Watika Singh,vamakshimistry@example.net,915217020739.0,Pimpri-Chinchwad,Telangana,South,Regular,2022-09-12
3914,Omaja Karan,sampathkai@example.net,8107719676.0,Bardhaman,Uttarakhand,Central,Regular,2025-04-14
3915,Leena Behl,jlata@example.com,8844424504.0,Jalna,Odisha,East,Regular,2022-11-22
3916,Tristan Thakkar,umaster@example.org,916527667315.0,Malegaon,Assam,East,Regular,2026-03-27
3917,George Shukla,qabilchakrabarti@example.org,916818685063.0,Anantapur,Assam,East,New,2023-12-15
3918,Omaja Swamy,abhatnagar@example.com,6882634242.0,Karimnagar,Bihar,East,Regular,2024-11-08
3919,Zinal Som,babugarima@example.org,1362725861.0,Navi Mumbai,Punjab,North,Regular,2025-03-26
3920,Advaith Mahajan,jkuruvilla@example.com,915471216275.0,Nellore,Haryana,North,Premium,2022-11-21
3921,Bachittar Bakshi,hchandran@example.net,9368952974.0,Gulbarga,Chhattisgarh,Central,Regular,2023-08-21
3922,Vihaan Parmer,wriddhishnagar@example.net,4596383846.0,Hospet,Chhattisgarh,Central,Regular,2026-04-16
3923,Maya Vig,nadigeta@example.com,1396047510.0,Udaipur,Jammu & Kashmir,Central,Regular,2023-11-03
3924,Ekani Lad,hprasad@example.net,3335717685.0,Guna,Punjab,North,Regular,2023-10-03
3925,Anamika Bains,sneha72@example.com,7280927714.0,Nagpur,Odisha,East,New,2026-02-12
3926,Krisha Kunda,wablewidisha@example.net,1736188575.0,Gopalpur,Karnataka,South,Premium,2026-04-07
3927,Neel Contractor,kmaster@example.net,911180829548.0,Guntur,Telangana,South,New,2026-05-19
3928,Laksh Chowdhury,deepa63@example.org,918179842769.0,Salem,Tamil Nadu,South,New,2022-12-20
3929,Atharv Prashad,narayanveer@example.org,193639986.0,Rajkot,Telangana,South,New,2024-08-06
3930,Tarak Reddy,qushi29@example.com,9054521909.0,Tenali,Uttarakhand,Central,Regular,2026-05-29
3931,Rachit Nagar,advay47@example.com,918307354600.0,Amaravati,Tamil Nadu,South,Occasional,2024-08-17
3932,Daniel Sinha,wvarty@example.com,4925593348.0,Tezpur,Odisha,East,Regular,2024-07-26
3933,Niharika Bhasin,dasspeter@example.org,9764653175.0,Buxar,Assam,East,New,2023-12-20
3934,Urvashi Lalla,tarakkata@example.com,1283437037.0,Gaya,Chhattisgarh,Central,Regular,2024-05-23
3935,Yauvani Prasad,oparekh@example.net,916913946893.0,Warangal,Rajasthan,North,Regular,2024-04-12
3936,Mekhala Chakrabarti,nkalla@example.net,8117225125.0,Farrukhabad,Chhattisgarh,Central,Regular,2024-09-02
3937,Ikshita Joshi,darikasant@example.net,916398180855.0,Malegaon,Assam,East,Regular,2024-10-25
3938,Aarnav Krish,dbera@example.net,8949350617.0,Bokaro,Maharashtra,West,Premium,2022-10-05
3939,Yasti Desai,shahindali@example.org,913486579681.0,Latur,Bihar,East,Regular,2026-08-10
3940,Laksh Gade,aarush17@example.org,2815954312.0,Vellore,Uttarakhand,Central,Regular,2023-05-28
3941,Aditya Agrawal,abeer43@example.com,1411958736.0,Haridwar,Goa,West,Premium,2024-09-08
3942,Aishani Baral,fariq30@example.org,7239532791.0,Ambattur,Assam,East,Regular,2025-07-31
3943,Nilima Sunder,sahotalaksh@example.net,6817548144.0,Shahjahanpur,West Bengal,East,Regular,2023-07-20
3944,Nachiket Chaudhari,nidra02@example.org,2474687927.0,Suryapet,Telangana,South,Regular,2023-07-19
3945,Ekbal Karpe,nbhagat@example.net,9797808784.0,Berhampore,Chhattisgarh,Central,New,2024-02-06
3946,Urishilla Kapur,radhikakannan@example.net,9957202035.0,Bhilai,Jammu & Kashmir,Central,New,2024-10-15
3947,Gopal Dani,omisha81@example.org,9331386349.0,Thrissur,Jammu & Kashmir,Central,New,2022-11-16
3948,Krish Mallick,vinayachoudhury@example.org,1762851030.0,Bulandshahr,Andhra Pradesh,South,New,2025-12-25
3949,Amara Bal,upadhritiratta@example.org,911880690438.0,Moradabad,Himachal Pradesh,North,New,2023-10-12
3950,Ekaraj Choudhury,aadiprashad@example.org,4185016641.0,Surat,Maharashtra,West,Occasional,2023-11-27
3951,Warda Narayanan,fvyas@example.org,3431532931.0,Bhimavaram,Telangana,South,Premium,2025-03-09
3952,Zansi Dubey,sarthakperi@example.net,6347262471.0,Aurangabad,Jammu & Kashmir,Central,Premium,2023-08-07
3953,Eesha Ganesan,vsathe@example.org,918724036480.0,Dehradun,Maharashtra,West,New,2023-01-05
3954,Bhavna Andra,vluthra@example.net,6765172775.0,Sangli-Miraj & Kupwad,Chhattisgarh,Central,Premium,2025-06-09
3955,Karan Jani,vnair@example.com,4414930015.0,Bellary,Jammu & Kashmir,Central,Regular,2025-01-26
3956,Aachal Arora,champakgala@example.org,8343644566.0,Lucknow,Bihar,East,New,2026-07-23
3957,Kritika Sandhu,chatresh49@example.com,916644651571.0,Gangtok,Bihar,East,Regular,2025-02-18
3958,Chandresh Arora,yahvijain@example.com,2844550742.0,Tinsukia,Bihar,East,Premium,2023-04-05
3959,Vinaya Mahal,ayushman00@example.org,915689779036.0,Narasaraopet,Himachal Pradesh,North,Regular,2022-09-12
3960,Charvi Desai,ishwarrau@example.net,8928697979.0,Durg,Goa,West,Regular,2024-03-19
3961,Rachana Guha,urvi22@example.net,911526057948.0,Satara,Jammu & Kashmir,Central,Regular,2024-09-26
3962,Jagdish Bajwa,brahmbhattjyoti@example.com,7512457379.0,Sasaram,Jharkhand,East,Premium,2024-07-22
3963,Dakshesh Din,kapoorom@example.net,789617832.0,Dindigul,Madhya Pradesh,West,Regular,2026-02-04
3964,Hemang Pillay,sneha32@example.org,912326017542.0,Bettiah,Telangana,South,Regular,2025-06-10
3965,Oliver Bhasin,deshpandeanjali@example.org,914839061845.0,Karawal Nagar,Gujarat,West,Premium,2024-10-28
3966,Yasti Palla,bhegde@example.org,3948477146.0,Muzaffarpur,Odisha,East,Regular,2023-03-23
3967,Mitesh Das,saanvibaral@example.org,3274031694.0,Agartala,Punjab,North,Regular,2023-06-27
3968,Frederick Yohannan,patelsanya@example.net,5150218645.0,Chandigarh,Telangana,South,Premium,2023-08-22
3969,Jackson Patla,somannilima@example.org,6189085403.0,Jammu,Karnataka,South,New,2025-01-21
3970,Tristan Pingle,forum99@example.net,3972056006.0,Kolhapur,Uttar Pradesh,North,Regular,2023-03-22
3971,Lucky Patil,nkoshy@example.com,710601130.0,Bhavnagar,Assam,East,New,2022-08-15
3972,Nathaniel Krish,dalaja33@example.net,4536560267.0,Salem,Maharashtra,West,Regular,2023-04-20
3973,Faris Rana,yashodagandhi@example.com,9622397248.0,Bellary,Punjab,North,Regular,2026-03-30
3974,Chandran Rai,shankerranveer@example.net,910515071081.0,Uluberia,Tamil Nadu,South,Regular,2025-01-16
3975,Janaki Bhatnagar,sai20@example.net,2835342495.0,Vijayawada,Uttarakhand,Central,Occasional,2023-06-18
3976,Akshay Bera,hlall@example.com,915779932469.0,Shimoga,Bihar,East,Regular,2023-12-20
3977,Rachita Iyer,aupadhyay@example.org,916699300547.0,Parbhani,Chhattisgarh,Central,New,2025-03-08
3978,Bhavna Magar,lucky82@example.net,918325512669.0,Karawal Nagar,Haryana,North,New,2026-06-16
3979,Reva Dugar,hgoyal@example.org,9086602296.0,Srinagar,Assam,East,Premium,2025-05-15
3980,Chanakya Dada,anvibhasin@example.com,341760971.0,Panchkula,Himachal Pradesh,North,Regular,2024-05-10
3981,Tarak Venkatesh,bmishra@example.com,420866478.0,Maheshtala,Jharkhand,East,Occasional,2024-08-22
3982,Zaid Atwal,dixitkai@example.com,4153543187.0,Sri Ganganagar,Madhya Pradesh,West,Regular,2024-02-28
3983,Nicholas Din,rayliam@example.net,9322408407.0,Chapra,Gujarat,West,New,2025-10-23
3984,Alka Buch,pdey@example.org,2874402913.0,Bhavnagar,Jammu & Kashmir,Central,Regular,2023-06-17
3985,Pallavi Bahri,pranitdasgupta@example.net,916580643855.0,Kolhapur,Rajasthan,North,Premium,2023-04-04
3986,Netra Keer,varugheseayushman@example.com,3097690463.0,Lucknow,Madhya Pradesh,West,Regular,2025-03-21
3987,Viraj Chopra,warinder77@example.com,913594095332.0,Shahjahanpur,Telangana,South,New,2024-09-23
3988,Anirudh Ramaswamy,daksha33@example.net,9025471278.0,Singrauli,West Bengal,East,Regular,2023-06-14
3989,Dayamai Patla,ysubramanian@example.net,6892685512.0,Meerut,Goa,West,Regular,2024-03-20
3990,Harshil Wable,oviyabhalla@example.com,917055456515.0,Hubli–Dharwad,Jammu & Kashmir,Central,Premium,2025-10-04
3991,Patrick Kannan,tborra@example.com,919413822581.0,Visakhapatnam,Goa,West,Regular,2026-03-04
3992,Ikbal Dara,padmanabhanbakhshi@example.net,4281645808.0,Visakhapatnam,Bihar,East,Occasional,2022-12-21
3993,Upkaar Narula,harrison97@example.org,3445565824.0,Erode,Himachal Pradesh,North,New,2025-04-21
3994,Diya Warrior,ishanvi97@example.org,910501160026.0,Bhimavaram,Andhra Pradesh,South,Premium,2024-12-24
3995,Tara Talwar,ldara@example.org,912976377555.0,Bihar Sharif,Jammu & Kashmir,Central,Regular,2024-06-19
3996,Hemang Gulati,customer_3996@unknown.com,N/A,Rourkela,Odisha,East,Regular,2025-09-09
3997,Vamakshi Iyer,moak@example.org,7275131586.0,Lucknow,Odisha,East,Premium,2026-04-12
3998,Samesh Viswanathan,vamakshi78@example.com,794539341.0,Udaipur,Karnataka,South,Regular,2024-08-13
3999,Chandani Ray,ekiyabawa@example.com,6720647405.0,Pune,Assam,East,New,2023-07-17
4000,Diya Arora,routaadi@example.com,7047871237.0,Miryalaguda,Kerala,South,Regular,2023-07-25
4001,Janaki Suresh,wvenkataraman@example.com,2965399909.0,Anantapuram,Telangana,South,New,2024-08-09
4002,Watika Sarna,gopal68@example.com,4489961516.0,Pune,Tamil Nadu,South,Premium,2024-08-13
4003,Aachal Mander,janujawason@example.org,1006707603.0,Ambarnath,Rajasthan,North,Premium,2024-12-23
4004,Azad Shanker,avnichahal@example.com,917421281330.0,New Delhi,Tamil Nadu,South,Premium,2023-07-23
4005,Jagdish Bhakta,xpandey@example.org,4126002674.0,Anand,Haryana,North,Regular,2025-12-20
4006,Aarini De,rajagopalmatthew@example.com,8782028253.0,Karnal,Uttarakhand,Central,New,2024-04-02
4007,Manthan Dubey,murthyranbir@example.net,8030251571.0,Rajkot,Chhattisgarh,Central,New,2025-12-29
4008,Chameli Rout,mdoshi@example.net,914418507113.0,Hapur,West Bengal,East,New,2025-03-04
4009,Rajata Koshy,bina76@example.com,4885476206.0,Anantapuram,Punjab,North,New,2022-11-23
4010,Vedhika Kala,rbadal@example.org,919761743264.0,Ongole,Goa,West,Regular,2025-12-05
4011,Jagvi Patil,masterikshita@example.net,5018299909.0,Hyderabad,Kerala,South,New,2023-04-17
4012,Daksh Garde,lkorpal@example.net,910199073948.0,Farrukhabad,Haryana,North,New,2026-07-27
4013,Balhaar Sampath,sethivaishnavi@example.org,7297034505.0,Varanasi,Tamil Nadu,South,Regular,2022-08-12
4014,Zayyan Ratta,sarthak97@example.com,912577983042.0,Panipat,Uttarakhand,Central,Regular,2023-05-05
4015,Yashoda Dyal,wriddhishganguly@example.org,910193868226.0,Malegaon,Jammu & Kashmir,Central,New,2023-12-24
4016,Osha Chaudhry,manirehaan@example.com,914756297882.0,Raurkela Industrial Township,West Bengal,East,Regular,2023-08-30
4017,Ekavir Wali,brinda46@example.net,914883563471.0,Begusarai,Uttarakhand,Central,Regular,2024-01-20
4018,Hitesh Sodhi,dchadha@example.net,6965406500.0,Davanagere,Jammu & Kashmir,Central,New,2025-05-08
4019,Chavvi Chacko,bahadurjit77@example.org,2105435137.0,Guna,Himachal Pradesh,North,Premium,2024-03-08
4020,Vritti Dixit,harshbhargava@example.net,778585991.0,Kottayam,Karnataka,South,Premium,2023-08-10
4021,Jacob Shere,zsanghvi@example.org,918347862646.0,Tenali,Karnataka,South,Regular,2025-02-12
4022,Charles Bhavsar,vbains@example.org,915090786114.0,Madhyamgram,Andhra Pradesh,South,New,2023-02-12
4023,Anmol Kashyap,ucchal00@example.net,916374646225.0,Sultan Pur Majra,Goa,West,Regular,2024-06-11
4024,Radhika Ganesh,kibetarak@example.net,5930168497.0,Mango,Rajasthan,North,New,2023-09-20
4025,Janaki Subramanian,jagdish17@example.org,4034287567.0,Gorakhpur,Tamil Nadu,South,Regular,2022-11-22
4026,Champak Dash,yrajagopalan@example.org,917912615409.0,Rewa,Gujarat,West,New,2025-09-19
4027,Abdul Karnik,chanchaldara@example.org,913345393174.0,Asansol,Punjab,North,New,2025-03-04
4028,Janaki Thaker,chadjalsa@example.net,7913678953.0,Medininagar,Uttarakhand,Central,Premium,2023-01-03
4029,Madhavi Khosla,qdeol@example.net,917297131158.0,Khammam,Kerala,South,Premium,2023-03-25
4030,Simon Mallick,girikdalal@example.org,918288291454.0,Varanasi,Kerala,South,New,2022-10-28
4031,Barkha Kothari,peterchander@example.org,9543244392.0,Allahabad,Jharkhand,East,Premium,2025-05-10
4032,Aryan Narayanan,madancharles@example.net,1672336935.0,Varanasi,Goa,West,Premium,2024-08-05
4033,Yochana Prakash,nadigtejas@example.com,3567941540.0,Gurgaon,West Bengal,East,Regular,2024-08-01
4034,Aradhana Pillai,nimrat37@example.net,911871513006.0,Sagar,Jharkhand,East,Occasional,2023-01-07
4035,Gopal Gill,krishnadixit@example.net,916181579776.0,Mira-Bhayandar,Bihar,East,New,2022-10-06
4036,Yachana Mutti,sethiayushman@example.net,4755230335.0,Vasai-Virar,Uttar Pradesh,North,Premium,2023-06-21
4037,Oliver Ahluwalia,chauhanjackson@example.net,914934158221.0,Gwalior,West Bengal,East,Regular,2023-05-15
4038,Faqid Chauhan,zachariahaadi@example.net,8950665935.0,Bareilly,Gujarat,West,New,2025-10-24
4039,Dalbir Bajwa,mitrainaya@example.org,8606892174.0,Pallavaram,Madhya Pradesh,West,Premium,2025-08-20
4040,Vasana Krishnamurthy,oscar24@example.net,4989763916.0,Nashik,Tamil Nadu,South,Regular,2025-09-08
4041,Bhavya Butala,rnanda@example.net,152950635.0,Bhubaneswar,Chhattisgarh,Central,New,2024-07-09
4042,Sachi Vora,tristan04@example.com,6759818632.0,Bhagalpur,Maharashtra,West,Premium,2025-04-24
4043,Abhiram Yadav,gaurav12@example.com,8162698520.0,Purnia,Odisha,East,New,2023-06-16
4044,Abhimanyu Nath,madhavbhatt@example.net,4656382569.0,Sangli-Miraj & Kupwad,Madhya Pradesh,West,New,2025-06-11
4045,Maya Chand,ysachdev@example.net,913891020874.0,Akola,Madhya Pradesh,West,Regular,2025-11-25
4046,Oni Natarajan,basakzaid@example.org,857882584.0,Udaipur,Haryana,North,Premium,2024-11-16
4047,Ishani Date,settywishi@example.com,6025637811.0,Giridih,Kerala,South,Premium,2022-09-10
4048,Manthan Sathe,orindertella@example.com,7797484085.0,Bokaro,Haryana,North,Regular,2022-11-02
4049,Gabriel Wable,revadin@example.com,916576829967.0,Nagaon,Telangana,South,New,2024-11-03
4050,Henry Shenoy,ctoor@example.com,918878925986.0,Bhatpara,Chhattisgarh,Central,New,2023-05-15
4051,Jairaj Parmar,jatin57@example.org,6269672892.0,Shivpuri,Rajasthan,North,Premium,2025-07-24
4052,Gaurangi Nayar,lallraagini@example.com,9831430995.0,Kozhikode,Telangana,South,Premium,2024-06-06
4053,Hitesh Patil,chakradharnarain@example.net,6548338806.0,Moradabad,Punjab,North,Regular,2023-01-18
4054,Waida Mane,janujabutala@example.net,6975667175.0,Dewas,Odisha,East,New,2025-03-07
4055,Tanmayi Panchal,ychokshi@example.org,9347495004.0,Rajkot,Chhattisgarh,Central,New,2026-04-02
4056,Daksh Andra,mbansal@example.org,9843634861.0,Haldia,Chhattisgarh,Central,Regular,2024-11-27
4057,Reyansh Master,kundamaya@example.net,3841370787.0,Berhampur,Karnataka,South,New,2023-12-21
4058,Charan Chahal,dominic18@example.org,606821797.0,Darbhanga,Gujarat,West,Regular,2026-04-15
4059,Xalak Bahri,widisha42@example.org,80001826.0,Silchar,Kerala,South,Regular,2026-02-27
4060,Jacob Dara,rajagopalvarsha@example.org,9090423266.0,Parbhani,Telangana,South,New,2023-05-26
4061,Dayamai Nigam,lankabahadurjit@example.net,9425922021.0,Khammam,Delhi,North,New,2024-02-05
4062,Atharv Sodhi,rlala@example.org,9325618370.0,Tiruvottiyur,Chhattisgarh,Central,Premium,2025-12-10
4063,Damini Mukhopadhyay,samapallavi@example.org,914598484716.0,Bidar,Maharashtra,West,Regular,2024-07-17
4064,Wakeeta Nagy,rgarde@example.net,8141550145.0,Kanpur,West Bengal,East,Regular,2025-09-16
4065,Amol Chandra,pgupta@example.org,5911286131.0,Phagwara,Tamil Nadu,South,Regular,2022-08-30
4066,Sara Banik,salviayush@example.org,1995942535.0,Karimnagar,Punjab,North,New,2024-01-20
4067,Akshay Mital,ayushrama@example.com,9954408099.0,Karaikudi,Kerala,South,New,2023-08-15
4068,Zarna Dey,nattdamini@example.net,6308397725.0,Hosur,Delhi,North,Premium,2025-03-11
4069,Rishi Nayak,chasmumbrar@example.org,916398649354.0,Guntakal,Maharashtra,West,Regular,2026-06-26
4070,Advik Sem,eiravati45@example.org,8223409170.0,Shivpuri,Jammu & Kashmir,Central,Occasional,2025-03-30
4071,Simon Vora,priyatank@example.net,918275987680.0,Ramgarh,Himachal Pradesh,North,Premium,2026-04-04
4072,Chakradev Parekh,kashyapikbal@example.com,9299338634.0,Dibrugarh,Gujarat,West,New,2024-12-20
4073,Udarsh Rajagopalan,keyadoctor@example.net,8498114575.0,Rajahmundry,Odisha,East,Regular,2024-09-04
4074,Ayushman Peri,shankercharvi@example.com,911524718710.0,Nagpur,Haryana,North,Regular,2026-06-02
4075,Aarav Ben,haritadeol@example.net,5172863249.0,Jamalpur,Tamil Nadu,South,Regular,2025-11-02
4076,Panini Barad,divanyashasvi@example.com,5582814617.0,Nandyal,Uttarakhand,Central,Regular,2024-09-14
4077,Jackson Kadakia,hdass@example.com,2836069668.0,Chandrapur,Maharashtra,West,Regular,2022-09-29
4078,Bhavna Kibe,sethrishi@example.org,912062480727.0,Bellary,Goa,West,Premium,2024-12-06
4079,Leena Kakar,yadavisuresh@example.net,3420502409.0,Nagercoil,Jammu & Kashmir,Central,Regular,2024-01-15
4080,Bhavani Pall,hayresiya@example.org,926925261.0,Serampore,Punjab,North,New,2022-10-14
4081,Aadhya Chadha,pranavtripathi@example.com,910213613999.0,Dhule,Assam,East,New,2022-12-19
4082,Yamini Sawhney,bimala51@example.org,917607866076.0,Tumkur,Gujarat,West,Premium,2023-04-09
4083,Aarush Setty,takvrinda@example.org,915992331289.0,Bhiwandi,Punjab,North,New,2025-05-15
4084,Aarnav Palan,joshua31@example.org,2625748946.0,Shimla,Goa,West,Premium,2022-12-27
4085,Eshana Oommen,patilsiya@example.com,1943425482.0,Bangalore,Himachal Pradesh,North,Regular,2023-11-29
4086,Dev Buch,damini94@example.com,5046534254.0,Saharanpur,Tamil Nadu,South,Regular,2024-11-21
4087,Vedant Dua,kagate@example.net,4805796873.0,Hapur,Karnataka,South,New,2025-11-04
4088,Harish Venkatesh,frana@example.org,919763028665.0,Bharatpur,Gujarat,West,Regular,2023-04-22
4089,Irya Shetty,savantnathan@example.org,8688238551.0,Kota,Madhya Pradesh,West,Premium,2025-08-07
4090,Zayyan Raval,psarma@example.org,8048081272.0,Alwar,Chhattisgarh,Central,Regular,2022-09-26
4091,Benjamin Buch,chakrabortyjasmit@example.com,3110848557.0,Madanapalle,Goa,West,Regular,2024-06-10
4092,Zarna Chaudhuri,zashilbahl@example.org,7669648461.0,Srikakulam,Bihar,East,Regular,2025-07-12
4093,Ishaan Mistry,om97@example.net,917304311387.0,Chennai,Jammu & Kashmir,Central,Regular,2023-01-24
4094,Elijah Agate,echeema@example.org,5997177721.0,Eluru,Haryana,North,New,2026-06-21
4095,Farhan Ramachandran,ekanioommen@example.org,5479728089.0,Shimla,Uttarakhand,Central,Premium,2023-11-03
4096,Ijaya Sanghvi,ramanathansai@example.com,5014810270.0,Sikar,Bihar,East,Regular,2023-04-09
4097,Nidra Pandey,erao@example.net,527237543.0,Farrukhabad,Maharashtra,West,Occasional,2026-04-30
4098,Daksh Dani,orinder60@example.com,8699358839.0,Suryapet,Maharashtra,West,Regular,2024-08-14
4099,Sara Choudhury,uratta@example.net,1444503231.0,Firozabad,Uttar Pradesh,North,Premium,2025-10-28
4100,Aadhya Dutt,ilalla@example.net,8915965458.0,Ongole,Uttar Pradesh,North,Regular,2025-04-23
4101,Qarin Bajaj,ishwar68@example.net,919424185048.0,Hyderabad,Delhi,North,New,2023-07-15
4102,Megha Tailor,vorawarda@example.com,914082833009.0,Nandyal,Gujarat,West,Premium,2024-04-05
4103,Ekanta Dua,edhithatak@example.org,916721825715.0,Pallavaram,Uttarakhand,Central,Regular,2023-07-17
4104,Varsha Narasimhan,nidrakaran@example.net,8690361843.0,Jorhat,Uttarakhand,Central,Regular,2023-08-07
4105,Yutika Guha,nishaborah@example.net,7178300305.0,Tirupati,West Bengal,East,Regular,2023-04-26
4106,Ekanta Raval,hmohan@example.org,8758331839.0,Bikaner,Odisha,East,Premium,2023-09-06
4107,Eta Swamy,mohammedahuja@example.net,916162287947.0,Chandigarh,Uttarakhand,Central,Premium,2026-06-20
4108,Yashasvi Dave,menonisaac@example.com,911336288570.0,Serampore,Karnataka,South,Regular,2022-11-19
4109,Urmi Chokshi,kpall@example.net,3026698032.0,Bhagalpur,Telangana,South,Occasional,2024-12-03
4110,Radha Rajagopalan,anshbir@example.org,4128391756.0,Kakinada,Assam,East,Premium,2025-01-02
4111,Chakradhar Walla,kalpitanne@example.net,7301924907.0,Sasaram,Madhya Pradesh,West,Regular,2025-10-22
4112,Arunima Chaudhary,customer_4112@unknown.com,N/A,Kolhapur,Bihar,East,Regular,2024-11-13
4113,Oscar Bawa,advaith90@example.net,915174898622.0,Vellore,Maharashtra,West,Regular,2024-08-07
4114,Vasana Konda,pmaharaj@example.net,9415235982.0,Bhavnagar,Karnataka,South,Premium,2024-11-22
4115,Ekaraj Ramesh,gpillay@example.com,917477234366.0,Ichalkaranji,Haryana,North,New,2026-03-23
4116,Raagini Nayak,kallawridesh@example.com,914680152765.0,Singrauli,Tamil Nadu,South,Premium,2024-06-22
4117,Balhaar Sha,yachana56@example.net,3963229919.0,Naihati,West Bengal,East,Regular,2022-10-03
4118,Krisha Keer,tejas39@example.net,1236306193.0,Bhind,Gujarat,West,Regular,2025-07-21
4119,Meghana Dar,uwarrior@example.org,1871669934.0,Pimpri-Chinchwad,Chhattisgarh,Central,Regular,2025-05-10
4120,Lavanya Sura,aishanidave@example.com,2078427171.0,Bahraich,Uttar Pradesh,North,Regular,2024-01-06
4121,Mugdha Mody,vsastry@example.org,3648936175.0,Orai,Goa,West,Regular,2026-03-15
4122,Agastya Bhargava,jyotichokshi@example.net,2816025334.0,Coimbatore,Goa,West,Premium,2024-10-16
4123,Aarav Garg,bahadurjitborah@example.org,2160922893.0,Mumbai,Tamil Nadu,South,Premium,2026-03-25
4124,Owen Sahota,wrideshdixit@example.net,913002328521.0,Agartala,Himachal Pradesh,North,Regular,2025-10-06
4125,Lopa Devi,anikachandra@example.com,8600649882.0,Malda,Kerala,South,Premium,2022-08-24
4126,Aryan Gara,gillubika@example.com,9904508202.0,Mira-Bhayandar,Telangana,South,Premium,2025-07-20
4127,Vritti Edwin,tanay98@example.org,7453740126.0,Pudukkottai,Goa,West,Premium,2024-07-22
4128,Omaja Master,lukeandra@example.com,9312483827.0,Pali,Jammu & Kashmir,Central,Regular,2022-10-07
4129,Daksha Nazareth,qkhanna@example.net,5413236616.0,Arrah,Jammu & Kashmir,Central,Occasional,2025-04-17
4130,Azad Bir,rkalla@example.net,914945204524.0,Allahabad,Karnataka,South,Regular,2023-05-22
4131,Odika Swamy,zarnauppal@example.net,917613187639.0,Ramagundam,Karnataka,South,Regular,2024-02-13
4132,Arjun Garg,abhiramdutt@example.net,7886951270.0,Unnao,Chhattisgarh,Central,Regular,2025-08-30
4133,Vasudha Halder,kaulzilmil@example.org,910003901108.0,Dhanbad,Maharashtra,West,Regular,2022-09-25
4134,Om Chowdhury,horavasana@example.net,915141789265.0,Pimpri-Chinchwad,Uttar Pradesh,North,Premium,2025-01-09
4135,Meera Goda,liam95@example.net,5387097915.0,Kozhikode,Madhya Pradesh,West,New,2026-01-03
4136,Jagvi Iyengar,zinalkaran@example.com,915875449632.0,Saharanpur,Odisha,East,Premium,2023-05-10
4137,Nidhi Bhardwaj,vedhika29@example.com,4220900143.0,Thane,Uttar Pradesh,North,Premium,2023-11-07
4138,Darsh Sathe,sankartripti@example.net,914302419350.0,Uluberia,Madhya Pradesh,West,New,2022-11-24
4139,Samarth Kannan,xalak41@example.com,918134288151.0,Mango,Odisha,East,New,2023-09-30
4140,Aditya Nanda,ucchalcherian@example.net,5728768418.0,Bhusawal,Assam,East,Regular,2025-09-25
4141,Lipika Contractor,meeradhar@example.com,914191739593.0,Guntakal,Chhattisgarh,Central,Occasional,2023-02-25
4142,Amaira Bala,ekaja46@example.org,2182700626.0,Bareilly,Bihar,East,New,2024-02-22
4143,Chandani Mishra,csahota@example.net,7989896286.0,Jalna,Uttarakhand,Central,Premium,2026-03-07
4144,Rudra Verma,nachiket58@example.net,914962525580.0,Gorakhpur,West Bengal,East,Premium,2023-07-16
4145,Timothy Nayak,dhruvhayer@example.org,915214857517.0,Noida,Goa,West,Regular,2025-12-12
4146,Qasim Roy,farhansem@example.net,911457265425.0,Singrauli,Jharkhand,East,New,2025-11-20
4147,Adya Rattan,darapallavi@example.org,1074525486.0,Ozhukarai,Jharkhand,East,Regular,2022-08-16
4148,Eta Choudhry,bawaandrew@example.org,916154710578.0,Ghaziabad,Chhattisgarh,Central,Regular,2022-10-15
4149,Henry Jha,chakrabartidayamai@example.net,917100366606.0,Saharanpur,Tamil Nadu,South,Regular,2023-08-31
4150,Dhruv Panchal,gayathri60@example.com,5599152427.0,Allahabad,Assam,East,Regular,2024-12-22
4151,Harsh Puri,nayarronith@example.net,6443162300.0,Chennai,Uttarakhand,Central,Regular,2025-03-13
4152,Indali Garde,vyasnathan@example.org,968888311.0,Guntakal,Odisha,East,Premium,2022-09-27
4153,Yashodhara Sabharwal,ireddy@example.com,4121917062.0,Bhubaneswar,Rajasthan,North,Regular,2024-05-03
4154,Jonathan Sachar,hegdematthew@example.org,913902915425.0,Jamnagar,Jharkhand,East,Regular,2024-09-26
4155,Harsh Choudhary,ishwarbali@example.com,7012442360.0,Imphal,Odisha,East,Premium,2024-10-07
4156,Wahab Gola,jasonseth@example.org,913209554093.0,Berhampur,Chhattisgarh,Central,New,2024-05-17
4157,Yashvi Zachariah,rcherian@example.net,913066569300.0,Shahjahanpur,Madhya Pradesh,West,Premium,2026-06-10
4158,Ekaja Narula,ysengupta@example.org,914282334430.0,Fatehpur,Maharashtra,West,Regular,2024-10-09
4159,Orinder Sundaram,advaypalan@example.org,3954149161.0,Vijayawada,Rajasthan,North,New,2022-12-29
4160,Manan Nagar,mchana@example.com,913268625137.0,Asansol,Karnataka,South,New,2023-04-01
4161,Aayush Pant,ishita90@example.net,8310344694.0,Howrah,Tamil Nadu,South,Regular,2024-08-17
4162,Baghyawati Thakkar,champaksom@example.net,8127888901.0,Siliguri,Delhi,North,Regular,2026-07-03
4163,Gaurang Behl,mgara@example.com,2052030657.0,Ulhasnagar,Haryana,North,Regular,2024-05-02
4164,Irya Johal,bhavyatoor@example.org,8013604947.0,Bikaner,Uttarakhand,Central,Occasional,2024-12-28
4165,Patrick Nayar,pratyush71@example.net,8045769229.0,Sangli-Miraj & Kupwad,Telangana,South,New,2023-02-14
4166,Vaishnavi Bahl,hdugal@example.com,9995905304.0,Korba,Odisha,East,New,2024-02-16
4167,Upadhriti Mital,ramaswamyyug@example.net,5907009740.0,Sambalpur,Telangana,South,New,2025-11-19
4168,Teerth Narain,bakshiabhimanyu@example.net,913186839859.0,Rohtak,Assam,East,Regular,2023-08-19
4169,Yagnesh Ramaswamy,oramachandran@example.net,918900918073.0,Bareilly,Madhya Pradesh,West,New,2025-07-20
4170,Jatin Magar,surisamarth@example.com,6071775450.0,Mirzapur,Delhi,North,Regular,2024-10-26
4171,Yahvi Sane,menonvrishti@example.com,9001388597.0,Madurai,Chhattisgarh,Central,New,2026-07-29
4172,Zaid Grover,dalalvinaya@example.org,5946696147.0,Buxar,Uttar Pradesh,North,Regular,2025-01-26
4173,Mahika Loke,karayug@example.net,2954005453.0,Tirupati,Assam,East,Regular,2023-06-16
4174,Bhavika Khosla,sahotanimrat@example.com,918999403640.0,Adoni,Uttarakhand,Central,Regular,2023-03-08
4175,Rachita Toor,nkamdar@example.org,2100385894.0,Bikaner,Haryana,North,Regular,2024-11-29
4176,Garima Prabhakar,nagioscar@example.org,8362308172.0,Pune,West Bengal,East,Regular,2025-01-06
4177,Qushi Chakrabarti,anyadave@example.org,4156820727.0,Aurangabad,Jammu & Kashmir,Central,Regular,2026-08-08
4178,Christopher Dara,lekhasamra@example.org,3674086560.0,Dehradun,Maharashtra,West,Regular,2025-07-21
4179,Hema Swaminathan,kapoorchanchal@example.net,915534176079.0,Singrauli,Uttar Pradesh,North,New,2026-04-21
4180,Omya Dasgupta,rachit09@example.net,6347774154.0,Thiruvananthapuram,Kerala,South,Premium,2024-08-19
4181,Chasmum Mishra,bansalgagan@example.org,291439420.0,Rampur,Uttar Pradesh,North,New,2025-04-09
4182,Ekansh Nayak,tanvi20@example.com,5227192680.0,Serampore,Kerala,South,Premium,2024-09-28
4183,Lila Shankar,varghesewarinder@example.org,8806973382.0,Danapur,Kerala,South,New,2022-10-06
4184,Riya Dora,hamsinigopal@example.net,8151369928.0,Navi Mumbai,Karnataka,South,Regular,2025-07-14
4185,Arjun Gola,urishillasethi@example.org,3134551638.0,Mangalore,Goa,West,Regular,2025-08-10
4186,Ishwar Baria,ubika54@example.net,8111809816.0,Bangalore,Telangana,South,Regular,2024-10-02
4187,Jacob Dugal,mistryveda@example.org,3840115403.0,Mau,Karnataka,South,Regular,2025-09-09
4188,Christopher Bhat,vbaral@example.com,910962771869.0,Jorhat,Karnataka,South,Occasional,2025-03-20
4189,Daniel Choudhry,btalwar@example.org,949274537.0,Rewa,Jharkhand,East,Regular,2026-05-08
4190,Noah Randhawa,raumaanas@example.net,914179588303.0,Mau,Goa,West,Premium,2025-03-29
4191,Tanveer Sawhney,cramaswamy@example.org,918550384710.0,Hazaribagh,Assam,East,Regular,2022-10-30
4192,Rishi Borde,bkota@example.com,913101094597.0,Vasai-Virar,Tamil Nadu,South,Occasional,2025-05-17
4193,Ikbal Gandhi,tataudant@example.org,1634811050.0,Surendranagar Dudhrej,Uttarakhand,Central,Regular,2023-09-03
4194,Ganga Sarma,bgera@example.org,5843612735.0,Tinsukia,Chhattisgarh,Central,Occasional,2025-11-12
4195,Bina Hayer,michael28@example.org,5762362391.0,Vasai-Virar,Goa,West,Premium,2025-05-28
4196,Harinakshi Agate,dayitawalla@example.net,5525687088.0,Katni,Bihar,East,Regular,2025-12-08
4197,Inaya Srinivasan,yahvidin@example.org,4137282912.0,Gwalior,Jammu & Kashmir,Central,New,2025-07-28
4198,Vincent Choudhry,znatt@example.net,68411602.0,Rajkot,West Bengal,East,Premium,2024-04-23
4199,Hitesh Devan,darika72@example.org,7484893698.0,Warangal,Kerala,South,Regular,2023-05-01
4200,Chakradhar Cheema,kashvisibal@example.net,8137421415.0,Lucknow,West Bengal,East,Occasional,2023-04-28
4201,Kevin Das,customer_4201@unknown.com,N/A,Shivpuri,Jammu & Kashmir,Central,Premium,2025-01-09
4202,Ikbal Mangal,ryan40@example.com,911368194575.0,Mirzapur,Gujarat,West,Premium,2025-10-10
4203,Diya Prabhakar,ldass@example.com,552411087.0,Anantapur,Odisha,East,Premium,2023-04-29
4204,Omkaar Gera,bimalarout@example.com,919725483545.0,Malda,Chhattisgarh,Central,Regular,2023-11-29
4205,Sarthak Mital,gautami00@example.org,910972967828.0,Burhanpur,Himachal Pradesh,North,Regular,2023-05-29
4206,Yauvani Narang,luthrabenjamin@example.com,910943410230.0,Thiruvananthapuram,Uttar Pradesh,North,Regular,2022-12-13
4207,Ekaraj Konda,lopakhurana@example.org,8868496668.0,Karawal Nagar,Odisha,East,Premium,2022-10-30
4208,Yauvani Dash,wriddhish91@example.org,911904360569.0,Agartala,Uttar Pradesh,North,Occasional,2023-06-20
4209,Nitara Mitter,aarini69@example.com,2110670990.0,Dhule,Bihar,East,Premium,2025-11-02
4210,Veer Garg,vchakraborty@example.org,8710404464.0,Berhampur,Tamil Nadu,South,Regular,2025-04-21
4211,Lohit Varughese,balvan14@example.net,9790573580.0,Agartala,Uttarakhand,Central,Premium,2024-11-14
4212,Yagnesh Cheema,sachiparikh@example.org,916921539005.0,Erode,Madhya Pradesh,West,Premium,2023-01-29
4213,Bhavika Thakur,sehgalchristopher@example.org,3039375813.0,Salem,Kerala,South,New,2025-08-18
4214,Gaurav Sharaf,manebhanumati@example.net,7181341029.0,Junagadh,Uttarakhand,Central,Premium,2026-03-08
4215,Guneet Natarajan,ojasvibose@example.org,7076967025.0,Bikaner,Goa,West,Regular,2023-02-10
4216,Upma Srivastava,nakulrao@example.net,5781052894.0,Alappuzha,Telangana,South,Regular,2024-08-18
4217,Vivaan Borah,kamya25@example.com,6787905411.0,Nadiad,Goa,West,Occasional,2026-01-28
4218,Gabriel Parmar,bhavyabail@example.net,2426996969.0,Bulandshahr,Maharashtra,West,Regular,2025-02-23
4219,Advaith Behl,gghosh@example.org,413796404.0,Kalyan-Dombivli,Kerala,South,New,2024-10-22
4220,Dalaja Chandran,khareekaraj@example.org,915577018307.0,Pudukkottai,Chhattisgarh,Central,Occasional,2023-07-05
4221,Yamini Golla,hiral60@example.net,9432013022.0,Jehanabad,Chhattisgarh,Central,Regular,2026-07-08
4222,Idika Madan,koshykashvi@example.com,913384472781.0,Bhubaneswar,West Bengal,East,Occasional,2025-11-18
4223,Dhriti Srinivasan,kalachada@example.com,4960660766.0,Shivpuri,Bihar,East,New,2025-02-22
4224,Anita Kadakia,nidhi83@example.com,5497515798.0,Nagpur,Madhya Pradesh,West,Regular,2022-12-30
4225,Manbir Sami,zkhanna@example.org,3017982109.0,Belgaum,Himachal Pradesh,North,Regular,2023-12-12
4226,Viraj Gola,keya83@example.com,1161065151.0,Kottayam,Kerala,South,Regular,2024-09-25
4227,Nitesh Sagar,ronithraghavan@example.com,8349960520.0,Bongaigaon,Karnataka,South,New,2023-04-01
4228,Edhitha Dhillon,rshukla@example.net,913885158694.0,Pudukkottai,Maharashtra,West,New,2024-12-05
4229,Faras Wadhwa,farissibal@example.net,917661545806.0,Saharsa,Telangana,South,New,2023-11-18
4230,Avi Buch,odikamurthy@example.org,912016357691.0,Machilipatnam,West Bengal,East,Premium,2024-06-27
4231,Qabil Narula,lavanya84@example.org,912289853541.0,Sambalpur,West Bengal,East,Premium,2023-12-05
4232,Zashil Gokhale,oshenoy@example.com,912515310430.0,Jalna,Gujarat,West,Occasional,2022-10-08
4233,Gaurav Bandi,gardeekiya@example.net,914754769171.0,Hapur,Madhya Pradesh,West,New,2023-12-22
4234,Ekansh Tripathi,nitara91@example.com,918471271992.0,Tirunelveli,Punjab,North,Regular,2025-01-04
4235,Frederick Zacharia,myohannan@example.org,913065597613.0,Tiruvottiyur,Andhra Pradesh,South,New,2025-12-19
4236,Aayush Dube,sachisaraf@example.org,7700128085.0,Jabalpur,Jharkhand,East,Premium,2023-03-03
4237,Anika Kota,ishwarchanda@example.net,9683540525.0,Rohtak,Chhattisgarh,Central,Regular,2024-07-15
4238,Arjun Om,nmohanty@example.org,88950915.0,Mangalore,Chhattisgarh,Central,Regular,2022-09-13
4239,Aarush Sankar,nitaragarde@example.org,8225053865.0,Tiruchirappalli,Chhattisgarh,Central,New,2024-09-25
4240,Diya Lata,mitesh09@example.com,918444620424.0,Panchkula,Odisha,East,Regular,2023-02-28
4241,Rachit Sem,gagankibe@example.net,2118082938.0,Berhampore,Rajasthan,North,Premium,2025-04-24
4242,Hemal Shanker,chakradevkaul@example.org,916515567337.0,Srinagar,Maharashtra,West,Premium,2023-10-13
4243,Lakshit Sarna,usundaram@example.com,5973246057.0,Karnal,Andhra Pradesh,South,Regular,2022-10-26
4244,Gautam Chandran,customer_4244@unknown.com,N/A,Nagercoil,Kerala,South,Regular,2022-09-08
4245,Manbir Prashad,bkumer@example.net,3443222837.0,Aurangabad,Jharkhand,East,New,2025-05-26
4246,Abhiram Goyal,lkade@example.org,914484000453.0,Tumkur,Gujarat,West,Regular,2026-07-25
4247,Qasim Gara,gdeol@example.org,2724334772.0,Bilaspur,Madhya Pradesh,West,Regular,2023-10-12
4248,Bhavini Khatri,zrajagopal@example.org,8255994848.0,Mehsana,Gujarat,West,Regular,2026-04-14
4249,Janya Pillay,xsaraf@example.net,9413008710.0,Siliguri,Chhattisgarh,Central,Premium,2024-02-05
4250,Imaran Ramesh,hritiktiwari@example.org,4464956656.0,Hyderabad,Haryana,North,New,2023-07-19
4251,Wakeeta Sandhu,atimunshi@example.org,910961273485.0,Khora,Himachal Pradesh,North,New,2023-05-24
4252,Chanchal Borde,chanchal26@example.com,4953705754.0,Gwalior,Uttar Pradesh,North,Regular,2025-11-16
4253,Damyanti Madan,customer_4253@unknown.com,N/A,Aurangabad,Jammu & Kashmir,Central,Regular,2024-01-07
4254,Indira Ahluwalia,mukherjeedavid@example.net,6991574800.0,Dibrugarh,Maharashtra,West,Premium,2024-03-24
4255,Caleb Vohra,dubeykrisha@example.com,8224909342.0,Agartala,Madhya Pradesh,West,New,2025-06-20
4256,Yamini Merchant,knagi@example.org,1551562499.0,Unnao,Jharkhand,East,Regular,2026-06-15
4257,Krishna Banerjee,samuel01@example.com,914263759972.0,Pali,Rajasthan,North,New,2023-03-16
4258,Yashoda Om,broy@example.com,915759975392.0,Katihar,Goa,West,New,2025-04-13
4259,Aachal Baria,avni84@example.com,5291893580.0,Bongaigaon,Assam,East,Occasional,2024-11-09
4260,Chandresh Sawhney,rdevan@example.org,4260244211.0,Ambattur,Uttar Pradesh,North,Occasional,2026-06-08
4261,Lekha Dube,plala@example.net,6848507013.0,Kolhapur,Uttarakhand,Central,New,2025-10-21
4262,Vedant Nair,arjun44@example.net,571062080.0,Delhi,Uttar Pradesh,North,Regular,2026-01-02
4263,Charan Kunda,dhawanjanaki@example.net,6049602250.0,Ludhiana,Uttarakhand,Central,Regular,2023-02-03
4264,Yadavi Nair,nihal61@example.com,918270261259.0,Gandhidham,Jammu & Kashmir,Central,New,2023-02-20
4265,Nidra Agrawal,chakradev27@example.org,3010084952.0,Bhilwara,Maharashtra,West,Premium,2025-01-29
4266,Siddharth Patla,upadhyaysimon@example.com,5764947897.0,Kharagpur,Delhi,North,New,2022-10-11
4267,Fiyaz Ravel,royaarna@example.com,6326631882.0,Ambala,Goa,West,Regular,2025-08-02
4268,Lavanya Doctor,kamala84@example.net,1662635754.0,Ozhukarai,Jammu & Kashmir,Central,Regular,2026-02-08
4269,Azaan Pal,isaiah68@example.org,911421472380.0,Sangli-Miraj & Kupwad,Goa,West,New,2023-05-07
4270,Eshana Natarajan,arya02@example.com,1243205892.0,Fatehpur,Rajasthan,North,Regular,2024-07-11
4271,Advika Doctor,gsarin@example.net,3676348528.0,Ulhasnagar,Odisha,East,Regular,2025-03-15
4272,Yochana Amble,girishdoctor@example.org,913279685596.0,Sangli-Miraj & Kupwad,Goa,West,Regular,2025-03-14
4273,Vamakshi Suri,apteoliver@example.net,910593903064.0,Gandhinagar,Rajasthan,North,Regular,2022-12-09
4274,Nitesh Butala,quincy90@example.com,3401077250.0,Bhilai,Rajasthan,North,New,2024-09-25
4275,Hamsini Kalla,saniaarav@example.net,3829135394.0,Kochi,Karnataka,South,Regular,2026-01-19
4276,Luke Sibal,owen93@example.org,917561363115.0,Narasaraopet,Uttar Pradesh,North,New,2024-10-16
4277,Jalsa Modi,shankerdarpan@example.net,5576341625.0,Bhubaneswar,Madhya Pradesh,West,New,2026-01-05
4278,Amaira Balakrishnan,shauryaseshadri@example.org,3045741298.0,Jaipur,Jharkhand,East,New,2026-06-11
4279,Vaishnavi Srinivasan,nayakaashi@example.org,3170277721.0,Kottayam,Telangana,South,Premium,2025-09-23
4280,Mitesh Zacharia,jtrivedi@example.com,31235483.0,Bidar,Delhi,North,Regular,2025-01-01
4281,Utkarsh Puri,jchowdhury@example.org,913953021559.0,Gaya,Uttar Pradesh,North,Premium,2023-04-12
4282,Vivaan Cherian,fariq05@example.net,918507972281.0,Proddatur,Punjab,North,Premium,2023-04-11
4283,Yamini Sawhney,varughesegauri@example.org,910388911320.0,Silchar,Haryana,North,Occasional,2025-01-27
4284,Ayush Halder,wakeetamajumdar@example.net,1269072807.0,Baranagar,Jharkhand,East,Regular,2022-09-15
4285,Pushti Purohit,chowdhurychanakya@example.org,911937980446.0,Kolkata,Kerala,South,New,2026-03-05
4286,Zayyan Garde,gangadutta@example.org,917304997805.0,Ranchi,Punjab,North,Occasional,2024-09-17
4287,Arunima Kanda,chaudharihemang@example.org,6705121075.0,Pondicherry,Telangana,South,Regular,2023-01-24
4288,Chaaya Ganesh,prishaprabhakar@example.net,917558491282.0,Tirupati,Assam,East,Premium,2023-06-14
4289,Finn Luthra,mohini18@example.net,6585473989.0,Kanpur,Tamil Nadu,South,Regular,2023-05-24
4290,Jagat Gokhale,tdhar@example.org,2811507168.0,Tiruppur,Gujarat,West,New,2022-12-20
4291,Vidhi Choudhury,mallickkritika@example.com,3015705570.0,Panipat,Goa,West,New,2023-03-25
4292,Madhav Savant,psethi@example.net,9182440428.0,Warangal,Kerala,South,Premium,2023-08-27
4293,Atharv Barman,amaira10@example.net,2979676426.0,Berhampur,Rajasthan,North,Regular,2023-09-09
4294,Jason Jain,customer_4294@unknown.com,N/A,Mahbubnagar,Kerala,South,Regular,2025-08-21
4295,Max Biswas,rdasgupta@example.com,3496174648.0,Ambala,Gujarat,West,Regular,2024-08-08
4296,Urmi Narayanan,danieltara@example.com,464837153.0,Nellore,Gujarat,West,Regular,2023-05-28
4297,Ranveer Choudhury,zmall@example.net,916743121827.0,Karnal,Goa,West,Regular,2024-09-06
4298,Suhani Kapoor,widisha53@example.net,917841647560.0,Bathinda,Tamil Nadu,South,New,2025-01-04
4299,Aradhana Cheema,suhani96@example.org,4282342820.0,Hajipur,Tamil Nadu,South,Premium,2024-08-08
4300,Jeremiah Dube,eshanakarpe@example.com,2213286879.0,Bellary,Uttarakhand,Central,Premium,2024-10-01
4301,Lipika Behl,baghyawatitalwar@example.com,5989344328.0,Navi Mumbai,Uttarakhand,Central,Premium,2023-04-23
4302,Akshay Mandal,ethan77@example.net,911715489495.0,Serampore,Maharashtra,West,Regular,2025-02-22
4303,Jonathan Khare,catwal@example.com,2637406859.0,Chandrapur,Odisha,East,New,2023-09-04
4304,Lakshit Bhavsar,veda24@example.net,5665464398.0,Khora,Andhra Pradesh,South,New,2024-05-15
4305,Ridhi Agrawal,mandmekhala@example.com,522612471.0,Lucknow,Gujarat,West,Premium,2023-07-15
4306,Aarush Rana,atharv91@example.net,1706693548.0,Lucknow,Andhra Pradesh,South,Regular,2024-01-07
4307,Gagan Das,ayush91@example.com,8167383399.0,Mumbai,Himachal Pradesh,North,New,2026-04-16
4308,Zansi Hayer,nikita32@example.com,361932887.0,Durgapur,Himachal Pradesh,North,Premium,2026-03-07
4309,Prisha Sinha,pratyush64@example.org,9797525421.0,Mysore,West Bengal,East,Regular,2023-12-17
4310,Ojasvi Vora,gaurangi98@example.org,6349459053.0,Bharatpur,Uttarakhand,Central,Regular,2025-11-11
4311,Christopher Majumdar,jagdish14@example.org,911089872690.0,Tadipatri,Jharkhand,East,New,2025-12-13
4312,Shivani Chatterjee,wakeetahans@example.net,916669598183.0,Kolkata,Uttar Pradesh,North,Premium,2025-12-14
4313,Warhi Kant,goyalforum@example.com,7075149767.0,Allahabad,Telangana,South,Regular,2023-06-04
4314,Nidra Sunder,girish60@example.com,911985047882.0,Mirzapur,Madhya Pradesh,West,Occasional,2022-11-09
4315,Henry Goyal,chamelibawa@example.net,918727406470.0,Visakhapatnam,Haryana,North,Premium,2024-04-01
4316,Finn Ray,subramaniamrayaan@example.org,917587943205.0,Ludhiana,Gujarat,West,Regular,2023-09-11
4317,Teerth Ramachandran,priya07@example.com,5422336069.0,Nellore,Chhattisgarh,Central,Regular,2022-10-11
4318,Sachi Desai,kkanda@example.org,2995961708.0,Agartala,Delhi,North,Regular,2025-11-30
4319,Yasti Devi,mloke@example.net,941254724.0,Kurnool,Tamil Nadu,South,Premium,2024-12-03
4320,Ronith Mittal,bhavika09@example.net,4308943666.0,Kumbakonam,Karnataka,South,New,2023-07-10
4321,Gaurangi Mukherjee,ychatterjee@example.net,6130695707.0,Rajahmundry,Madhya Pradesh,West,Regular,2026-04-10
4322,Mohammed Trivedi,uwali@example.org,2440695351.0,Jodhpur,Andhra Pradesh,South,Occasional,2022-09-10
4323,Jai Upadhyay,lukebrahmbhatt@example.org,917236132800.0,Vasai-Virar,Odisha,East,New,2024-08-03
4324,Chandani Agrawal,nkrishnan@example.com,913346705773.0,Shimoga,Himachal Pradesh,North,New,2025-03-01
4325,Darpan Gill,lipikapall@example.com,910948461802.0,Bellary,Assam,East,Premium,2023-02-02
4326,Reyansh Soman,gdass@example.org,3185175309.0,Dehradun,Gujarat,West,New,2025-01-02
4327,Aarna Tella,gyohannan@example.net,910412925069.0,Mangalore,Madhya Pradesh,West,Regular,2026-08-09
4328,Anya Pau,nsami@example.org,6870411516.0,Ballia,Gujarat,West,Occasional,2022-11-19
4329,Rushil Deshpande,wasonhardik@example.net,912464880788.0,Panchkula,Andhra Pradesh,South,Regular,2024-01-19
4330,Waida Keer,khannaojas@example.org,918210215234.0,Bhilai,Uttarakhand,Central,New,2022-11-03
4331,Warinder Dass,garimasem@example.org,7918506419.0,Mehsana,Tamil Nadu,South,Regular,2024-07-23
4332,Arjun Kalla,earora@example.org,9870378445.0,Vellore,Madhya Pradesh,West,Regular,2023-07-27
4333,Radha Kala,mandaljai@example.net,911929932239.0,Kumbakonam,Rajasthan,North,Regular,2025-06-09
4334,Benjamin Bawa,ayushman67@example.org,6636856880.0,Vadodara,Jammu & Kashmir,Central,Premium,2025-12-04
4335,Samesh Lall,champakmalhotra@example.com,915732663056.0,Raurkela Industrial Township,Rajasthan,North,Premium,2025-01-27
4336,Manbir Dayal,vanshabajwa@example.net,914428845831.0,Chennai,Maharashtra,West,Regular,2025-10-19
4337,Balveer Chopra,samarthanand@example.com,2629287504.0,Muzaffarpur,Karnataka,South,Premium,2023-11-03
4338,Logan Mittal,yauvani02@example.net,7699858939.0,Bhatpara,Maharashtra,West,Occasional,2025-12-30
4339,Ayush Wason,tsarkar@example.org,2885518955.0,Khora,Himachal Pradesh,North,Premium,2024-01-31
4340,Hiral Jain,hiral23@example.net,5214611105.0,Hindupur,Gujarat,West,New,2026-02-10
4341,Avni Goyal,yatinmajumdar@example.org,912426289893.0,Ratlam,Andhra Pradesh,South,Regular,2025-08-29
4342,Nitara Naidu,ishanvi60@example.org,6619739964.0,Nangloi Jat,Karnataka,South,Premium,2023-02-06
4343,Hamsini Sibal,sulesaumya@example.net,9120032586.0,Jammu,Kerala,South,Regular,2026-08-06
4344,Patrick Buch,evasa@example.org,1266717382.0,Tiruppur,Delhi,North,Regular,2024-09-01
4345,Gopal Kala,duttavasatika@example.org,5133269018.0,Jhansi,Madhya Pradesh,West,Regular,2024-08-12
4346,Yatan Tank,egola@example.com,910860021912.0,Solapur,Uttarakhand,Central,Occasional,2025-12-09
4347,Anika Shah,iverma@example.org,8932317484.0,Firozabad,Andhra Pradesh,South,Premium,2024-04-30
4348,Luke Arya,gopalmistry@example.com,4880617473.0,Tenali,Rajasthan,North,New,2023-02-03
4349,Bhavani Sura,varkeyshaurya@example.com,9985647255.0,Khandwa,Karnataka,South,Premium,2025-12-11
4350,Dipta Raman,oakpeter@example.org,918925169130.0,Hosur,Delhi,North,New,2023-12-15
4351,Qabil Dey,bakhshi34@example.org,915907067151.0,Sangli-Miraj & Kupwad,Madhya Pradesh,West,New,2023-07-28
4352,Leena Gopal,sureshbalvan@example.org,7813299111.0,Deoghar,Punjab,North,Occasional,2026-04-10
4353,Triveni Modi,pillaiyachana@example.org,3459986598.0,Howrah,Chhattisgarh,Central,New,2026-05-12
4354,Pratyush Loyal,gaurangi03@example.net,916307335998.0,Malda,Jammu & Kashmir,Central,Occasional,2024-12-09
4355,Elijah Deo,ikshitajain@example.com,9848282410.0,Mira-Bhayandar,Punjab,North,Premium,2026-07-13
4356,George Baral,palomya@example.org,919180757644.0,Malegaon,Haryana,North,New,2022-09-06
4357,Raghav Bali,kmore@example.org,918931049880.0,Buxar,Haryana,North,Regular,2023-03-27
4358,Balhaar Reddy,triyadevi@example.org,3661592822.0,Giridih,Jammu & Kashmir,Central,Premium,2023-11-18
4359,Neel Peri,gsastry@example.com,9175541330.0,Arrah,Maharashtra,West,Regular,2024-06-15
4360,Ekapad Kari,baradfaris@example.org,5899114434.0,Chandrapur,Assam,East,New,2025-06-27
4361,Ekansh Nazareth,mdasgupta@example.com,6639073875.0,Satara,Himachal Pradesh,North,Regular,2025-01-22
4362,Jai Bora,gerachaitaly@example.net,9040127241.0,Nagercoil,Goa,West,Regular,2025-06-27
4363,Yashodhara Shankar,yagneshbhatti@example.com,5498562757.0,Hospet,Andhra Pradesh,South,Regular,2022-09-27
4364,Ronith Ganguly,vyaslibni@example.com,913726568372.0,Ghaziabad,Haryana,North,Premium,2025-06-11
4365,Dhruv Ramesh,ishanvi91@example.com,917827335021.0,Ujjain,Punjab,North,New,2023-11-03
4366,Krish Chahal,thomassavant@example.org,914282344290.0,Jamshedpur,Gujarat,West,New,2023-01-13
4367,William Balasubramanian,hamsinikala@example.net,910723248444.0,Allahabad,Odisha,East,New,2023-05-09
4368,Harrison Hora,omanda@example.net,7055480057.0,Ozhukarai,Jharkhand,East,New,2026-06-25
4369,Zehaan Mohan,charlesvenkataraman@example.net,913321532823.0,Saharanpur,Uttarakhand,Central,Premium,2025-11-13
4370,Frado Tiwari,wchokshi@example.com,916456098078.0,Cuttack,Karnataka,South,Premium,2025-12-08
4371,Devansh Kapoor,vedika04@example.org,912749300382.0,Arrah,Uttar Pradesh,North,New,2025-05-19
4372,Umang Buch,turvi37@example.org,918857726033.0,Gandhinagar,Uttarakhand,Central,New,2023-07-29
4373,Pallavi Hari,ayaan67@example.net,912317508105.0,Bathinda,Bihar,East,Premium,2026-04-08
4374,Radha Goel,nikitaparikh@example.org,911198644713.0,Alwar,Jharkhand,East,New,2023-03-10
4375,Nathaniel Chaudhary,dratti@example.com,915361381848.0,Hajipur,Bihar,East,New,2022-12-21
4376,Xalak Singhal,eborah@example.org,933207625.0,Kakinada,Karnataka,South,Premium,2026-01-03
4377,Kamala Sani,ekantachacko@example.com,1582091003.0,Bhiwani,Goa,West,Premium,2022-12-24
4378,Banjeet Golla,okarpe@example.com,9979315893.0,Anantapur,Uttar Pradesh,North,Premium,2024-08-07
4379,Zansi Nayar,vverma@example.net,3257443387.0,Jhansi,Telangana,South,Regular,2024-08-14
4380,Zehaan Din,ikbalbuch@example.net,6862113759.0,Ichalkaranji,Assam,East,New,2023-09-07
4381,Parth Bandi,mtaneja@example.com,2384281826.0,Tumkur,Uttarakhand,Central,Premium,2024-09-27
4382,Darsh Borde,karakshay@example.org,911924463302.0,Ambattur,Kerala,South,Premium,2025-01-30
4383,Mitesh Suri,chakradhar33@example.net,911328390684.0,Howrah,Jammu & Kashmir,Central,Regular,2026-02-21
4384,Gavin Narain,kjayaraman@example.org,1303994920.0,Jhansi,Jharkhand,East,New,2025-10-20
4385,Chandresh Jayaraman,mason28@example.net,5182432565.0,Ramgarh,Gujarat,West,New,2026-04-19
4386,Nimrat Memon,jalsa69@example.net,336545315.0,Aizawl,Gujarat,West,Premium,2023-10-29
4387,Upadhriti Srinivasan,oni43@example.org,3329996043.0,Allahabad,Maharashtra,West,New,2023-08-28
4388,Jacob Chana,jaisha@example.net,914379650843.0,Surendranagar Dudhrej,Haryana,North,Regular,2025-05-14
4389,Zashil Chhabra,lmohanty@example.org,7827698171.0,Tumkur,Karnataka,South,Regular,2026-08-05
4390,Vedika Krishnan,upadhritimutti@example.net,917778425108.0,Bhiwani,Jammu & Kashmir,Central,New,2023-03-25
4391,Sai Bose,rameshvansha@example.com,7753162797.0,Chinsurah,Kerala,South,Premium,2024-01-21
4392,Kala Panchal,nazarethbhavika@example.org,912892624753.0,Bulandshahr,Jammu & Kashmir,Central,Occasional,2025-10-11
4393,Abhiram Gaba,nimrat14@example.com,4511755958.0,Chapra,Chhattisgarh,Central,New,2026-01-07
4394,Girik Palla,lbabu@example.com,6462956723.0,Guna,West Bengal,East,Regular,2025-06-11
4395,Anya Menon,nishamistry@example.com,3747908876.0,Anand,Haryana,North,Premium,2024-01-02
4396,Guneet Sanghvi,vdara@example.com,6289480633.0,Hubli–Dharwad,Assam,East,Occasional,2025-11-01
4397,Lohit Ravel,upadhriti78@example.net,919367661772.0,Nagpur,Chhattisgarh,Central,Occasional,2026-01-10
4398,Isaac Keer,dyalchandran@example.org,914501624440.0,Tadipatri,Punjab,North,Premium,2023-04-27
4399,Upadhriti Datta,chavvishanker@example.org,2430569605.0,Kishanganj,Karnataka,South,Regular,2022-09-30
4400,Dalbir Balakrishnan,kshroff@example.net,918463955564.0,Ulhasnagar,Karnataka,South,Regular,2023-03-21
4401,Ishwar Sem,triya01@example.net,919080479490.0,Chandigarh,Gujarat,West,Regular,2024-04-10
4402,Zansi Virk,kashishtoor@example.net,912027258114.0,Chinsurah,Uttarakhand,Central,Premium,2024-03-13
4403,Baljiwan Rau,saanvi31@example.org,918515529742.0,Bulandshahr,Himachal Pradesh,North,Regular,2024-10-19
4404,Jackson Basu,rishiguha@example.net,8287808970.0,Ballia,Uttar Pradesh,North,Premium,2024-08-19
4405,Nakul Bhagat,kiaan91@example.net,7508639277.0,Gudivada,Uttar Pradesh,North,Regular,2023-12-05
4406,Raghav Dash,gandhibhavini@example.net,919860436689.0,Kumbakonam,Jammu & Kashmir,Central,Premium,2025-12-23
4407,Jackson Cheema,utkarsh56@example.com,913164219634.0,Vijayawada,Rajasthan,North,New,2022-09-11
4408,Sanya Nagarajan,cbajwa@example.net,3812405792.0,Suryapet,Haryana,North,New,2025-10-30
4409,Yashoda Khalsa,fnatt@example.com,916140351957.0,Agra,Uttar Pradesh,North,Premium,2023-03-16
4410,Brinda Sabharwal,kevin48@example.org,8311450645.0,Kakinada,Maharashtra,West,Premium,2022-08-13
4411,Nikita Doshi,agastya13@example.net,5986468480.0,Durgapur,Rajasthan,North,Premium,2023-11-20
4412,Noah Mitra,omemon@example.org,913629825995.0,Guwahati,Uttarakhand,Central,Regular,2026-07-28
4413,Azad Puri,charles00@example.com,9471991201.0,Moradabad,Rajasthan,North,Regular,2023-01-08
4414,Madhav Vig,champakpall@example.com,6419903970.0,Agra,Himachal Pradesh,North,New,2026-03-26
4415,Oscar Chandra,narasimhannitara@example.org,2199975254.0,Ghaziabad,Telangana,South,New,2023-11-19
4416,Januja Mann,suhani25@example.org,911208655099.0,Nangloi Jat,Uttarakhand,Central,Occasional,2024-06-26
4417,Chasmum Kakar,pillaichavvi@example.com,916344151361.0,Aizawl,Jharkhand,East,Premium,2022-10-10
4418,Samaksh Sandal,dasguptarachit@example.com,8270917602.0,Bangalore,Gujarat,West,Regular,2026-02-06
4419,Warinder Naidu,lsharaf@example.com,2991006291.0,Ghaziabad,Goa,West,Occasional,2023-03-03
4420,Vasana Barman,luckykarpe@example.net,8250834001.0,Ranchi,Odisha,East,New,2026-05-16
4421,Nandini Mangat,arorazaid@example.net,1606032612.0,Bhilwara,Kerala,South,Regular,2023-12-05
4422,Shivani Morar,oni88@example.net,8273470724.0,South Dumdum,Jammu & Kashmir,Central,Regular,2023-06-10
4423,Zansi Sane,ddeep@example.com,5067282360.0,Naihati,Maharashtra,West,Occasional,2024-01-08
4424,Siddharth Bumb,pdevi@example.net,7028748928.0,Latur,Andhra Pradesh,South,Regular,2023-05-05
4425,Rayaan Buch,ichandran@example.org,916553351749.0,Sagar,Uttarakhand,Central,Premium,2025-11-19
4426,Dayamai Sani,vcheema@example.net,7143951617.0,Shimoga,Tamil Nadu,South,New,2026-02-22
4427,Diya Konda,tanvi72@example.net,911333614345.0,Barasat,West Bengal,East,Occasional,2025-11-22
4428,Warda Bose,oakraghav@example.net,7303341604.0,Rourkela,Goa,West,Premium,2024-11-16
4429,Vasatika Bandi,baljiwan14@example.org,5526354057.0,Gwalior,Chhattisgarh,Central,Regular,2025-02-02
4430,Nirja Kothari,aarnakara@example.net,4571596699.0,Jalna,Uttar Pradesh,North,Regular,2025-09-13
4431,Harita Bhandari,niharika16@example.org,1327147118.0,Pali,Uttarakhand,Central,Regular,2025-02-08
4432,Oni Bedi,psaran@example.org,911212988746.0,Kadapa,Uttarakhand,Central,Regular,2023-08-20
4433,Harsh Raghavan,deolranveer@example.com,1192633930.0,Bhiwani,Assam,East,Regular,2023-08-15
4434,Zinal Dhaliwal,veeragrawal@example.org,4634818695.0,Amaravati,Kerala,South,Regular,2026-06-16
4435,Gagan Sarkar,latabrijesh@example.net,8992120308.0,Jaunpur,Gujarat,West,New,2025-05-15
4436,Sai Raj,odika75@example.com,6542095822.0,Ratlam,Jammu & Kashmir,Central,Regular,2023-07-16
4437,Bhavna Sama,lakshmi70@example.org,6299885849.0,Machilipatnam,Uttarakhand,Central,New,2022-08-23
4438,Chameli Bhatnagar,bina16@example.net,525734998.0,Ahmedabad,Goa,West,Regular,2025-12-29
4439,Zilmil Jhaveri,abhaluthra@example.net,91542218.0,Davanagere,Jharkhand,East,Occasional,2023-07-12
4440,Shivansh Agrawal,gmaharaj@example.com,5340107490.0,Serampore,Odisha,East,Regular,2025-07-23
4441,Ranveer Prasad,igaba@example.org,6674649325.0,Gandhinagar,Odisha,East,New,2026-06-18
4442,Aarini Gour,ebala@example.net,9723985879.0,Rewa,Jharkhand,East,Regular,2023-12-08
4443,Ishanvi Nagar,alkavarty@example.net,3034686730.0,Meerut,Uttarakhand,Central,New,2024-06-17
4444,Charles Prabhakar,keyapall@example.net,7372926876.0,Durgapur,Punjab,North,Regular,2026-07-09
4445,Anita Choudhary,joshua53@example.net,916028690887.0,Satna,Goa,West,Premium,2025-11-18
4446,Vinaya Issac,anamika46@example.org,2853574620.0,Vellore,Andhra Pradesh,South,New,2026-02-17
4447,Vrishti Kara,lajita55@example.org,9800176966.0,Panchkula,Himachal Pradesh,North,Regular,2024-01-23
4448,Ekani Rout,anirudhsarna@example.net,9257977668.0,Visakhapatnam,Odisha,East,New,2025-08-17
4449,Onkar Sen,girishkhare@example.com,916512558579.0,Dindigul,Haryana,North,Regular,2025-12-30
4450,Yatin Lalla,gollafrado@example.org,9064369779.0,Bardhaman,Goa,West,Premium,2026-07-03
4451,Udyati Mangat,calebpalla@example.org,911827369219.0,Haldia,Karnataka,South,Premium,2026-03-13
4452,Ubika Butala,viswanathanmekhala@example.com,4793802839.0,Madhyamgram,Goa,West,Regular,2025-09-03
4453,Upma Viswanathan,parth78@example.com,300451297.0,Vijayanagaram,Karnataka,South,Regular,2026-02-26
4454,Girik Rama,koshyvasana@example.org,918110735527.0,Arrah,Madhya Pradesh,West,Occasional,2025-10-02
4455,Luke Savant,agatekamala@example.net,3883498778.0,Moradabad,Himachal Pradesh,North,Regular,2025-08-19
4456,Vamakshi Sawhney,toorradha@example.net,7625996723.0,Farrukhabad,Gujarat,West,Regular,2024-02-02
4457,Upadhriti Vaidya,swamyvansha@example.org,912037864118.0,Bidhannagar,Jammu & Kashmir,Central,Regular,2024-04-03
4458,Faras Shankar,nehavarma@example.com,7863824698.0,Mysore,Delhi,North,Premium,2023-10-05
4459,Indali Palla,kapurfrederick@example.org,7315281590.0,Nellore,Assam,East,Regular,2025-04-15
4460,Logan Cheema,jacob63@example.net,4512858913.0,Orai,West Bengal,East,Premium,2024-05-03
4461,Widisha Chaudhuri,narainyashvi@example.com,914834306741.0,Unnao,Haryana,North,Occasional,2026-06-01
4462,Warinder Viswanathan,kalawishi@example.net,8878997243.0,Cuttack,Gujarat,West,New,2023-02-07
4463,Radha Shukla,jonathan35@example.com,917108973356.0,Jammu,Uttarakhand,Central,Premium,2023-12-06
4464,Gauri Dhaliwal,widisha19@example.com,915307721871.0,Thiruvananthapuram,Chhattisgarh,Central,Regular,2025-04-25
4465,Vidhi Varghese,yochana39@example.net,7413531234.0,Khora,Assam,East,Premium,2023-11-08
4466,Yauvani Kara,ebawa@example.org,7101038333.0,Jodhpur,Assam,East,Premium,2023-04-29
4467,Upadhriti Kulkarni,harinakshi27@example.net,9662428237.0,Rewa,West Bengal,East,Regular,2023-04-12
4468,Yasti Krish,kapoorbalhaar@example.com,7123786894.0,Kollam,Himachal Pradesh,North,New,2023-07-18
4469,Priya Lala,deepa82@example.com,919548166149.0,Jalandhar,Odisha,East,Occasional,2024-12-31
4470,Rachita Tiwari,joshuamukhopadhyay@example.net,9094721556.0,Ajmer,Gujarat,West,Regular,2022-09-23
4471,Manbir Prakash,yashvi21@example.org,4023814049.0,Kavali,Gujarat,West,Premium,2026-03-27
4472,Wahab Chadha,sakshamchokshi@example.net,915680963489.0,Vijayanagaram,Bihar,East,New,2024-11-20
4473,Kashish Palla,fagate@example.net,7278539874.0,Mehsana,Odisha,East,Premium,2024-01-23
4474,Amara Dara,liam86@example.com,181012900.0,Gwalior,Uttar Pradesh,North,Regular,2023-07-07
4475,Omaja Kohli,mramanathan@example.org,910510932821.0,Raichur,Madhya Pradesh,West,Regular,2022-09-24
4476,Jagrati Golla,dayalxiti@example.org,915283388285.0,Shivpuri,Maharashtra,West,New,2023-03-07
4477,Vanya Ram,chaturadutta@example.org,9886000004.0,Hazaribagh,Rajasthan,North,Regular,2024-12-31
4478,Maanas Modi,norichristopher@example.com,5233570191.0,Imphal,Uttarakhand,Central,Occasional,2023-06-22
4479,Chatura Raval,guneet52@example.com,911274012967.0,Shimoga,Uttarakhand,Central,New,2022-10-23
4480,Edhitha Mital,fsachar@example.org,2247822132.0,Bongaigaon,Goa,West,Premium,2023-03-08
4481,Xalak Ravel,dattakai@example.com,916536612112.0,Surendranagar Dudhrej,Himachal Pradesh,North,Regular,2024-10-31
4482,Yadavi Chana,champak22@example.net,3587474412.0,Pune,Rajasthan,North,New,2026-06-19
4483,Aashi Grover,wriddhishpalla@example.net,1158270245.0,Nagaon,Chhattisgarh,Central,New,2023-10-20
4484,Thomas Mann,osha33@example.org,911194701172.0,Jehanabad,Rajasthan,North,Occasional,2024-03-06
4485,Frederick Badal,basaktara@example.net,2378556712.0,Ranchi,Jammu & Kashmir,Central,Occasional,2024-03-27
4486,Widisha Mohanty,bahadurjitdua@example.org,910663267395.0,Anand,Himachal Pradesh,North,Regular,2022-12-08
4487,Zinal Prashad,nisha41@example.org,6305968328.0,Muzaffarpur,Jharkhand,East,Premium,2023-08-26
4488,Varsha Sodhi,bkashyap@example.net,9335468175.0,Fatehpur,Kerala,South,Regular,2023-07-19
4489,Wishi Batta,gpurohit@example.net,6096850756.0,Bhagalpur,Uttarakhand,Central,Premium,2026-07-25
4490,Owen Kara,amrutaborra@example.org,1795804956.0,Meerut,Maharashtra,West,Regular,2024-11-20
4491,Pooja Golla,aryandube@example.com,5781794632.0,Bhiwandi,West Bengal,East,Premium,2023-07-16
4492,Nimrat Shan,suhani02@example.org,5619042446.0,Avadi,Maharashtra,West,Regular,2026-07-20
4493,Pooja Tara,turvi48@example.net,5839604831.0,Amritsar,Jharkhand,East,Regular,2025-10-14
4494,Jairaj Misra,azad61@example.net,9963440608.0,Tirupati,Telangana,South,New,2026-03-09
4495,Lohit Gala,zwalia@example.org,919917922939.0,Anand,Assam,East,Premium,2024-08-11
4496,Udarsh Edwin,rtaneja@example.com,550371819.0,Asansol,Telangana,South,Occasional,2024-02-09
4497,Prisha Reddy,abhimanyu53@example.com,7574451015.0,Mau,Chhattisgarh,Central,Regular,2023-12-03
4498,Zayan Natt,ndeshpande@example.org,917914018643.0,Nandyal,Karnataka,South,Regular,2024-02-23
4499,Faqid Tara,dhillonurmi@example.org,2029455469.0,Malegaon,Delhi,North,Premium,2022-12-06
4500,Aishani Dhar,darika83@example.net,1757230896.0,Kolhapur,Uttar Pradesh,North,Premium,2024-06-11
4501,Barkha Maharaj,xpall@example.com,917372342382.0,Bongaigaon,Haryana,North,New,2025-05-03
4502,Gauri Rege,zayyan66@example.net,917682874259.0,Davanagere,Karnataka,South,Regular,2025-03-19
4503,Kala Dada,pallayashawini@example.org,4994766273.0,Bikaner,Andhra Pradesh,South,Occasional,2024-08-26
4504,Rayaan Nagarajan,pratyushchoudhury@example.com,3375361432.0,Ghaziabad,Karnataka,South,New,2023-09-23
4505,Tejas Singh,ivala@example.net,914091941229.0,Baranagar,Uttar Pradesh,North,New,2025-10-13
4506,Xavier Kunda,gagangoyal@example.com,4992898217.0,Baranagar,Maharashtra,West,New,2024-07-16
4507,Ishita Trivedi,nsubramanian@example.net,911121961872.0,Allahabad,Maharashtra,West,Regular,2025-03-30
4508,Laksh Goyal,ichoudhary@example.org,919094467507.0,Bhopal,Andhra Pradesh,South,Regular,2022-12-02
4509,Netra Bora,jeremiahkrishnan@example.com,914116739645.0,Tenali,Madhya Pradesh,West,Regular,2026-04-05
4510,Faris Mohanty,gchoudhary@example.com,6969391109.0,Narasaraopet,Maharashtra,West,Regular,2024-09-25
4511,Rayaan Nazareth,tanvikalla@example.net,7413045047.0,Panipat,Telangana,South,Occasional,2026-04-01
4512,Ranveer Vohra,riyakhare@example.net,910713659106.0,Hajipur,Chhattisgarh,Central,Regular,2023-03-13
4513,Hiral Lad,rlad@example.com,910792359551.0,Malda,Tamil Nadu,South,Occasional,2023-06-25
4514,Aachal Prabhu,kamble@example.com,8929214762.0,Kadapa,Uttarakhand,Central,New,2023-04-25
4515,Avni Ghosh,horahardik@example.net,918461759265.0,Kottayam,Jharkhand,East,Regular,2025-04-03
4516,Yasti Warrior,laksh81@example.net,9667271850.0,Bijapur,Rajasthan,North,Regular,2025-04-19
4517,Idika Zacharia,aurorajanuja@example.net,9163392829.0,Srinagar,Assam,East,Regular,2024-05-31
4518,Onveer Loyal,anthonychandran@example.org,8038650306.0,Machilipatnam,Maharashtra,West,Regular,2024-11-08
4519,Harita Taneja,guneet84@example.net,913814900666.0,Durgapur,Madhya Pradesh,West,Occasional,2025-05-19
4520,Imaran Sarin,davemason@example.org,7994505495.0,Jamnagar,Haryana,North,Regular,2023-03-02
4521,Lipika Shere,nathaniel20@example.com,8592775130.0,Shivpuri,West Bengal,East,Regular,2023-03-04
4522,Urmi Ganesan,mistrydavid@example.org,2680814635.0,Pune,Bihar,East,Occasional,2023-08-04
4523,Pushti Sandal,bhanumati07@example.net,913705711327.0,Muzaffarpur,Himachal Pradesh,North,Premium,2026-05-15
4524,Nisha Gala,triveni83@example.org,1684456552.0,Navi Mumbai,Madhya Pradesh,West,Regular,2023-12-19
4525,Onveer Agate,vrishti37@example.org,9402071277.0,Bhiwandi,Odisha,East,Regular,2023-06-11
4526,Dalbir Chaudhari,pkulkarni@example.com,918282192726.0,Jaunpur,Karnataka,South,Premium,2025-04-04
4527,Oscar Krish,vrishtisankar@example.com,913022930848.0,Mysore,Telangana,South,Regular,2024-01-15
4528,Faris Rau,vartyzilmil@example.com,2164942027.0,Sasaram,Maharashtra,West,Regular,2025-07-08
4529,Rachit Nair,devikamodi@example.net,3172682155.0,Morbi,Kerala,South,Regular,2025-07-18
4530,Kiaan Anne,gollaabha@example.net,4171544396.0,Deoghar,Gujarat,West,Regular,2025-05-25
4531,Vrinda Gupta,murthymohammed@example.org,9937269951.0,Jammu,Telangana,South,Occasional,2025-02-16
4532,Gauri Virk,tanay74@example.net,8048276423.0,Vellore,Kerala,South,New,2023-05-28
4533,Aayush Chowdhury,udyati20@example.org,912573782.0,Ranchi,Uttar Pradesh,North,Regular,2025-01-26
4534,Tripti Kata,yochanabali@example.com,5256705534.0,Satara,Kerala,South,Regular,2024-01-06
4535,Mohini Nori,customer_4535@unknown.com,N/A,Ongole,Odisha,East,Premium,2023-08-26
4536,Chaitanya Vala,vasatikabhatia@example.net,9804186567.0,Motihari,Delhi,North,Regular,2022-12-19
4537,Charita Venkatesh,bajwajacob@example.net,915390532159.0,Thiruvananthapuram,Maharashtra,West,New,2024-02-28
4538,Ayush Master,dayalbhavika@example.com,1719494528.0,Solapur,Andhra Pradesh,South,Regular,2026-02-15
4539,Wriddhish Thakkar,gapte@example.net,915282275349.0,Kadapa,Gujarat,West,Regular,2024-01-05
4540,Ishani Sagar,tmore@example.net,3632250324.0,Bidhannagar,Haryana,North,New,2025-06-16
4541,Xalak Kar,jeremiahrao@example.com,1141873477.0,Kottayam,Punjab,North,Occasional,2024-08-23
4542,Lajita Murty,yvenkataraman@example.com,916201711142.0,Howrah,Punjab,North,Premium,2023-12-01
4543,Veer Seshadri,lajitabhasin@example.net,3463178902.0,Sambhal,Madhya Pradesh,West,Regular,2025-10-09
4544,Xavier Samra,radhikasane@example.net,917870017453.0,Mira-Bhayandar,Jammu & Kashmir,Central,Regular,2026-03-12
4545,Urvi More,dubeyashodhara@example.org,911643035901.0,Anand,Madhya Pradesh,West,New,2023-04-04
4546,Nathan Dash,palladarpan@example.org,3812044697.0,Ozhukarai,Bihar,East,Regular,2022-12-04
4547,Mekhala Randhawa,customer_4547@unknown.com,N/A,Bihar Sharif,Uttarakhand,Central,Occasional,2025-03-28
4548,Dev Vala,pratyushnatarajan@example.org,810998452.0,Vijayanagaram,Punjab,North,Premium,2024-12-01
4549,Oscar Lala,vasudhaloke@example.org,1842435048.0,Jalna,Chhattisgarh,Central,Regular,2022-12-26
4550,Vincent Ranganathan,fitanpau@example.net,914934737257.0,Thiruvananthapuram,Chhattisgarh,Central,New,2024-12-04
4551,Viraj Prakash,lakshmi19@example.org,634258797.0,Ujjain,Karnataka,South,New,2022-09-08
4552,Hemal Suri,idugal@example.net,8248918245.0,Ambattur,Himachal Pradesh,North,Regular,2024-03-19
4553,Onveer Mand,balvanbhakta@example.net,919969528070.0,Berhampore,Chhattisgarh,Central,Regular,2025-08-26
4554,Harini Wagle,nitesh27@example.net,3562559165.0,Nellore,Bihar,East,New,2022-11-27
4555,Turvi Bhardwaj,gkarnik@example.net,919112811018.0,Chandigarh,Odisha,East,New,2023-09-23
4556,Janaki Dhar,sagarrishi@example.com,2434404890.0,Hubli–Dharwad,Goa,West,New,2023-08-10
4557,Patrick Bhasin,tmandal@example.com,912764391172.0,Kishanganj,Kerala,South,Regular,2024-07-11
4558,Eshana Dar,yashviseshadri@example.org,8595938978.0,Saharanpur,Telangana,South,New,2023-08-06
4559,Henry Sant,uborah@example.com,7754118476.0,Guntakal,Himachal Pradesh,North,Occasional,2026-07-07
4560,Zayan Sem,ravijackson@example.com,910276309015.0,Kamarhati,Maharashtra,West,New,2024-06-29
4561,Chaitaly Parmer,raghavbutala@example.net,913437574676.0,Imphal,Tamil Nadu,South,Regular,2025-09-19
4562,Madhav Bhat,zpurohit@example.com,707318144.0,Madurai,Uttar Pradesh,North,Regular,2026-07-30
4563,Aadi Barad,randhawaurvashi@example.com,3619353858.0,Sagar,West Bengal,East,Premium,2022-09-21
4564,Zinal Om,zinalchakraborty@example.net,915246247021.0,Sultan Pur Majra,Goa,West,Regular,2022-09-01
4565,Garima Jain,prishatank@example.com,1099220896.0,Guna,Uttarakhand,Central,Premium,2022-11-09
4566,Januja Bhatnagar,nmanda@example.org,5592534605.0,Bareilly,Andhra Pradesh,South,Premium,2025-12-27
4567,Lakshit Kapadia,pchokshi@example.com,5342459125.0,Nadiad,Uttarakhand,Central,Regular,2026-05-10
4568,Pallavi Loyal,reyanshcontractor@example.org,5939207708.0,Ghaziabad,Assam,East,Occasional,2024-11-18
4569,Abeer Sankaran,ekantikachatterjee@example.com,919841454830.0,Panvel,Bihar,East,Regular,2024-02-28
4570,Pallavi Nair,gagan28@example.org,911840766739.0,Jalna,Madhya Pradesh,West,New,2024-06-19
4571,Sara Goel,theodore36@example.org,630258366.0,Anantapuram,Assam,East,Regular,2025-01-16
4572,Shaurya Vasa,bhavikasaraf@example.com,911749538767.0,Bulandshahr,Jharkhand,East,Premium,2022-11-07
4573,Sarthak Kashyap,ganesandhriti@example.com,5608007937.0,Gulbarga,Chhattisgarh,Central,Regular,2023-11-25
4574,Jason Mohanty,yohannanhenry@example.net,912507853733.0,Kolkata,Maharashtra,West,Regular,2023-05-20
4575,Advik Sankaran,mdua@example.net,2781469676.0,Vijayawada,Bihar,East,New,2026-01-14
4576,Mekhala Mohanty,sverma@example.net,7381294657.0,Visakhapatnam,Jharkhand,East,Regular,2023-11-18
4577,Anjali Chandran,darikarege@example.net,912596816640.0,Morbi,Rajasthan,North,Regular,2025-05-10
4578,Benjamin D’Alia,arjungour@example.net,8332067146.0,Ghaziabad,Chhattisgarh,Central,Regular,2023-09-30
4579,Kevin Vaidya,rchad@example.org,2147525284.0,Siwan,Tamil Nadu,South,Regular,2023-06-06
4580,Qasim Dhar,ekavirsubramaniam@example.org,5075780479.0,Amritsar,Assam,East,Premium,2024-06-05
4581,Amara Datta,dseth@example.com,3268667901.0,Hazaribagh,Telangana,South,New,2023-04-15
4582,Hitesh Chaudhry,upadhriti62@example.org,911471195266.0,Maheshtala,Chhattisgarh,Central,New,2026-07-22
4583,Manya Sarraf,nkanda@example.net,4475568254.0,Bhind,Assam,East,Regular,2023-06-20
4584,Jeet Natt,faras68@example.net,7001848456.0,Hazaribagh,Chhattisgarh,Central,Regular,2025-06-18
4585,Udarsh Pingle,vsarma@example.com,911564058734.0,Ujjain,Himachal Pradesh,North,Regular,2025-07-23
4586,Jagrati Gulati,qcontractor@example.net,917314309020.0,Sasaram,Chhattisgarh,Central,New,2025-07-25
4587,Priya Dar,zashilvenkataraman@example.net,7137388724.0,Patna,Telangana,South,Occasional,2022-12-08
4588,Chanchal Khurana,aariniahuja@example.com,914911380818.0,Ahmednagar,Uttarakhand,Central,New,2025-12-19
4589,Mason Mand,senaachal@example.org,916548851010.0,Rajkot,West Bengal,East,Occasional,2024-08-15
4590,Thomas Jain,banjeet78@example.org,2663275934.0,Pondicherry,Goa,West,Regular,2025-10-23
4591,Eshana Oza,xzacharia@example.com,9963238664.0,Aurangabad,Uttarakhand,Central,New,2024-02-29
4592,Nachiket Dubey,deepa17@example.com,919677536210.0,Shivpuri,Goa,West,Regular,2024-07-21
4593,Dev Bhasin,jbhasin@example.com,5670770214.0,Rampur,West Bengal,East,Regular,2023-08-01
4594,Diya Banerjee,mahajanlogan@example.org,7993184575.0,Maheshtala,Jammu & Kashmir,Central,Regular,2025-10-28
4595,Daksh Sanghvi,yhegde@example.com,696879928.0,New Delhi,Jammu & Kashmir,Central,Occasional,2022-12-25
4596,Onveer Nagy,balendrabahl@example.com,3167040492.0,Dehradun,Punjab,North,Regular,2025-08-23
4597,Rajata Saran,xbahri@example.com,646278866.0,Hazaribagh,Gujarat,West,New,2023-09-08
4598,Samar Hayre,hansurishilla@example.com,7807767758.0,Bhubaneswar,Andhra Pradesh,South,New,2022-08-29
4599,Maanas Suresh,gautami29@example.com,8939886113.0,North Dumdum,Madhya Pradesh,West,Premium,2023-06-25
4600,Bhavini Bhandari,amrita16@example.net,915580817869.0,Morena,Kerala,South,Regular,2023-10-08
4601,Tanmayi Kar,xbala@example.org,910353583995.0,North Dumdum,Bihar,East,New,2026-06-23
4602,Charles Bal,fhari@example.net,910986331665.0,Bidhannagar,Himachal Pradesh,North,New,2024-09-29
4603,Chandresh Chand,kadakiazilmil@example.org,916195873019.0,Dewas,Karnataka,South,Regular,2023-07-16
4604,Jason Dugar,aryawalia@example.org,912471551515.0,Anand,Odisha,East,Regular,2025-06-01
4605,Bhanumati Pant,fchander@example.net,9021386861.0,Tinsukia,Rajasthan,North,Regular,2026-04-22
4606,Xalak Nagi,vrittichaudhry@example.org,424082746.0,Phagwara,Himachal Pradesh,North,Premium,2023-08-10
4607,Panini Mukhopadhyay,vivaan37@example.org,919009062991.0,Narasaraopet,Andhra Pradesh,South,Regular,2024-11-10
4608,Harish Arya,chatresh63@example.org,914767300916.0,Eluru,Rajasthan,North,New,2022-10-23
4609,Dhriti Parekh,balvanvenkataraman@example.net,7463194523.0,Warangal,Gujarat,West,Regular,2022-12-05
4610,Rayaan Rout,ramagaurika@example.com,918441263262.0,Morena,Odisha,East,Occasional,2023-01-21
4611,Samarth Luthra,lopa26@example.org,3522774807.0,Tenali,Punjab,North,New,2025-04-10
4612,Nikita Nagar,isha92@example.net,5449517642.0,Giridih,West Bengal,East,Premium,2024-05-14
4613,Varsha Khatri,urvi61@example.org,915948270690.0,Gorakhpur,Gujarat,West,New,2023-08-20
4614,Triya Dugal,yauvani02@example.org,2064602883.0,Hazaribagh,Goa,West,Regular,2023-07-07
4615,Nirja Barad,palabhiram@example.com,919398818696.0,Thoothukudi,Delhi,North,Occasional,2024-02-23
4616,Chanchal Mistry,omadan@example.net,910772078028.0,Jaunpur,Jammu & Kashmir,Central,New,2026-02-06
4617,Chakradev Warrior,umang77@example.com,6930451058.0,Morbi,Andhra Pradesh,South,New,2025-10-01
4618,Yochana Sanghvi,bhatkavya@example.com,915188689055.0,Pallavaram,Madhya Pradesh,West,Regular,2024-12-14
4619,Utkarsh Pingle,chaudhurifariq@example.com,8350265287.0,Pondicherry,Haryana,North,New,2024-08-12
4620,Tristan Agrawal,fsathe@example.net,910881305754.0,Jaipur,Odisha,East,Premium,2025-03-21
4621,Guneet Sachar,edugal@example.net,3923816514.0,Chandrapur,Jharkhand,East,New,2022-08-26
4622,Anvi Dutta,damyantiandra@example.com,5338452479.0,Aligarh,Odisha,East,Regular,2023-07-07
4623,Samaksh Nath,ichokshi@example.net,918533231951.0,Navi Mumbai,Himachal Pradesh,North,New,2025-03-05
4624,Amruta Wali,csunder@example.net,4674090614.0,Ratlam,Telangana,South,Premium,2025-07-26
4625,Yug Bhatt,yogimichael@example.org,911115082486.0,Navi Mumbai,Uttarakhand,Central,New,2026-03-13
4626,Nimrat Kalla,gautami57@example.net,4145747355.0,Dehri,Himachal Pradesh,North,Premium,2023-11-16
4627,Wishi Raju,ybrahmbhatt@example.org,4779873311.0,Hapur,Jammu & Kashmir,Central,Regular,2025-05-09
4628,Zaid Bhatia,eshana37@example.org,4713143969.0,Bulandshahr,Jammu & Kashmir,Central,Regular,2024-07-08
4629,Omkaar Shroff,baljiwansathe@example.net,475709741.0,Amravati,Chhattisgarh,Central,Premium,2022-12-21
4630,Ekta Balasubramanian,chaudharigauri@example.net,9318571975.0,Rewa,Rajasthan,North,Regular,2024-09-19
4631,Sanya Wali,chavvi43@example.net,6210897485.0,Rourkela,Kerala,South,Premium,2023-09-30
4632,Jagdish Kaur,ikbal90@example.com,7186730856.0,Burhanpur,Uttarakhand,Central,New,2022-10-19
4633,Pranit Loke,parekhgaurang@example.org,174971364.0,Warangal,Haryana,North,Premium,2023-05-17
4634,Jacob Venkatesh,andrew81@example.net,6487739786.0,Kota,Madhya Pradesh,West,Premium,2023-12-23
4635,Irya Dewan,maanas74@example.net,465717377.0,Karimnagar,Chhattisgarh,Central,Occasional,2024-07-11
4636,Saanvi Gokhale,aarnavraman@example.org,9819209382.0,Dhule,Maharashtra,West,Regular,2026-01-09
4637,Dhriti Kata,gaurithakkar@example.com,8702212446.0,Kota,Tamil Nadu,South,Premium,2026-01-31
4638,Indrajit Rai,vloyal@example.net,8307413991.0,Raichur,West Bengal,East,Regular,2025-09-26
4639,Madhav Uppal,nlanka@example.net,7629611713.0,Varanasi,Maharashtra,West,New,2023-09-19
4640,Zansi Datta,saranpriya@example.net,912416567386.0,Khammam,Odisha,East,New,2026-06-29
4641,Abhiram Raj,jeetsharma@example.net,6269233833.0,Siliguri,Odisha,East,Occasional,2024-06-19
4642,Vasudha Prashad,utank@example.org,9889008438.0,Kishanganj,Kerala,South,Regular,2023-11-30
4643,Jyoti Purohit,kadekaran@example.org,1249543299.0,Maheshtala,Haryana,North,Premium,2024-03-13
4644,Tanay Salvi,muniarya@example.org,515895277.0,Jalna,Bihar,East,Regular,2023-04-06
4645,Nimrat Sahota,daksh46@example.net,3828232668.0,Motihari,Jammu & Kashmir,Central,Regular,2022-11-15
4646,Saksham Butala,nathan71@example.com,6746620356.0,Ghaziabad,Goa,West,New,2024-03-22
4647,Anjali Raja,zpingle@example.com,910479626257.0,Vellore,Andhra Pradesh,South,New,2025-01-05
4648,Madhav Ravi,dhaliwalekalinga@example.org,7176821565.0,Jamalpur,Odisha,East,Premium,2023-02-15
4649,Onveer Samra,atisolanki@example.org,1136317762.0,Kolkata,Kerala,South,New,2022-09-12
4650,Jagvi Soni,jeet70@example.net,7014506580.0,Tenali,Himachal Pradesh,North,Regular,2023-01-08
4651,Urvashi Narasimhan,eesha26@example.net,6641557099.0,Tadipatri,Goa,West,Premium,2026-02-21
4652,Ati Palan,shereamaira@example.net,918818040095.0,Tiruppur,Andhra Pradesh,South,Regular,2022-10-31
4653,Adweta Narula,masondugar@example.org,8415166175.0,Maheshtala,Goa,West,Regular,2025-06-22
4654,Samesh Rout,sai96@example.net,911976403932.0,Cuttack,Goa,West,New,2026-03-31
4655,Dominic Mander,girishkumar@example.com,7816896552.0,Siwan,Kerala,South,Regular,2024-06-27
4656,Balhaar Sen,ksant@example.com,911700018894.0,Hapur,Telangana,South,Regular,2024-04-14
4657,Nicholas Bhatnagar,wadhwaikbal@example.net,3602096286.0,Dhanbad,Jammu & Kashmir,Central,Premium,2024-07-11
4658,Anusha Aggarwal,wpalla@example.com,916185168862.0,Aizawl,Assam,East,Premium,2026-07-30
4659,Yoshita Varma,nadiggirindra@example.com,910882652575.0,Kavali,Maharashtra,West,Regular,2023-07-08
4660,Onkar Issac,charita80@example.net,4873405717.0,Malda,Himachal Pradesh,North,Premium,2022-10-06
4661,Abha Rau,bhavinihayre@example.org,2082580298.0,Bathinda,Goa,West,Regular,2024-01-25
4662,Oliver Warrior,rameshtamanna@example.net,2796641001.0,Guna,Assam,East,Regular,2022-12-26
4663,Anita Gandhi,survivaan@example.org,918370890537.0,Gangtok,Andhra Pradesh,South,Regular,2023-08-09
4664,Dhruv Rana,michael84@example.com,4064977689.0,Giridih,Assam,East,Premium,2025-08-08
4665,Simon Divan,chanchalcontractor@example.net,1596935.0,Gwalior,Haryana,North,Occasional,2026-04-15
4666,Parth Barman,poojanaik@example.net,5236626437.0,Srinagar,Maharashtra,West,Regular,2025-02-08
4667,Vihaan Taneja,hayervansha@example.org,2178829314.0,Karaikudi,Kerala,South,Regular,2023-12-17
4668,Devika Sidhu,jkhatri@example.com,7260449092.0,Jalgaon,Karnataka,South,Regular,2026-07-21
4669,Banjeet Karnik,agarwalnachiket@example.com,3523484712.0,Barasat,Andhra Pradesh,South,Premium,2025-12-06
4670,Vasudha Zacharia,bgoda@example.net,6550528430.0,Sagar,Karnataka,South,Regular,2025-01-30
4671,Mason Maharaj,wlanka@example.com,912039480533.0,Jorhat,Tamil Nadu,South,New,2023-08-26
4672,Xavier Swaminathan,pavanigarg@example.com,9458385214.0,Sirsa,Madhya Pradesh,West,Regular,2024-03-15
4673,Vansha Ramaswamy,brastogi@example.org,4011432054.0,Rajahmundry,Jammu & Kashmir,Central,Regular,2025-07-28
4674,Nitesh Cheema,cverma@example.net,4150568286.0,Fatehpur,Telangana,South,Premium,2026-05-30
4675,Rachit Uppal,xsharma@example.com,4228392472.0,Katihar,Uttarakhand,Central,New,2023-09-06
4676,Nathan Tandon,ikshita25@example.net,3942596237.0,Kota,Odisha,East,Regular,2022-12-31
4677,Henry Golla,kotaeesha@example.org,916737497622.0,Akola,Bihar,East,Regular,2026-06-08
4678,Amruta Mody,xavierwali@example.net,3475843740.0,Morbi,West Bengal,East,Occasional,2023-01-06
4679,Ladli Date,dhaliwalnitesh@example.com,1589552304.0,Moradabad,Kerala,South,New,2025-05-24
4680,Neel Mistry,nsarin@example.com,910999641249.0,Munger,Telangana,South,Premium,2025-07-27
4681,Devansh Das,deyfaras@example.net,4269411172.0,Nizamabad,Rajasthan,North,New,2025-12-20
4682,Mahika Babu,abeerbalakrishnan@example.org,911718718036.0,Aurangabad,Uttarakhand,Central,Regular,2025-05-25
4683,Saumya Dua,bassitimothy@example.net,918717185606.0,Raipur,Chhattisgarh,Central,New,2023-07-27
4684,Janya Kaul,azadchaudry@example.org,7355831062.0,Nanded,Chhattisgarh,Central,Premium,2023-10-12
4685,Nitara Mistry,krishnamurthykeya@example.org,6508829031.0,Suryapet,Chhattisgarh,Central,Premium,2024-10-16
4686,David Chowdhury,yramakrishnan@example.com,856245553.0,Faridabad,Madhya Pradesh,West,Premium,2024-05-28
4687,Amara Dube,mekhala58@example.com,913797275458.0,Ichalkaranji,Uttar Pradesh,North,Regular,2025-03-25
4688,Madhav Hans,ikshita99@example.net,917466216785.0,Ozhukarai,Maharashtra,West,New,2023-08-04
4689,Omisha Ahluwalia,yamini78@example.net,917639029640.0,Bareilly,Gujarat,West,Regular,2025-11-01
4690,Kala Warrior,ravalanamika@example.com,9631887187.0,Jhansi,West Bengal,East,Occasional,2024-10-11
4691,Isaiah Sarkar,prabhakaryashawini@example.com,915055814791.0,Udaipur,Assam,East,Regular,2026-05-23
4692,Gaurika Sood,teerth80@example.net,915884902891.0,Bardhaman,Himachal Pradesh,North,Premium,2024-03-07
4693,Chakradhar Shroff,rudraramaswamy@example.org,8404093373.0,Yamunanagar,Gujarat,West,Occasional,2023-01-13
4694,Yashoda Goda,xgolla@example.org,8565665486.0,Allahabad,Andhra Pradesh,South,Regular,2022-10-03
4695,Teerth Raghavan,zarna00@example.org,4891685841.0,Sri Ganganagar,Odisha,East,Regular,2023-02-28
4696,Fitan Sant,sakshamchaudry@example.net,3308689397.0,Mango,Uttarakhand,Central,Regular,2026-05-23
4697,Charita Grover,jairaj99@example.com,919030695694.0,Ghaziabad,Jammu & Kashmir,Central,Premium,2025-07-22
4698,Ishaan Muni,hitesh87@example.org,5158543459.0,Ahmedabad,Rajasthan,North,Regular,2024-09-16
4699,Yatan Memon,christopherghose@example.com,3383280287.0,North Dumdum,Assam,East,Regular,2023-04-08
4700,Jason Cherian,wkeer@example.com,917845875862.0,Bhalswa Jahangir Pur,Rajasthan,North,Regular,2023-08-07
4701,Shivansh Chandran,sachdevaati@example.com,9610536074.0,Patiala,Gujarat,West,New,2023-10-07
4702,Abdul Sibal,chanakya43@example.net,911599988704.0,Warangal,Telangana,South,New,2025-01-25
4703,Forum Krish,krishnathaman@example.net,3011606416.0,Sasaram,Karnataka,South,Regular,2026-06-01
4704,Yatin Oza,psangha@example.org,919792183160.0,Dewas,Maharashtra,West,Regular,2025-12-25
4705,Hemani Chacko,nsandhu@example.net,8477267950.0,Pondicherry,Punjab,North,Premium,2024-02-21
4706,Yochana Barman,tejas32@example.com,7597488769.0,Varanasi,Madhya Pradesh,West,Regular,2026-07-29
4707,Praneel Baral,chavvimand@example.com,8902370240.0,Rampur,Gujarat,West,New,2023-11-30
4708,Yashoda Subramanian,utiwari@example.net,918686714916.0,Proddatur,Tamil Nadu,South,Regular,2025-05-14
4709,Gaurang Patla,harish01@example.net,918425264051.0,Srikakulam,Andhra Pradesh,South,New,2025-07-31
4710,Ekaraj Chaudhuri,lperi@example.com,911462097591.0,Fatehpur,Maharashtra,West,Regular,2024-01-10
4711,Deepa Barad,sawhneykalpit@example.org,912258572828.0,Tadepalligudem,Gujarat,West,Regular,2024-05-07
4712,Lohit Contractor,upasna85@example.com,914868049875.0,Narasaraopet,Haryana,North,Premium,2024-09-04
4713,Karan Chokshi,eghose@example.com,6797717593.0,Bhopal,Rajasthan,North,Regular,2025-12-22
4714,Tamanna Tank,damini45@example.org,7030368733.0,Aligarh,Chhattisgarh,Central,Occasional,2024-03-27
4715,Samar Bassi,kashyapdev@example.org,8742274993.0,Ulhasnagar,Himachal Pradesh,North,Regular,2024-01-10
4716,Bina Kari,anirudh10@example.com,8807448801.0,Jaunpur,Tamil Nadu,South,Occasional,2023-11-22
4717,Shivani Thakkar,jgera@example.net,915099424145.0,Ballia,Chhattisgarh,Central,Regular,2024-05-29
4718,Aachal Guha,bhasinamruta@example.net,916388698475.0,Chandigarh,Goa,West,Regular,2026-05-17
4719,Harinakshi Radhakrishnan,krishnananthony@example.org,4406005325.0,Sagar,Jammu & Kashmir,Central,Regular,2024-10-15
4720,Wakeeta Biswas,elijahamble@example.com,8357739783.0,Guwahati,Uttar Pradesh,North,Regular,2024-11-22
4721,Charles Venkatesh,brindapandya@example.com,910711025296.0,Hospet,Uttarakhand,Central,Regular,2023-05-27
4722,Sara Kaul,chamelibora@example.com,2050465784.0,Katni,Kerala,South,Regular,2025-06-18
4723,Maanas Sastry,jayaramandevansh@example.org,4013265373.0,Buxar,Telangana,South,Regular,2026-02-04
4724,Jhalak Behl,revapathak@example.org,913554992086.0,Khammam,Andhra Pradesh,South,New,2026-04-05
4725,William Hayre,daksha36@example.com,9153276395.0,Hazaribagh,Telangana,South,Regular,2022-10-05
4726,Anjali Desai,vasudhabera@example.com,8551313843.0,Nadiad,Maharashtra,West,Premium,2024-02-08
4727,Robert Parsa,ishita77@example.net,5029759989.0,Ghaziabad,Chhattisgarh,Central,New,2022-12-04
4728,Ethan Yadav,nattayush@example.com,918589308210.0,Ramgarh,Odisha,East,Regular,2022-12-09
4729,Yashawini Sridhar,jbasak@example.com,5634737283.0,Vadodara,Telangana,South,Premium,2022-11-28
4730,Baljiwan Saini,victorprashad@example.net,916022274217.0,Bhind,Punjab,North,Regular,2025-01-18
4731,Dakshesh Parekh,buchvihaan@example.org,5121383083.0,Jammu,Telangana,South,Occasional,2024-06-27
4732,Rachana Dhawan,nilimakrishnamurthy@example.org,17425914.0,Nangloi Jat,Madhya Pradesh,West,New,2023-07-11
4733,Tristan Kala,csoni@example.com,2809956052.0,Bijapur,Himachal Pradesh,North,Premium,2023-08-18
4734,Widisha Savant,badamibalhaar@example.org,5789868778.0,Jamshedpur,Bihar,East,Regular,2022-08-27
4735,Chandran Dass,reyansh89@example.com,5367630728.0,Bikaner,Andhra Pradesh,South,Regular,2024-06-15
4736,Suhani Kalita,gokhalehredhaan@example.org,913386079274.0,Durgapur,Maharashtra,West,Regular,2024-08-04
4737,Krishna Narang,charvi63@example.net,3926691976.0,Thiruvananthapuram,Maharashtra,West,New,2023-04-16
4738,Qabil Mani,murthyaarna@example.com,6794847167.0,Munger,Himachal Pradesh,North,New,2023-06-12
4739,Yashvi Patil,pmohan@example.net,910988908155.0,Nadiad,Jammu & Kashmir,Central,Premium,2025-01-17
4740,Daniel Jaggi,isharajagopal@example.net,916408595514.0,Malda,Jammu & Kashmir,Central,Regular,2025-10-11
4741,Harish Radhakrishnan,naironi@example.org,2671697781.0,Pali,Jammu & Kashmir,Central,Regular,2023-03-14
4742,Jairaj Modi,dugalalka@example.com,5605020651.0,Bidhannagar,Bihar,East,Regular,2024-07-19
4743,Aryan Gole,isaiah90@example.com,916263963856.0,Mirzapur,Kerala,South,Occasional,2026-06-05
4744,Krishna Dube,odika65@example.com,1901170782.0,Aligarh,Madhya Pradesh,West,Regular,2025-05-09
4745,Anjali Khosla,zbali@example.com,2475071297.0,Raichur,Punjab,North,Regular,2024-08-22
4746,Hredhaan Kibe,owenvarkey@example.com,4289005674.0,Kadapa,Haryana,North,Premium,2024-12-03
4747,Samuel Baral,baljiwan44@example.net,919173008657.0,Gangtok,Uttarakhand,Central,Regular,2023-03-21
4748,Ati Chatterjee,urvashi42@example.net,4321596682.0,Karawal Nagar,West Bengal,East,Premium,2024-09-14
4749,Vasudha Krish,saumyabalay@example.com,914856758499.0,Pimpri-Chinchwad,Uttar Pradesh,North,Occasional,2023-07-07
4750,Aahana Kanda,cpai@example.net,917085531665.0,Jalna,Assam,East,New,2025-08-19
4751,Chanchal Madan,nandini61@example.net,917716230248.0,Chapra,Jammu & Kashmir,Central,Regular,2026-06-14
4752,Siddharth Goswami,davewakeeta@example.org,5752262554.0,Kochi,West Bengal,East,Premium,2026-03-16
4753,Logan Kale,choudharygopal@example.com,6851450854.0,Kolhapur,Haryana,North,Regular,2023-12-16
4754,Qushi Sant,bhardwajikbal@example.com,3143770143.0,Kanpur,Assam,East,Regular,2026-07-24
4755,Chakrika Raval,eiravatiwason@example.com,911101799207.0,Agra,Gujarat,West,Premium,2025-09-01
4756,Vanya Divan,mprasad@example.org,915657329460.0,Jalgaon,Uttar Pradesh,North,Regular,2024-02-08
4757,Hema Goyal,okashyap@example.net,4726970727.0,Bongaigaon,Karnataka,South,New,2025-09-22
4758,Samesh Guha,purivansha@example.net,783886558.0,Tiruppur,Himachal Pradesh,North,Regular,2024-09-03
4759,Chandani Rao,jpadmanabhan@example.org,9753396886.0,Jabalpur,Telangana,South,Premium,2026-03-12
4760,Harinakshi Rao,revasampath@example.net,9714689896.0,Bikaner,Delhi,North,Occasional,2022-10-23
4761,Geetika Madan,narasimhanjyoti@example.com,918348403628.0,North Dumdum,Tamil Nadu,South,Occasional,2024-08-05
4762,Abha Subramanian,vasatikaahuja@example.net,916898121185.0,Muzaffarnagar,Uttar Pradesh,North,New,2023-10-24
4763,Nihal Pingle,traju@example.com,919525630800.0,Vadodara,Bihar,East,Occasional,2026-02-01
4764,Aryan Sethi,imaran26@example.net,91031280.0,Ajmer,Kerala,South,Occasional,2023-08-16
4765,Baghyawati Seth,lavanya22@example.com,6407638631.0,Ambattur,Maharashtra,West,Regular,2025-02-20
4766,Januja Murthy,urishilla06@example.org,7805407129.0,Tezpur,Chhattisgarh,Central,Premium,2023-09-12
4767,Faris Swaminathan,fdhawan@example.com,8731450331.0,Guntur,Jharkhand,East,New,2022-08-25
4768,Omkaar Naik,pratyushdivan@example.org,1274993919.0,Chennai,Bihar,East,Occasional,2023-07-05
4769,Girik De,chatura17@example.org,914467795268.0,Katihar,Jharkhand,East,New,2025-09-30
4770,Netra Vaidya,nadkarniadya@example.org,918291969880.0,Gangtok,Madhya Pradesh,West,Regular,2026-06-14
4771,Ekalinga Sule,badaljackson@example.com,1977074434.0,Guna,Andhra Pradesh,South,Regular,2026-04-22
4772,Gabriel Shukla,jackmander@example.com,564202446.0,Bhatpara,Himachal Pradesh,North,New,2026-07-04
4773,Kala Dhawan,noah92@example.com,910904258432.0,Maheshtala,Himachal Pradesh,North,New,2024-11-01
4774,Baljiwan Srinivasan,jdesai@example.com,1463327884.0,Muzaffarnagar,Karnataka,South,Regular,2025-09-05
4775,Abhiram Sarkar,hprasad@example.net,2572492598.0,Erode,Delhi,North,Regular,2022-09-20
4776,Caleb Rana,bkunda@example.net,911644237014.0,Naihati,Maharashtra,West,Regular,2023-09-27
4777,Dominic Basu,indrajit77@example.com,8612358766.0,Singrauli,Bihar,East,Occasional,2026-04-22
4778,Frederick Chacko,xkhosla@example.org,916253786307.0,Jamshedpur,Jharkhand,East,Regular,2025-03-20
4779,Jatin Ramanathan,dvyas@example.org,912316495864.0,Kumbakonam,Odisha,East,New,2025-04-14
4780,Alexander Kale,subramaniangirindra@example.net,6010995872.0,Sagar,West Bengal,East,New,2022-10-07
4781,Fariq Kibe,akata@example.org,910519681469.0,Bangalore,Gujarat,West,Occasional,2022-11-17
4782,Adya Khalsa,neelimajhaveri@example.org,2438224429.0,Vasai-Virar,Uttarakhand,Central,Regular,2024-07-02
4783,Chameli Chandran,godadevika@example.org,7526066543.0,Navi Mumbai,Chhattisgarh,Central,Premium,2024-03-16
4784,Nimrat Khare,ssrinivasan@example.org,1942285220.0,Kollam,Delhi,North,Regular,2023-07-24
4785,Abdul Rama,vincentbhasin@example.com,914782773457.0,Anantapuram,Gujarat,West,Regular,2023-08-09
4786,Madhav Sant,nmuni@example.net,8351991773.0,Chinsurah,Uttar Pradesh,North,Regular,2024-05-31
4787,Priya Gandhi,samarth77@example.org,5744153966.0,Hajipur,Jharkhand,East,New,2024-05-02
4788,Chaitanya Mohan,abdul18@example.com,914968736894.0,Eluru,Maharashtra,West,New,2025-12-06
4789,Wahab Mangal,georgeraja@example.com,5031093888.0,Tadipatri,Chhattisgarh,Central,New,2022-12-24
4790,Rehaan Shah,vkari@example.com,8988019622.0,Bareilly,West Bengal,East,Premium,2024-02-27
4791,Harshil Chaudhary,gangakhurana@example.com,914444072111.0,Imphal,Kerala,South,New,2023-09-25
4792,Mekhala Sethi,nirja11@example.org,3530193633.0,Gudivada,Bihar,East,Regular,2025-02-08
4793,Vamakshi Som,ttailor@example.com,912765149241.0,Allahabad,Tamil Nadu,South,Regular,2024-09-06
4794,Balendra Bahl,frado81@example.net,916620666102.0,Jodhpur,Kerala,South,Premium,2026-01-08
4795,Anjali Pau,tiwariyatan@example.com,7310110600.0,Chennai,Karnataka,South,Premium,2023-01-01
4796,Urvashi Kapur,ybassi@example.org,914555195132.0,Guntur,Jharkhand,East,Regular,2025-10-19
4797,Gauri Basak,daravanya@example.net,569490457.0,Pallavaram,Maharashtra,West,New,2024-05-27
4798,Shivansh Pandya,gillagastya@example.org,5158284365.0,Guna,Jammu & Kashmir,Central,Regular,2023-02-12
4799,Lipika Subramanian,alka30@example.org,8911745618.0,Rajkot,Karnataka,South,Premium,2025-09-10
4800,Kashvi Lala,loyalyashoda@example.org,5768254132.0,Anantapuram,West Bengal,East,Regular,2023-04-24
4801,Balendra Sridhar,jborra@example.net,3939578476.0,Delhi,Punjab,North,Premium,2025-07-06
4802,Xalak Prashad,zlalla@example.com,5313867823.0,Mangalore,Rajasthan,North,New,2024-01-22
4803,Anita Divan,vamakshiminhas@example.org,1717573228.0,Bhiwani,Odisha,East,Regular,2026-07-14
4804,Imaran Morar,amolbera@example.org,7340362756.0,Adoni,Himachal Pradesh,North,Regular,2023-01-29
4805,Kabir Menon,tristandhillon@example.com,4520826075.0,Amroha,Maharashtra,West,Premium,2024-01-30
4806,Faqid Chaudhari,fbal@example.net,914036036082.0,Hazaribagh,Maharashtra,West,New,2025-11-04
4807,Sachi Parmar,vaishnavi55@example.net,918109319938.0,Kamarhati,Rajasthan,North,Premium,2023-01-31
4808,Quincy Kashyap,kariwridesh@example.com,6268503850.0,Agartala,Himachal Pradesh,North,New,2024-02-27
4809,Chandran Cherian,brarnidra@example.net,912900042199.0,Hindupur,Madhya Pradesh,West,Regular,2026-01-16
4810,Vritti Hari,customer_4810@unknown.com,N/A,Agartala,Uttarakhand,Central,Regular,2024-04-04
4811,Brinda Dass,tandonishaan@example.net,915223128415.0,Jaunpur,Andhra Pradesh,South,Premium,2025-01-23
4812,Ishanvi Parmer,jagvikothari@example.org,2547595762.0,Adoni,Jharkhand,East,Premium,2024-08-25
4813,Hitesh Vig,knarang@example.net,2817026245.0,Warangal,Andhra Pradesh,South,Premium,2023-05-14
4814,Upkaar Buch,isem@example.org,3888461086.0,South Dumdum,Bihar,East,Regular,2023-04-01
4815,Fariq Manda,sagarrajeshri@example.net,2505562975.0,Giridih,Andhra Pradesh,South,Occasional,2024-05-04
4816,Aachal D’Alia,hgandhi@example.net,5155388469.0,Karnal,Kerala,South,New,2023-08-01
4817,Chaaya Shetty,lekhaom@example.net,917661131761.0,Orai,Goa,West,Regular,2026-02-16
4818,Jasmit Agate,yamini70@example.net,2840106764.0,Panipat,Madhya Pradesh,West,New,2025-10-19
4819,Pavani Basu,dalbirbhatnagar@example.net,3285658090.0,Patiala,Chhattisgarh,Central,Occasional,2022-10-02
4820,Ijaya Kapadia,oni50@example.org,914030703088.0,Panipat,Kerala,South,Regular,2024-10-16
4821,Viraj Mukherjee,urishillasachar@example.org,9560897365.0,Unnao,Madhya Pradesh,West,New,2025-10-14
4822,Odika Bhargava,chadbachittar@example.net,3990163587.0,Vasai-Virar,Madhya Pradesh,West,Regular,2024-06-26
4823,Anmol Bhagat,divyajain@example.org,919584034499.0,Jehanabad,Madhya Pradesh,West,Regular,2023-09-13
4824,Aarush D’Alia,sshenoy@example.net,354492530.0,Saharsa,Jharkhand,East,Regular,2024-02-29
4825,Ranveer Nair,indrajit26@example.net,89387559.0,Hosur,Chhattisgarh,Central,Regular,2025-09-28
4826,Maya Ravi,mmajumdar@example.org,7387502787.0,Pali,Telangana,South,Regular,2026-03-13
4827,Chakrika Uppal,sentara@example.com,5848911661.0,New Delhi,Uttarakhand,Central,Occasional,2023-04-23
4828,Waida Manne,quincyborah@example.net,1431509707.0,Varanasi,Uttarakhand,Central,Regular,2025-05-17
4829,Nachiket Kalla,pranav50@example.net,6183038628.0,Kishanganj,Bihar,East,Regular,2023-04-07
4830,Nathaniel Kunda,bhaktaubika@example.net,916931324191.0,Faridabad,Maharashtra,West,Premium,2025-03-23
4831,Kabir Pai,sahaudarsh@example.org,4534210558.0,Madurai,Goa,West,Occasional,2025-07-04
4832,Jason Bassi,chaturaparikh@example.org,344184404.0,Sasaram,Uttarakhand,Central,Regular,2025-03-18
4833,Watika Pant,anjali05@example.net,5586445264.0,Bharatpur,Kerala,South,Premium,2025-08-09
4834,Nitesh Jhaveri,krishanjali@example.org,1628844835.0,Naihati,Andhra Pradesh,South,Occasional,2022-09-18
4835,Chandani Agrawal,bedinathaniel@example.com,913332961930.0,Mira-Bhayandar,Gujarat,West,Occasional,2023-07-19
4836,Abhiram Rama,sanaya39@example.net,8008174411.0,Kalyan-Dombivli,Himachal Pradesh,North,Regular,2022-10-17
4837,Naksh Khosla,merchantneha@example.com,2981997883.0,Sasaram,Jammu & Kashmir,Central,Regular,2025-11-15
4838,Rehaan Majumdar,singhrachita@example.com,913602919305.0,Bhatpara,Chhattisgarh,Central,Premium,2025-05-02
4839,Faras Bhasin,aishani65@example.org,8826523430.0,Kalyan-Dombivli,Chhattisgarh,Central,Regular,2024-08-04
4840,Joshua Pall,kamalarajagopalan@example.net,910352415447.0,Saharsa,Jharkhand,East,Regular,2024-04-01
4841,Abeer Contractor,anmolvohra@example.org,9211634701.0,Bharatpur,Andhra Pradesh,South,Regular,2022-11-30
4842,William Varma,customer_4842@unknown.com,N/A,Coimbatore,Jammu & Kashmir,Central,New,2023-09-06
4843,Chakradev Menon,narayanannisha@example.com,8586490796.0,Siwan,Himachal Pradesh,North,Regular,2023-01-05
4844,Anika Grewal,chandaomisha@example.net,913401663313.0,Muzaffarnagar,Delhi,North,Regular,2023-12-04
4845,Rishi Ratti,tandonbrinda@example.com,8998358744.0,Kollam,Haryana,North,New,2025-11-21
4846,Amrita Bhatnagar,nprasad@example.org,6489704640.0,Raipur,Odisha,East,Regular,2023-02-15
4847,Farhan Iyengar,vinayabedi@example.net,4726216315.0,Surendranagar Dudhrej,Karnataka,South,Regular,2025-11-17
4848,Gagan Pandey,zmani@example.org,5136493016.0,Serampore,Haryana,North,Premium,2025-12-01
4849,Qushi Sarraf,dayamaikhalsa@example.com,7014927910.0,Gandhinagar,Assam,East,Occasional,2026-05-18
4850,Deepa Divan,ramakrishnanmekhala@example.net,914636430449.0,Narasaraopet,Madhya Pradesh,West,Regular,2025-03-27
4851,Tanmayi Chandra,ridhi60@example.com,12800243.0,Miryalaguda,Kerala,South,Regular,2024-06-09
4852,Balhaar Aurora,janyakalita@example.org,3659470281.0,Udaipur,Chhattisgarh,Central,Occasional,2026-01-29
4853,Leela Narula,pavani79@example.net,1468574945.0,Kadapa,Karnataka,South,Regular,2025-06-09
4854,Ekaja Batta,samarranganathan@example.com,922735587.0,Amroha,Jammu & Kashmir,Central,Regular,2024-12-04
4855,Matthew Nigam,zgulati@example.net,7468639840.0,Satna,Jammu & Kashmir,Central,Premium,2023-03-27
4856,Pranit Thakur,tarak93@example.net,913403607377.0,Tiruvottiyur,Bihar,East,Occasional,2023-07-04
4857,Lopa Borah,chandreshrajagopal@example.com,28807338.0,Faridabad,Andhra Pradesh,South,Regular,2026-07-17
4858,Bina Tailor,gaurang61@example.org,916528939335.0,Imphal,Uttar Pradesh,North,New,2023-10-23
4859,Aadhya Memon,neel57@example.com,913772043934.0,Dhule,Madhya Pradesh,West,Premium,2025-10-10
4860,Kala Chaudry,madhavi87@example.net,1395038543.0,Khandwa,Rajasthan,North,New,2022-09-05
4861,Zansi Bora,onveeragarwal@example.net,6721625685.0,Siwan,Jharkhand,East,Premium,2024-04-13
4862,Shivansh Misra,jnarasimhan@example.com,918086105726.0,Ulhasnagar,Andhra Pradesh,South,New,2024-11-20
4863,Megha Buch,meghana54@example.org,1051065688.0,Bahraich,Goa,West,New,2024-10-02
4864,Oliver Raju,ishani99@example.net,9331299315.0,Sambalpur,Haryana,North,Regular,2023-08-27
4865,Anthony Nayar,samranirja@example.net,2343194657.0,Srikakulam,Telangana,South,Regular,2026-07-17
4866,Oni Manne,megha24@example.net,911435603411.0,Haldia,Gujarat,West,Regular,2026-02-21
4867,Gaurangi Mallick,dixityachana@example.org,9493055340.0,Guntakal,Kerala,South,Regular,2023-05-21
4868,Sudiksha Mangal,maharajhitesh@example.org,5753395157.0,Haldia,Haryana,North,Premium,2023-11-29
4869,Ucchal Thakkar,haldergirik@example.org,6530722995.0,Ulhasnagar,Maharashtra,West,Premium,2022-09-06
4870,Sanaya Garg,hardikkuruvilla@example.net,9755596841.0,Begusarai,Uttarakhand,Central,Occasional,2022-11-26
4871,Udyati Nayak,jaurora@example.net,6920283528.0,Burhanpur,Odisha,East,Regular,2025-01-10
4872,Falguni Raj,nsodhi@example.net,915841714796.0,Jodhpur,Assam,East,Occasional,2026-01-29
4873,Unnati Rao,jagdish52@example.org,915083686067.0,Tirupati,Punjab,North,Regular,2025-02-25
4874,Advika Chada,khannajeevika@example.net,9270069821.0,Medininagar,Tamil Nadu,South,Premium,2025-02-10
4875,Bhavani Nadig,sarraflakshmi@example.org,8644998159.0,Navi Mumbai,Odisha,East,Regular,2022-11-10
4876,Vasatika Madan,bhavikabehl@example.org,919702063483.0,Rajahmundry,Goa,West,Regular,2025-04-27
4877,Robert Lanka,paunicholas@example.org,918674171448.0,Tadipatri,Maharashtra,West,Regular,2023-11-30
4878,Ekalinga Konda,gauri68@example.com,8616248438.0,Ahmednagar,Uttar Pradesh,North,New,2022-08-24
4879,Zayan Mangal,vigeiravati@example.net,912386739796.0,Indore,Chhattisgarh,Central,New,2025-07-24
4880,Aadi Sur,mannanbalendra@example.org,912631251776.0,Vellore,Haryana,North,Regular,2024-11-06
4881,Jai Khatri,pateldaksh@example.net,4240128273.0,Arrah,Madhya Pradesh,West,Regular,2026-04-13
4882,Gagan Deep,yutika87@example.org,5702445209.0,Sagar,Jharkhand,East,Regular,2023-11-09
4883,Kashish Merchant,pauadvay@example.org,9851685052.0,Thoothukudi,Uttarakhand,Central,Regular,2024-10-21
4884,Anthony Setty,sanyadoctor@example.org,8225746544.0,Chinsurah,Bihar,East,Occasional,2023-09-12
4885,Chakrika Rana,gabawazir@example.com,917026726018.0,Noida,Assam,East,Regular,2023-06-15
4886,Bina Mutti,takagastya@example.com,8248149441.0,Kochi,Odisha,East,Regular,2024-11-02
4887,Odika Krishna,upasna09@example.com,4965459000.0,Unnao,Maharashtra,West,New,2024-04-20
4888,Chakradev Chanda,tejas48@example.com,919814897839.0,Srikakulam,Assam,East,New,2023-08-23
4889,Turvi Comar,ibandi@example.net,912801332780.0,Chandigarh,Uttar Pradesh,North,New,2022-08-16
4890,Chanchal Vaidya,ubikasuresh@example.org,6719495568.0,Vijayawada,Uttar Pradesh,North,Regular,2026-05-26
4891,Nisha Ben,atharv38@example.com,3596623546.0,Pudukkottai,West Bengal,East,Regular,2025-09-15
4892,Samar Sastry,vde@example.net,7405793760.0,Karaikudi,Tamil Nadu,South,New,2024-02-16
4893,Jhalak Dhaliwal,bariajoshua@example.com,1412258048.0,Tezpur,Himachal Pradesh,North,Regular,2024-12-01
4894,Ishwar Aggarwal,janya96@example.com,2878418567.0,Thrissur,Assam,East,Regular,2024-02-21
4895,Lila Ganesh,labansalvi@example.com,7244438077.0,Bhilwara,Jammu & Kashmir,Central,Occasional,2023-05-09
4896,Chaitaly Natarajan,mohantyshravya@example.net,7644150795.0,Thiruvananthapuram,Goa,West,New,2023-05-19
4897,Libni Dayal,orinder87@example.net,916944424987.0,Patiala,Rajasthan,North,Regular,2023-03-24
4898,Zansi Mangal,gbhatt@example.org,4513029990.0,Nagpur,Karnataka,South,Occasional,2024-01-08
4899,Krish Bal,oeshi25@example.org,7521497421.0,Bhusawal,Uttar Pradesh,North,Regular,2023-06-25
4900,Arya Ramakrishnan,osanghvi@example.com,760694202.0,South Dumdum,Delhi,North,Regular,2025-06-06
4901,Jyoti Dass,anvidasgupta@example.com,4979847401.0,Karawal Nagar,Karnataka,South,Regular,2025-05-18
4902,Veer Bahl,agrawalvivaan@example.com,1494923611.0,Jaunpur,Punjab,North,Regular,2024-05-07
4903,Sara Sibal,ekavirkapadia@example.net,914117027293.0,Etawah,Chhattisgarh,Central,Premium,2024-09-04
4904,Xavier Dubey,esule@example.com,7502483991.0,Agra,Andhra Pradesh,South,Premium,2025-01-14
4905,Faraj Nazareth,zansi92@example.net,917752235655.0,Satna,Andhra Pradesh,South,Regular,2026-02-20
4906,Lucky Tandon,avni10@example.com,5858834625.0,Jalna,Chhattisgarh,Central,Regular,2026-07-24
4907,Ekapad Choudhury,jthaman@example.org,918125954250.0,Sambalpur,Chhattisgarh,Central,Regular,2023-02-03
4908,Krish Samra,arinmahajan@example.com,914890804947.0,Kollam,Kerala,South,Regular,2023-11-21
4909,Warjas Bhagat,bramaswamy@example.com,914523692382.0,Vadodara,Jammu & Kashmir,Central,Occasional,2023-11-16
4910,Advay Goswami,darsh28@example.net,6830537894.0,Giridih,Himachal Pradesh,North,New,2026-04-07
4911,Pahal Thaman,warriorlipika@example.com,8646659352.0,Nagaon,Karnataka,South,New,2024-11-05
4912,Harish Gaba,dugalnaveen@example.net,119235737.0,Kavali,Karnataka,South,Regular,2024-02-28
4913,Kamala Barad,ghosenakul@example.com,1967031053.0,Kochi,Uttarakhand,Central,Premium,2023-08-07
4914,Manan Bail,yug37@example.net,5312847943.0,Gwalior,Jammu & Kashmir,Central,Regular,2025-11-19
4915,Faris Ravel,rkurian@example.com,4507421787.0,Bhopal,Goa,West,New,2024-03-01
4916,Urishilla Parekh,gautamitaneja@example.com,8364928966.0,Bangalore,Telangana,South,Regular,2022-10-28
4917,Veer Anand,srivastavanitesh@example.org,2653538218.0,Bhopal,Odisha,East,New,2026-03-28
4918,Bhavini Deshpande,viraj21@example.com,4935494109.0,Serampore,Delhi,North,Regular,2024-12-03
4919,Vinaya Saran,zrandhawa@example.org,7099935427.0,Cuttack,West Bengal,East,Premium,2024-10-21
4920,Fiyaz Shetty,fbanik@example.com,913096694162.0,Kulti,Maharashtra,West,New,2025-03-04
4921,Jatin Narayan,ghayre@example.com,910596160505.0,Shahjahanpur,Maharashtra,West,Occasional,2023-02-02
4922,Zansi Jani,sbarman@example.net,910819822283.0,Miryalaguda,Haryana,North,Premium,2024-01-10
4923,Advay Ravel,indali64@example.org,5819723961.0,Ramagundam,Assam,East,New,2025-04-21
4924,Parth Sarkar,rattaraksha@example.org,916605389445.0,Durg,Rajasthan,North,Regular,2023-04-27
4925,Ekantika Master,kandanaveen@example.org,1535795394.0,Bharatpur,Jharkhand,East,Regular,2025-03-22
4926,Ikbal Nagy,nagardeepa@example.com,916531933665.0,Mumbai,Goa,West,Premium,2025-03-07
4927,Anjali Ravi,dharyutika@example.org,4391322556.0,Dhanbad,Goa,West,Premium,2023-08-19
4928,Isaiah Master,damini78@example.org,4374826232.0,Jalandhar,Karnataka,South,Premium,2023-01-17
4929,Yamini Ramesh,indiraborah@example.org,7043124021.0,Pimpri-Chinchwad,Himachal Pradesh,North,Regular,2024-12-25
4930,Baghyawati Dua,lallageorge@example.com,910191540224.0,Vijayanagaram,Madhya Pradesh,West,Regular,2025-04-01
4931,Advay Mukherjee,nhayer@example.net,910026839700.0,Jhansi,Madhya Pradesh,West,New,2023-09-06
4932,Rehaan Yadav,andrajackson@example.org,1150647566.0,Jammu,Madhya Pradesh,West,Regular,2023-10-03
4933,Ekbal Buch,srinivasanmeghana@example.net,7340361840.0,Bareilly,Madhya Pradesh,West,Occasional,2025-03-17
4934,Anita Saran,bediyochana@example.org,918465032077.0,Machilipatnam,Kerala,South,Regular,2023-10-14
4935,Falguni Sankar,veer31@example.net,7684638834.0,Dhule,Andhra Pradesh,South,Regular,2026-01-04
4936,Ekbal Viswanathan,devika50@example.net,915284312954.0,Jamshedpur,Gujarat,West,Regular,2025-07-09
4937,Wriddhish Prakash,deepaseshadri@example.org,3900672825.0,Tumkur,Karnataka,South,Regular,2023-07-30
4938,Qabil Jhaveri,gavinchadha@example.org,917734217697.0,Faridabad,Madhya Pradesh,West,Regular,2025-12-08
4939,Janya Gandhi,ayushmannarasimhan@example.net,7988455427.0,Delhi,Bihar,East,Regular,2026-04-19
4940,Nirja Kaul,toorfaqid@example.net,3281595726.0,Haldia,Gujarat,West,Regular,2024-02-02
4941,Ucchal Rau,omgavin@example.net,917972882463.0,Miryalaguda,Uttarakhand,Central,Regular,2025-06-11
4942,Tejas Dhillon,bhargavagarima@example.com,5768017829.0,Bhusawal,Madhya Pradesh,West,Regular,2025-06-09
4943,Fitan Pandya,harrison96@example.com,8169172314.0,Bilaspur,Andhra Pradesh,South,Occasional,2024-10-07
4944,Yatin Palla,zilmil13@example.com,912689200582.0,Pudukkottai,Haryana,North,Occasional,2023-02-19
4945,Shravya Manne,dhruv81@example.com,9507141580.0,Erode,Haryana,North,New,2023-08-23
4946,Karan Brahmbhatt,sekhonmanbir@example.net,8435979035.0,Hapur,Uttarakhand,Central,Regular,2024-02-09
4947,Oni Thaker,faggarwal@example.com,8403105953.0,Mirzapur,Uttarakhand,Central,New,2023-01-29
4948,Yashica Parsa,lalllogan@example.com,2696682494.0,Agartala,Madhya Pradesh,West,Regular,2025-08-03
4949,Eta Sarma,qdave@example.com,5840352621.0,Howrah,Bihar,East,Regular,2024-03-19
4950,Urvashi Mohan,wridesh71@example.org,913153912040.0,Machilipatnam,Assam,East,Regular,2023-11-03
4951,Maya Kant,nayaryamini@example.com,451329311.0,Malda,Rajasthan,North,Regular,2023-06-18
4952,Bhavani Khalsa,vaidyalajita@example.net,917012677079.0,Rajkot,Odisha,East,New,2023-01-21
4953,Praneel Lad,gaganmorar@example.com,6820401807.0,Kavali,Kerala,South,Premium,2023-10-15
4954,Akshay Sachdev,kavya34@example.com,5765139601.0,Bareilly,Maharashtra,West,Regular,2024-10-11
4955,Gautam Balakrishnan,varora@example.org,914727122463.0,Dehri,Jharkhand,East,Regular,2023-07-28
4956,Chaaya Thaman,ukara@example.org,918501468977.0,Etawah,Bihar,East,Occasional,2023-09-23
4957,Yutika Samra,zsankar@example.net,6170277591.0,Jaipur,Jharkhand,East,New,2023-06-23
4958,Aahana Vora,diyacherian@example.net,6701037756.0,Bettiah,Uttarakhand,Central,Premium,2024-07-13
4959,Ekaja Mahal,ssrinivasan@example.org,5221976645.0,Bhind,Bihar,East,Occasional,2025-10-20
4960,Nilima Mammen,turvi00@example.org,6295668051.0,Adoni,Assam,East,Occasional,2022-12-24
4961,Mason Nadkarni,yutika77@example.net,1268531400.0,Bokaro,Telangana,South,Premium,2023-11-26
4962,Priya Sood,radhabalakrishnan@example.com,917136445923.0,Bardhaman,Andhra Pradesh,South,Premium,2023-08-08
4963,Jagvi Buch,chamelirau@example.org,2559569231.0,Gorakhpur,Haryana,North,Premium,2026-01-21
4964,Parth Prakash,mbarad@example.com,918373391848.0,Lucknow,Punjab,North,New,2026-05-18
4965,Ekansh Narasimhan,majumdarjalsa@example.com,7439002089.0,Rampur,Uttarakhand,Central,Regular,2026-05-29
4966,Arya Rau,lmalhotra@example.com,4182754307.0,Barasat,Madhya Pradesh,West,Premium,2022-11-09
4967,Sara Mody,wcherian@example.com,4996472366.0,Aurangabad,West Bengal,East,Regular,2025-04-16
4968,Ekbal Magar,kaurora@example.com,4049861117.0,Shimoga,Kerala,South,New,2024-07-26
4969,Jairaj Kumer,ppalla@example.net,6192400120.0,Adoni,West Bengal,East,Premium,2025-12-28
4970,Ishita Morar,sharmaparth@example.com,3129340472.0,Srinagar,Tamil Nadu,South,Regular,2024-09-30
4971,Kamala Samra,dhillonoeshi@example.com,914062096317.0,Nizamabad,Uttarakhand,Central,Premium,2024-08-09
4972,Gopal Krishnan,radhikasachar@example.net,98678000.0,Latur,Odisha,East,Premium,2024-12-16
4973,Rayaan Mannan,gokhaleishita@example.com,1081939015.0,Lucknow,Assam,East,New,2023-06-20
4974,Omkaar Rege,kashvi19@example.com,3989547690.0,Tiruchirappalli,Karnataka,South,Occasional,2023-12-17
4975,Udant Cheema,chandran35@example.com,9062248139.0,Dharmavaram,Jammu & Kashmir,Central,Regular,2024-01-17
4976,Quincy Venkataraman,fdatta@example.com,1140200731.0,Eluru,Himachal Pradesh,North,New,2025-10-25
4977,Nitesh Purohit,zsuresh@example.com,3917104341.0,Sikar,Jammu & Kashmir,Central,Regular,2025-06-15
4978,Zayan Tara,saichada@example.com,6114788244.0,Khammam,Madhya Pradesh,West,New,2023-03-03
4979,Arya Deo,mmerchant@example.net,6945915116.0,Sambalpur,Haryana,North,Regular,2026-01-04
4980,Yoshita Sarraf,narayangauri@example.org,6230137189.0,Siliguri,Kerala,South,Regular,2023-01-16
4981,Mekhala Sandal,kiaan68@example.com,910744014366.0,Rohtak,Maharashtra,West,Regular,2026-03-27
4982,Advik Edwin,priya66@example.net,5029971893.0,Amravati,Andhra Pradesh,South,Premium,2025-09-20
4983,Reva Dass,gaurangigala@example.net,8807196314.0,Tezpur,Chhattisgarh,Central,Premium,2025-03-02
4984,Falan Ramachandran,hdubey@example.org,3908159732.0,Karaikudi,West Bengal,East,Occasional,2022-11-18
4985,Isaac Chacko,aashi29@example.com,9457299872.0,Pune,Goa,West,Regular,2025-06-11
4986,Zarna Tailor,savanthemal@example.org,5132909713.0,Rajpur Sonarpur,Uttarakhand,Central,Regular,2024-09-09
4987,Eiravati Varty,aarinikhare@example.com,4972779134.0,Dhanbad,Chhattisgarh,Central,Regular,2024-12-16
4988,Yatan Dhawan,zbose@example.com,4568794685.0,Pali,Delhi,North,Regular,2025-01-25
4989,Yatan Lata,panditmaanas@example.net,970468322.0,Rajpur Sonarpur,Assam,East,Premium,2024-08-03
4990,Bhavani Tandon,mohantyishita@example.net,3401099866.0,Raiganj,Kerala,South,New,2025-07-04
4991,Suhani Handa,sbahl@example.com,4348750029.0,Ghaziabad,Maharashtra,West,Premium,2025-01-15
4992,Hamsini Bandi,patrick16@example.net,1635772089.0,Udupi,Jharkhand,East,Regular,2024-05-12
4993,Nimrat Buch,xmitter@example.net,9398216119.0,Saharsa,Chhattisgarh,Central,Premium,2023-01-21
4994,Aradhana Deshmukh,vwalia@example.org,830007537.0,Anantapuram,Assam,East,New,2025-08-25
4995,Urmi Rattan,kiberajeshri@example.org,4433278855.0,Rohtak,Rajasthan,North,Regular,2023-04-28
4996,Lakshmi Dhawan,ushanker@example.com,910236031650.0,Serampore,Andhra Pradesh,South,Regular,2025-06-26
4997,Watika Kanda,balendramurthy@example.org,7718887494.0,Belgaum,Uttar Pradesh,North,Regular,2024-01-30
4998,Zaitra Dara,mammendaksh@example.net,7319197568.0,Akola,Chhattisgarh,Central,Occasional,2023-07-14
4999,Amol Loyal,radhika98@example.com,3486547223.0,Nellore,Tamil Nadu,South,New,2024-04-27
5000,Udarsh Tara,parmerpooja@example.com,8020347233.0,Bhavnagar,Odisha,East,Regular,2022-09-25
