customer_id,recency,frequency,monetary,R_score,F_score,M_score,RFM_score,RFM_total,segment
1,26,30,213026.68,5,5,5,555,15,Champions
2,36,33,271013.05,4,5,5,455,14,Champions
3,22,39,456300.95,5,5,5,555,15,Champions
4,18,30,307898.27,5,5,5,555,15,Champions
5,48,25,316936.03,4,5,5,455,14,Champions
6,16,37,439693.04,5,5,5,555,15,Champions
7,28,34,263219.05,5,5,5,555,15,Champions
8,52,29,344445.56,4,5,5,455,14,Champions
9,4,31,253783.92,5,5,5,555,15,Champions
10,3,30,281946.56,5,5,5,555,15,Champions
11,6,36,329375.44,5,5,5,555,15,Champions
12,76,31,243278.07,3,5,5,355,13,Loyal Customers
13,18,35,257470.9,5,5,5,555,15,Champions
14,79,26,256112.63,3,5,5,355,13,Loyal Customers
15,25,39,562502.28,5,5,5,555,15,Champions
16,5,30,472000.03,5,5,5,555,15,Champions
17,14,36,618437.57,5,5,5,555,15,Champions
18,3,29,290520.68,5,5,5,555,15,Champions
19,2,30,397189.76,5,5,5,555,15,Champions
20,19,30,229120.71,5,5,5,555,15,Champions
21,1,34,482055.38,5,5,5,555,15,Champions
22,21,33,324463.34,5,5,5,555,15,Champions
23,7,22,303068.43,5,5,5,555,15,Champions
24,2,33,529437.6,5,5,5,555,15,Champions
25,24,29,243474.89,5,5,5,555,15,Champions
26,14,28,276906.29,5,5,5,555,15,Champions
27,10,29,434860.95,5,5,5,555,15,Champions
28,27,29,570409.73,5,5,5,555,15,Champions
29,77,37,593385.17,3,5,5,355,13,Loyal Customers
30,21,31,374529.51,5,5,5,555,15,Champions
31,5,24,151364.14,5,5,4,554,14,Champions
32,5,28,374694.41,5,5,5,555,15,Champions
33,33,35,650590.45,4,5,5,455,14,Champions
34,59,31,211567.93,4,5,4,454,13,Champions
35,109,40,357532.82,3,5,5,355,13,Loyal Customers
36,8,26,209361.64,5,5,4,554,14,Champions
37,5,27,241129.44,5,5,5,555,15,Champions
38,21,35,310104.2,5,5,5,555,15,Champions
39,10,40,695035.11,5,5,5,555,15,Champions
40,13,33,206002.72,5,5,4,554,14,Champions
41,34,27,315751.96,4,5,5,455,14,Champions
42,80,26,193973.23,3,5,4,354,12,Loyal Customers
43,9,30,288840.63,5,5,5,555,15,Champions
44,9,28,545930.83,5,5,5,555,15,Champions
45,10,31,451166.93,5,5,5,555,15,Champions
46,83,38,374010.04,3,5,5,355,13,Loyal Customers
47,12,34,244387.9,5,5,5,555,15,Champions
48,2,41,517278.3,5,5,5,555,15,Champions
49,71,34,313411.65,4,5,5,455,14,Champions
50,37,23,802268.91,4,5,5,455,14,Champions
51,28,36,682010.61,5,5,5,555,15,Champions
52,5,33,295622.56,5,5,5,555,15,Champions
53,56,32,427498.78,4,5,5,455,14,Champions
54,40,34,180066.37,4,5,4,454,13,Champions
55,12,21,143953.88,5,5,4,554,14,Champions
56,48,31,482432.61,4,5,5,455,14,Champions
57,4,39,477780.78,5,5,5,555,15,Champions
58,15,31,313104.07,5,5,5,555,15,Champions
59,1,28,372792.42,5,5,5,555,15,Champions
60,10,29,340300.96,5,5,5,555,15,Champions
61,24,27,404233.26,5,5,5,555,15,Champions
62,26,31,694335.15,5,5,5,555,15,Champions
63,15,28,206081.25,5,5,4,554,14,Champions
64,57,35,249630.39,4,5,5,455,14,Champions
65,12,31,328484.28,5,5,5,555,15,Champions
66,73,19,268456.05,4,5,5,455,14,Champions
67,74,20,168241.6,3,5,4,354,12,Loyal Customers
68,55,24,262051.18,4,5,5,455,14,Champions
69,34,28,623067.92,4,5,5,455,14,Champions
70,87,41,548512.43,3,5,5,355,13,Loyal Customers
71,39,27,405825.67,4,5,5,455,14,Champions
72,61,22,143371.33,4,5,4,454,13,Champions
73,50,28,279128.28,4,5,5,455,14,Champions
74,71,27,197816.6,4,5,4,454,13,Champions
75,14,28,631538.12,5,5,5,555,15,Champions
76,178,25,226490.13,2,5,5,255,12,At Risk
77,5,33,572102.87,5,5,5,555,15,Champions
78,33,30,510068.15,4,5,5,455,14,Champions
79,13,28,121810.64,5,5,4,554,14,Champions
80,55,32,300534.38,4,5,5,455,14,Champions
81,12,31,449993.7,5,5,5,555,15,Champions
82,88,28,546597.6,3,5,5,355,13,Loyal Customers
83,36,25,422431.25,4,5,5,455,14,Champions
84,2,38,381581.25,5,5,5,555,15,Champions
85,4,25,171571.52,5,5,4,554,14,Champions
86,151,30,375393.94,3,5,5,355,13,Loyal Customers
87,10,29,302958.36,5,5,5,555,15,Champions
88,7,34,192047.97,5,5,4,554,14,Champions
89,85,35,341138.63,3,5,5,355,13,Loyal Customers
90,29,45,680753.41,4,5,5,455,14,Champions
91,40,38,636469.04,4,5,5,455,14,Champions
92,32,28,309085.03,4,5,5,455,14,Champions
93,32,20,257956.05,4,5,5,455,14,Champions
94,19,31,444324.3,5,5,5,555,15,Champions
95,5,27,268241.05,5,5,5,555,15,Champions
96,29,36,332946.25,4,5,5,455,14,Champions
97,47,29,395333.27,4,5,5,455,14,Champions
98,68,29,180882.66,4,5,4,454,13,Champions
99,10,34,285573.17,5,5,5,555,15,Champions
100,20,33,241240.47,5,5,5,555,15,Champions
101,7,30,211114.57,5,5,4,554,14,Champions
102,3,31,285386.1,5,5,5,555,15,Champions
103,23,39,644432.47,5,5,5,555,15,Champions
104,18,28,829192.81,5,5,5,555,15,Champions
105,87,36,429954.48,3,5,5,355,13,Loyal Customers
106,32,39,528243.22,4,5,5,455,14,Champions
107,50,28,355902.31,4,5,5,455,14,Champions
108,35,21,241339.24,4,5,5,455,14,Champions
109,85,30,690177.16,3,5,5,355,13,Loyal Customers
110,121,29,345234.67,3,5,5,355,13,Loyal Customers
111,36,34,577011.51,4,5,5,455,14,Champions
112,12,38,551873.1,5,5,5,555,15,Champions
113,6,24,107617.84,5,5,4,554,14,Champions
114,20,41,440364.29,5,5,5,555,15,Champions
115,23,29,400924.53,5,5,5,555,15,Champions
116,29,36,684904.84,4,5,5,455,14,Champions
117,1,36,373933.57,5,5,5,555,15,Champions
118,27,34,328163.62,5,5,5,555,15,Champions
119,51,31,546374.58,4,5,5,455,14,Champions
120,107,35,336006.89,3,5,5,355,13,Loyal Customers
121,36,28,381397.69,4,5,5,455,14,Champions
122,101,22,515442.57,3,5,5,355,13,Loyal Customers
123,6,24,137765.74,5,5,4,554,14,Champions
124,39,28,178560.76,4,5,4,454,13,Champions
125,6,24,345617.01,5,5,5,555,15,Champions
126,92,20,130232.05,3,5,4,354,12,Loyal Customers
127,160,29,519179.56,2,5,5,255,12,At Risk
128,30,37,326138.93,4,5,5,455,14,Champions
129,35,25,614069.16,4,5,5,455,14,Champions
130,85,24,367884.56,3,5,5,355,13,Loyal Customers
131,5,45,551308.65,5,5,5,555,15,Champions
132,8,27,177724.01,5,5,4,554,14,Champions
133,25,30,138810.48,5,5,4,554,14,Champions
134,8,27,289265.18,5,5,5,555,15,Champions
135,53,31,280468.42,4,5,5,455,14,Champions
136,59,30,266700.75,4,5,5,455,14,Champions
137,12,34,587561.91,5,5,5,555,15,Champions
138,54,32,318824.62,4,5,5,455,14,Champions
139,4,24,177639.38,5,5,4,554,14,Champions
140,1,34,453181.35,5,5,5,555,15,Champions
141,7,37,324129.0,5,5,5,555,15,Champions
142,65,25,136268.23,4,5,4,454,13,Champions
143,62,28,544989.44,4,5,5,455,14,Champions
144,18,35,532533.91,5,5,5,555,15,Champions
145,77,28,469166.06,3,5,5,355,13,Loyal Customers
146,22,30,215005.76,5,5,5,555,15,Champions
147,8,32,564701.81,5,5,5,555,15,Champions
148,20,24,291756.26,5,5,5,555,15,Champions
149,38,32,272270.2,4,5,5,455,14,Champions
150,84,36,395590.79,3,5,5,355,13,Loyal Customers
151,77,25,153372.71,3,5,4,354,12,Loyal Customers
152,27,24,178226.0,5,5,4,554,14,Champions
153,50,24,410866.84,4,5,5,455,14,Champions
154,21,28,461464.72,5,5,5,555,15,Champions
155,78,30,420424.37,3,5,5,355,13,Loyal Customers
156,10,31,263593.75,5,5,5,555,15,Champions
157,18,29,413882.56,5,5,5,555,15,Champions
158,134,28,536620.25,3,5,5,355,13,Loyal Customers
159,3,28,124901.53,5,5,4,554,14,Champions
160,16,37,419569.65,5,5,5,555,15,Champions
161,56,26,258935.11,4,5,5,455,14,Champions
162,4,32,400680.84,5,5,5,555,15,Champions
163,53,22,359721.07,4,5,5,455,14,Champions
164,19,42,722436.95,5,5,5,555,15,Champions
165,9,34,409193.61,5,5,5,555,15,Champions
166,58,22,379119.85,4,5,5,455,14,Champions
167,1,33,307886.73,5,5,5,555,15,Champions
168,14,32,456985.03,5,5,5,555,15,Champions
169,3,30,209947.78,5,5,4,554,14,Champions
170,3,35,872199.84,5,5,5,555,15,Champions
171,83,33,228274.87,3,5,5,355,13,Loyal Customers
172,62,31,223820.09,4,5,5,455,14,Champions
173,23,30,338315.08,5,5,5,555,15,Champions
174,35,40,590304.2,4,5,5,455,14,Champions
175,72,25,195649.83,4,5,4,454,13,Champions
176,40,25,968398.39,4,5,5,455,14,Champions
177,39,35,208667.21,4,5,4,454,13,Champions
178,20,35,367299.97,5,5,5,555,15,Champions
179,44,25,173937.23,4,5,4,454,13,Champions
180,2,29,257927.74,5,5,5,555,15,Champions
181,24,38,261020.53,5,5,5,555,15,Champions
182,77,36,358377.29,3,5,5,355,13,Loyal Customers
183,7,30,386731.65,5,5,5,555,15,Champions
184,29,35,182291.19,4,5,4,454,13,Champions
185,18,38,397696.17,5,5,5,555,15,Champions
186,9,26,219358.6,5,5,5,555,15,Champions
187,16,28,282661.56,5,5,5,555,15,Champions
188,87,31,214886.7,3,5,5,355,13,Loyal Customers
189,23,24,164418.83,5,5,4,554,14,Champions
190,30,29,517391.84,4,5,5,455,14,Champions
191,85,28,537433.15,3,5,5,355,13,Loyal Customers
192,8,37,592026.19,5,5,5,555,15,Champions
193,13,27,142655.66,5,5,4,554,14,Champions
194,92,24,275383.54,3,5,5,355,13,Loyal Customers
195,1,30,404251.04,5,5,5,555,15,Champions
196,11,27,158318.87,5,5,4,554,14,Champions
197,53,30,457702.69,4,5,5,455,14,Champions
198,97,37,633627.6,3,5,5,355,13,Loyal Customers
199,13,36,559144.09,5,5,5,555,15,Champions
200,8,33,335499.78,5,5,5,555,15,Champions
201,17,31,559097.72,5,5,5,555,15,Champions
202,33,37,490628.78,4,5,5,455,14,Champions
203,20,32,434660.06,5,5,5,555,15,Champions
204,11,24,455177.36,5,5,5,555,15,Champions
205,63,28,297122.15,4,5,5,455,14,Champions
206,68,22,412762.7,4,5,5,455,14,Champions
207,9,33,530117.23,5,5,5,555,15,Champions
208,10,33,437814.55,5,5,5,555,15,Champions
209,21,36,784193.8,5,5,5,555,15,Champions
210,19,34,358758.04,5,5,5,555,15,Champions
211,20,34,265753.22,5,5,5,555,15,Champions
212,1,36,516406.41,5,5,5,555,15,Champions
213,37,18,100138.43,4,4,4,444,12,Champions
214,4,20,286284.25,5,5,5,555,15,Champions
215,3,30,374888.4,5,5,5,555,15,Champions
216,40,24,158985.45,4,5,4,454,13,Champions
217,62,31,365838.25,4,5,5,455,14,Champions
218,15,22,631791.91,5,5,5,555,15,Champions
219,70,31,180921.93,4,5,4,454,13,Champions
220,104,23,265624.78,3,5,5,355,13,Loyal Customers
221,32,38,860510.1,4,5,5,455,14,Champions
222,19,28,223026.84,5,5,5,555,15,Champions
223,18,34,411634.97,5,5,5,555,15,Champions
224,28,32,347638.35,5,5,5,555,15,Champions
225,8,35,496121.51,5,5,5,555,15,Champions
226,100,35,299826.44,3,5,5,355,13,Loyal Customers
227,17,36,418224.43,5,5,5,555,15,Champions
228,7,23,172221.64,5,5,4,554,14,Champions
229,52,32,501571.63,4,5,5,455,14,Champions
230,9,40,488195.34,5,5,5,555,15,Champions
231,14,33,215766.75,5,5,5,555,15,Champions
232,24,30,351081.54,5,5,5,555,15,Champions
233,56,22,155207.41,4,5,4,454,13,Champions
234,145,19,216518.62,3,5,5,355,13,Loyal Customers
235,40,24,190546.22,4,5,4,454,13,Champions
236,26,23,304474.45,5,5,5,555,15,Champions
237,30,29,263950.28,4,5,5,455,14,Champions
238,137,22,319717.82,3,5,5,355,13,Loyal Customers
239,6,40,821089.89,5,5,5,555,15,Champions
240,14,25,457820.28,5,5,5,555,15,Champions
241,4,34,520513.84,5,5,5,555,15,Champions
242,172,33,273404.71,2,5,5,255,12,At Risk
243,2,22,301372.44,5,5,5,555,15,Champions
244,60,24,156935.5,4,5,4,454,13,Champions
245,18,27,324757.81,5,5,5,555,15,Champions
246,1,30,124241.18,5,5,4,554,14,Champions
247,12,33,1111204.97,5,5,5,555,15,Champions
248,14,38,382713.21,5,5,5,555,15,Champions
249,68,20,278795.37,4,5,5,455,14,Champions
250,6,37,549844.59,5,5,5,555,15,Champions
251,16,28,533163.03,5,5,5,555,15,Champions
252,3,30,466349.55,5,5,5,555,15,Champions
253,21,31,367070.8,5,5,5,555,15,Champions
254,17,27,285333.58,5,5,5,555,15,Champions
255,12,40,577592.23,5,5,5,555,15,Champions
256,29,27,251546.84,4,5,5,455,14,Champions
257,52,34,408014.19,4,5,5,455,14,Champions
258,46,38,564349.94,4,5,5,455,14,Champions
259,50,33,347979.48,4,5,5,455,14,Champions
260,12,31,524879.93,5,5,5,555,15,Champions
261,64,29,632313.34,4,5,5,455,14,Champions
262,32,35,316777.96,4,5,5,455,14,Champions
263,65,37,569378.07,4,5,5,455,14,Champions
264,3,30,273955.79,5,5,5,555,15,Champions
265,82,22,155180.79,3,5,4,354,12,Loyal Customers
266,22,28,275586.96,5,5,5,555,15,Champions
267,23,23,487567.92,5,5,5,555,15,Champions
268,43,35,660468.86,4,5,5,455,14,Champions
269,3,29,128246.62,5,5,4,554,14,Champions
270,21,32,438705.65,5,5,5,555,15,Champions
271,22,27,204006.52,5,5,4,554,14,Champions
272,39,26,603902.91,4,5,5,455,14,Champions
273,61,18,389304.47,4,5,5,455,14,Champions
274,85,38,862660.32,3,5,5,355,13,Loyal Customers
275,19,39,525376.33,5,5,5,555,15,Champions
276,55,37,450590.09,4,5,5,455,14,Champions
277,5,33,452153.9,5,5,5,555,15,Champions
278,50,30,252198.78,4,5,5,455,14,Champions
279,37,31,238393.04,4,5,5,455,14,Champions
280,15,28,341590.02,5,5,5,555,15,Champions
281,4,38,656160.4,5,5,5,555,15,Champions
282,6,23,157546.84,5,5,4,554,14,Champions
283,11,38,259759.87,5,5,5,555,15,Champions
284,59,25,339506.46,4,5,5,455,14,Champions
285,53,30,387982.59,4,5,5,455,14,Champions
286,2,35,408805.12,5,5,5,555,15,Champions
287,65,36,286970.0,4,5,5,455,14,Champions
288,4,25,546244.22,5,5,5,555,15,Champions
289,7,40,537857.45,5,5,5,555,15,Champions
290,11,24,289739.6,5,5,5,555,15,Champions
291,36,24,136461.67,4,5,4,454,13,Champions
292,1,38,410807.44,5,5,5,555,15,Champions
293,1,23,167747.76,5,5,4,554,14,Champions
294,70,27,521112.37,4,5,5,455,14,Champions
295,36,31,368787.05,4,5,5,455,14,Champions
296,53,24,457745.23,4,5,5,455,14,Champions
297,49,35,181250.15,4,5,4,454,13,Champions
298,10,35,297337.11,5,5,5,555,15,Champions
299,51,31,455740.55,4,5,5,455,14,Champions
300,18,20,173767.1,5,5,4,554,14,Champions
301,62,25,280667.2,4,5,5,455,14,Champions
302,57,24,254545.38,4,5,5,455,14,Champions
303,3,26,356239.94,5,5,5,555,15,Champions
304,17,30,824604.88,5,5,5,555,15,Champions
305,26,34,363163.81,5,5,5,555,15,Champions
306,35,37,318883.12,4,5,5,455,14,Champions
307,80,33,554900.55,3,5,5,355,13,Loyal Customers
308,127,25,169023.53,3,5,4,354,12,Loyal Customers
309,2,31,425959.15,5,5,5,555,15,Champions
310,74,41,551565.03,3,5,5,355,13,Loyal Customers
311,12,26,566041.51,5,5,5,555,15,Champions
312,3,27,447322.5,5,5,5,555,15,Champions
313,11,30,394281.57,5,5,5,555,15,Champions
314,44,26,217872.64,4,5,5,455,14,Champions
315,3,25,220576.28,5,5,5,555,15,Champions
316,4,38,512884.98,5,5,5,555,15,Champions
317,24,26,510446.93,5,5,5,555,15,Champions
318,34,28,473178.99,4,5,5,455,14,Champions
319,8,28,483914.25,5,5,5,555,15,Champions
320,1,33,272278.47,5,5,5,555,15,Champions
321,24,25,309703.39,5,5,5,555,15,Champions
322,5,29,139810.87,5,5,4,554,14,Champions
323,3,30,649852.41,5,5,5,555,15,Champions
324,14,37,586325.39,5,5,5,555,15,Champions
325,9,34,219810.6,5,5,5,555,15,Champions
326,20,32,512610.7,5,5,5,555,15,Champions
327,54,41,453958.43,4,5,5,455,14,Champions
328,41,23,348697.5,4,5,5,455,14,Champions
329,54,23,127934.9,4,5,4,454,13,Champions
330,80,34,329006.76,3,5,5,355,13,Loyal Customers
331,10,41,376056.73,5,5,5,555,15,Champions
332,71,21,279589.66,4,5,5,455,14,Champions
333,15,34,344519.56,5,5,5,555,15,Champions
334,53,29,342118.45,4,5,5,455,14,Champions
335,41,32,335736.93,4,5,5,455,14,Champions
336,21,26,325343.85,5,5,5,555,15,Champions
337,12,42,978367.83,5,5,5,555,15,Champions
338,60,28,174680.95,4,5,4,454,13,Champions
339,40,23,529196.45,4,5,5,455,14,Champions
340,4,26,162180.92,5,5,4,554,14,Champions
341,22,40,769215.31,5,5,5,555,15,Champions
342,56,23,270118.68,4,5,5,455,14,Champions
343,38,25,532751.54,4,5,5,455,14,Champions
344,44,33,295644.95,4,5,5,455,14,Champions
345,3,32,337806.96,5,5,5,555,15,Champions
346,36,31,306364.67,4,5,5,455,14,Champions
347,11,27,487014.18,5,5,5,555,15,Champions
348,26,32,366740.33,5,5,5,555,15,Champions
349,13,28,454181.82,5,5,5,555,15,Champions
350,41,31,174020.03,4,5,4,454,13,Champions
351,77,26,211272.11,3,5,4,354,12,Loyal Customers
352,13,25,416588.56,5,5,5,555,15,Champions
353,11,30,201962.51,5,5,4,554,14,Champions
354,17,26,373979.71,5,5,5,555,15,Champions
355,8,37,243190.86,5,5,5,555,15,Champions
356,6,37,535229.65,5,5,5,555,15,Champions
357,5,39,451355.19,5,5,5,555,15,Champions
358,79,20,84658.68,3,5,4,354,12,Loyal Customers
359,39,24,193689.38,4,5,4,454,13,Champions
360,4,31,135895.1,5,5,4,554,14,Champions
361,66,31,525789.28,4,5,5,455,14,Champions
362,109,31,288540.07,3,5,5,355,13,Loyal Customers
363,1,46,346028.04,5,5,5,555,15,Champions
364,47,30,313313.64,4,5,5,455,14,Champions
365,2,32,522100.46,5,5,5,555,15,Champions
366,28,32,237500.21,5,5,5,555,15,Champions
367,3,19,646542.65,5,5,5,555,15,Champions
368,30,41,340721.29,4,5,5,455,14,Champions
369,7,21,366843.36,5,5,5,555,15,Champions
370,1,42,693727.35,5,5,5,555,15,Champions
371,6,26,168790.11,5,5,4,554,14,Champions
372,35,27,205720.54,4,5,4,454,13,Champions
373,61,21,223524.93,4,5,5,455,14,Champions
374,30,21,128428.01,4,5,4,454,13,Champions
375,129,26,314651.47,3,5,5,355,13,Loyal Customers
376,5,23,295986.85,5,5,5,555,15,Champions
377,57,28,816628.39,4,5,5,455,14,Champions
378,19,35,260320.43,5,5,5,555,15,Champions
379,3,28,144764.21,5,5,4,554,14,Champions
380,47,27,298068.85,4,5,5,455,14,Champions
381,9,23,431871.15,5,5,5,555,15,Champions
382,18,37,1062194.41,5,5,5,555,15,Champions
383,74,31,292755.12,3,5,5,355,13,Loyal Customers
384,82,26,316238.82,3,5,5,355,13,Loyal Customers
385,28,16,108247.66,5,4,4,544,13,Champions
386,44,29,285223.14,4,5,5,455,14,Champions
387,5,30,280427.81,5,5,5,555,15,Champions
388,11,21,127359.49,5,5,4,554,14,Champions
389,9,26,332677.72,5,5,5,555,15,Champions
390,129,29,194933.72,3,5,4,354,12,Loyal Customers
391,110,26,535358.67,3,5,5,355,13,Loyal Customers
392,25,22,238952.76,5,5,5,555,15,Champions
393,11,31,677961.95,5,5,5,555,15,Champions
394,31,29,422043.97,4,5,5,455,14,Champions
395,52,28,156918.99,4,5,4,454,13,Champions
396,39,23,446763.77,4,5,5,455,14,Champions
397,73,23,198111.09,4,5,4,454,13,Champions
398,21,25,505254.22,5,5,5,555,15,Champions
399,54,24,201274.48,4,5,4,454,13,Champions
400,59,29,492678.13,4,5,5,455,14,Champions
401,4,37,176029.58,5,5,4,554,14,Champions
402,1,24,154710.42,5,5,4,554,14,Champions
403,4,22,491841.65,5,5,5,555,15,Champions
404,31,24,272097.62,4,5,5,455,14,Champions
405,93,25,239228.66,3,5,5,355,13,Loyal Customers
406,20,34,380241.08,5,5,5,555,15,Champions
407,131,22,387412.96,3,5,5,355,13,Loyal Customers
408,5,34,484968.42,5,5,5,555,15,Champions
409,32,28,374191.44,4,5,5,455,14,Champions
410,25,24,149987.62,5,5,4,554,14,Champions
411,4,31,388028.98,5,5,5,555,15,Champions
412,32,33,246371.27,4,5,5,455,14,Champions
413,18,31,567599.37,5,5,5,555,15,Champions
414,33,33,226975.5,4,5,5,455,14,Champions
415,9,30,228928.55,5,5,5,555,15,Champions
416,104,28,365099.13,3,5,5,355,13,Loyal Customers
417,25,30,683104.1,5,5,5,555,15,Champions
418,17,34,694171.92,5,5,5,555,15,Champions
419,56,31,281351.34,4,5,5,455,14,Champions
420,38,28,306902.76,4,5,5,455,14,Champions
421,7,37,239348.03,5,5,5,555,15,Champions
422,84,28,214062.15,3,5,5,355,13,Loyal Customers
423,2,27,191106.55,5,5,4,554,14,Champions
424,26,31,576670.19,5,5,5,555,15,Champions
425,30,38,323811.05,4,5,5,455,14,Champions
426,10,28,498192.25,5,5,5,555,15,Champions
427,105,26,423679.13,3,5,5,355,13,Loyal Customers
428,86,32,546582.0,3,5,5,355,13,Loyal Customers
429,15,26,296809.61,5,5,5,555,15,Champions
430,55,34,351892.84,4,5,5,455,14,Champions
431,91,30,286813.08,3,5,5,355,13,Loyal Customers
432,10,28,398953.95,5,5,5,555,15,Champions
433,1,30,847731.45,5,5,5,555,15,Champions
434,44,27,176052.59,4,5,4,454,13,Champions
435,20,31,227566.5,5,5,5,555,15,Champions
436,76,23,575936.06,3,5,5,355,13,Loyal Customers
437,119,24,221667.34,3,5,5,355,13,Loyal Customers
438,9,26,205410.55,5,5,4,554,14,Champions
439,58,35,417875.72,4,5,5,455,14,Champions
440,103,21,389675.02,3,5,5,355,13,Loyal Customers
441,38,27,224488.25,4,5,5,455,14,Champions
442,44,35,573163.28,4,5,5,455,14,Champions
443,12,28,143051.22,5,5,4,554,14,Champions
444,10,50,494926.69,5,5,5,555,15,Champions
445,34,29,246374.38,4,5,5,455,14,Champions
446,2,34,518849.35,5,5,5,555,15,Champions
447,26,34,648230.48,5,5,5,555,15,Champions
448,31,18,144837.87,4,5,4,454,13,Champions
449,22,25,205882.69,5,5,4,554,14,Champions
450,63,36,423263.53,4,5,5,455,14,Champions
451,19,30,270227.34,5,5,5,555,15,Champions
452,3,27,319647.6,5,5,5,555,15,Champions
453,36,37,427465.43,4,5,5,455,14,Champions
454,16,26,431333.79,5,5,5,555,15,Champions
455,84,22,185768.85,3,5,4,354,12,Loyal Customers
456,52,29,231111.42,4,5,5,455,14,Champions
457,14,28,339942.81,5,5,5,555,15,Champions
458,4,29,415903.03,5,5,5,555,15,Champions
459,58,34,445897.64,4,5,5,455,14,Champions
460,27,25,357666.11,5,5,5,555,15,Champions
461,15,24,279961.39,5,5,5,555,15,Champions
462,80,26,200497.29,3,5,4,354,12,Loyal Customers
463,24,34,309043.36,5,5,5,555,15,Champions
464,37,30,228485.39,4,5,5,455,14,Champions
465,52,27,243845.98,4,5,5,455,14,Champions
466,32,27,300206.39,4,5,5,455,14,Champions
467,88,33,577150.89,3,5,5,355,13,Loyal Customers
468,87,33,354442.56,3,5,5,355,13,Loyal Customers
469,32,35,336629.37,4,5,5,455,14,Champions
470,21,28,315926.81,5,5,5,555,15,Champions
471,28,30,315168.12,5,5,5,555,15,Champions
472,57,19,244960.66,4,5,5,455,14,Champions
473,7,37,741597.06,5,5,5,555,15,Champions
474,72,24,211136.58,4,5,4,454,13,Champions
475,44,31,796236.68,4,5,5,455,14,Champions
476,39,29,236990.41,4,5,5,455,14,Champions
477,3,26,151243.1,5,5,4,554,14,Champions
478,11,29,264004.16,5,5,5,555,15,Champions
479,122,31,565513.5,3,5,5,355,13,Loyal Customers
480,30,17,480045.27,4,4,5,445,13,Champions
481,2,39,284993.28,5,5,5,555,15,Champions
482,15,28,238409.32,5,5,5,555,15,Champions
483,56,25,567988.87,4,5,5,455,14,Champions
484,7,29,204529.81,5,5,4,554,14,Champions
485,41,29,172432.55,4,5,4,454,13,Champions
486,16,36,363344.43,5,5,5,555,15,Champions
487,27,33,275590.47,5,5,5,555,15,Champions
488,36,31,709055.8,4,5,5,455,14,Champions
489,42,18,136130.0,4,5,4,454,13,Champions
490,7,35,221389.54,5,5,5,555,15,Champions
491,20,33,230481.66,5,5,5,555,15,Champions
492,5,33,209426.63,5,5,4,554,14,Champions
493,62,36,525513.65,4,5,5,455,14,Champions
494,29,20,209228.18,4,5,4,454,13,Champions
495,140,35,389690.07,3,5,5,355,13,Loyal Customers
496,1,32,348585.35,5,5,5,555,15,Champions
497,58,28,254134.58,4,5,5,455,14,Champions
498,8,25,511440.26,5,5,5,555,15,Champions
499,21,33,328810.35,5,5,5,555,15,Champions
500,37,29,410529.02,4,5,5,455,14,Champions
501,28,25,134825.45,5,5,4,554,14,Champions
502,50,36,556145.3,4,5,5,455,14,Champions
503,2,32,465478.65,5,5,5,555,15,Champions
504,4,32,204959.55,5,5,4,554,14,Champions
505,69,25,666948.23,4,5,5,455,14,Champions
506,21,26,354166.44,5,5,5,555,15,Champions
507,60,17,266419.14,4,4,5,445,13,Champions
508,68,32,453890.96,4,5,5,455,14,Champions
509,31,26,300984.57,4,5,5,455,14,Champions
510,54,22,145626.9,4,5,4,454,13,Champions
511,1,45,692624.31,5,5,5,555,15,Champions
512,20,38,256408.59,5,5,5,555,15,Champions
513,12,32,361229.28,5,5,5,555,15,Champions
514,14,30,424769.78,5,5,5,555,15,Champions
515,22,38,476323.89,5,5,5,555,15,Champions
516,85,32,784063.5,3,5,5,355,13,Loyal Customers
517,9,32,445815.76,5,5,5,555,15,Champions
518,10,27,396678.3,5,5,5,555,15,Champions
519,16,31,394019.02,5,5,5,555,15,Champions
520,14,26,323251.07,5,5,5,555,15,Champions
521,10,28,455282.32,5,5,5,555,15,Champions
522,33,21,103728.54,4,5,4,454,13,Champions
523,68,27,348914.99,4,5,5,455,14,Champions
524,3,21,341334.95,5,5,5,555,15,Champions
525,13,23,271851.35,5,5,5,555,15,Champions
526,12,35,412875.8,5,5,5,555,15,Champions
527,74,26,215223.84,3,5,5,355,13,Loyal Customers
528,58,33,645598.11,4,5,5,455,14,Champions
529,48,32,176273.81,4,5,4,454,13,Champions
530,20,33,249045.13,5,5,5,555,15,Champions
531,16,31,287024.53,5,5,5,555,15,Champions
532,6,26,338450.89,5,5,5,555,15,Champions
533,32,23,286970.49,4,5,5,455,14,Champions
534,39,32,684701.41,4,5,5,455,14,Champions
535,16,31,220530.6,5,5,5,555,15,Champions
536,2,27,263703.03,5,5,5,555,15,Champions
537,31,25,265450.85,4,5,5,455,14,Champions
538,74,25,204310.19,3,5,4,354,12,Loyal Customers
539,111,37,198648.93,3,5,4,354,12,Loyal Customers
540,22,36,308395.05,5,5,5,555,15,Champions
541,22,37,634771.23,5,5,5,555,15,Champions
542,11,29,453933.92,5,5,5,555,15,Champions
543,2,31,418052.77,5,5,5,555,15,Champions
544,24,41,476560.21,5,5,5,555,15,Champions
545,31,28,389917.88,4,5,5,455,14,Champions
546,4,32,356301.94,5,5,5,555,15,Champions
547,5,30,472053.49,5,5,5,555,15,Champions
548,55,27,479554.4,4,5,5,455,14,Champions
549,9,41,795300.44,5,5,5,555,15,Champions
550,18,26,397786.59,5,5,5,555,15,Champions
551,2,38,322224.85,5,5,5,555,15,Champions
552,30,41,652687.65,4,5,5,455,14,Champions
553,24,29,426894.22,5,5,5,555,15,Champions
554,26,29,474785.29,5,5,5,555,15,Champions
555,54,25,278248.76,4,5,5,455,14,Champions
556,3,29,169970.62,5,5,4,554,14,Champions
557,27,26,301917.36,5,5,5,555,15,Champions
558,83,20,205588.12,3,5,4,354,12,Loyal Customers
559,145,31,385947.38,3,5,5,355,13,Loyal Customers
560,37,22,251709.97,4,5,5,455,14,Champions
561,1,22,323893.2,5,5,5,555,15,Champions
562,6,27,246212.44,5,5,5,555,15,Champions
563,16,34,368106.57,5,5,5,555,15,Champions
564,6,35,268488.45,5,5,5,555,15,Champions
565,82,28,341666.5,3,5,5,355,13,Loyal Customers
566,4,28,278166.19,5,5,5,555,15,Champions
567,33,32,536003.13,4,5,5,455,14,Champions
568,4,25,191726.28,5,5,4,554,14,Champions
569,134,36,332824.44,3,5,5,355,13,Loyal Customers
570,5,28,617171.89,5,5,5,555,15,Champions
571,38,33,376700.09,4,5,5,455,14,Champions
572,61,31,313492.29,4,5,5,455,14,Champions
573,7,36,369051.37,5,5,5,555,15,Champions
574,1,38,386220.87,5,5,5,555,15,Champions
575,39,32,265875.46,4,5,5,455,14,Champions
576,9,37,341050.81,5,5,5,555,15,Champions
577,76,33,794167.56,3,5,5,355,13,Loyal Customers
578,10,23,311819.16,5,5,5,555,15,Champions
579,12,34,236447.87,5,5,5,555,15,Champions
580,2,26,549788.14,5,5,5,555,15,Champions
581,69,30,249738.95,4,5,5,455,14,Champions
582,3,33,334236.42,5,5,5,555,15,Champions
583,97,30,667747.99,3,5,5,355,13,Loyal Customers
584,34,27,467818.04,4,5,5,455,14,Champions
585,112,23,260082.79,3,5,5,355,13,Loyal Customers
586,34,26,362473.85,4,5,5,455,14,Champions
587,39,36,180628.86,4,5,4,454,13,Champions
588,45,34,242104.93,4,5,5,455,14,Champions
589,16,32,281549.3,5,5,5,555,15,Champions
590,43,29,197512.06,4,5,4,454,13,Champions
591,33,27,302620.58,4,5,5,455,14,Champions
592,5,42,488429.31,5,5,5,555,15,Champions
593,22,24,288691.06,5,5,5,555,15,Champions
594,9,31,212225.51,5,5,4,554,14,Champions
595,94,21,102728.01,3,5,4,354,12,Loyal Customers
596,34,25,388628.24,4,5,5,455,14,Champions
597,37,27,317942.95,4,5,5,455,14,Champions
598,67,30,419828.02,4,5,5,455,14,Champions
599,10,25,273223.09,5,5,5,555,15,Champions
600,44,34,838788.39,4,5,5,455,14,Champions
601,56,34,482473.84,4,5,5,455,14,Champions
602,2,34,232763.99,5,5,5,555,15,Champions
603,36,30,224715.64,4,5,5,455,14,Champions
604,3,27,292513.22,5,5,5,555,15,Champions
605,94,24,313028.75,3,5,5,355,13,Loyal Customers
606,26,30,273830.74,5,5,5,555,15,Champions
607,87,31,231307.04,3,5,5,355,13,Loyal Customers
608,114,30,281816.31,3,5,5,355,13,Loyal Customers
609,18,31,152926.42,5,5,4,554,14,Champions
610,65,24,135206.38,4,5,4,454,13,Champions
611,16,34,391885.74,5,5,5,555,15,Champions
612,24,23,267512.82,5,5,5,555,15,Champions
613,5,27,528540.46,5,5,5,555,15,Champions
614,63,42,397956.63,4,5,5,455,14,Champions
615,16,24,202847.17,5,5,4,554,14,Champions
616,47,32,373675.38,4,5,5,455,14,Champions
617,4,26,275847.92,5,5,5,555,15,Champions
618,61,35,289427.98,4,5,5,455,14,Champions
619,37,26,168407.37,4,5,4,454,13,Champions
620,48,44,339599.64,4,5,5,455,14,Champions
621,57,23,141032.56,4,5,4,454,13,Champions
622,7,39,574757.9,5,5,5,555,15,Champions
623,1,30,255689.54,5,5,5,555,15,Champions
624,73,27,567570.87,4,5,5,455,14,Champions
625,14,43,558235.02,5,5,5,555,15,Champions
626,1,36,390154.28,5,5,5,555,15,Champions
627,27,28,435217.52,5,5,5,555,15,Champions
628,34,23,158095.78,4,5,4,454,13,Champions
629,87,28,724872.7,3,5,5,355,13,Loyal Customers
630,25,30,360760.92,5,5,5,555,15,Champions
631,23,31,409388.52,5,5,5,555,15,Champions
632,23,31,227127.27,5,5,5,555,15,Champions
633,19,33,410272.91,5,5,5,555,15,Champions
634,9,21,151190.8,5,5,4,554,14,Champions
635,49,28,357388.42,4,5,5,455,14,Champions
636,1,24,237074.08,5,5,5,555,15,Champions
637,18,24,178348.39,5,5,4,554,14,Champions
638,20,31,344509.11,5,5,5,555,15,Champions
639,65,23,183033.12,4,5,4,454,13,Champions
640,2,38,575786.37,5,5,5,555,15,Champions
641,67,25,694748.71,4,5,5,455,14,Champions
642,75,28,291949.76,3,5,5,355,13,Loyal Customers
643,43,30,421108.06,4,5,5,455,14,Champions
644,36,27,250931.04,4,5,5,455,14,Champions
645,19,32,342075.78,5,5,5,555,15,Champions
646,68,31,304416.01,4,5,5,455,14,Champions
647,78,37,443903.21,3,5,5,355,13,Loyal Customers
648,24,25,200175.75,5,5,4,554,14,Champions
649,20,30,497112.54,5,5,5,555,15,Champions
650,68,29,570644.63,4,5,5,455,14,Champions
651,39,33,454963.69,4,5,5,455,14,Champions
652,50,31,499531.52,4,5,5,455,14,Champions
653,28,24,209767.43,5,5,4,554,14,Champions
654,36,29,330250.38,4,5,5,455,14,Champions
655,40,25,355398.05,4,5,5,455,14,Champions
656,55,22,353152.1,4,5,5,455,14,Champions
657,13,36,441413.02,5,5,5,555,15,Champions
658,31,28,561228.38,4,5,5,455,14,Champions
659,3,35,403920.84,5,5,5,555,15,Champions
660,12,23,239947.23,5,5,5,555,15,Champions
661,19,23,207553.36,5,5,4,554,14,Champions
662,99,34,208143.7,3,5,4,354,12,Loyal Customers
663,33,25,338596.38,4,5,5,455,14,Champions
664,33,38,862084.32,4,5,5,455,14,Champions
665,25,34,177800.33,5,5,4,554,14,Champions
666,105,30,398230.77,3,5,5,355,13,Loyal Customers
667,77,30,399774.75,3,5,5,355,13,Loyal Customers
668,6,36,456933.88,5,5,5,555,15,Champions
669,2,28,468506.47,5,5,5,555,15,Champions
670,35,37,391396.57,4,5,5,455,14,Champions
671,68,25,214517.34,4,5,5,455,14,Champions
672,5,33,560093.18,5,5,5,555,15,Champions
673,5,42,506456.29,5,5,5,555,15,Champions
674,135,25,277815.93,3,5,5,355,13,Loyal Customers
675,35,32,256596.59,4,5,5,455,14,Champions
676,39,21,223776.44,4,5,5,455,14,Champions
677,35,23,852943.99,4,5,5,455,14,Champions
678,89,19,233593.24,3,5,5,355,13,Loyal Customers
679,17,30,690313.94,5,5,5,555,15,Champions
680,9,36,315368.32,5,5,5,555,15,Champions
681,29,31,923732.4,4,5,5,455,14,Champions
682,62,28,489448.01,4,5,5,455,14,Champions
683,5,35,273774.63,5,5,5,555,15,Champions
684,3,23,249370.18,5,5,5,555,15,Champions
685,37,26,400821.0,4,5,5,455,14,Champions
686,3,26,316434.26,5,5,5,555,15,Champions
687,6,24,108822.12,5,5,4,554,14,Champions
688,10,24,158237.6,5,5,4,554,14,Champions
689,19,26,190220.03,5,5,4,554,14,Champions
690,8,28,475953.96,5,5,5,555,15,Champions
691,1,29,716121.69,5,5,5,555,15,Champions
692,9,34,264844.01,5,5,5,555,15,Champions
693,84,23,695041.58,3,5,5,355,13,Loyal Customers
694,8,30,417592.64,5,5,5,555,15,Champions
695,3,17,91464.11,5,4,4,544,13,Champions
696,64,31,325202.41,4,5,5,455,14,Champions
697,127,35,821335.18,3,5,5,355,13,Loyal Customers
698,1,27,592312.9,5,5,5,555,15,Champions
699,31,30,860108.1,4,5,5,455,14,Champions
700,60,30,555794.29,4,5,5,455,14,Champions
701,62,39,514478.38,4,5,5,455,14,Champions
702,2,28,262729.39,5,5,5,555,15,Champions
703,36,27,391769.71,4,5,5,455,14,Champions
704,1,38,410622.42,5,5,5,555,15,Champions
705,16,26,297710.27,5,5,5,555,15,Champions
706,10,32,661670.75,5,5,5,555,15,Champions
707,44,32,898156.81,4,5,5,455,14,Champions
708,13,37,295271.3,5,5,5,555,15,Champions
709,1,39,435667.46,5,5,5,555,15,Champions
710,7,29,475424.52,5,5,5,555,15,Champions
711,37,22,190061.63,4,5,4,454,13,Champions
712,10,34,522987.39,5,5,5,555,15,Champions
713,9,24,201931.35,5,5,4,554,14,Champions
714,14,23,410429.55,5,5,5,555,15,Champions
715,38,26,337992.61,4,5,5,455,14,Champions
716,68,25,241459.17,4,5,5,455,14,Champions
717,18,35,691834.04,5,5,5,555,15,Champions
718,72,27,386290.17,4,5,5,455,14,Champions
719,7,30,397045.98,5,5,5,555,15,Champions
720,10,38,703290.01,5,5,5,555,15,Champions
721,5,40,645116.15,5,5,5,555,15,Champions
722,35,36,351199.54,4,5,5,455,14,Champions
723,14,33,893086.8,5,5,5,555,15,Champions
724,17,45,731198.33,5,5,5,555,15,Champions
725,16,30,218660.06,5,5,5,555,15,Champions
726,62,30,411425.25,4,5,5,455,14,Champions
727,10,34,310576.22,5,5,5,555,15,Champions
728,118,32,406712.68,3,5,5,355,13,Loyal Customers
729,40,25,314571.64,4,5,5,455,14,Champions
730,207,22,173104.61,2,5,4,254,11,At Risk
731,7,22,181502.87,5,5,4,554,14,Champions
732,6,35,323988.25,5,5,5,555,15,Champions
733,68,38,260384.06,4,5,5,455,14,Champions
734,5,31,184157.1,5,5,4,554,14,Champions
735,61,24,655701.51,4,5,5,455,14,Champions
736,65,19,194000.07,4,5,4,454,13,Champions
737,42,34,382885.51,4,5,5,455,14,Champions
738,7,34,407706.79,5,5,5,555,15,Champions
739,9,34,597597.81,5,5,5,555,15,Champions
740,13,33,599431.26,5,5,5,555,15,Champions
741,37,32,187933.61,4,5,4,454,13,Champions
742,49,35,356378.16,4,5,5,455,14,Champions
743,29,36,167189.73,4,5,4,454,13,Champions
744,9,27,217225.81,5,5,5,555,15,Champions
745,75,29,551280.11,3,5,5,355,13,Loyal Customers
746,2,26,426235.51,5,5,5,555,15,Champions
747,77,26,330282.13,3,5,5,355,13,Loyal Customers
748,19,32,327349.04,5,5,5,555,15,Champions
749,50,34,363512.25,4,5,5,455,14,Champions
750,19,35,510717.65,5,5,5,555,15,Champions
751,29,27,306000.03,4,5,5,455,14,Champions
752,14,35,430468.0,5,5,5,555,15,Champions
753,13,32,437947.64,5,5,5,555,15,Champions
754,22,23,159677.32,5,5,4,554,14,Champions
755,58,44,484800.84,4,5,5,455,14,Champions
756,7,36,298901.79,5,5,5,555,15,Champions
757,27,23,420262.11,5,5,5,555,15,Champions
758,66,26,393362.07,4,5,5,455,14,Champions
759,4,40,253725.05,5,5,5,555,15,Champions
760,68,26,305635.76,4,5,5,455,14,Champions
761,167,30,570200.3,2,5,5,255,12,At Risk
762,23,26,229927.69,5,5,5,555,15,Champions
763,35,28,243345.84,4,5,5,455,14,Champions
764,49,25,261992.83,4,5,5,455,14,Champions
765,26,26,269931.88,5,5,5,555,15,Champions
766,55,34,394625.74,4,5,5,455,14,Champions
767,19,39,616081.89,5,5,5,555,15,Champions
768,10,31,967652.42,5,5,5,555,15,Champions
769,30,27,222416.0,4,5,5,455,14,Champions
770,227,19,143928.29,2,5,4,254,11,At Risk
771,2,23,192948.5,5,5,4,554,14,Champions
772,43,23,172730.19,4,5,4,454,13,Champions
773,9,32,164776.06,5,5,4,554,14,Champions
774,53,29,222541.97,4,5,5,455,14,Champions
775,22,26,637402.45,5,5,5,555,15,Champions
776,7,31,278487.82,5,5,5,555,15,Champions
777,45,27,255605.0,4,5,5,455,14,Champions
778,7,32,562748.02,5,5,5,555,15,Champions
779,6,26,652854.71,5,5,5,555,15,Champions
780,17,21,235749.06,5,5,5,555,15,Champions
781,52,33,383211.45,4,5,5,455,14,Champions
782,2,37,372803.61,5,5,5,555,15,Champions
783,100,30,445089.99,3,5,5,355,13,Loyal Customers
784,48,30,261179.13,4,5,5,455,14,Champions
785,184,28,251421.4,2,5,5,255,12,At Risk
786,1,29,413545.97,5,5,5,555,15,Champions
787,14,40,647039.68,5,5,5,555,15,Champions
788,3,31,762842.37,5,5,5,555,15,Champions
789,1,30,311120.22,5,5,5,555,15,Champions
790,3,30,387853.73,5,5,5,555,15,Champions
791,4,29,216820.56,5,5,5,555,15,Champions
792,10,25,386708.36,5,5,5,555,15,Champions
793,42,23,461393.33,4,5,5,455,14,Champions
794,1,37,304727.69,5,5,5,555,15,Champions
795,13,28,452496.35,5,5,5,555,15,Champions
796,12,40,265047.33,5,5,5,555,15,Champions
797,15,34,169974.29,5,5,4,554,14,Champions
798,108,22,284550.36,3,5,5,355,13,Loyal Customers
799,1,29,341900.33,5,5,5,555,15,Champions
800,3,32,598404.56,5,5,5,555,15,Champions
801,17,25,191983.55,5,5,4,554,14,Champions
802,20,39,1197467.22,5,5,5,555,15,Champions
803,30,31,415133.75,4,5,5,455,14,Champions
804,37,23,355033.06,4,5,5,455,14,Champions
805,37,27,232335.81,4,5,5,455,14,Champions
806,98,27,157806.6,3,5,4,354,12,Loyal Customers
807,28,22,112962.8,5,5,4,554,14,Champions
808,9,27,223479.82,5,5,5,555,15,Champions
809,17,41,377440.11,5,5,5,555,15,Champions
810,50,39,657271.15,4,5,5,455,14,Champions
811,170,25,191549.64,2,5,4,254,11,At Risk
812,19,29,137953.73,5,5,4,554,14,Champions
813,10,29,500919.73,5,5,5,555,15,Champions
814,43,42,233490.38,4,5,5,455,14,Champions
815,2,36,426610.64,5,5,5,555,15,Champions
816,25,33,838685.0,5,5,5,555,15,Champions
817,70,29,235121.97,4,5,5,455,14,Champions
818,24,40,835151.51,5,5,5,555,15,Champions
819,9,28,221752.81,5,5,5,555,15,Champions
820,138,25,364807.89,3,5,5,355,13,Loyal Customers
821,44,40,467854.73,4,5,5,455,14,Champions
822,10,31,440682.73,5,5,5,555,15,Champions
823,19,38,554094.75,5,5,5,555,15,Champions
824,18,27,336582.92,5,5,5,555,15,Champions
825,55,20,127789.84,4,5,4,454,13,Champions
826,41,36,315793.39,4,5,5,455,14,Champions
827,2,27,571225.3,5,5,5,555,15,Champions
828,9,36,522001.96,5,5,5,555,15,Champions
829,111,25,185247.34,3,5,4,354,12,Loyal Customers
830,8,28,364253.22,5,5,5,555,15,Champions
831,4,38,236838.61,5,5,5,555,15,Champions
832,47,22,148086.3,4,5,4,454,13,Champions
833,28,30,347222.74,5,5,5,555,15,Champions
834,56,24,509129.54,4,5,5,455,14,Champions
835,12,35,314856.62,5,5,5,555,15,Champions
836,45,30,365243.71,4,5,5,455,14,Champions
837,11,42,791203.64,5,5,5,555,15,Champions
838,30,32,220917.87,4,5,5,455,14,Champions
839,1,31,475942.47,5,5,5,555,15,Champions
840,23,27,489208.01,5,5,5,555,15,Champions
841,2,34,406345.71,5,5,5,555,15,Champions
842,32,20,215151.56,4,5,5,455,14,Champions
843,7,26,244842.67,5,5,5,555,15,Champions
844,28,39,623849.76,5,5,5,555,15,Champions
845,39,33,428046.28,4,5,5,455,14,Champions
846,29,43,339690.81,4,5,5,455,14,Champions
847,8,28,164952.57,5,5,4,554,14,Champions
848,6,27,407808.33,5,5,5,555,15,Champions
849,12,26,327478.67,5,5,5,555,15,Champions
850,166,32,430429.42,2,5,5,255,12,At Risk
851,52,34,468107.4,4,5,5,455,14,Champions
852,212,19,427295.46,2,5,5,255,12,At Risk
853,28,26,372864.11,5,5,5,555,15,Champions
854,23,39,427383.12,5,5,5,555,15,Champions
855,40,38,330989.66,4,5,5,455,14,Champions
856,21,34,369373.8,5,5,5,555,15,Champions
857,1,30,340552.24,5,5,5,555,15,Champions
858,35,26,189488.96,4,5,4,454,13,Champions
859,81,24,187067.65,3,5,4,354,12,Loyal Customers
860,35,30,166332.99,4,5,4,454,13,Champions
861,43,36,459277.42,4,5,5,455,14,Champions
862,35,37,202202.86,4,5,4,454,13,Champions
863,2,35,494611.33,5,5,5,555,15,Champions
864,2,40,351509.58,5,5,5,555,15,Champions
865,52,30,313017.49,4,5,5,455,14,Champions
866,21,20,122963.11,5,5,4,554,14,Champions
867,17,34,486498.1,5,5,5,555,15,Champions
868,11,23,319125.14,5,5,5,555,15,Champions
869,17,38,253749.9,5,5,5,555,15,Champions
870,26,33,187215.92,5,5,4,554,14,Champions
871,68,30,333212.78,4,5,5,455,14,Champions
872,12,40,510414.6,5,5,5,555,15,Champions
873,11,28,263889.33,5,5,5,555,15,Champions
874,92,27,332015.59,3,5,5,355,13,Loyal Customers
875,19,34,577936.49,5,5,5,555,15,Champions
876,34,29,253168.27,4,5,5,455,14,Champions
877,19,28,181187.63,5,5,4,554,14,Champions
878,36,24,431515.83,4,5,5,455,14,Champions
879,19,26,698276.2,5,5,5,555,15,Champions
880,76,35,289182.65,3,5,5,355,13,Loyal Customers
881,24,24,258527.47,5,5,5,555,15,Champions
882,116,33,842590.41,3,5,5,355,13,Loyal Customers
883,85,30,306719.2,3,5,5,355,13,Loyal Customers
884,31,23,191918.71,4,5,4,454,13,Champions
885,11,32,324351.58,5,5,5,555,15,Champions
886,74,34,296104.26,3,5,5,355,13,Loyal Customers
887,23,47,655362.41,5,5,5,555,15,Champions
888,11,32,381806.12,5,5,5,555,15,Champions
889,116,21,236451.69,3,5,5,355,13,Loyal Customers
890,2,30,218138.17,5,5,5,555,15,Champions
891,13,34,205359.89,5,5,4,554,14,Champions
892,5,29,278431.06,5,5,5,555,15,Champions
893,15,30,245926.0,5,5,5,555,15,Champions
894,4,33,374666.02,5,5,5,555,15,Champions
895,66,25,377895.94,4,5,5,455,14,Champions
896,47,22,272119.38,4,5,5,455,14,Champions
897,65,38,416300.07,4,5,5,455,14,Champions
898,5,37,640353.81,5,5,5,555,15,Champions
899,11,32,293178.72,5,5,5,555,15,Champions
900,45,34,480363.43,4,5,5,455,14,Champions
901,39,27,234259.35,4,5,5,455,14,Champions
902,4,37,410380.54,5,5,5,555,15,Champions
903,97,32,274342.13,3,5,5,355,13,Loyal Customers
904,73,31,300960.12,4,5,5,455,14,Champions
905,47,33,729935.63,4,5,5,455,14,Champions
906,29,32,361571.52,4,5,5,455,14,Champions
907,23,40,301337.48,5,5,5,555,15,Champions
908,22,24,212872.05,5,5,5,555,15,Champions
909,31,22,94902.38,4,5,4,454,13,Champions
910,26,24,436210.34,5,5,5,555,15,Champions
911,82,29,414565.72,3,5,5,355,13,Loyal Customers
912,5,31,317513.76,5,5,5,555,15,Champions
913,234,33,175966.24,2,5,4,254,11,At Risk
914,112,28,237594.95,3,5,5,355,13,Loyal Customers
915,145,28,210337.45,3,5,4,354,12,Loyal Customers
916,7,26,120204.47,5,5,4,554,14,Champions
917,54,30,236392.59,4,5,5,455,14,Champions
918,13,30,388130.62,5,5,5,555,15,Champions
919,5,31,241564.48,5,5,5,555,15,Champions
920,34,33,185017.17,4,5,4,454,13,Champions
921,166,33,432682.35,2,5,5,255,12,At Risk
922,10,28,224033.71,5,5,5,555,15,Champions
923,7,35,385177.89,5,5,5,555,15,Champions
924,112,22,290027.99,3,5,5,355,13,Loyal Customers
925,79,29,507481.23,3,5,5,355,13,Loyal Customers
926,26,33,812133.93,5,5,5,555,15,Champions
927,24,30,284301.15,5,5,5,555,15,Champions
928,27,26,917843.91,5,5,5,555,15,Champions
929,14,32,298552.17,5,5,5,555,15,Champions
930,45,30,535955.03,4,5,5,455,14,Champions
931,18,19,270024.45,5,5,5,555,15,Champions
932,63,29,306611.5,4,5,5,455,14,Champions
933,124,24,563928.15,3,5,5,355,13,Loyal Customers
934,15,39,274122.72,5,5,5,555,15,Champions
935,1,31,297220.92,5,5,5,555,15,Champions
936,11,33,386158.51,5,5,5,555,15,Champions
937,59,26,301591.41,4,5,5,455,14,Champions
938,42,30,943577.44,4,5,5,455,14,Champions
939,56,34,455117.44,4,5,5,455,14,Champions
940,6,30,403096.25,5,5,5,555,15,Champions
941,100,33,230372.9,3,5,5,355,13,Loyal Customers
942,35,26,309332.02,4,5,5,455,14,Champions
943,4,29,366543.96,5,5,5,555,15,Champions
944,7,29,304553.75,5,5,5,555,15,Champions
945,40,30,315570.03,4,5,5,455,14,Champions
946,77,30,308318.44,3,5,5,355,13,Loyal Customers
947,58,25,113831.45,4,5,4,454,13,Champions
948,74,28,198674.64,3,5,4,354,12,Loyal Customers
949,3,43,396192.39,5,5,5,555,15,Champions
950,86,30,257608.6,3,5,5,355,13,Loyal Customers
951,11,29,162001.59,5,5,4,554,14,Champions
952,20,24,122224.02,5,5,4,554,14,Champions
953,6,27,312937.27,5,5,5,555,15,Champions
954,28,26,119378.38,5,5,4,554,14,Champions
955,96,34,273645.97,3,5,5,355,13,Loyal Customers
956,3,27,411760.43,5,5,5,555,15,Champions
957,28,27,477860.33,5,5,5,555,15,Champions
958,77,30,561393.12,3,5,5,355,13,Loyal Customers
959,19,39,374348.97,5,5,5,555,15,Champions
960,54,35,869296.85,4,5,5,455,14,Champions
961,18,44,301458.66,5,5,5,555,15,Champions
962,6,25,498678.66,5,5,5,555,15,Champions
963,59,29,248252.11,4,5,5,455,14,Champions
964,87,25,514831.46,3,5,5,355,13,Loyal Customers
965,69,31,596614.94,4,5,5,455,14,Champions
966,13,32,630217.93,5,5,5,555,15,Champions
967,21,35,301785.21,5,5,5,555,15,Champions
968,103,31,178926.22,3,5,4,354,12,Loyal Customers
969,7,31,449700.14,5,5,5,555,15,Champions
970,104,26,219520.74,3,5,5,355,13,Loyal Customers
971,79,30,160770.45,3,5,4,354,12,Loyal Customers
972,23,25,264217.29,5,5,5,555,15,Champions
973,48,33,306448.15,4,5,5,455,14,Champions
974,34,25,156014.09,4,5,4,454,13,Champions
975,35,23,163342.76,4,5,4,454,13,Champions
976,35,40,713261.14,4,5,5,455,14,Champions
977,2,32,453457.33,5,5,5,555,15,Champions
978,5,31,807396.55,5,5,5,555,15,Champions
979,39,30,641619.63,4,5,5,455,14,Champions
980,6,27,717897.86,5,5,5,555,15,Champions
981,73,31,459741.74,4,5,5,455,14,Champions
982,9,21,153419.75,5,5,4,554,14,Champions
983,29,24,490284.68,4,5,5,455,14,Champions
984,35,27,286691.29,4,5,5,455,14,Champions
985,41,25,138356.66,4,5,4,454,13,Champions
986,134,30,286731.7,3,5,5,355,13,Loyal Customers
987,106,26,194566.92,3,5,4,354,12,Loyal Customers
988,1,37,985957.14,5,5,5,555,15,Champions
989,21,40,381142.5,5,5,5,555,15,Champions
990,5,21,380958.96,5,5,5,555,15,Champions
991,14,32,192956.74,5,5,4,554,14,Champions
992,16,37,488778.89,5,5,5,555,15,Champions
993,59,24,430163.05,4,5,5,455,14,Champions
994,11,22,236817.43,5,5,5,555,15,Champions
995,15,30,764842.98,5,5,5,555,15,Champions
996,72,28,198625.31,4,5,4,454,13,Champions
997,36,29,196356.53,4,5,4,454,13,Champions
998,260,32,255271.51,2,5,5,255,12,At Risk
999,18,33,319411.55,5,5,5,555,15,Champions
1000,2,39,616496.83,5,5,5,555,15,Champions
1001,16,8,204300.31,5,4,4,544,13,Champions
1002,163,5,42864.18,2,2,3,223,7,Hibernating
1003,872,1,6730.19,1,1,1,111,3,Lost
1004,168,5,15066.57,2,2,1,221,5,Hibernating
1005,162,7,54429.45,2,3,3,233,8,At Risk
1006,36,7,94034.69,4,3,4,434,11,Loyal Customers
1007,304,3,8064.65,2,1,1,211,4,Hibernating
1008,67,7,22977.27,4,3,2,432,9,Potential Loyalists
1009,41,3,9540.17,4,1,1,411,6,Potential Loyalists
1010,57,4,29787.27,4,2,2,422,8,Potential Loyalists
1011,27,5,24173.55,5,2,2,522,9,Potential Loyalists
1012,199,6,19997.09,2,3,1,231,6,Hibernating
1013,318,3,17767.43,1,1,1,111,3,Lost
1014,55,8,55433.91,4,4,3,443,11,Loyal Customers
1015,36,4,73881.26,4,2,3,423,9,Potential Loyalists
1016,262,4,14736.28,2,2,1,221,5,Hibernating
1017,15,8,119591.09,5,4,4,544,13,Champions
1018,113,9,69794.72,3,4,3,343,10,Loyal Customers
1019,148,2,6218.29,3,1,1,311,5,Promising
1020,29,7,143035.09,4,3,4,434,11,Loyal Customers
1021,54,3,18284.9,4,1,1,411,6,Potential Loyalists
1022,35,5,66594.66,4,2,3,423,9,Potential Loyalists
1023,322,4,85791.11,1,2,4,124,7,Cannot Lose Them
1024,733,4,31002.02,1,2,2,122,5,Lost
1025,57,7,32437.61,4,3,2,432,9,Potential Loyalists
1026,20,4,22522.98,5,2,2,522,9,Potential Loyalists
1027,57,7,44051.38,4,3,3,433,10,Loyal Customers
1028,101,6,21690.59,3,3,2,332,8,Lost
1029,143,4,16681.47,3,2,1,321,6,Promising
1030,166,3,51669.48,2,1,3,213,6,Hibernating
1031,43,5,16182.03,4,2,1,421,7,Potential Loyalists
1032,12,9,249836.25,5,4,5,545,14,Champions
1033,15,5,24869.99,5,2,2,522,9,Potential Loyalists
1034,808,3,55257.25,1,1,3,113,5,Lost
1035,175,5,76527.02,2,2,3,223,7,Hibernating
1036,449,4,6949.65,1,2,1,121,4,Lost
1037,392,5,18913.63,1,2,1,121,4,Lost
1038,400,3,68429.97,1,1,3,113,5,Lost
1039,39,6,43170.84,4,3,3,433,10,Loyal Customers
1040,122,7,59939.73,3,3,3,333,9,Loyal Customers
1041,746,1,86424.85,1,1,4,114,6,Lost
1042,73,7,56682.11,4,3,3,433,10,Loyal Customers
1043,31,4,22759.64,4,2,2,422,8,Potential Loyalists
1044,567,1,13825.09,1,1,1,111,3,Lost
1045,221,7,98402.17,2,3,4,234,9,At Risk
1046,209,7,77957.61,2,3,3,233,8,At Risk
1047,172,11,131786.39,2,4,4,244,10,At Risk
1048,166,4,19859.6,2,2,1,221,5,Hibernating
1049,128,5,47832.58,3,2,3,323,8,Lost
1050,22,7,30167.36,5,4,2,542,11,Loyal Customers
1051,805,1,8775.31,1,1,1,111,3,Lost
1052,56,6,28402.58,4,3,2,432,9,Potential Loyalists
1053,154,1,337.0,2,1,1,211,4,Hibernating
1054,170,6,34636.2,2,3,2,232,7,Hibernating
1055,272,3,10762.78,2,1,1,211,4,Hibernating
1056,214,8,24830.81,2,4,2,242,8,At Risk
1057,271,3,6059.46,2,1,1,211,4,Hibernating
1058,26,8,148392.99,5,4,4,544,13,Champions
1059,796,2,26198.28,1,1,2,112,4,Lost
1060,160,3,96783.33,2,1,4,214,7,Hibernating
1061,61,3,26936.84,4,1,2,412,7,Potential Loyalists
1062,724,2,26453.46,1,1,2,112,4,Lost
1063,33,3,16116.55,4,1,1,411,6,Potential Loyalists
1064,41,8,128923.6,4,4,4,444,12,Champions
1065,109,7,336723.43,3,4,5,345,12,Loyal Customers
1066,490,3,38908.57,1,1,2,112,4,Lost
1067,57,6,46669.74,4,3,3,433,10,Loyal Customers
1068,124,4,22116.68,3,2,2,322,7,Lost
1069,227,3,398490.82,2,1,5,215,8,At Risk
1070,159,6,148299.81,2,3,4,234,9,At Risk
1071,220,8,179086.76,2,4,4,244,10,At Risk
1072,137,8,170633.12,3,4,4,344,11,Loyal Customers
1073,34,7,10329.16,4,4,1,441,9,Potential Loyalists
1074,145,6,42637.07,3,3,3,333,9,Loyal Customers
1075,45,7,51001.7,4,4,3,443,11,Loyal Customers
1076,568,3,85020.84,1,1,4,114,6,Lost
1077,180,6,44473.01,2,3,3,233,8,At Risk
1078,252,6,18229.21,2,3,1,231,6,Hibernating
1079,287,2,4263.79,2,1,1,211,4,Hibernating
1080,76,6,137993.48,3,3,4,334,10,Loyal Customers
1081,41,3,11584.38,4,1,1,411,6,Potential Loyalists
1082,528,5,173642.39,1,2,4,124,7,Cannot Lose Them
1083,16,5,19185.66,5,2,1,521,8,Potential Loyalists
1084,59,7,85112.86,4,4,4,444,12,Champions
1085,284,6,201508.47,2,3,4,234,9,At Risk
1086,23,4,54037.39,5,2,3,523,10,Potential Loyalists
1087,730,3,34284.12,1,1,2,112,4,Lost
1088,268,5,22404.4,2,2,2,222,6,Hibernating
1089,27,4,45212.02,5,2,3,523,10,Potential Loyalists
1090,73,6,28267.14,4,3,2,432,9,Potential Loyalists
1091,14,5,36450.78,5,2,2,522,9,Potential Loyalists
1092,322,4,322035.73,1,2,5,125,8,Cannot Lose Them
1093,106,10,109509.84,3,4,4,344,11,Loyal Customers
1094,92,5,26238.03,3,2,2,322,7,Lost
1095,316,7,89718.76,1,4,4,144,9,Cannot Lose Them
1096,108,6,91623.73,3,3,4,334,10,Loyal Customers
1097,127,3,9683.26,3,1,1,311,5,Promising
1098,13,7,23904.49,5,4,2,542,11,Loyal Customers
1099,17,5,14745.65,5,2,1,521,8,Potential Loyalists
1100,225,10,158176.79,2,4,4,244,10,At Risk
1101,207,7,32552.22,2,4,2,242,8,At Risk
1102,194,8,71295.76,2,4,3,243,9,At Risk
1103,60,6,63284.03,4,3,3,433,10,Loyal Customers
1104,447,6,12220.81,1,3,1,131,5,Lost
1105,3,3,134282.35,5,1,4,514,10,Potential Loyalists
1106,35,7,43728.38,4,4,3,443,11,Loyal Customers
1107,51,7,49695.88,4,4,3,443,11,Loyal Customers
1108,173,9,74192.11,2,4,3,243,9,At Risk
1109,53,3,5539.41,4,1,1,411,6,Potential Loyalists
1110,224,4,18168.65,2,2,1,221,5,Hibernating
1111,85,7,64669.09,3,4,3,343,10,Loyal Customers
1112,127,6,9803.47,3,3,1,331,7,Lost
1113,52,7,40544.03,4,4,3,443,11,Loyal Customers
1114,464,7,335457.87,1,4,5,145,10,Cannot Lose Them
1115,255,5,42108.1,2,2,3,223,7,Hibernating
1116,166,4,49805.11,2,2,3,223,7,Hibernating
1117,368,4,14744.44,1,2,1,121,4,Lost
1118,1050,1,77232.68,1,1,3,113,5,Lost
1119,147,4,17995.57,3,2,1,321,6,Promising
1120,612,5,23937.24,1,2,2,122,5,Lost
1121,91,9,33138.14,3,4,2,342,9,Loyal Customers
1122,369,5,491083.25,1,2,5,125,8,Cannot Lose Them
1123,653,2,10553.98,1,1,1,111,3,Lost
1124,699,4,44141.01,1,2,3,123,6,Lost
1125,48,6,196894.45,4,3,4,434,11,Loyal Customers
1126,370,4,105291.02,1,2,4,124,7,Cannot Lose Them
1127,6,6,68361.98,5,3,3,533,11,Loyal Customers
1128,261,3,54563.03,2,1,3,213,6,Hibernating
1129,612,3,12327.85,1,1,1,111,3,Lost
1130,140,3,18404.22,3,1,1,311,5,Promising
1131,666,3,20204.75,1,1,2,112,4,Lost
1132,195,5,13751.9,2,2,1,221,5,Hibernating
1133,318,9,147463.73,1,4,4,144,9,Cannot Lose Them
1134,63,5,18850.35,4,2,1,421,7,Potential Loyalists
1135,12,8,64807.5,5,4,3,543,12,Loyal Customers
1136,105,6,81268.09,3,3,4,334,10,Loyal Customers
1137,25,7,199428.32,5,4,4,544,13,Champions
1138,256,4,18572.57,2,2,1,221,5,Hibernating
1139,600,2,29841.93,1,1,2,112,4,Lost
1140,51,9,154128.14,4,4,4,444,12,Champions
1141,229,5,39923.14,2,2,3,223,7,Hibernating
1142,244,8,204204.93,2,4,4,244,10,At Risk
1143,87,6,76517.34,3,3,3,333,9,Loyal Customers
1144,2,10,81081.94,5,4,4,544,13,Champions
1145,88,5,91465.82,3,2,4,324,9,Loyal Customers
1146,275,4,26768.87,2,2,2,222,6,Hibernating
1147,84,5,24259.98,3,2,2,322,7,Lost
1148,320,5,59123.69,1,2,3,123,6,Lost
1149,89,4,50767.85,3,2,3,323,8,Lost
1150,269,3,6982.98,2,1,1,211,4,Hibernating
1151,42,4,9570.94,4,2,1,421,7,Potential Loyalists
1152,120,2,19938.71,3,1,1,311,5,Promising
1153,276,8,115603.99,2,4,4,244,10,At Risk
1154,78,5,13614.09,3,2,1,321,6,Promising
1155,663,4,419322.11,1,2,5,125,8,Cannot Lose Them
1156,361,5,30136.45,1,2,2,122,5,Lost
1157,38,8,24372.39,4,4,2,442,10,Loyal Customers
1158,150,4,36486.13,3,2,2,322,7,Lost
1159,561,4,97584.46,1,2,4,124,7,Cannot Lose Them
1160,30,5,17974.09,4,2,1,421,7,Potential Loyalists
1161,163,10,39308.88,2,4,2,242,8,At Risk
1162,179,5,19219.18,2,2,1,221,5,Hibernating
1163,108,11,75524.85,3,4,3,343,10,Loyal Customers
1164,45,6,115173.25,4,3,4,434,11,Loyal Customers
1165,610,2,5751.51,1,1,1,111,3,Lost
1166,465,5,55568.24,1,2,3,123,6,Lost
1167,48,3,27681.57,4,1,2,412,7,Potential Loyalists
1168,153,4,38308.55,2,2,2,222,6,Hibernating
1169,729,2,62912.79,1,1,3,113,5,Lost
1170,56,6,280708.24,4,3,5,435,12,Champions
1171,187,4,34167.61,2,2,2,222,6,Hibernating
1172,2,6,357370.89,5,3,5,535,13,Champions
1173,229,6,26349.53,2,3,2,232,7,Hibernating
1174,208,5,35771.87,2,2,2,222,6,Hibernating
1175,8,6,33820.69,5,3,2,532,10,Potential Loyalists
1176,116,3,35417.28,3,1,2,312,6,Promising
1177,47,4,95389.88,4,2,4,424,10,Loyal Customers
1178,626,6,64838.68,1,3,3,133,7,Cannot Lose Them
1179,190,7,42974.18,2,4,3,243,9,At Risk
1180,81,10,48443.88,3,4,3,343,10,Loyal Customers
1181,652,3,5539.89,1,1,1,111,3,Lost
1182,25,7,33876.53,5,4,2,542,11,Loyal Customers
1183,249,6,22774.83,2,3,2,232,7,Hibernating
1184,46,8,64461.69,4,4,3,443,11,Loyal Customers
1185,847,3,50266.97,1,1,3,113,5,Lost
1186,30,6,20448.81,4,3,2,432,9,Potential Loyalists
1187,150,4,39797.93,3,2,3,323,8,Lost
1188,208,8,71076.15,2,4,3,243,9,At Risk
1189,125,8,16619.58,3,4,1,341,8,Lost
1190,23,3,28266.88,5,1,2,512,8,Potential Loyalists
1191,518,4,60980.31,1,2,3,123,6,Lost
1192,137,5,116103.43,3,2,4,324,9,Loyal Customers
1193,251,3,12174.81,2,1,1,211,4,Hibernating
1194,85,6,97866.51,3,3,4,334,10,Loyal Customers
1195,4,5,23513.45,5,2,2,522,9,Potential Loyalists
1196,433,3,103851.9,1,1,4,114,6,Lost
1197,103,5,58755.81,3,2,3,323,8,Lost
1198,59,4,14368.59,4,2,1,421,7,Potential Loyalists
1199,168,8,48757.17,2,4,3,243,9,At Risk
1200,576,5,50713.99,1,2,3,123,6,Lost
1201,87,6,78750.56,3,3,3,333,9,Loyal Customers
1202,223,7,38828.99,2,4,2,242,8,At Risk
1203,145,6,63595.99,3,3,3,333,9,Loyal Customers
1204,260,4,26517.21,2,2,2,222,6,Hibernating
1205,329,6,70906.23,1,3,3,133,7,Cannot Lose Them
1206,599,4,15626.37,1,2,1,121,4,Lost
1207,216,6,36109.88,2,3,2,232,7,Hibernating
1208,260,3,14633.13,2,1,1,211,4,Hibernating
1209,141,6,43518.36,3,3,3,333,9,Loyal Customers
1210,179,8,57847.75,2,4,3,243,9,At Risk
1211,334,4,47278.13,1,2,3,123,6,Lost
1212,311,3,36096.03,1,1,2,112,4,Lost
1213,97,5,82834.84,3,2,4,324,9,Loyal Customers
1214,515,3,14410.95,1,1,1,111,3,Lost
1215,167,6,22490.5,2,3,2,232,7,Hibernating
1216,127,7,84928.08,3,4,4,344,11,Loyal Customers
1217,113,3,28195.8,3,1,2,312,6,Promising
1218,33,6,51481.29,4,3,3,433,10,Loyal Customers
1219,552,4,41658.6,1,2,3,123,6,Lost
1220,425,8,50649.57,1,4,3,143,8,Cannot Lose Them
1221,187,4,30671.17,2,2,2,222,6,Hibernating
1222,12,6,144540.4,5,3,4,534,12,Loyal Customers
1223,668,6,38438.65,1,3,2,132,6,Lost
1224,112,8,57503.74,3,4,3,343,10,Loyal Customers
1225,45,7,73375.73,4,4,3,443,11,Loyal Customers
1226,454,2,4988.7,1,1,1,111,3,Lost
1227,208,10,264775.8,2,4,5,245,11,At Risk
1228,51,4,22383.8,4,2,2,422,8,Potential Loyalists
1229,71,2,25221.08,4,1,2,412,7,Potential Loyalists
1230,26,6,30881.86,5,3,2,532,10,Potential Loyalists
1231,27,6,36806.58,5,3,2,532,10,Potential Loyalists
1232,161,5,102219.99,2,2,4,224,8,At Risk
1233,130,8,69843.41,3,4,3,343,10,Loyal Customers
1234,139,6,55254.09,3,3,3,333,9,Loyal Customers
1235,47,4,33710.78,4,2,2,422,8,Potential Loyalists
1236,276,5,39098.0,2,2,2,222,6,Hibernating
1237,174,7,157609.29,2,4,4,244,10,At Risk
1238,30,7,63392.12,4,4,3,443,11,Loyal Customers
1239,89,5,91187.29,3,2,4,324,9,Loyal Customers
1240,87,4,19893.87,3,2,1,321,6,Promising
1241,150,4,89674.58,3,2,4,324,9,Loyal Customers
1242,229,4,49251.12,2,2,3,223,7,Hibernating
1243,310,10,147402.73,1,4,4,144,9,Cannot Lose Them
1244,139,4,47406.99,3,2,3,323,8,Lost
1245,538,4,83799.43,1,2,4,124,7,Cannot Lose Them
1246,48,9,126831.81,4,4,4,444,12,Champions
1247,52,4,25940.24,4,2,2,422,8,Potential Loyalists
1248,136,6,301932.38,3,3,5,335,11,Loyal Customers
1249,196,4,21382.68,2,2,2,222,6,Hibernating
1250,41,3,83085.2,4,1,4,414,9,Potential Loyalists
1251,147,6,62247.79,3,3,3,333,9,Loyal Customers
1252,94,7,116778.38,3,4,4,344,11,Loyal Customers
1253,126,7,36519.85,3,4,2,342,9,Loyal Customers
1254,874,2,5504.73,1,1,1,111,3,Lost
1255,112,3,12537.99,3,1,1,311,5,Promising
1256,315,6,32556.36,1,3,2,132,6,Lost
1257,26,4,47329.53,5,2,3,523,10,Potential Loyalists
1258,251,7,36853.38,2,4,2,242,8,At Risk
1259,299,3,37332.7,2,1,2,212,5,Hibernating
1260,104,5,23920.57,3,2,2,322,7,Lost
1261,14,4,24787.42,5,2,2,522,9,Potential Loyalists
1262,168,6,70161.3,2,3,3,233,8,At Risk
1263,8,7,113316.68,5,4,4,544,13,Champions
1264,409,3,270596.18,1,1,5,115,7,Cannot Lose Them
1265,690,4,64541.47,1,2,3,123,6,Lost
1266,36,10,68349.35,4,4,3,443,11,Loyal Customers
1267,119,2,3696.28,3,1,1,311,5,Promising
1268,730,2,4339.51,1,1,1,111,3,Lost
1269,703,2,7296.02,1,1,1,111,3,Lost
1270,37,2,44991.11,4,1,3,413,8,Potential Loyalists
1271,42,6,116281.24,4,3,4,434,11,Loyal Customers
1272,3,7,32536.64,5,4,2,542,11,Loyal Customers
1273,232,6,105049.5,2,3,4,234,9,At Risk
1274,183,8,54224.05,2,4,3,243,9,At Risk
1275,160,6,25932.34,2,3,2,232,7,Hibernating
1276,124,5,18422.03,3,2,1,321,6,Promising
1277,704,4,36528.07,1,2,2,122,5,Lost
1278,236,7,192951.74,2,4,4,244,10,At Risk
1279,308,4,74649.7,2,2,3,223,7,Hibernating
1280,123,2,6539.84,3,1,1,311,5,Promising
1281,78,7,91068.31,3,4,4,344,11,Loyal Customers
1282,420,3,24038.48,1,1,2,112,4,Lost
1283,85,5,26526.45,3,2,2,322,7,Lost
1284,31,5,120794.74,4,2,4,424,10,Loyal Customers
1285,47,8,498113.8,4,4,5,445,13,Champions
1286,139,8,64568.96,3,4,3,343,10,Loyal Customers
1288,196,6,21153.0,2,3,2,232,7,Hibernating
1289,81,5,25639.25,3,2,2,322,7,Lost
1290,24,6,52422.22,5,3,3,533,11,Loyal Customers
1291,354,5,22728.46,1,2,2,122,5,Lost
1292,400,4,24693.35,1,2,2,122,5,Lost
1293,81,5,31607.4,3,2,2,322,7,Lost
1294,103,6,96509.11,3,3,4,334,10,Loyal Customers
1295,259,4,18228.73,2,2,1,221,5,Hibernating
1296,464,5,41841.18,1,2,3,123,6,Lost
1297,18,9,96674.41,5,4,4,544,13,Champions
1298,124,6,57076.51,3,3,3,333,9,Loyal Customers
1299,552,3,94794.58,1,1,4,114,6,Lost
1300,139,4,20835.4,3,2,2,322,7,Lost
1301,111,4,16821.86,3,2,1,321,6,Promising
1302,231,6,87720.06,2,3,4,234,9,At Risk
1303,120,10,109714.94,3,4,4,344,11,Loyal Customers
1304,418,4,37239.62,1,2,2,122,5,Lost
1306,629,6,195341.91,1,3,4,134,8,Cannot Lose Them
1307,220,4,23016.01,2,2,2,222,6,Hibernating
1308,399,2,7344.53,1,1,1,111,3,Lost
1309,31,4,19268.8,4,2,1,421,7,Potential Loyalists
1310,118,6,35945.77,3,3,2,332,8,Lost
1311,377,4,19030.44,1,2,1,121,4,Lost
1312,513,5,39341.57,1,2,2,122,5,Lost
1313,40,7,50505.62,4,4,3,443,11,Loyal Customers
1314,45,6,301095.12,4,3,5,435,12,Champions
1315,90,7,29877.14,3,4,2,342,9,Loyal Customers
1316,264,4,17639.66,2,2,1,221,5,Hibernating
1317,50,6,36241.0,4,3,2,432,9,Potential Loyalists
1318,444,5,40188.11,1,2,3,123,6,Lost
1319,191,5,32224.29,2,2,2,222,6,Hibernating
1320,639,2,26216.07,1,1,2,112,4,Lost
1321,349,3,12548.34,1,1,1,111,3,Lost
1322,14,6,114178.54,5,3,4,534,12,Loyal Customers
1323,237,4,11053.37,2,2,1,221,5,Hibernating
1324,192,5,426759.64,2,2,5,225,9,At Risk
1325,156,5,38268.39,2,2,2,222,6,Hibernating
1326,88,4,85927.43,3,2,4,324,9,Loyal Customers
1327,57,7,39450.56,4,4,2,442,10,Loyal Customers
1328,26,11,170760.57,5,4,4,544,13,Champions
1329,9,5,22376.14,5,2,2,522,9,Potential Loyalists
1330,59,7,200105.47,4,4,4,444,12,Champions
1331,207,7,39891.05,2,4,3,243,9,At Risk
1332,351,7,360613.61,1,4,5,145,10,Cannot Lose Them
1333,106,2,9189.48,3,1,1,311,5,Promising
1334,13,11,126013.92,5,4,4,544,13,Champions
1335,113,8,109206.19,3,4,4,344,11,Loyal Customers
1336,209,3,9469.19,2,1,1,211,4,Hibernating
1337,96,5,11395.99,3,2,1,321,6,Promising
1338,39,7,48843.61,4,4,3,443,11,Loyal Customers
1339,244,3,16629.87,2,1,1,211,4,Hibernating
1340,10,4,27128.78,5,2,2,522,9,Potential Loyalists
1341,445,1,654.32,1,1,1,111,3,Lost
1342,117,9,46136.14,3,4,3,343,10,Loyal Customers
1343,264,3,323047.2,2,1,5,215,8,At Risk
1344,174,6,34974.43,2,3,2,232,7,Hibernating
1345,260,3,26108.73,2,1,2,212,5,Hibernating
1346,209,9,32708.11,2,4,2,242,8,At Risk
1347,472,5,33198.02,1,2,2,122,5,Lost
1348,178,5,22264.64,2,2,2,222,6,Hibernating
1349,375,8,83959.25,1,4,4,144,9,Cannot Lose Them
1350,90,3,29508.6,3,1,2,312,6,Promising
1351,22,5,112239.95,5,2,4,524,11,Loyal Customers
1352,20,8,106241.24,5,4,4,544,13,Champions
1353,116,6,44325.92,3,3,3,333,9,Loyal Customers
1354,75,8,130535.73,3,4,4,344,11,Loyal Customers
1355,75,4,18290.92,3,2,1,321,6,Promising
1356,41,6,80545.61,4,3,4,434,11,Loyal Customers
1357,456,3,30846.25,1,1,2,112,4,Lost
1358,19,4,9023.77,5,2,1,521,8,Potential Loyalists
1359,161,6,135271.68,2,3,4,234,9,At Risk
1360,246,3,22380.59,2,1,2,212,5,Hibernating
1361,338,5,53319.58,1,2,3,123,6,Lost
1362,39,4,99984.3,4,2,4,424,10,Loyal Customers
1363,28,7,57026.68,5,4,3,543,12,Loyal Customers
1364,348,2,8700.37,1,1,1,111,3,Lost
1365,394,2,8082.96,1,1,1,111,3,Lost
1366,490,1,728.19,1,1,1,111,3,Lost
1367,43,3,40637.28,4,1,3,413,8,Potential Loyalists
1368,8,5,17198.65,5,2,1,521,8,Potential Loyalists
1369,830,2,6580.02,1,1,1,111,3,Lost
1370,194,2,3034.95,2,1,1,211,4,Hibernating
1371,556,3,87886.99,1,1,4,114,6,Lost
1372,207,3,20412.13,2,1,2,212,5,Hibernating
1373,233,6,28189.46,2,3,2,232,7,Hibernating
1374,198,3,101236.81,2,1,4,214,7,Hibernating
1375,269,7,16173.06,2,4,1,241,7,Hibernating
1376,13,8,84236.41,5,4,4,544,13,Champions
1377,10,3,326960.64,5,1,5,515,11,Loyal Customers
1378,368,1,26820.96,1,1,2,112,4,Lost
1379,245,7,42770.63,2,4,3,243,9,At Risk
1380,144,3,19229.27,3,1,1,311,5,Promising
1381,327,5,29077.31,1,2,2,122,5,Lost
1382,55,4,109549.23,4,2,4,424,10,Loyal Customers
1383,982,1,4486.44,1,1,1,111,3,Lost
1384,47,6,62411.14,4,3,3,433,10,Loyal Customers
1385,132,8,95214.3,3,4,4,344,11,Loyal Customers
1386,747,1,403.87,1,1,1,111,3,Lost
1387,140,5,69303.22,3,2,3,323,8,Lost
1388,184,7,99256.39,2,4,4,244,10,At Risk
1389,7,3,15308.17,5,1,1,511,7,Potential Loyalists
1390,146,3,101144.6,3,1,4,314,8,Lost
1391,111,7,55599.6,3,4,3,343,10,Loyal Customers
1392,391,2,28270.81,1,1,2,112,4,Lost
1393,460,3,33997.6,1,1,2,112,4,Lost
1394,276,5,84513.56,2,2,4,224,8,At Risk
1395,65,3,24538.82,4,1,2,412,7,Potential Loyalists
1396,199,4,85557.25,2,2,4,224,8,At Risk
1397,138,5,14605.48,3,2,1,321,6,Promising
1398,504,2,2982.0,1,1,1,111,3,Lost
1399,66,7,37656.81,4,4,2,442,10,Loyal Customers
1400,218,3,16454.82,2,1,1,211,4,Hibernating
1401,944,1,46810.12,1,1,3,113,5,Lost
1402,256,7,118660.27,2,4,4,244,10,At Risk
1403,149,4,11484.98,3,2,1,321,6,Promising
1404,173,3,15029.9,2,1,1,211,4,Hibernating
1405,560,5,88848.66,1,2,4,124,7,Cannot Lose Them
1406,264,5,20994.93,2,2,2,222,6,Hibernating
1407,108,2,8943.04,3,1,1,311,5,Promising
1408,45,7,96550.1,4,4,4,444,12,Champions
1409,593,4,15198.95,1,2,1,121,4,Lost
1410,59,8,197083.01,4,4,4,444,12,Champions
1411,25,5,26503.41,5,2,2,522,9,Potential Loyalists
1412,455,3,18751.78,1,1,1,111,3,Lost
1413,112,3,86764.57,3,1,4,314,8,Lost
1414,60,8,64048.06,4,4,3,443,11,Loyal Customers
1415,309,3,30788.02,1,1,2,112,4,Lost
1416,162,4,19925.89,2,2,1,221,5,Hibernating
1417,89,6,20784.71,3,3,2,332,8,Lost
1418,42,8,67020.41,4,4,3,443,11,Loyal Customers
1419,753,6,85353.68,1,3,4,134,8,Cannot Lose Them
1420,82,4,70020.82,3,2,3,323,8,Lost
1421,416,2,7267.76,1,1,1,111,3,Lost
1422,1076,1,19125.52,1,1,1,111,3,Lost
1423,43,8,307977.33,4,4,5,445,13,Champions
1424,738,2,7354.89,1,1,1,111,3,Lost
1425,122,4,48216.28,3,2,3,323,8,Lost
1426,651,2,9446.18,1,1,1,111,3,Lost
1427,136,2,12593.51,3,1,1,311,5,Promising
1428,28,3,55553.52,5,1,3,513,9,Potential Loyalists
1429,130,8,26601.33,3,4,2,342,9,Loyal Customers
1430,251,3,10810.59,2,1,1,211,4,Hibernating
1431,11,7,69931.79,5,4,3,543,12,Loyal Customers
1432,33,5,19015.35,4,2,1,421,7,Potential Loyalists
1433,83,5,34503.5,3,2,2,322,7,Lost
1434,145,5,17794.49,3,2,1,321,6,Promising
1435,117,3,16909.99,3,1,1,311,5,Promising
1436,33,7,284006.28,4,4,5,445,13,Champions
1437,26,5,286429.05,5,2,5,525,12,Loyal Customers
1438,19,7,99844.54,5,4,4,544,13,Champions
1439,583,4,49374.25,1,2,3,123,6,Lost
1440,381,4,75180.29,1,2,3,123,6,Lost
1441,517,4,14550.8,1,2,1,121,4,Lost
1442,353,6,55130.33,1,3,3,133,7,Cannot Lose Them
1443,85,7,91728.28,3,4,4,344,11,Loyal Customers
1444,223,3,10241.44,2,1,1,211,4,Hibernating
1445,82,4,131793.38,3,2,4,324,9,Loyal Customers
1446,270,4,10542.89,2,2,1,221,5,Hibernating
1447,16,6,119115.68,5,3,4,534,12,Loyal Customers
1448,256,4,28294.84,2,2,2,222,6,Hibernating
1449,53,5,187671.44,4,2,4,424,10,Loyal Customers
1450,196,4,47231.91,2,2,3,223,7,Hibernating
1451,623,2,8791.72,1,1,1,111,3,Lost
1452,539,3,22030.46,1,1,2,112,4,Lost
1453,871,2,24234.83,1,1,2,112,4,Lost
1454,359,3,10727.02,1,1,1,111,3,Lost
1455,321,5,45013.51,1,2,3,123,6,Lost
1456,26,5,59335.49,5,2,3,523,10,Potential Loyalists
1457,73,8,177473.47,4,4,4,444,12,Champions
1458,432,4,20486.02,1,2,2,122,5,Lost
1459,75,4,112265.77,3,2,4,324,9,Loyal Customers
1460,356,3,5218.98,1,1,1,111,3,Lost
1461,199,6,173490.66,2,3,4,234,9,At Risk
1462,141,9,64632.81,3,4,3,343,10,Loyal Customers
1463,633,2,93673.16,1,1,4,114,6,Lost
1464,236,6,44924.95,2,3,3,233,8,At Risk
1465,210,5,32368.13,2,2,2,222,6,Hibernating
1466,191,3,24616.0,2,1,2,212,5,Hibernating
1467,7,4,115008.67,5,2,4,524,11,Loyal Customers
1468,80,7,33801.78,3,4,2,342,9,Loyal Customers
1469,122,4,10590.3,3,2,1,321,6,Promising
1470,580,6,48320.03,1,3,3,133,7,Cannot Lose Them
1471,576,4,184849.69,1,2,4,124,7,Cannot Lose Them
1472,90,10,198010.09,3,4,4,344,11,Loyal Customers
1473,301,7,49142.61,2,4,3,243,9,At Risk
1474,192,5,84777.79,2,2,4,224,8,At Risk
1475,576,4,32050.13,1,2,2,122,5,Lost
1476,454,3,10491.66,1,1,1,111,3,Lost
1477,27,6,45961.31,5,3,3,533,11,Loyal Customers
1478,122,7,20762.09,3,4,2,342,9,Loyal Customers
1479,151,3,32975.57,3,1,2,312,6,Promising
1480,317,3,58017.75,1,1,3,113,5,Lost
1481,589,1,7435.16,1,1,1,111,3,Lost
1482,1,8,39592.93,5,4,3,543,12,Loyal Customers
1483,6,8,154848.96,5,4,4,544,13,Champions
1484,313,6,49659.9,1,3,3,133,7,Cannot Lose Them
1485,41,4,15995.41,4,2,1,421,7,Potential Loyalists
1486,140,3,36665.71,3,1,2,312,6,Promising
1487,107,3,20446.83,3,1,2,312,6,Promising
1488,476,3,4601.58,1,1,1,111,3,Lost
1489,150,5,24367.82,3,2,2,322,7,Lost
1490,17,5,277308.28,5,2,5,525,12,Loyal Customers
1491,724,2,10631.61,1,1,1,111,3,Lost
1492,167,7,33525.9,2,4,2,242,8,At Risk
1493,117,10,364125.04,3,4,5,345,12,Loyal Customers
1494,81,6,19962.31,3,3,1,331,7,Lost
1495,135,5,46094.54,3,2,3,323,8,Lost
1496,87,4,12937.11,3,2,1,321,6,Promising
1497,111,4,33494.38,3,2,2,322,7,Lost
1498,232,7,48591.92,2,4,3,243,9,At Risk
1499,557,3,10746.62,1,1,1,111,3,Lost
1500,71,3,8570.38,4,1,1,411,6,Potential Loyalists
1501,134,2,8820.04,3,1,1,311,5,Promising
1502,202,6,103205.86,2,3,4,234,9,At Risk
1503,688,4,29166.79,1,2,2,122,5,Lost
1504,333,3,12501.48,1,1,1,111,3,Lost
1505,167,6,59938.87,2,3,3,233,8,At Risk
1506,4,8,39266.46,5,4,2,542,11,Loyal Customers
1507,4,4,60054.14,5,2,3,523,10,Potential Loyalists
1508,44,7,40741.65,4,4,3,443,11,Loyal Customers
1509,93,6,262472.3,3,3,5,335,11,Loyal Customers
1510,120,12,61913.17,3,4,3,343,10,Loyal Customers
1511,326,4,19044.5,1,2,1,121,4,Lost
1512,446,4,19971.61,1,2,1,121,4,Lost
1513,4,5,39696.08,5,2,3,523,10,Potential Loyalists
1514,991,1,11732.08,1,1,1,111,3,Lost
1515,118,6,76395.2,3,3,3,333,9,Loyal Customers
1516,222,7,165368.06,2,4,4,244,10,At Risk
1517,67,7,29197.29,4,4,2,442,10,Loyal Customers
1518,61,11,250876.59,4,4,5,445,13,Champions
1519,89,3,15566.45,3,1,1,311,5,Promising
1520,10,7,54802.17,5,4,3,543,12,Loyal Customers
1521,78,6,23964.8,3,3,2,332,8,Lost
1522,64,6,67292.04,4,3,3,433,10,Loyal Customers
1523,339,2,18077.54,1,1,1,111,3,Lost
1524,158,3,8962.73,2,1,1,211,4,Hibernating
1525,34,7,86426.34,4,4,4,444,12,Champions
1526,77,6,71933.45,3,3,3,333,9,Loyal Customers
1527,156,3,10490.56,2,1,1,211,4,Hibernating
1528,208,4,9827.32,2,2,1,221,5,Hibernating
1529,512,3,8650.98,1,1,1,111,3,Lost
1530,71,7,58811.73,4,4,3,443,11,Loyal Customers
1531,33,4,33680.19,4,2,2,422,8,Potential Loyalists
1532,54,7,48577.97,4,4,3,443,11,Loyal Customers
1533,159,8,219495.18,2,4,5,245,11,At Risk
1534,874,1,5458.31,1,1,1,111,3,Lost
1535,129,7,195519.86,3,4,4,344,11,Loyal Customers
1536,528,5,69884.85,1,2,3,123,6,Lost
1537,60,10,71368.44,4,4,3,443,11,Loyal Customers
1538,871,2,6743.96,1,1,1,111,3,Lost
1539,512,4,12999.75,1,2,1,121,4,Lost
1540,65,3,22817.48,4,1,2,412,7,Potential Loyalists
1541,382,1,1731.4,1,1,1,111,3,Lost
1542,411,4,5464.36,1,2,1,121,4,Lost
1543,55,6,44305.18,4,3,3,433,10,Loyal Customers
1544,394,2,15841.74,1,1,1,111,3,Lost
1545,36,5,68068.72,4,2,3,423,9,Potential Loyalists
1546,361,3,16209.05,1,1,1,111,3,Lost
1547,92,7,153199.44,3,4,4,344,11,Loyal Customers
1548,463,2,26643.5,1,1,2,112,4,Lost
1549,387,4,13523.64,1,2,1,121,4,Lost
1550,191,2,7757.38,2,1,1,211,4,Hibernating
1551,46,4,13349.74,4,2,1,421,7,Potential Loyalists
1552,103,6,69356.49,3,3,3,333,9,Loyal Customers
1553,250,3,26308.35,2,1,2,212,5,Hibernating
1554,281,2,14392.84,2,1,1,211,4,Hibernating
1555,434,2,13358.05,1,1,1,111,3,Lost
1556,287,5,176734.29,2,2,4,224,8,At Risk
1557,58,7,82174.92,4,4,4,444,12,Champions
1558,696,2,67043.2,1,1,3,113,5,Lost
1559,11,6,114823.89,5,3,4,534,12,Loyal Customers
1560,140,7,48048.29,3,4,3,343,10,Loyal Customers
1561,60,6,52817.77,4,3,3,433,10,Loyal Customers
1562,174,6,60794.95,2,3,3,233,8,At Risk
1563,374,1,692.16,1,1,1,111,3,Lost
1564,194,3,9614.73,2,1,1,211,4,Hibernating
1566,26,4,68403.08,5,2,3,523,10,Potential Loyalists
1567,215,2,30801.08,2,1,2,212,5,Hibernating
1568,901,1,2243.22,1,1,1,111,3,Lost
1569,58,4,100101.49,4,2,4,424,10,Loyal Customers
1570,176,4,266845.44,2,2,5,225,9,At Risk
1571,82,3,18061.09,3,1,1,311,5,Promising
1572,713,2,5914.18,1,1,1,111,3,Lost
1573,141,6,88846.66,3,3,4,334,10,Loyal Customers
1574,311,3,16677.63,1,1,1,111,3,Lost
1575,17,8,53869.52,5,4,3,543,12,Loyal Customers
1576,378,3,12009.06,1,1,1,111,3,Lost
1577,915,3,5314.93,1,1,1,111,3,Lost
1578,310,2,1043.16,1,1,1,111,3,Lost
1579,31,6,28476.35,4,3,2,432,9,Potential Loyalists
1580,50,6,43559.83,4,3,3,433,10,Loyal Customers
1581,41,12,645084.14,4,4,5,445,13,Champions
1582,242,6,47655.25,2,3,3,233,8,At Risk
1583,416,5,107299.87,1,2,4,124,7,Cannot Lose Them
1584,17,10,262873.62,5,4,5,545,14,Champions
1585,44,5,38307.32,4,2,2,422,8,Potential Loyalists
1586,912,1,17065.16,1,1,1,111,3,Lost
1587,68,4,11570.72,4,2,1,421,7,Potential Loyalists
1588,4,9,135632.35,5,4,4,544,13,Champions
1589,365,3,24338.86,1,1,2,112,4,Lost
1590,19,5,26391.65,5,2,2,522,9,Potential Loyalists
1591,3,4,30828.4,5,2,2,522,9,Potential Loyalists
1592,437,2,4159.87,1,1,1,111,3,Lost
1593,146,8,60167.91,3,4,3,343,10,Loyal Customers
1594,698,4,43022.93,1,2,3,123,6,Lost
1595,135,5,64174.42,3,2,3,323,8,Lost
1596,162,4,9068.13,2,2,1,221,5,Hibernating
1597,146,7,26562.24,3,4,2,342,9,Loyal Customers
1598,49,9,76438.92,4,4,3,443,11,Loyal Customers
1599,205,3,45751.1,2,1,3,213,6,Hibernating
1600,69,3,40468.24,4,1,3,413,8,Potential Loyalists
1601,88,8,71343.88,3,4,3,343,10,Loyal Customers
1602,66,8,68523.2,4,4,3,443,11,Loyal Customers
1603,244,4,89658.66,2,2,4,224,8,At Risk
1604,65,6,107482.08,4,3,4,434,11,Loyal Customers
1605,35,8,36233.32,4,4,2,442,10,Loyal Customers
1606,274,5,43824.94,2,2,3,223,7,Hibernating
1607,103,4,102932.01,3,2,4,324,9,Loyal Customers
1608,134,7,42113.8,3,4,3,343,10,Loyal Customers
1609,91,6,90451.58,3,3,4,334,10,Loyal Customers
1610,17,7,23963.18,5,4,2,542,11,Loyal Customers
1611,6,6,39725.07,5,3,3,533,11,Loyal Customers
1612,543,5,43407.08,1,2,3,123,6,Lost
1613,273,1,8178.23,2,1,1,211,4,Hibernating
1614,218,5,60046.66,2,2,3,223,7,Hibernating
1615,108,8,180280.48,3,4,4,344,11,Loyal Customers
1616,91,9,49922.67,3,4,3,343,10,Loyal Customers
1617,300,5,29395.16,2,2,2,222,6,Hibernating
1618,93,10,108549.09,3,4,4,344,11,Loyal Customers
1619,95,5,87974.49,3,2,4,324,9,Loyal Customers
1620,64,9,142056.32,4,4,4,444,12,Champions
1621,58,4,24553.29,4,2,2,422,8,Potential Loyalists
1622,151,3,8732.41,3,1,1,311,5,Promising
1623,845,2,52531.94,1,1,3,113,5,Lost
1624,47,8,88686.93,4,4,4,444,12,Champions
1625,277,5,22899.11,2,2,2,222,6,Hibernating
1626,61,5,22991.91,4,2,2,422,8,Potential Loyalists
1627,60,5,21384.4,4,2,2,422,8,Potential Loyalists
1628,236,3,16690.73,2,1,1,211,4,Hibernating
1629,112,4,52883.22,3,2,3,323,8,Lost
1630,465,3,7099.74,1,1,1,111,3,Lost
1631,269,7,21239.45,2,4,2,242,8,At Risk
1632,260,2,12648.5,2,1,1,211,4,Hibernating
1633,93,7,108129.23,3,4,4,344,11,Loyal Customers
1634,149,2,29571.38,3,1,2,312,6,Promising
1635,391,3,11745.26,1,1,1,111,3,Lost
1636,287,4,39965.51,2,2,3,223,7,Hibernating
1637,109,8,122239.0,3,4,4,344,11,Loyal Customers
1638,90,8,143836.77,3,4,4,344,11,Loyal Customers
1639,147,8,75018.93,3,4,3,343,10,Loyal Customers
1640,414,5,196456.7,1,2,4,124,7,Cannot Lose Them
1641,25,10,86899.43,5,4,4,544,13,Champions
1642,5,9,145991.16,5,4,4,544,13,Champions
1643,400,6,42594.1,1,3,3,133,7,Cannot Lose Them
1644,251,5,53850.7,2,2,3,223,7,Hibernating
1645,130,5,19430.14,3,2,1,321,6,Promising
1646,335,3,19529.76,1,1,1,111,3,Lost
1647,262,5,432464.64,2,2,5,225,9,At Risk
1648,63,5,100343.01,4,2,4,424,10,Loyal Customers
1649,64,4,8431.39,4,2,1,421,7,Potential Loyalists
1650,131,10,99968.33,3,4,4,344,11,Loyal Customers
1651,226,8,71083.67,2,4,3,243,9,At Risk
1652,5,8,33531.9,5,4,2,542,11,Loyal Customers
1653,6,6,36686.43,5,3,2,532,10,Potential Loyalists
1654,228,9,58137.17,2,4,3,243,9,At Risk
1655,32,2,21737.87,4,1,2,412,7,Potential Loyalists
1656,200,10,99354.72,2,4,4,244,10,At Risk
1657,91,6,43651.38,3,3,3,333,9,Loyal Customers
1658,241,5,193098.54,2,2,4,224,8,At Risk
1659,736,2,6712.71,1,1,1,111,3,Lost
1660,56,2,7008.59,4,1,1,411,6,Potential Loyalists
1661,237,7,400219.6,2,4,5,245,11,At Risk
1662,42,5,40106.33,4,2,3,423,9,Potential Loyalists
1663,239,5,31124.04,2,2,2,222,6,Hibernating
1664,209,6,43375.81,2,3,3,233,8,At Risk
1665,193,3,6548.03,2,1,1,211,4,Hibernating
1666,376,3,18383.32,1,1,1,111,3,Lost
1667,96,5,41024.46,3,2,3,323,8,Lost
1668,262,6,62780.99,2,3,3,233,8,At Risk
1669,7,8,338316.33,5,4,5,545,14,Champions
1670,161,3,23329.02,2,1,2,212,5,Hibernating
1671,12,7,46996.06,5,4,3,543,12,Loyal Customers
1672,50,5,47255.41,4,2,3,423,9,Potential Loyalists
1673,543,5,161453.64,1,2,4,124,7,Cannot Lose Them
1674,246,3,47249.61,2,1,3,213,6,Hibernating
1675,109,3,6040.35,3,1,1,311,5,Promising
1676,499,3,20176.42,1,1,2,112,4,Lost
1677,19,4,165478.08,5,2,4,524,11,Loyal Customers
1678,126,4,31665.8,3,2,2,322,7,Lost
1679,127,5,46375.17,3,2,3,323,8,Lost
1680,500,3,6860.26,1,1,1,111,3,Lost
1681,20,6,134886.07,5,3,4,534,12,Loyal Customers
1682,47,6,76179.17,4,3,3,433,10,Loyal Customers
1683,220,4,62908.4,2,2,3,223,7,Hibernating
1684,167,5,90766.36,2,2,4,224,8,At Risk
1685,154,4,12893.02,2,2,1,221,5,Hibernating
1686,207,8,117591.75,2,4,4,244,10,At Risk
1687,88,5,90574.03,3,2,4,324,9,Loyal Customers
1688,113,4,24758.06,3,2,2,322,7,Lost
1689,35,5,15089.77,4,2,1,421,7,Potential Loyalists
1690,399,9,113339.88,1,4,4,144,9,Cannot Lose Them
1691,351,3,29574.96,1,1,2,112,4,Lost
1692,125,4,54479.97,3,2,3,323,8,Lost
1693,66,8,45481.7,4,4,3,443,11,Loyal Customers
1694,100,5,106137.66,3,2,4,324,9,Loyal Customers
1695,9,4,80880.34,5,2,4,524,11,Loyal Customers
1696,178,5,19244.47,2,2,1,221,5,Hibernating
1697,101,6,39913.62,3,3,3,333,9,Loyal Customers
1698,320,3,58706.0,1,1,3,113,5,Lost
1699,201,8,207498.22,2,4,4,244,10,At Risk
1700,130,6,197233.5,3,3,4,334,10,Loyal Customers
1701,124,10,395552.83,3,4,5,345,12,Loyal Customers
1702,149,3,13979.15,3,1,1,311,5,Promising
1703,139,3,28534.76,3,1,2,312,6,Promising
1704,14,6,21684.47,5,3,2,532,10,Potential Loyalists
1705,131,8,51028.27,3,4,3,343,10,Loyal Customers
1706,66,6,38374.43,4,3,2,432,9,Potential Loyalists
1707,1,4,14782.19,5,2,1,521,8,Potential Loyalists
1708,82,4,72460.51,3,2,3,323,8,Lost
1709,173,1,1343.48,2,1,1,211,4,Hibernating
1710,79,4,26356.42,3,2,2,322,7,Lost
1711,424,5,33159.36,1,2,2,122,5,Lost
1712,610,4,30760.05,1,2,2,122,5,Lost
1713,11,7,191779.17,5,4,4,544,13,Champions
1714,356,3,28871.17,1,1,2,112,4,Lost
1715,92,7,37822.4,3,4,2,342,9,Loyal Customers
1716,669,4,10763.62,1,2,1,121,4,Lost
1717,52,5,81424.61,4,2,4,424,10,Loyal Customers
1718,254,3,7169.3,2,1,1,211,4,Hibernating
1719,239,3,57240.25,2,1,3,213,6,Hibernating
1720,85,5,9093.8,3,2,1,321,6,Promising
1721,5,8,68180.23,5,4,3,543,12,Loyal Customers
1722,40,5,11440.35,4,2,1,421,7,Potential Loyalists
1723,344,7,62218.34,1,4,3,143,8,Cannot Lose Them
1724,128,4,141930.7,3,2,4,324,9,Loyal Customers
1725,165,5,18800.44,2,2,1,221,5,Hibernating
1726,24,4,90699.55,5,2,4,524,11,Loyal Customers
1727,26,7,10522.77,5,4,1,541,10,Potential Loyalists
1728,225,5,118010.29,2,2,4,224,8,At Risk
1729,60,4,15539.78,4,2,1,421,7,Potential Loyalists
1730,38,7,65763.62,4,4,3,443,11,Loyal Customers
1731,465,1,7797.56,1,1,1,111,3,Lost
1732,243,3,42098.93,2,1,3,213,6,Hibernating
1733,241,8,35529.4,2,4,2,242,8,At Risk
1734,128,3,10059.94,3,1,1,311,5,Promising
1735,333,5,63930.53,1,2,3,123,6,Lost
1736,56,5,43258.62,4,2,3,423,9,Potential Loyalists
1737,87,8,41746.36,3,4,3,343,10,Loyal Customers
1738,56,8,42786.43,4,4,3,443,11,Loyal Customers
1739,61,6,37562.41,4,3,2,432,9,Potential Loyalists
1740,48,5,42000.18,4,2,3,423,9,Potential Loyalists
1741,4,3,2835.73,5,1,1,511,7,Potential Loyalists
1742,48,1,16781.13,4,1,1,411,6,Potential Loyalists
1743,115,5,110230.62,3,2,4,324,9,Loyal Customers
1744,186,7,69688.8,2,4,3,243,9,At Risk
1745,86,6,127387.65,3,3,4,334,10,Loyal Customers
1746,228,3,53462.9,2,1,3,213,6,Hibernating
1747,86,6,59815.0,3,3,3,333,9,Loyal Customers
1748,331,4,9621.67,1,2,1,121,4,Lost
1749,96,7,69842.14,3,4,3,343,10,Loyal Customers
1750,270,3,97087.59,2,1,4,214,7,Hibernating
1751,119,1,11458.02,3,1,1,311,5,Promising
1752,467,3,27912.65,1,1,2,112,4,Lost
1753,161,3,16662.28,2,1,1,211,4,Hibernating
1754,58,8,63745.37,4,4,3,443,11,Loyal Customers
1755,42,7,33179.82,4,4,2,442,10,Loyal Customers
1756,390,2,19792.14,1,1,1,111,3,Lost
1757,57,8,295451.35,4,4,5,445,13,Champions
1758,493,6,197179.13,1,3,4,134,8,Cannot Lose Them
1759,416,3,6970.13,1,1,1,111,3,Lost
1760,77,4,16538.43,3,2,1,321,6,Promising
1761,723,2,9380.71,1,1,1,111,3,Lost
1762,20,4,7984.29,5,2,1,521,8,Potential Loyalists
1763,77,3,44941.74,3,1,3,313,7,Lost
1764,8,6,169993.92,5,3,4,534,12,Loyal Customers
1765,73,7,140478.29,4,4,4,444,12,Champions
1766,34,6,39883.35,4,3,3,433,10,Loyal Customers
1767,196,2,4877.81,2,1,1,211,4,Hibernating
1768,322,3,8770.68,1,1,1,111,3,Lost
1769,384,6,57995.02,1,3,3,133,7,Cannot Lose Them
1770,323,2,47866.07,1,1,3,113,5,Lost
1771,240,8,185331.3,2,4,4,244,10,At Risk
1772,39,3,80040.72,4,1,4,414,9,Potential Loyalists
1773,20,7,104106.13,5,4,4,544,13,Champions
1774,16,6,42350.19,5,3,3,533,11,Loyal Customers
1775,322,4,25305.37,1,2,2,122,5,Lost
1776,35,4,20439.23,4,2,2,422,8,Potential Loyalists
1777,86,5,5810.69,3,2,1,321,6,Promising
1778,43,5,56981.47,4,2,3,423,9,Potential Loyalists
1779,299,9,66020.4,2,4,3,243,9,At Risk
1780,929,2,1427.46,1,1,1,111,3,Lost
1781,43,4,29920.33,4,2,2,422,8,Potential Loyalists
1782,61,3,12885.08,4,1,1,411,6,Potential Loyalists
1783,165,5,35776.82,2,2,2,222,6,Hibernating
1784,205,6,27073.19,2,3,2,232,7,Hibernating
1785,51,6,124848.93,4,3,4,434,11,Loyal Customers
1787,231,8,132387.19,2,4,4,244,10,At Risk
1788,426,2,10262.42,1,1,1,111,3,Lost
1789,520,4,23199.5,1,2,2,122,5,Lost
1790,356,4,35121.14,1,2,2,122,5,Lost
1791,65,8,101420.58,4,4,4,444,12,Champions
1792,659,4,88559.62,1,2,4,124,7,Cannot Lose Them
1793,21,8,78927.63,5,4,3,543,12,Loyal Customers
1794,155,3,4121.69,2,1,1,211,4,Hibernating
1795,191,6,106126.21,2,3,4,234,9,At Risk
1796,159,5,181746.68,2,2,4,224,8,At Risk
1797,239,2,52961.15,2,1,3,213,6,Hibernating
1798,316,6,20482.41,1,3,2,132,6,Lost
1799,188,4,4854.63,2,2,1,221,5,Hibernating
1800,216,4,21191.62,2,2,2,222,6,Hibernating
1801,37,3,9024.37,4,1,1,411,6,Potential Loyalists
1802,53,10,71442.7,4,4,3,443,11,Loyal Customers
1803,48,4,70611.3,4,2,3,423,9,Potential Loyalists
1804,5,3,20329.94,5,1,2,512,8,Potential Loyalists
1805,4,11,99982.81,5,4,4,544,13,Champions
1806,572,1,153350.4,1,1,4,114,6,Lost
1807,27,4,168356.13,5,2,4,524,11,Loyal Customers
1808,448,4,30527.88,1,2,2,122,5,Lost
1809,109,5,261998.3,3,2,5,325,10,Loyal Customers
1810,86,7,38531.88,3,4,2,342,9,Loyal Customers
1811,22,6,100809.52,5,3,4,534,12,Loyal Customers
1812,171,8,52786.05,2,4,3,243,9,At Risk
1813,329,4,36577.79,1,2,2,122,5,Lost
1814,121,2,17422.95,3,1,1,311,5,Promising
1815,290,6,40267.01,2,3,3,233,8,At Risk
1816,365,2,8553.76,1,1,1,111,3,Lost
1817,977,1,9851.0,1,1,1,111,3,Lost
1818,254,5,72776.42,2,2,3,223,7,Hibernating
1819,255,3,18653.62,2,1,1,211,4,Hibernating
1820,387,4,63053.74,1,2,3,123,6,Lost
1821,178,6,194682.92,2,3,4,234,9,At Risk
1822,128,8,32555.97,3,4,2,342,9,Loyal Customers
1823,4,11,93451.96,5,4,4,544,13,Champions
1824,25,5,83534.87,5,2,4,524,11,Loyal Customers
1825,38,7,19391.2,4,4,1,441,9,Potential Loyalists
1826,75,9,39236.11,3,4,2,342,9,Loyal Customers
1827,108,3,7051.37,3,1,1,311,5,Promising
1828,843,2,20247.76,1,1,2,112,4,Lost
1829,400,1,836.22,1,1,1,111,3,Lost
1830,397,4,13971.68,1,2,1,121,4,Lost
1831,339,5,32328.63,1,2,2,122,5,Lost
1832,115,7,142794.63,3,4,4,344,11,Loyal Customers
1833,592,2,11301.88,1,1,1,111,3,Lost
1834,168,4,18919.34,2,2,1,221,5,Hibernating
1835,136,3,18647.82,3,1,1,311,5,Promising
1836,2,7,53763.43,5,4,3,543,12,Loyal Customers
1837,228,5,14383.6,2,2,1,221,5,Hibernating
1838,279,5,50204.04,2,2,3,223,7,Hibernating
1839,85,5,120337.12,3,2,4,324,9,Loyal Customers
1840,333,2,5072.86,1,1,1,111,3,Lost
1841,94,6,79306.04,3,3,3,333,9,Loyal Customers
1842,113,7,128674.3,3,4,4,344,11,Loyal Customers
1843,214,4,32546.84,2,2,2,222,6,Hibernating
1844,19,9,55861.96,5,4,3,543,12,Loyal Customers
1845,38,5,120056.65,4,2,4,424,10,Loyal Customers
1846,1,5,32614.77,5,2,2,522,9,Potential Loyalists
1847,415,5,128036.21,1,2,4,124,7,Cannot Lose Them
1848,45,5,32086.51,4,2,2,422,8,Potential Loyalists
1849,316,3,47550.0,1,1,3,113,5,Lost
1850,253,3,30490.03,2,1,2,212,5,Hibernating
1851,13,1,902.21,5,1,1,511,7,Potential Loyalists
1852,66,6,82084.16,4,3,4,434,11,Loyal Customers
1853,383,7,58325.63,1,4,3,143,8,Cannot Lose Them
1854,78,6,42830.18,3,3,3,333,9,Loyal Customers
1855,136,6,22495.55,3,3,2,332,8,Lost
1856,457,6,36293.09,1,3,2,132,6,Lost
1857,38,3,172441.58,4,1,4,414,9,Potential Loyalists
1859,32,7,23301.03,4,4,2,442,10,Loyal Customers
1860,315,5,26325.08,1,2,2,122,5,Lost
1861,515,3,12821.97,1,1,1,111,3,Lost
1862,37,3,21343.19,4,1,2,412,7,Potential Loyalists
1863,21,8,131921.62,5,4,4,544,13,Champions
1864,125,6,42975.78,3,3,3,333,9,Loyal Customers
1865,769,2,14636.25,1,1,1,111,3,Lost
1866,127,10,48702.53,3,4,3,343,10,Loyal Customers
1867,32,5,32209.18,4,2,2,422,8,Potential Loyalists
1868,768,2,53838.78,1,1,3,113,5,Lost
1869,306,2,19404.72,2,1,1,211,4,Hibernating
1870,376,5,98513.57,1,2,4,124,7,Cannot Lose Them
1871,7,8,72756.55,5,4,3,543,12,Loyal Customers
1872,530,5,167479.36,1,2,4,124,7,Cannot Lose Them
1873,97,2,32519.94,3,1,2,312,6,Promising
1874,385,1,3916.45,1,1,1,111,3,Lost
1875,131,3,15868.39,3,1,1,311,5,Promising
1876,94,6,269668.91,3,3,5,335,11,Loyal Customers
1877,136,7,31742.09,3,4,2,342,9,Loyal Customers
1878,159,10,151385.71,2,4,4,244,10,At Risk
1879,160,8,137762.29,2,4,4,244,10,At Risk
1880,700,3,120451.26,1,1,4,114,6,Lost
1881,63,3,46514.14,4,1,3,413,8,Potential Loyalists
1882,224,5,14747.41,2,2,1,221,5,Hibernating
1883,17,4,22704.07,5,2,2,522,9,Potential Loyalists
1884,80,3,164492.45,3,1,4,314,8,Lost
1885,41,4,18573.3,4,2,1,421,7,Potential Loyalists
1886,849,2,37675.78,1,1,2,112,4,Lost
1887,398,4,40456.67,1,2,3,123,6,Lost
1888,60,3,27115.0,4,1,2,412,7,Potential Loyalists
1889,558,2,6356.99,1,1,1,111,3,Lost
1890,52,4,18380.78,4,2,1,421,7,Potential Loyalists
1891,129,7,139263.97,3,4,4,344,11,Loyal Customers
1892,781,4,89167.94,1,2,4,124,7,Cannot Lose Them
1893,65,7,69464.33,4,4,3,443,11,Loyal Customers
1894,153,7,62425.71,2,4,3,243,9,At Risk
1895,12,8,114101.81,5,4,4,544,13,Champions
1896,476,3,11957.34,1,1,1,111,3,Lost
1897,76,3,106621.25,3,1,4,314,8,Lost
1898,229,6,46377.53,2,3,3,233,8,At Risk
1899,350,3,13757.28,1,1,1,111,3,Lost
1900,237,7,286430.68,2,4,5,245,11,At Risk
1901,59,2,1423.18,4,1,1,411,6,Potential Loyalists
1902,15,2,3816.58,5,1,1,511,7,Potential Loyalists
1903,150,7,130778.29,3,4,4,344,11,Loyal Customers
1904,82,9,70029.83,3,4,3,343,10,Loyal Customers
1905,1006,1,183.24,1,1,1,111,3,Lost
1906,54,8,39018.11,4,4,2,442,10,Loyal Customers
1907,79,5,11336.94,3,2,1,321,6,Promising
1908,45,4,100943.7,4,2,4,424,10,Loyal Customers
1909,1081,1,45491.57,1,1,3,113,5,Lost
1910,237,5,25445.01,2,2,2,222,6,Hibernating
1911,563,3,21109.73,1,1,2,112,4,Lost
1912,210,6,169029.69,2,3,4,234,9,At Risk
1913,243,6,26049.68,2,3,2,232,7,Hibernating
1914,137,8,127765.0,3,4,4,344,11,Loyal Customers
1915,40,5,31292.45,4,2,2,422,8,Potential Loyalists
1916,216,4,61465.64,2,2,3,223,7,Hibernating
1917,17,5,55622.94,5,2,3,523,10,Potential Loyalists
1918,471,2,19426.17,1,1,1,111,3,Lost
1919,212,6,52201.51,2,3,3,233,8,At Risk
1920,74,6,30711.17,3,3,2,332,8,Lost
1921,53,2,14418.54,4,1,1,411,6,Potential Loyalists
1922,82,6,262012.95,3,3,5,335,11,Loyal Customers
1923,101,3,46573.89,3,1,3,313,7,Lost
1924,23,2,3713.41,5,1,1,511,7,Potential Loyalists
1925,321,3,12984.73,1,1,1,111,3,Lost
1926,704,2,16369.28,1,1,1,111,3,Lost
1927,325,4,87112.74,1,2,4,124,7,Cannot Lose Them
1928,150,5,46887.61,3,2,3,323,8,Lost
1929,73,8,60588.31,4,4,3,443,11,Loyal Customers
1931,207,3,14397.55,2,1,1,211,4,Hibernating
1932,141,5,39454.96,3,2,2,322,7,Lost
1933,48,8,124051.95,4,4,4,444,12,Champions
1934,9,8,348231.54,5,4,5,545,14,Champions
1935,122,6,59171.78,3,3,3,333,9,Loyal Customers
1936,366,6,18899.41,1,3,1,131,5,Lost
1937,2,6,107367.94,5,3,4,534,12,Loyal Customers
1938,400,6,26993.52,1,3,2,132,6,Lost
1939,241,4,12881.96,2,2,1,221,5,Hibernating
1940,593,3,12836.54,1,1,1,111,3,Lost
1941,236,7,37886.78,2,4,2,242,8,At Risk
1942,26,4,16003.31,5,2,1,521,8,Potential Loyalists
1943,55,6,273754.43,4,3,5,435,12,Champions
1944,789,2,5595.39,1,1,1,111,3,Lost
1945,67,10,424573.76,4,4,5,445,13,Champions
1946,115,9,63964.05,3,4,3,343,10,Loyal Customers
1947,388,6,46663.91,1,3,3,133,7,Cannot Lose Them
1948,170,4,8967.71,2,2,1,221,5,Hibernating
1949,552,5,67363.45,1,2,3,123,6,Lost
1950,241,9,43814.87,2,4,3,243,9,At Risk
1951,969,1,13221.53,1,1,1,111,3,Lost
1952,16,7,37714.2,5,4,2,542,11,Loyal Customers
1953,219,3,24845.22,2,1,2,212,5,Hibernating
1954,1,6,38026.39,5,3,2,532,10,Potential Loyalists
1955,20,3,66313.36,5,1,3,513,9,Potential Loyalists
1956,99,4,16374.67,3,2,1,321,6,Promising
1957,98,7,106077.54,3,4,4,344,11,Loyal Customers
1958,375,6,75482.62,1,3,3,133,7,Cannot Lose Them
1959,133,2,8133.7,3,1,1,311,5,Promising
1960,238,4,25222.05,2,2,2,222,6,Hibernating
1961,272,4,29048.02,2,2,2,222,6,Hibernating
1962,220,7,21903.85,2,4,2,242,8,At Risk
1963,201,5,391118.62,2,2,5,225,9,At Risk
1964,156,5,25513.63,2,2,2,222,6,Hibernating
1965,31,6,27904.46,4,3,2,432,9,Potential Loyalists
1966,124,8,127358.84,3,4,4,344,11,Loyal Customers
1967,165,7,67119.16,2,4,3,243,9,At Risk
1968,78,8,73421.96,3,4,3,343,10,Loyal Customers
1969,117,5,30212.87,3,2,2,322,7,Lost
1970,465,6,27708.33,1,3,2,132,6,Lost
1971,510,2,22249.14,1,1,2,112,4,Lost
1972,337,7,86423.94,1,4,4,144,9,Cannot Lose Them
1973,168,6,400310.89,2,3,5,235,10,At Risk
1974,3,3,31414.71,5,1,2,512,8,Potential Loyalists
1975,27,3,17867.19,5,1,1,511,7,Potential Loyalists
1976,46,7,22016.77,4,4,2,442,10,Loyal Customers
1977,25,6,72987.0,5,3,3,533,11,Loyal Customers
1978,261,6,44161.42,2,3,3,233,8,At Risk
1979,352,4,9387.68,1,2,1,121,4,Lost
1980,443,3,5537.19,1,1,1,111,3,Lost
1981,70,5,11747.69,4,2,1,421,7,Potential Loyalists
1982,163,7,67745.37,2,4,3,243,9,At Risk
1983,59,7,197083.27,4,4,4,444,12,Champions
1984,14,9,341605.78,5,4,5,545,14,Champions
1985,259,6,18258.87,2,3,1,231,6,Hibernating
1986,20,9,54118.92,5,4,3,543,12,Loyal Customers
1987,404,5,19952.98,1,2,1,121,4,Lost
1988,24,3,8440.08,5,1,1,511,7,Potential Loyalists
1989,654,6,60904.77,1,3,3,133,7,Cannot Lose Them
1990,130,5,18369.34,3,2,1,321,6,Promising
1991,354,6,54514.59,1,3,3,133,7,Cannot Lose Them
1992,340,3,35671.13,1,1,2,112,4,Lost
1993,746,3,79608.32,1,1,3,113,5,Lost
1994,459,4,28055.14,1,2,2,122,5,Lost
1995,200,6,24537.31,2,3,2,232,7,Hibernating
1996,124,4,89851.45,3,2,4,324,9,Loyal Customers
1997,304,3,3520.71,2,1,1,211,4,Hibernating
1998,166,7,57326.39,2,4,3,243,9,At Risk
1999,42,4,9351.89,4,2,1,421,7,Potential Loyalists
2000,289,6,57452.88,2,3,3,233,8,At Risk
2001,189,5,85739.11,2,2,4,224,8,At Risk
2002,561,3,19683.05,1,1,1,111,3,Lost
2003,136,7,101268.16,3,4,4,344,11,Loyal Customers
2004,615,5,82593.56,1,2,4,124,7,Cannot Lose Them
2005,212,7,128518.25,2,4,4,244,10,At Risk
2006,161,4,12079.69,2,2,1,221,5,Hibernating
2007,20,5,22779.7,5,2,2,522,9,Potential Loyalists
2008,80,7,77450.0,3,4,3,343,10,Loyal Customers
2009,138,3,17078.53,3,1,1,311,5,Promising
2010,100,8,257485.93,3,4,5,345,12,Loyal Customers
2011,771,5,42029.75,1,2,3,123,6,Lost
2012,79,6,90672.47,3,3,4,334,10,Loyal Customers
2013,18,4,115861.91,5,2,4,524,11,Loyal Customers
2014,143,7,60153.28,3,4,3,343,10,Loyal Customers
2015,96,3,22957.82,3,1,2,312,6,Promising
2016,144,7,176526.07,3,4,4,344,11,Loyal Customers
2017,61,9,186865.74,4,4,4,444,12,Champions
2018,284,5,126944.36,2,2,4,224,8,At Risk
2019,7,10,120148.41,5,4,4,544,13,Champions
2020,72,9,84220.15,4,4,4,444,12,Champions
2021,19,9,36260.38,5,4,2,542,11,Loyal Customers
2022,32,4,42936.41,4,2,3,423,9,Potential Loyalists
2023,105,9,83355.24,3,4,4,344,11,Loyal Customers
2024,44,6,191910.84,4,3,4,434,11,Loyal Customers
2025,173,5,16251.17,2,2,1,221,5,Hibernating
2026,261,8,81106.1,2,4,4,244,10,At Risk
2027,424,6,24233.47,1,3,2,132,6,Lost
2028,114,5,46709.86,3,2,3,323,8,Lost
2029,120,6,47444.04,3,3,3,333,9,Loyal Customers
2030,289,5,42897.92,2,2,3,223,7,Hibernating
2031,571,3,11099.54,1,1,1,111,3,Lost
2032,444,5,96565.9,1,2,4,124,7,Cannot Lose Them
2033,430,1,1616.14,1,1,1,111,3,Lost
2034,55,6,107651.45,4,3,4,434,11,Loyal Customers
2035,59,4,25477.18,4,2,2,422,8,Potential Loyalists
2036,106,8,142993.37,3,4,4,344,11,Loyal Customers
2037,90,5,74516.96,3,2,3,323,8,Lost
2038,307,5,42024.52,2,2,3,223,7,Hibernating
2039,531,5,28884.6,1,2,2,122,5,Lost
2040,73,5,23691.54,4,2,2,422,8,Potential Loyalists
2041,227,5,167015.29,2,2,4,224,8,At Risk
2042,104,12,119496.49,3,4,4,344,11,Loyal Customers
2043,28,6,44960.45,5,3,3,533,11,Loyal Customers
2044,162,4,26953.67,2,2,2,222,6,Hibernating
2045,197,3,40076.62,2,1,3,213,6,Hibernating
2046,14,5,17434.4,5,2,1,521,8,Potential Loyalists
2047,48,5,37801.1,4,2,2,422,8,Potential Loyalists
2048,68,6,26347.04,4,3,2,432,9,Potential Loyalists
2049,159,5,91818.27,2,2,4,224,8,At Risk
2050,218,8,78641.49,2,4,3,243,9,At Risk
2051,1,5,17579.7,5,2,1,521,8,Potential Loyalists
2052,22,7,77072.55,5,4,3,543,12,Loyal Customers
2053,21,6,104508.06,5,3,4,534,12,Loyal Customers
2054,22,10,55678.3,5,4,3,543,12,Loyal Customers
2055,112,4,83903.55,3,2,4,324,9,Loyal Customers
2056,43,3,30274.7,4,1,2,412,7,Potential Loyalists
2057,317,6,130816.9,1,3,4,134,8,Cannot Lose Them
2058,520,1,2819.84,1,1,1,111,3,Lost
2059,41,5,20157.94,4,2,1,421,7,Potential Loyalists
2060,406,3,148024.09,1,1,4,114,6,Lost
2061,323,2,1732.2,1,1,1,111,3,Lost
2062,25,7,115128.64,5,4,4,544,13,Champions
2063,85,7,80734.36,3,4,4,344,11,Loyal Customers
2064,49,5,35759.5,4,2,2,422,8,Potential Loyalists
2065,155,4,18476.63,2,2,1,221,5,Hibernating
2066,23,4,34227.48,5,2,2,522,9,Potential Loyalists
2067,353,4,21387.76,1,2,2,122,5,Lost
2068,620,2,17256.31,1,1,1,111,3,Lost
2069,4,5,21668.8,5,2,2,522,9,Potential Loyalists
2070,80,8,110439.68,3,4,4,344,11,Loyal Customers
2071,272,3,33549.67,2,1,2,212,5,Hibernating
2072,45,9,400714.34,4,4,5,445,13,Champions
2073,39,4,28203.47,4,2,2,422,8,Potential Loyalists
2074,73,4,51768.6,4,2,3,423,9,Potential Loyalists
2075,257,7,59802.38,2,4,3,243,9,At Risk
2076,822,2,6198.64,1,1,1,111,3,Lost
2077,46,5,56101.63,4,2,3,423,9,Potential Loyalists
2078,94,5,38097.01,3,2,2,322,7,Lost
2079,32,7,185398.18,4,4,4,444,12,Champions
2080,570,4,41764.43,1,2,3,123,6,Lost
2081,7,6,110311.73,5,3,4,534,12,Loyal Customers
2082,114,3,4648.43,3,1,1,311,5,Promising
2083,197,3,33704.53,2,1,2,212,5,Hibernating
2084,74,5,12919.83,3,2,1,321,6,Promising
2085,464,8,144470.21,1,4,4,144,9,Cannot Lose Them
2086,40,5,62330.22,4,2,3,423,9,Potential Loyalists
2087,22,6,119511.19,5,3,4,534,12,Loyal Customers
2088,426,5,19766.95,1,2,1,121,4,Lost
2089,177,8,56732.24,2,4,3,243,9,At Risk
2090,181,6,29272.81,2,3,2,232,7,Hibernating
2091,161,4,12386.33,2,2,1,221,5,Hibernating
2092,92,5,180495.83,3,2,4,324,9,Loyal Customers
2093,61,5,44240.48,4,2,3,423,9,Potential Loyalists
2094,17,5,59436.72,5,2,3,523,10,Potential Loyalists
2095,210,5,69086.41,2,2,3,223,7,Hibernating
2096,474,3,33045.46,1,1,2,112,4,Lost
2097,40,4,85755.74,4,2,4,424,10,Loyal Customers
2098,25,9,41540.42,5,4,3,543,12,Loyal Customers
2099,45,7,39163.85,4,4,2,442,10,Loyal Customers
2100,103,9,287025.68,3,4,5,345,12,Loyal Customers
2101,28,1,10148.81,5,1,1,511,7,Potential Loyalists
2102,240,3,19402.88,2,1,1,211,4,Hibernating
2103,138,7,42533.72,3,4,3,343,10,Loyal Customers
2104,78,4,181744.26,3,2,4,324,9,Loyal Customers
2105,91,5,8608.43,3,2,1,321,6,Promising
2106,256,7,106587.17,2,4,4,244,10,At Risk
2107,494,5,30667.77,1,2,2,122,5,Lost
2108,179,8,105558.06,2,4,4,244,10,At Risk
2109,3,7,77503.32,5,4,3,543,12,Loyal Customers
2110,79,9,30686.14,3,4,2,342,9,Loyal Customers
2111,274,4,4414.77,2,2,1,221,5,Hibernating
2112,8,6,47572.63,5,3,3,533,11,Loyal Customers
2113,335,3,10618.68,1,1,1,111,3,Lost
2114,149,4,14476.45,3,2,1,321,6,Promising
2115,271,7,53276.38,2,4,3,243,9,At Risk
2116,162,3,15076.5,2,1,1,211,4,Hibernating
2117,71,4,16486.47,4,2,1,421,7,Potential Loyalists
2118,424,6,15391.19,1,3,1,131,5,Lost
2119,91,5,50129.84,3,2,3,323,8,Lost
2120,601,2,22471.8,1,1,2,112,4,Lost
2121,9,3,13898.03,5,1,1,511,7,Potential Loyalists
2122,177,2,32396.23,2,1,2,212,5,Hibernating
2123,395,5,51406.8,1,2,3,123,6,Lost
2124,13,9,35633.16,5,4,2,542,11,Loyal Customers
2125,12,3,8190.35,5,1,1,511,7,Potential Loyalists
2126,86,7,81857.17,3,4,4,344,11,Loyal Customers
2127,54,11,228553.7,4,4,5,445,13,Champions
2128,1020,1,11292.54,1,1,1,111,3,Lost
2129,589,5,19372.87,1,2,1,121,4,Lost
2130,47,10,56702.12,4,4,3,443,11,Loyal Customers
2131,139,9,252282.16,3,4,5,345,12,Loyal Customers
2132,37,3,5600.4,4,1,1,411,6,Potential Loyalists
2133,321,7,75531.85,1,4,3,143,8,Cannot Lose Them
2134,18,5,193976.37,5,2,4,524,11,Loyal Customers
2135,105,5,258102.02,3,2,5,325,10,Loyal Customers
2136,124,8,34143.15,3,4,2,342,9,Loyal Customers
2137,580,3,8997.42,1,1,1,111,3,Lost
2138,330,6,43528.47,1,3,3,133,7,Cannot Lose Them
2139,140,10,52417.66,3,4,3,343,10,Loyal Customers
2140,185,1,18055.82,2,1,1,211,4,Hibernating
2141,166,7,40360.6,2,4,3,243,9,At Risk
2142,84,4,10933.19,3,2,1,321,6,Promising
2143,134,2,22217.21,3,1,2,312,6,Promising
2144,254,3,12982.82,2,1,1,211,4,Hibernating
2145,95,8,75655.68,3,4,3,343,10,Loyal Customers
2146,118,10,106829.12,3,4,4,344,11,Loyal Customers
2147,339,2,10067.93,1,1,1,111,3,Lost
2148,55,5,61633.69,4,2,3,423,9,Potential Loyalists
2149,51,9,281505.71,4,4,5,445,13,Champions
2150,57,8,54120.82,4,4,3,443,11,Loyal Customers
2151,506,3,12254.75,1,1,1,111,3,Lost
2152,429,6,53655.11,1,3,3,133,7,Cannot Lose Them
2153,111,3,18071.89,3,1,1,311,5,Promising
2154,23,6,176510.68,5,3,4,534,12,Loyal Customers
2155,188,4,175098.46,2,2,4,224,8,At Risk
2156,257,6,43794.16,2,3,3,233,8,At Risk
2157,67,3,31125.91,4,1,2,412,7,Potential Loyalists
2158,127,4,48012.89,3,2,3,323,8,Lost
2159,62,10,86502.06,4,4,4,444,12,Champions
2160,269,5,49259.63,2,2,3,223,7,Hibernating
2161,111,5,116230.35,3,2,4,324,9,Loyal Customers
2162,356,2,3930.96,1,1,1,111,3,Lost
2164,216,7,199991.89,2,4,4,244,10,At Risk
2165,417,6,134537.26,1,3,4,134,8,Cannot Lose Them
2166,44,6,36437.14,4,3,2,432,9,Potential Loyalists
2167,347,6,203739.38,1,3,4,134,8,Cannot Lose Them
2168,344,5,57901.03,1,2,3,123,6,Lost
2169,41,10,46874.56,4,4,3,443,11,Loyal Customers
2170,90,5,31502.93,3,2,2,322,7,Lost
2171,112,10,140059.72,3,4,4,344,11,Loyal Customers
2172,71,9,40475.61,4,4,3,443,11,Loyal Customers
2173,49,6,24370.9,4,3,2,432,9,Potential Loyalists
2174,370,5,29548.95,1,2,2,122,5,Lost
2175,32,5,25438.33,4,2,2,422,8,Potential Loyalists
2176,194,5,84906.29,2,2,4,224,8,At Risk
2177,102,4,99838.63,3,2,4,324,9,Loyal Customers
2178,11,7,52446.74,5,4,3,543,12,Loyal Customers
2179,64,7,37705.65,4,4,2,442,10,Loyal Customers
2180,202,3,29303.44,2,1,2,212,5,Hibernating
2181,215,7,75584.35,2,4,3,243,9,At Risk
2182,730,2,13247.89,1,1,1,111,3,Lost
2183,135,8,33822.67,3,4,2,342,9,Loyal Customers
2184,20,5,108416.85,5,2,4,524,11,Loyal Customers
2185,167,9,330309.35,2,4,5,245,11,At Risk
2186,235,8,55884.72,2,4,3,243,9,At Risk
2187,688,2,15103.48,1,1,1,111,3,Lost
2188,270,4,71464.85,2,2,3,223,7,Hibernating
2189,72,3,25770.74,4,1,2,412,7,Potential Loyalists
2190,171,9,95022.79,2,4,4,244,10,At Risk
2191,432,4,20343.35,1,2,2,122,5,Lost
2192,284,5,27956.02,2,2,2,222,6,Hibernating
2193,515,5,35484.79,1,2,2,122,5,Lost
2194,547,7,148897.47,1,4,4,144,9,Cannot Lose Them
2195,158,6,59237.59,2,3,3,233,8,At Risk
2196,215,4,78950.72,2,2,3,223,7,Hibernating
2197,338,7,299284.57,1,4,5,145,10,Cannot Lose Them
2198,107,4,25705.37,3,2,2,322,7,Lost
2199,179,3,7849.66,2,1,1,211,4,Hibernating
2200,203,5,111931.4,2,2,4,224,8,At Risk
2201,57,4,15804.42,4,2,1,421,7,Potential Loyalists
2202,97,12,69006.84,3,4,3,343,10,Loyal Customers
2203,78,8,63567.06,3,4,3,343,10,Loyal Customers
2204,557,5,40616.54,1,2,3,123,6,Lost
2205,661,4,120015.27,1,2,4,124,7,Cannot Lose Them
2206,180,7,40614.23,2,4,3,243,9,At Risk
2207,358,8,33216.54,1,4,2,142,7,Cannot Lose Them
2208,358,1,75173.91,1,1,3,113,5,Lost
2209,83,5,31117.59,3,2,2,322,7,Lost
2210,51,4,20571.01,4,2,2,422,8,Potential Loyalists
2211,169,7,115111.58,2,4,4,244,10,At Risk
2212,617,6,60979.93,1,3,3,133,7,Cannot Lose Them
2213,143,2,24791.58,3,1,2,312,6,Promising
2214,312,7,75905.2,1,4,3,143,8,Cannot Lose Them
2215,15,5,70906.42,5,2,3,523,10,Potential Loyalists
2216,184,3,81888.8,2,1,4,214,7,Hibernating
2217,9,3,21490.12,5,1,2,512,8,Potential Loyalists
2218,546,5,70951.73,1,2,3,123,6,Lost
2219,219,4,113084.06,2,2,4,224,8,At Risk
2220,161,7,54646.08,2,4,3,243,9,At Risk
2221,114,3,19347.56,3,1,1,311,5,Promising
2222,31,10,53497.59,4,4,3,443,11,Loyal Customers
2223,13,9,105688.12,5,4,4,544,13,Champions
2224,568,2,70215.18,1,1,3,113,5,Lost
2225,316,3,32718.03,1,1,2,112,4,Lost
2226,510,3,23623.23,1,1,2,112,4,Lost
2227,610,3,11386.19,1,1,1,111,3,Lost
2228,301,6,32375.57,2,3,2,232,7,Hibernating
2229,21,8,183481.12,5,4,4,544,13,Champions
2230,171,6,60777.07,2,3,3,233,8,At Risk
2231,294,3,28348.94,2,1,2,212,5,Hibernating
2232,144,3,3386.52,3,1,1,311,5,Promising
2233,87,9,132006.33,3,4,4,344,11,Loyal Customers
2234,152,7,41347.1,2,4,3,243,9,At Risk
2235,342,2,19379.91,1,1,1,111,3,Lost
2236,234,3,8048.21,2,1,1,211,4,Hibernating
2237,729,1,2946.52,1,1,1,111,3,Lost
2238,263,9,80520.71,2,4,4,244,10,At Risk
2239,182,5,41705.21,2,2,3,223,7,Hibernating
2240,635,2,21323.15,1,1,2,112,4,Lost
2241,103,6,186214.92,3,3,4,334,10,Loyal Customers
2242,8,8,33249.67,5,4,2,542,11,Loyal Customers
2243,171,3,20891.96,2,1,2,212,5,Hibernating
2244,218,3,14623.15,2,1,1,211,4,Hibernating
2245,118,6,148806.54,3,3,4,334,10,Loyal Customers
2246,170,5,49058.72,2,2,3,223,7,Hibernating
2247,231,5,185834.17,2,2,4,224,8,At Risk
2248,493,1,23237.88,1,1,2,112,4,Lost
2249,16,2,16868.62,5,1,1,511,7,Potential Loyalists
2250,82,7,106798.52,3,4,4,344,11,Loyal Customers
2251,103,6,53091.49,3,3,3,333,9,Loyal Customers
2252,34,4,128168.81,4,2,4,424,10,Loyal Customers
2253,340,5,50912.8,1,2,3,123,6,Lost
2254,80,7,64407.7,3,4,3,343,10,Loyal Customers
2255,135,6,182116.79,3,3,4,334,10,Loyal Customers
2256,776,2,16812.76,1,1,1,111,3,Lost
2257,42,5,135340.86,4,2,4,424,10,Loyal Customers
2258,159,6,79777.54,2,3,3,233,8,At Risk
2259,130,6,46135.37,3,3,3,333,9,Loyal Customers
2260,109,4,16641.91,3,2,1,321,6,Promising
2261,218,1,1335.82,2,1,1,211,4,Hibernating
2262,4,8,44639.54,5,4,3,543,12,Loyal Customers
2263,10,9,37898.88,5,4,2,542,11,Loyal Customers
2264,627,2,90117.62,1,1,4,114,6,Lost
2265,833,6,75773.34,1,3,3,133,7,Cannot Lose Them
2266,33,3,10728.88,4,1,1,411,6,Potential Loyalists
2267,8,4,54927.87,5,2,3,523,10,Potential Loyalists
2268,131,4,52825.18,3,2,3,323,8,Lost
2269,112,6,36868.34,3,3,2,332,8,Lost
2270,132,9,49515.11,3,4,3,343,10,Loyal Customers
2271,162,4,36635.94,2,2,2,222,6,Hibernating
2272,118,5,16027.89,3,2,1,321,6,Promising
2273,165,3,93024.6,2,1,4,214,7,Hibernating
2274,85,4,15745.26,3,2,1,321,6,Promising
2275,99,9,150029.42,3,4,4,344,11,Loyal Customers
2276,878,2,6455.19,1,1,1,111,3,Lost
2277,227,4,26634.82,2,2,2,222,6,Hibernating
2278,167,3,12514.09,2,1,1,211,4,Hibernating
2279,21,4,36423.98,5,2,2,522,9,Potential Loyalists
2280,49,5,78332.05,4,2,3,423,9,Potential Loyalists
2281,14,7,65755.8,5,4,3,543,12,Loyal Customers
2282,13,6,99829.06,5,3,4,534,12,Loyal Customers
2283,149,7,31166.03,3,4,2,342,9,Loyal Customers
2284,647,3,115443.45,1,1,4,114,6,Lost
2285,122,4,20167.23,3,2,1,321,6,Promising
2286,39,3,18953.11,4,1,1,411,6,Potential Loyalists
2287,489,4,18727.55,1,2,1,121,4,Lost
2288,44,2,17194.92,4,1,1,411,6,Potential Loyalists
2289,210,2,34431.44,2,1,2,212,5,Hibernating
2290,23,8,64628.39,5,4,3,543,12,Loyal Customers
2291,21,10,65763.72,5,4,3,543,12,Loyal Customers
2292,130,8,77468.63,3,4,3,343,10,Loyal Customers
2293,373,4,89604.87,1,2,4,124,7,Cannot Lose Them
2294,43,4,71545.36,4,2,3,423,9,Potential Loyalists
2295,16,4,61420.99,5,2,3,523,10,Potential Loyalists
2296,37,7,97610.72,4,4,4,444,12,Champions
2297,4,3,36365.32,5,1,2,512,8,Potential Loyalists
2298,243,5,41674.34,2,2,3,223,7,Hibernating
2299,833,1,7708.49,1,1,1,111,3,Lost
2300,138,5,91386.8,3,2,4,324,9,Loyal Customers
2301,311,4,118716.55,1,2,4,124,7,Cannot Lose Them
2302,457,5,10122.91,1,2,1,121,4,Lost
2303,739,4,62075.12,1,2,3,123,6,Lost
2304,201,3,16176.74,2,1,1,211,4,Hibernating
2305,23,4,109794.52,5,2,4,524,11,Loyal Customers
2306,204,5,350478.38,2,2,5,225,9,At Risk
2307,101,7,52235.76,3,4,3,343,10,Loyal Customers
2308,192,2,21171.9,2,1,2,212,5,Hibernating
2309,430,5,23775.56,1,2,2,122,5,Lost
2310,349,10,383144.48,1,4,5,145,10,Cannot Lose Them
2311,1094,1,3699.99,1,1,1,111,3,Lost
2312,86,9,140245.56,3,4,4,344,11,Loyal Customers
2313,47,6,141354.52,4,3,4,434,11,Loyal Customers
2314,300,6,16779.13,2,3,1,231,6,Hibernating
2315,41,7,60040.56,4,4,3,443,11,Loyal Customers
2316,176,5,6969.4,2,2,1,221,5,Hibernating
2317,49,7,100652.78,4,4,4,444,12,Champions
2318,47,3,6870.34,4,1,1,411,6,Potential Loyalists
2319,389,8,146917.0,1,4,4,144,9,Cannot Lose Them
2320,150,4,12608.78,3,2,1,321,6,Promising
2321,135,6,53075.82,3,3,3,333,9,Loyal Customers
2322,158,4,21809.59,2,2,2,222,6,Hibernating
2323,55,2,96359.22,4,1,4,414,9,Potential Loyalists
2324,4,11,176270.58,5,4,4,544,13,Champions
2325,15,8,93201.26,5,4,4,544,13,Champions
2326,154,5,17796.88,2,2,1,221,5,Hibernating
2327,467,1,18383.73,1,1,1,111,3,Lost
2328,121,4,35895.45,3,2,2,322,7,Lost
2329,411,6,151479.78,1,3,4,134,8,Cannot Lose Them
2330,76,6,37538.24,3,3,2,332,8,Lost
2331,21,7,64720.72,5,4,3,543,12,Loyal Customers
2332,241,6,232067.55,2,3,5,235,10,At Risk
2333,717,2,16432.21,1,1,1,111,3,Lost
2334,74,4,93343.26,3,2,4,324,9,Loyal Customers
2335,201,7,20238.91,2,4,2,242,8,At Risk
2336,406,2,3396.65,1,1,1,111,3,Lost
2337,39,6,105651.58,4,3,4,434,11,Loyal Customers
2338,545,7,17170.42,1,4,1,141,6,Lost
2339,53,6,22721.54,4,3,2,432,9,Potential Loyalists
2340,123,6,23804.44,3,3,2,332,8,Lost
2341,771,3,30014.0,1,1,2,112,4,Lost
2342,561,7,107214.13,1,4,4,144,9,Cannot Lose Them
2343,150,8,136340.26,3,4,4,344,11,Loyal Customers
2344,71,4,85734.61,4,2,4,424,10,Loyal Customers
2345,161,3,40843.23,2,1,3,213,6,Hibernating
2346,40,6,110845.06,4,3,4,434,11,Loyal Customers
2347,21,7,220804.84,5,4,5,545,14,Champions
2348,552,6,100750.6,1,3,4,134,8,Cannot Lose Them
2349,1048,1,2482.35,1,1,1,111,3,Lost
2350,250,5,32491.96,2,2,2,222,6,Hibernating
2351,408,6,26460.02,1,3,2,132,6,Lost
2352,70,3,9745.76,4,1,1,411,6,Potential Loyalists
2353,59,7,85487.96,4,4,4,444,12,Champions
2354,293,5,56009.4,2,2,3,223,7,Hibernating
2355,481,4,108948.03,1,2,4,124,7,Cannot Lose Them
2356,38,7,99248.33,4,4,4,444,12,Champions
2357,33,5,79538.36,4,2,3,423,9,Potential Loyalists
2358,115,5,33861.66,3,2,2,322,7,Lost
2359,438,9,159139.0,1,4,4,144,9,Cannot Lose Them
2360,55,5,87412.32,4,2,4,424,10,Loyal Customers
2361,171,5,22357.13,2,2,2,222,6,Hibernating
2362,472,4,34420.52,1,2,2,122,5,Lost
2363,513,3,21747.78,1,1,2,112,4,Lost
2364,68,5,58737.77,4,2,3,423,9,Potential Loyalists
2365,150,4,51717.26,3,2,3,323,8,Lost
2366,21,10,190576.37,5,4,4,544,13,Champions
2367,38,4,21371.73,4,2,2,422,8,Potential Loyalists
2368,788,3,59425.81,1,1,3,113,5,Lost
2369,66,2,12768.92,4,1,1,411,6,Potential Loyalists
2370,3,7,343784.75,5,4,5,545,14,Champions
2371,307,4,13221.42,2,2,1,221,5,Hibernating
2372,173,3,11043.22,2,1,1,211,4,Hibernating
2373,68,6,101897.92,4,3,4,434,11,Loyal Customers
2374,164,3,83386.47,2,1,4,214,7,Hibernating
2375,96,7,94643.2,3,4,4,344,11,Loyal Customers
2376,377,3,7951.53,1,1,1,111,3,Lost
2377,27,5,40986.39,5,2,3,523,10,Potential Loyalists
2378,4,1,475.58,5,1,1,511,7,Potential Loyalists
2379,240,6,35352.14,2,3,2,232,7,Hibernating
2380,125,5,113590.22,3,2,4,324,9,Loyal Customers
2381,362,5,64819.78,1,2,3,123,6,Lost
2382,139,9,366578.35,3,4,5,345,12,Loyal Customers
2383,374,5,50438.75,1,2,3,123,6,Lost
2384,48,11,102526.83,4,4,4,444,12,Champions
2385,562,4,71482.23,1,2,3,123,6,Lost
2386,8,7,36777.54,5,4,2,542,11,Loyal Customers
2387,472,3,85113.51,1,1,4,114,6,Lost
2388,14,11,76342.74,5,4,3,543,12,Loyal Customers
2389,354,8,46326.91,1,4,3,143,8,Cannot Lose Them
2390,287,7,288549.89,2,4,5,245,11,At Risk
2391,38,9,97865.56,4,4,4,444,12,Champions
2392,136,3,17900.35,3,1,1,311,5,Promising
2393,107,5,22195.09,3,2,2,322,7,Lost
2394,227,8,213401.47,2,4,5,245,11,At Risk
2395,140,6,72439.43,3,3,3,333,9,Loyal Customers
2396,46,10,43292.85,4,4,3,443,11,Loyal Customers
2397,60,4,28960.96,4,2,2,422,8,Potential Loyalists
2398,407,7,34140.37,1,4,2,142,7,Cannot Lose Them
2399,520,1,3733.23,1,1,1,111,3,Lost
2400,53,5,46709.69,4,2,3,423,9,Potential Loyalists
2401,40,11,73770.42,4,4,3,443,11,Loyal Customers
2402,306,4,101097.64,2,2,4,224,8,At Risk
2403,281,3,5439.68,2,1,1,211,4,Hibernating
2404,131,9,58214.25,3,4,3,343,10,Loyal Customers
2405,114,1,20498.79,3,1,2,312,6,Promising
2406,45,10,136658.13,4,4,4,444,12,Champions
2407,98,5,399267.07,3,2,5,325,10,Loyal Customers
2408,83,4,4240.74,3,2,1,321,6,Promising
2409,463,3,11292.39,1,1,1,111,3,Lost
2410,265,4,18494.73,2,2,1,221,5,Hibernating
2411,323,7,57417.34,1,4,3,143,8,Cannot Lose Them
2412,170,6,33068.78,2,3,2,232,7,Hibernating
2413,115,8,60763.78,3,4,3,343,10,Loyal Customers
2414,42,3,45363.61,4,1,3,413,8,Potential Loyalists
2415,94,8,169501.37,3,4,4,344,11,Loyal Customers
2416,36,4,9754.92,4,2,1,421,7,Potential Loyalists
2417,166,4,114590.94,2,2,4,224,8,At Risk
2418,580,3,19832.87,1,1,1,111,3,Lost
2419,172,6,221794.42,2,3,5,235,10,At Risk
2420,1,13,73096.42,5,4,3,543,12,Loyal Customers
2422,109,7,62022.21,3,4,3,343,10,Loyal Customers
2423,122,7,36612.91,3,4,2,342,9,Loyal Customers
2424,57,5,50778.59,4,2,3,423,9,Potential Loyalists
2425,53,5,60163.4,4,2,3,423,9,Potential Loyalists
2426,358,5,22163.4,1,2,2,122,5,Lost
2427,234,8,52894.88,2,4,3,243,9,At Risk
2428,275,7,199046.78,2,4,4,244,10,At Risk
2429,161,11,132257.79,2,4,4,244,10,At Risk
2430,371,5,33442.71,1,2,2,122,5,Lost
2431,67,7,36083.33,4,4,2,442,10,Loyal Customers
2432,158,3,19284.51,2,1,1,211,4,Hibernating
2434,97,7,57333.19,3,4,3,343,10,Loyal Customers
2435,273,3,408545.21,2,1,5,215,8,At Risk
2436,15,7,41022.09,5,4,3,543,12,Loyal Customers
2437,341,4,24032.68,1,2,2,122,5,Lost
2438,181,6,25879.1,2,3,2,232,7,Hibernating
2439,73,4,89818.1,4,2,4,424,10,Loyal Customers
2440,86,4,117862.28,3,2,4,324,9,Loyal Customers
2441,60,6,80247.34,4,3,4,434,11,Loyal Customers
2442,307,7,449415.49,2,4,5,245,11,At Risk
2443,132,3,9328.28,3,1,1,311,5,Promising
2444,63,10,257696.15,4,4,5,445,13,Champions
2445,529,6,21320.96,1,3,2,132,6,Lost
2446,243,8,145513.69,2,4,4,244,10,At Risk
2447,140,6,16884.32,3,3,1,331,7,Lost
2448,162,6,24807.31,2,3,2,232,7,Hibernating
2450,10,3,8708.3,5,1,1,511,7,Potential Loyalists
2451,145,6,39359.06,3,3,2,332,8,Lost
2452,350,4,28322.98,1,2,2,122,5,Lost
2453,393,4,27657.54,1,2,2,122,5,Lost
2454,25,4,40539.02,5,2,3,523,10,Potential Loyalists
2455,303,5,24345.58,2,2,2,222,6,Hibernating
2456,41,5,93961.33,4,2,4,424,10,Loyal Customers
2457,3,3,19644.12,5,1,1,511,7,Potential Loyalists
2458,38,6,33472.05,4,3,2,432,9,Potential Loyalists
2459,28,2,9089.26,5,1,1,511,7,Potential Loyalists
2460,88,6,42494.0,3,3,3,333,9,Loyal Customers
2461,86,5,16366.53,3,2,1,321,6,Promising
2462,166,7,15021.51,2,4,1,241,7,Hibernating
2463,220,5,8280.86,2,2,1,221,5,Hibernating
2464,20,12,65794.69,5,4,3,543,12,Loyal Customers
2465,169,7,127053.72,2,4,4,244,10,At Risk
2466,14,4,163554.27,5,2,4,524,11,Loyal Customers
2467,174,5,19029.08,2,2,1,221,5,Hibernating
2468,847,3,27386.24,1,1,2,112,4,Lost
2469,13,10,36949.71,5,4,2,542,11,Loyal Customers
2470,94,5,34377.09,3,2,2,322,7,Lost
2471,11,5,30508.36,5,2,2,522,9,Potential Loyalists
2472,17,5,37753.78,5,2,2,522,9,Potential Loyalists
2473,171,5,31346.85,2,2,2,222,6,Hibernating
2474,28,5,45836.28,5,2,3,523,10,Potential Loyalists
2475,31,10,40527.06,4,4,3,443,11,Loyal Customers
2476,153,7,29361.85,2,4,2,242,8,At Risk
2477,640,3,15522.22,1,1,1,111,3,Lost
2478,18,9,124059.94,5,4,4,544,13,Champions
2479,12,5,174372.66,5,2,4,524,11,Loyal Customers
2480,176,1,7219.93,2,1,1,211,4,Hibernating
2481,640,3,4966.27,1,1,1,111,3,Lost
2482,238,6,22234.84,2,3,2,232,7,Hibernating
2483,349,3,21099.91,1,1,2,112,4,Lost
2484,259,7,110074.95,2,4,4,244,10,At Risk
2485,145,7,43916.38,3,4,3,343,10,Loyal Customers
2486,19,5,253211.42,5,2,5,525,12,Loyal Customers
2487,286,5,114479.85,2,2,4,224,8,At Risk
2488,343,4,33673.34,1,2,2,122,5,Lost
2489,286,4,26484.09,2,2,2,222,6,Hibernating
2490,21,4,15767.62,5,2,1,521,8,Potential Loyalists
2491,103,5,104743.27,3,2,4,324,9,Loyal Customers
2492,415,1,18815.4,1,1,1,111,3,Lost
2493,584,5,28381.77,1,2,2,122,5,Lost
2494,156,3,7775.57,2,1,1,211,4,Hibernating
2495,280,6,197386.02,2,3,4,234,9,At Risk
2496,437,2,10752.58,1,1,1,111,3,Lost
2497,273,6,45402.31,2,3,3,233,8,At Risk
2498,31,5,29071.69,4,2,2,422,8,Potential Loyalists
2499,374,5,45878.1,1,2,3,123,6,Lost
2500,43,5,47083.59,4,2,3,423,9,Potential Loyalists
2501,772,5,66413.0,1,2,3,123,6,Lost
2502,246,7,181625.19,2,4,4,244,10,At Risk
2503,108,6,77358.07,3,3,3,333,9,Loyal Customers
2504,240,3,4576.68,2,1,1,211,4,Hibernating
2505,37,7,27257.5,4,4,2,442,10,Loyal Customers
2506,241,3,38125.01,2,1,2,212,5,Hibernating
2507,323,6,52317.61,1,3,3,133,7,Cannot Lose Them
2508,200,5,21821.9,2,2,2,222,6,Hibernating
2509,113,4,28930.78,3,2,2,322,7,Lost
2510,588,3,19212.08,1,1,1,111,3,Lost
2511,40,4,47314.37,4,2,3,423,9,Potential Loyalists
2512,60,3,16212.57,4,1,1,411,6,Potential Loyalists
2513,243,5,17517.48,2,2,1,221,5,Hibernating
2514,210,5,18054.48,2,2,1,221,5,Hibernating
2515,23,7,19266.23,5,4,1,541,10,Potential Loyalists
2516,84,8,216043.9,3,4,5,345,12,Loyal Customers
2517,73,6,95378.9,4,3,4,434,11,Loyal Customers
2518,407,1,7337.84,1,1,1,111,3,Lost
2519,629,3,244605.98,1,1,5,115,7,Cannot Lose Them
2520,85,5,93284.83,3,2,4,324,9,Loyal Customers
2521,257,4,3844.97,2,2,1,221,5,Hibernating
2522,28,7,46199.38,5,4,3,543,12,Loyal Customers
2523,397,3,23070.46,1,1,2,112,4,Lost
2524,394,2,18644.87,1,1,1,111,3,Lost
2526,218,5,38485.8,2,2,2,222,6,Hibernating
2527,95,4,74910.45,3,2,3,323,8,Lost
2528,496,3,23312.77,1,1,2,112,4,Lost
2529,195,5,53426.5,2,3,3,233,8,At Risk
2530,46,5,21090.84,4,3,2,432,9,Potential Loyalists
2531,147,10,75690.67,3,4,3,343,10,Loyal Customers
2532,73,2,9056.32,4,1,1,411,6,Potential Loyalists
2533,5,5,304893.06,5,3,5,535,13,Champions
2534,124,5,76275.1,3,3,3,333,9,Loyal Customers
2535,85,8,67460.47,3,4,3,343,10,Loyal Customers
2536,143,5,25782.93,3,3,2,332,8,Lost
2537,16,2,11409.26,5,1,1,511,7,Potential Loyalists
2538,46,7,11234.83,4,4,1,441,9,Potential Loyalists
2539,343,5,162640.1,1,3,4,134,8,Cannot Lose Them
2540,12,6,33885.53,5,3,2,532,10,Potential Loyalists
2541,14,5,17350.0,5,3,1,531,9,Potential Loyalists
2542,24,11,89962.34,5,4,4,544,13,Champions
2543,1087,1,692.16,1,1,1,111,3,Lost
2544,43,7,53768.13,4,4,3,443,11,Loyal Customers
2545,43,4,35681.82,4,2,2,422,8,Potential Loyalists
2546,293,2,4953.85,2,1,1,211,4,Hibernating
2547,442,3,12989.26,1,1,1,111,3,Lost
2548,358,3,15840.62,1,1,1,111,3,Lost
2549,683,6,63251.41,1,3,3,133,7,Cannot Lose Them
2550,56,8,48647.84,4,4,3,443,11,Loyal Customers
2551,998,2,8328.94,1,1,1,111,3,Lost
2552,43,8,220478.61,4,4,5,445,13,Champions
2553,378,5,23313.67,1,3,2,132,6,Lost
2554,19,1,2787.66,5,1,1,511,7,Potential Loyalists
2555,135,11,125394.58,3,4,4,344,11,Loyal Customers
2556,132,5,4969.38,3,3,1,331,7,Lost
2557,229,6,54833.2,2,3,3,233,8,At Risk
2558,69,4,39763.85,4,2,3,423,9,Potential Loyalists
2560,65,9,47689.13,4,4,3,443,11,Loyal Customers
2561,416,4,43770.57,1,2,3,123,6,Lost
2562,29,3,11292.9,4,1,1,411,6,Potential Loyalists
2563,163,2,31724.51,2,1,2,212,5,Hibernating
2564,88,4,30344.4,3,2,2,322,7,Lost
2565,188,5,37332.64,2,3,2,232,7,Hibernating
2566,78,7,188149.41,3,4,4,344,11,Loyal Customers
2567,520,7,82936.34,1,4,4,144,9,Cannot Lose Them
2568,33,2,17214.69,4,1,1,411,6,Potential Loyalists
2569,46,6,101064.86,4,3,4,434,11,Loyal Customers
2570,7,4,32775.42,5,2,2,522,9,Potential Loyalists
2571,293,7,32982.03,2,4,2,242,8,At Risk
2572,35,4,31850.01,4,2,2,422,8,Potential Loyalists
2573,391,3,27404.4,1,1,2,112,4,Lost
2574,179,5,44541.25,2,3,3,233,8,At Risk
2575,58,8,186158.45,4,4,4,444,12,Champions
2576,1014,1,3512.13,1,1,1,111,3,Lost
2577,225,5,33159.44,2,3,2,232,7,Hibernating
2578,230,3,9146.49,2,1,1,211,4,Hibernating
2579,641,4,41126.1,1,2,3,123,6,Lost
2580,1,3,112753.65,5,1,4,514,10,Potential Loyalists
2581,3,7,82332.17,5,4,4,544,13,Champions
2582,308,2,13622.09,2,1,1,211,4,Hibernating
2583,445,4,22771.84,1,2,2,122,5,Lost
2584,28,3,164526.22,5,1,4,514,10,Potential Loyalists
2585,241,6,47848.51,2,3,3,233,8,At Risk
2586,66,3,9255.49,4,1,1,411,6,Potential Loyalists
2587,145,4,34510.56,3,2,2,322,7,Lost
2588,665,4,54307.73,1,2,3,123,6,Lost
2589,353,6,138132.81,1,3,4,134,8,Cannot Lose Them
2590,176,3,15055.1,2,1,1,211,4,Hibernating
2591,364,5,59056.74,1,3,3,133,7,Cannot Lose Them
2592,23,3,90638.15,5,1,4,514,10,Potential Loyalists
2593,14,5,45484.24,5,3,3,533,11,Loyal Customers
2594,422,2,23470.92,1,1,2,112,4,Lost
2595,168,10,80839.57,2,4,4,244,10,At Risk
2596,528,6,36759.18,1,3,2,132,6,Lost
2597,342,2,4220.5,1,1,1,111,3,Lost
2598,82,4,26235.74,3,2,2,322,7,Lost
2599,14,12,99715.8,5,4,4,544,13,Champions
2600,681,2,8919.66,1,1,1,111,3,Lost
2601,181,6,23281.93,2,3,2,232,7,Hibernating
2602,8,3,26633.41,5,1,2,512,8,Potential Loyalists
2603,51,5,42802.41,4,3,3,433,10,Loyal Customers
2604,233,4,47335.45,2,2,3,223,7,Hibernating
2606,605,2,157268.29,1,1,4,114,6,Lost
2607,35,6,24284.98,4,3,2,432,9,Potential Loyalists
2608,83,6,43860.84,3,3,3,333,9,Loyal Customers
2609,28,2,13821.87,5,1,1,511,7,Potential Loyalists
2610,297,2,33436.63,2,1,2,212,5,Hibernating
2611,97,7,104744.07,3,4,4,344,11,Loyal Customers
2612,123,5,134530.69,3,3,4,334,10,Loyal Customers
2613,34,3,22811.97,4,1,2,412,7,Potential Loyalists
2614,611,1,4943.64,1,1,1,111,3,Lost
2615,92,3,8974.15,3,1,1,311,5,Promising
2616,384,2,11330.8,1,1,1,111,3,Lost
2617,56,5,72548.1,4,3,3,433,10,Loyal Customers
2618,208,5,23131.92,2,3,2,232,7,Hibernating
2619,76,3,25842.88,3,1,2,312,6,Promising
2620,204,4,33942.86,2,2,2,222,6,Hibernating
2621,106,6,23396.78,3,3,2,332,8,Lost
2622,305,5,82834.26,2,3,4,234,9,At Risk
2623,643,4,36828.3,1,2,2,122,5,Lost
2624,388,6,22001.19,1,3,2,132,6,Lost
2625,35,5,36713.71,4,3,2,432,9,Potential Loyalists
2626,24,2,2871.46,5,1,1,511,7,Potential Loyalists
2627,39,9,81372.61,4,4,4,444,12,Champions
2628,339,3,48562.78,1,1,3,113,5,Lost
2629,22,3,25968.62,5,1,2,512,8,Potential Loyalists
2630,336,3,154554.36,1,1,4,114,6,Lost
2631,522,4,10725.38,1,2,1,121,4,Lost
2632,519,3,96522.29,1,1,4,114,6,Lost
2633,511,3,119125.53,1,1,4,114,6,Lost
2634,98,6,27546.62,3,3,2,332,8,Lost
2635,175,6,31638.25,2,3,2,232,7,Hibernating
2636,199,4,41241.69,2,2,3,223,7,Hibernating
2637,31,5,81893.38,4,3,4,434,11,Loyal Customers
2638,33,8,67897.47,4,4,3,443,11,Loyal Customers
2639,945,1,3674.17,1,1,1,111,3,Lost
2640,356,8,73359.0,1,4,3,143,8,Cannot Lose Them
2641,153,6,34662.78,2,3,2,232,7,Hibernating
2642,86,5,36764.9,3,3,2,332,8,Lost
2643,140,2,5230.07,3,1,1,311,5,Promising
2644,724,1,10926.64,1,1,1,111,3,Lost
2645,243,9,174210.0,2,4,4,244,10,At Risk
2646,51,5,38848.52,4,3,2,432,9,Potential Loyalists
2647,218,6,30639.42,2,3,2,232,7,Hibernating
2648,221,9,93629.51,2,4,4,244,10,At Risk
2649,184,2,29389.64,2,1,2,212,5,Hibernating
2650,460,6,134159.07,1,3,4,134,8,Cannot Lose Them
2651,273,6,74263.94,2,3,3,233,8,At Risk
2652,65,6,31813.33,4,3,2,432,9,Potential Loyalists
2653,271,3,98521.07,2,1,4,214,7,Hibernating
2654,465,4,19301.75,1,2,1,121,4,Lost
2655,15,3,16582.48,5,1,1,511,7,Potential Loyalists
2656,9,6,337626.98,5,3,5,535,13,Champions
2657,121,5,93849.97,3,3,4,334,10,Loyal Customers
2658,92,6,20416.92,3,3,2,332,8,Lost
2659,684,2,21643.48,1,1,2,112,4,Lost
2660,101,5,14078.27,3,3,1,331,7,Lost
2661,168,6,104979.36,2,3,4,234,9,At Risk
2662,66,7,93570.66,4,4,4,444,12,Champions
2663,336,5,29662.63,1,3,2,132,6,Lost
2664,47,4,20771.98,4,2,2,422,8,Potential Loyalists
2665,419,2,5600.26,1,1,1,111,3,Lost
2666,9,4,17783.92,5,2,1,521,8,Potential Loyalists
2667,21,5,6091.89,5,3,1,531,9,Potential Loyalists
2668,61,6,49384.94,4,3,3,433,10,Loyal Customers
2669,180,2,17448.17,2,1,1,211,4,Hibernating
2670,261,5,28627.2,2,3,2,232,7,Hibernating
2671,14,8,45368.83,5,4,3,543,12,Loyal Customers
2672,70,10,150919.28,4,4,4,444,12,Champions
2673,7,12,105310.65,5,4,4,544,13,Champions
2674,185,10,322731.36,2,4,5,245,11,At Risk
2675,367,3,11657.72,1,1,1,111,3,Lost
2676,99,4,43046.24,3,2,3,323,8,Lost
2677,199,7,49411.37,2,4,3,243,9,At Risk
2678,553,3,257063.32,1,1,5,115,7,Cannot Lose Them
2679,36,8,92896.77,4,4,4,444,12,Champions
2680,27,6,51615.68,5,3,3,533,11,Loyal Customers
2681,37,7,251465.36,4,4,5,445,13,Champions
2682,153,3,65256.61,2,1,3,213,6,Hibernating
2683,108,5,58524.93,3,3,3,333,9,Loyal Customers
2684,434,2,18073.33,1,1,1,111,3,Lost
2685,385,5,258219.91,1,3,5,135,9,Cannot Lose Them
2686,65,6,32739.12,4,3,2,432,9,Potential Loyalists
2687,176,5,31110.08,2,3,2,232,7,Hibernating
2688,44,10,42066.66,4,4,3,443,11,Loyal Customers
2689,405,3,12128.88,1,1,1,111,3,Lost
2690,8,9,70629.15,5,4,3,543,12,Loyal Customers
2691,228,6,27794.97,2,3,2,232,7,Hibernating
2692,16,8,107596.04,5,4,4,544,13,Champions
2693,55,4,30165.48,4,2,2,422,8,Potential Loyalists
2694,100,7,28764.41,3,4,2,342,9,Loyal Customers
2695,286,6,45606.88,2,3,3,233,8,At Risk
2696,39,3,11505.76,4,1,1,411,6,Potential Loyalists
2697,532,1,3995.52,1,1,1,111,3,Lost
2698,331,2,15736.56,1,1,1,111,3,Lost
2699,297,9,73765.44,2,4,3,243,9,At Risk
2700,329,4,28798.63,1,2,2,122,5,Lost
2701,327,4,16478.78,1,2,1,121,4,Lost
2702,38,5,62649.6,4,3,3,433,10,Loyal Customers
2703,104,2,13042.17,3,1,1,311,5,Promising
2704,67,8,29068.44,4,4,2,442,10,Loyal Customers
2705,72,5,39000.08,4,3,2,432,9,Potential Loyalists
2706,305,7,110405.45,2,4,4,244,10,At Risk
2707,193,4,15452.08,2,2,1,221,5,Hibernating
2708,325,5,91417.05,1,3,4,134,8,Cannot Lose Them
2709,227,9,40368.8,2,4,3,243,9,At Risk
2710,231,8,21879.23,2,4,2,242,8,At Risk
2711,280,5,18632.24,2,3,1,231,6,Hibernating
2712,356,5,206625.96,1,3,4,134,8,Cannot Lose Them
2713,107,8,343887.27,3,4,5,345,12,Loyal Customers
2714,699,3,11976.67,1,1,1,111,3,Lost
2715,215,3,18776.93,2,1,1,211,4,Hibernating
2716,206,5,48957.73,2,3,3,233,8,At Risk
2717,472,3,7274.43,1,1,1,111,3,Lost
2718,18,7,45314.13,5,4,3,543,12,Loyal Customers
2719,209,3,68809.21,2,1,3,213,6,Hibernating
2720,287,6,14797.45,2,3,1,231,6,Hibernating
2721,18,6,165930.96,5,3,4,534,12,Loyal Customers
2722,647,4,38452.24,1,2,2,122,5,Lost
2723,225,4,61440.14,2,2,3,223,7,Hibernating
2724,30,7,51048.16,4,4,3,443,11,Loyal Customers
2725,83,5,48923.01,3,3,3,333,9,Loyal Customers
2726,200,2,5602.01,2,1,1,211,4,Hibernating
2727,149,5,20818.07,3,3,2,332,8,Lost
2728,6,5,43899.24,5,3,3,533,11,Loyal Customers
2729,248,4,80376.3,2,2,4,224,8,At Risk
2730,257,8,55090.07,2,4,3,243,9,At Risk
2731,259,10,159711.35,2,4,4,244,10,At Risk
2732,29,5,275249.24,4,3,5,435,12,Champions
2733,23,7,81555.5,5,4,4,544,13,Champions
2734,76,7,55367.2,3,4,3,343,10,Loyal Customers
2735,317,4,33306.59,1,2,2,122,5,Lost
2736,853,1,76675.2,1,1,3,113,5,Lost
2737,96,6,100998.45,3,3,4,334,10,Loyal Customers
2738,76,6,28597.14,3,3,2,332,8,Lost
2739,507,4,6784.95,1,2,1,121,4,Lost
2740,225,6,32675.72,2,3,2,232,7,Hibernating
2741,8,6,89838.23,5,3,4,534,12,Loyal Customers
2742,58,7,33229.93,4,4,2,442,10,Loyal Customers
2743,487,2,12048.69,1,1,1,111,3,Lost
2744,453,4,17193.72,1,2,1,121,4,Lost
2745,62,5,21845.04,4,3,2,432,9,Potential Loyalists
2746,328,7,56357.86,1,4,3,143,8,Cannot Lose Them
2747,720,2,15530.14,1,1,1,111,3,Lost
2748,118,8,219084.8,3,4,5,345,12,Loyal Customers
2749,8,8,74567.5,5,4,3,543,12,Loyal Customers
2750,388,3,14748.62,1,1,1,111,3,Lost
2751,11,8,109997.61,5,4,4,544,13,Champions
2752,101,3,19405.18,3,1,1,311,5,Promising
2753,96,5,31769.21,3,3,2,332,8,Lost
2754,51,3,119982.51,4,1,4,414,9,Potential Loyalists
2755,953,3,70761.14,1,1,3,113,5,Lost
2756,157,3,18823.29,2,1,1,211,4,Hibernating
2757,728,2,14424.1,1,1,1,111,3,Lost
2758,194,2,8208.56,2,1,1,211,4,Hibernating
2759,430,3,25877.77,1,1,2,112,4,Lost
2760,291,5,23970.81,2,3,2,232,7,Hibernating
2761,141,3,17560.2,3,1,1,311,5,Promising
2762,385,2,12653.69,1,1,1,111,3,Lost
2763,61,7,41385.75,4,4,3,443,11,Loyal Customers
2764,119,5,80059.68,3,3,4,334,10,Loyal Customers
2765,26,3,19321.52,5,1,1,511,7,Potential Loyalists
2766,34,7,49576.86,4,4,3,443,11,Loyal Customers
2767,918,1,3935.31,1,1,1,111,3,Lost
2768,496,1,1335.82,1,1,1,111,3,Lost
2769,133,8,47728.35,3,4,3,343,10,Loyal Customers
2770,10,7,13717.65,5,4,1,541,10,Potential Loyalists
2771,149,6,65565.14,3,3,3,333,9,Loyal Customers
2772,46,6,206999.54,4,3,4,434,11,Loyal Customers
2773,394,6,67420.09,1,3,3,133,7,Cannot Lose Them
2774,230,4,33575.13,2,2,2,222,6,Hibernating
2775,45,8,195606.19,4,4,4,444,12,Champions
2776,2,6,39992.43,5,3,3,533,11,Loyal Customers
2777,533,4,46838.79,1,2,3,123,6,Lost
2778,170,3,38248.7,2,1,2,212,5,Hibernating
2779,17,10,190525.73,5,4,4,544,13,Champions
2780,439,3,13237.02,1,1,1,111,3,Lost
2781,406,6,35346.58,1,3,2,132,6,Lost
2782,211,6,109265.54,2,3,4,234,9,At Risk
2783,140,9,52378.69,3,4,3,343,10,Loyal Customers
2784,118,3,35546.34,3,1,2,312,6,Promising
2785,250,4,42690.07,2,2,3,223,7,Hibernating
2786,486,8,113982.99,1,4,4,144,9,Cannot Lose Them
2787,316,5,20497.27,1,3,2,132,6,Lost
2788,410,5,127718.52,1,3,4,134,8,Cannot Lose Them
2789,257,8,44283.09,2,4,3,243,9,At Risk
2790,305,2,19232.83,2,1,1,211,4,Hibernating
2791,89,5,17469.51,3,3,1,331,7,Lost
2792,241,3,86720.37,2,1,4,214,7,Hibernating
2793,79,6,37989.58,3,3,2,332,8,Lost
2794,10,8,130867.09,5,4,4,544,13,Champions
2795,24,6,38561.5,5,3,2,532,10,Potential Loyalists
2796,79,4,31103.18,3,2,2,322,7,Lost
2797,197,5,202710.9,2,3,4,234,9,At Risk
2798,106,4,22268.54,3,2,2,322,7,Lost
2799,326,6,37486.26,1,3,2,132,6,Lost
2800,70,4,48417.38,4,2,3,423,9,Potential Loyalists
2801,384,3,9170.97,1,1,1,111,3,Lost
2802,86,7,46781.77,3,4,3,343,10,Loyal Customers
2803,354,5,63149.93,1,3,3,133,7,Cannot Lose Them
2804,182,4,21478.71,2,2,2,222,6,Hibernating
2805,478,4,39997.82,1,2,3,123,6,Lost
2806,40,5,29040.8,4,3,2,432,9,Potential Loyalists
2807,390,5,116660.56,1,3,4,134,8,Cannot Lose Them
2808,94,7,42174.46,3,4,3,343,10,Loyal Customers
2809,445,6,36643.74,1,3,2,132,6,Lost
2810,489,2,4532.52,1,1,1,111,3,Lost
2811,578,5,25808.51,1,3,2,132,6,Lost
2812,138,4,135950.5,3,2,4,324,9,Loyal Customers
2813,150,3,7158.56,3,1,1,311,5,Promising
2814,99,4,34089.25,3,2,2,322,7,Lost
2815,90,5,34012.97,3,3,2,332,8,Lost
2816,545,4,15242.02,1,2,1,121,4,Lost
2817,146,8,33610.92,3,4,2,342,9,Loyal Customers
2818,33,6,36119.75,4,3,2,432,9,Potential Loyalists
2819,87,3,9401.79,3,1,1,311,5,Promising
2820,45,4,18009.33,4,2,1,421,7,Potential Loyalists
2821,90,8,94396.83,3,4,4,344,11,Loyal Customers
2822,240,8,170672.93,2,4,4,244,10,At Risk
2823,13,4,181269.71,5,2,4,524,11,Loyal Customers
2824,255,3,14574.77,2,1,1,211,4,Hibernating
2825,9,7,42440.99,5,4,3,543,12,Loyal Customers
2826,226,4,97407.84,2,2,4,224,8,At Risk
2827,40,5,35628.38,4,3,2,432,9,Potential Loyalists
2828,348,1,1170.86,1,1,1,111,3,Lost
2829,89,3,5050.88,3,1,1,311,5,Promising
2830,296,5,105799.14,2,3,4,234,9,At Risk
2831,106,3,5875.07,3,1,1,311,5,Promising
2832,249,5,25138.02,2,3,2,232,7,Hibernating
2833,236,6,54868.6,2,3,3,233,8,At Risk
2834,224,4,104315.56,2,2,4,224,8,At Risk
2835,343,4,32082.87,1,2,2,122,5,Lost
2836,60,4,6973.5,4,2,1,421,7,Potential Loyalists
2837,498,5,26085.96,1,3,2,132,6,Lost
2838,369,3,23199.04,1,1,2,112,4,Lost
2839,350,9,214575.52,1,4,5,145,10,Cannot Lose Them
2840,745,2,1348.44,1,1,1,111,3,Lost
2841,712,5,24044.69,1,3,2,132,6,Lost
2842,123,2,10800.68,3,1,1,311,5,Promising
2843,238,4,45832.15,2,2,3,223,7,Hibernating
2844,442,1,2595.9,1,1,1,111,3,Lost
2845,139,4,32043.74,3,2,2,322,7,Lost
2846,235,7,71477.66,2,4,3,243,9,At Risk
2847,88,5,49030.3,3,3,3,333,9,Loyal Customers
2848,13,7,22749.33,5,4,2,542,11,Loyal Customers
2849,50,6,41189.07,4,3,3,433,10,Loyal Customers
2850,35,6,15889.18,4,3,1,431,8,Potential Loyalists
2851,160,4,12113.15,2,2,1,221,5,Hibernating
2852,229,5,62004.84,2,3,3,233,8,At Risk
2853,9,8,66436.31,5,4,3,543,12,Loyal Customers
2854,134,3,94519.8,3,1,4,314,8,Lost
2855,8,2,16160.28,5,1,1,511,7,Potential Loyalists
2856,206,5,38272.89,2,3,2,232,7,Hibernating
2857,122,7,35215.05,3,4,2,342,9,Loyal Customers
2858,276,5,50521.92,2,3,3,233,8,At Risk
2859,52,3,42168.43,4,1,3,413,8,Potential Loyalists
2860,145,12,250176.1,3,4,5,345,12,Loyal Customers
2861,305,7,29190.84,2,4,2,242,8,At Risk
2862,13,4,97231.53,5,2,4,524,11,Loyal Customers
2863,28,4,11461.8,5,2,1,521,8,Potential Loyalists
2864,452,6,22652.37,1,3,2,132,6,Lost
2865,396,3,88767.38,1,1,4,114,6,Lost
2866,301,5,9708.64,2,3,1,231,6,Hibernating
2867,101,8,136524.68,3,4,4,344,11,Loyal Customers
2868,25,5,81672.47,5,3,4,534,12,Loyal Customers
2869,265,7,50533.37,2,4,3,243,9,At Risk
2870,441,3,33481.99,1,1,2,112,4,Lost
2871,84,9,115558.19,3,4,4,344,11,Loyal Customers
2872,63,5,83859.23,4,3,4,434,11,Loyal Customers
2873,97,5,45780.14,3,3,3,333,9,Loyal Customers
2874,362,2,9595.68,1,1,1,111,3,Lost
2875,511,7,91681.21,1,4,4,144,9,Cannot Lose Them
2876,93,1,9785.87,3,1,1,311,5,Promising
2877,41,4,16996.5,4,2,1,421,7,Potential Loyalists
2878,22,6,22499.7,5,3,2,532,10,Potential Loyalists
2879,529,4,6679.64,1,2,1,121,4,Lost
2880,111,7,51490.12,3,4,3,343,10,Loyal Customers
2881,285,7,67668.83,2,4,3,243,9,At Risk
2882,236,13,83571.81,2,4,4,244,10,At Risk
2883,12,5,68134.78,5,3,3,533,11,Loyal Customers
2884,657,1,5432.49,1,1,1,111,3,Lost
2885,51,9,83029.08,4,4,4,444,12,Champions
2886,153,8,30419.26,2,4,2,242,8,At Risk
2887,142,6,33517.7,3,3,2,332,8,Lost
2888,71,5,12937.68,4,3,1,431,8,Potential Loyalists
2889,103,8,85799.83,3,4,4,344,11,Loyal Customers
2890,319,5,28775.77,1,3,2,132,6,Lost
2891,294,4,34220.21,2,2,2,222,6,Hibernating
2892,132,6,42421.71,3,3,3,333,9,Loyal Customers
2893,128,4,103016.48,3,2,4,324,9,Loyal Customers
2894,706,2,6639.6,1,1,1,111,3,Lost
2895,66,5,51968.56,4,3,3,433,10,Loyal Customers
2896,154,8,59489.65,2,4,3,243,9,At Risk
2897,426,3,28532.61,1,1,2,112,4,Lost
2898,623,3,100874.06,1,1,4,114,6,Lost
2899,114,5,12296.06,3,3,1,331,7,Lost
2900,22,4,6642.67,5,2,1,521,8,Potential Loyalists
2901,215,2,4745.12,2,1,1,211,4,Hibernating
2902,289,4,9521.4,2,2,1,221,5,Hibernating
2903,938,4,14876.53,1,2,1,121,4,Lost
2904,191,1,884.73,2,1,1,211,4,Hibernating
2905,63,8,129896.45,4,4,4,444,12,Champions
2906,729,7,88296.9,1,4,4,144,9,Cannot Lose Them
2907,378,2,7025.44,1,1,1,111,3,Lost
2908,105,4,17740.87,3,2,1,321,6,Promising
2909,119,5,66773.24,3,3,3,333,9,Loyal Customers
2910,36,3,87884.26,4,1,4,414,9,Potential Loyalists
2911,513,2,9439.9,1,1,1,111,3,Lost
2912,46,7,59453.43,4,4,3,443,11,Loyal Customers
2913,308,2,13216.62,2,1,1,211,4,Hibernating
2914,1081,1,557.48,1,1,1,111,3,Lost
2915,65,5,49040.7,4,3,3,433,10,Loyal Customers
2916,40,5,41122.82,4,3,3,433,10,Loyal Customers
2917,43,5,253424.36,4,3,5,435,12,Champions
2918,52,5,61407.79,4,3,3,433,10,Loyal Customers
2919,278,4,34229.8,2,2,2,222,6,Hibernating
2920,266,3,46234.66,2,1,3,213,6,Hibernating
2921,922,1,2399.88,1,1,1,111,3,Lost
2922,203,3,8268.1,2,1,1,211,4,Hibernating
2923,393,5,55580.88,1,3,3,133,7,Cannot Lose Them
2924,401,2,2939.11,1,1,1,111,3,Lost
2925,49,3,19992.53,4,1,1,411,6,Potential Loyalists
2926,42,11,270635.27,4,4,5,445,13,Champions
2927,308,3,43866.46,2,1,3,213,6,Hibernating
2928,744,2,26781.73,1,1,2,112,4,Lost
2929,536,2,1603.0,1,1,1,111,3,Lost
2930,240,2,15635.13,2,1,1,211,4,Hibernating
2931,104,2,25241.26,3,1,2,312,6,Promising
2932,82,6,24017.14,3,3,2,332,8,Lost
2933,275,6,17848.5,2,3,1,231,6,Hibernating
2934,214,8,39740.84,2,4,3,243,9,At Risk
2935,349,5,162835.01,1,3,4,134,8,Cannot Lose Them
2936,19,8,225360.4,5,4,5,545,14,Champions
2937,60,1,4001.0,4,1,1,411,6,Potential Loyalists
2938,3,6,64021.38,5,3,3,533,11,Loyal Customers
2939,7,5,62436.51,5,3,3,533,11,Loyal Customers
2940,75,7,47673.39,3,4,3,343,10,Loyal Customers
2941,124,7,97420.85,3,4,4,344,11,Loyal Customers
2942,155,8,44520.63,2,4,3,243,9,At Risk
2943,95,2,12600.5,3,1,1,311,5,Promising
2944,136,3,5556.82,3,1,1,311,5,Promising
2945,3,5,101806.5,5,3,4,534,12,Loyal Customers
2946,55,7,23058.5,4,4,2,442,10,Loyal Customers
2947,10,2,6981.08,5,1,1,511,7,Potential Loyalists
2948,112,5,12384.66,3,3,1,331,7,Lost
2949,366,4,23834.81,1,2,2,122,5,Lost
2950,148,5,34113.22,3,3,2,332,8,Lost
2951,202,4,17422.97,2,2,1,221,5,Hibernating
2952,76,5,13776.36,3,3,1,331,7,Lost
2953,25,4,36940.75,5,2,2,522,9,Potential Loyalists
2954,52,4,43756.49,4,2,3,423,9,Potential Loyalists
2955,80,7,46712.21,3,4,3,343,10,Loyal Customers
2956,77,6,38519.62,3,3,2,332,8,Lost
2957,71,3,11757.59,4,1,1,411,6,Potential Loyalists
2958,156,4,16881.76,2,2,1,221,5,Hibernating
2959,60,5,113935.03,4,3,4,434,11,Loyal Customers
2960,638,4,56858.42,1,2,3,123,6,Lost
2961,342,3,32909.42,1,1,2,112,4,Lost
2962,5,4,49013.96,5,2,3,523,10,Potential Loyalists
2963,377,2,23337.57,1,1,2,112,4,Lost
2964,106,5,90444.54,3,3,4,334,10,Loyal Customers
2965,87,5,30581.66,3,3,2,332,8,Lost
2966,263,4,27556.13,2,2,2,222,6,Hibernating
2967,242,7,33057.85,2,4,2,242,8,At Risk
2968,376,2,4120.1,1,1,1,111,3,Lost
2969,115,7,26486.41,3,4,2,342,9,Loyal Customers
2970,180,8,27713.38,2,4,2,242,8,At Risk
2971,32,11,128060.57,4,4,4,444,12,Champions
2972,363,6,122775.79,1,3,4,134,8,Cannot Lose Them
2973,147,3,17984.99,3,1,1,311,5,Promising
2974,106,6,47290.59,3,3,3,333,9,Loyal Customers
2975,63,7,54388.99,4,4,3,443,11,Loyal Customers
2976,9,6,33881.53,5,3,2,532,10,Potential Loyalists
2977,1,7,212859.47,5,4,4,544,13,Champions
2978,128,4,16604.27,3,2,1,321,6,Promising
2979,87,8,175046.7,3,4,4,344,11,Loyal Customers
2980,16,4,355292.85,5,2,5,525,12,Loyal Customers
2981,40,7,321729.16,4,4,5,445,13,Champions
2982,13,7,46045.6,5,4,3,543,12,Loyal Customers
2983,726,1,19137.12,1,1,1,111,3,Lost
2984,146,5,36703.26,3,3,2,332,8,Lost
2985,326,4,63797.45,1,2,3,123,6,Lost
2986,120,6,33321.61,3,3,2,332,8,Lost
2987,76,7,128361.78,3,4,4,344,11,Loyal Customers
2988,732,3,19946.4,1,1,1,111,3,Lost
2989,179,4,37419.88,2,2,2,222,6,Hibernating
2990,58,8,46712.85,4,4,3,443,11,Loyal Customers
2991,228,4,97182.3,2,2,4,224,8,At Risk
2992,117,10,229416.83,3,4,5,345,12,Loyal Customers
2993,35,9,64526.31,4,4,3,443,11,Loyal Customers
2994,76,6,21962.01,3,3,2,332,8,Lost
2995,202,5,13552.84,2,3,1,231,6,Hibernating
2996,47,7,81094.94,4,4,4,444,12,Champions
2997,650,3,26565.49,1,1,2,112,4,Lost
2998,76,6,130306.03,3,3,4,334,10,Loyal Customers
2999,162,8,55620.94,2,4,3,243,9,At Risk
3000,720,3,16710.02,1,1,1,111,3,Lost
3001,371,3,17926.01,1,1,1,111,3,Lost
3002,33,7,48220.0,4,4,3,443,11,Loyal Customers
3003,193,7,107842.1,2,4,4,244,10,At Risk
3004,85,9,48926.94,3,4,3,343,10,Loyal Customers
3005,256,6,302824.32,2,3,5,235,10,At Risk
3006,164,6,80411.04,2,3,4,234,9,At Risk
3007,63,6,179803.21,4,3,4,434,11,Loyal Customers
3008,589,1,12893.23,1,1,1,111,3,Lost
3009,722,2,4794.1,1,1,1,111,3,Lost
3010,145,5,37087.45,3,3,2,332,8,Lost
3011,599,3,29638.98,1,1,2,112,4,Lost
3012,212,5,35316.76,2,3,2,232,7,Hibernating
3013,376,6,31483.94,1,3,2,132,6,Lost
3014,108,4,51020.06,3,2,3,323,8,Lost
3015,420,6,412472.36,1,3,5,135,9,Cannot Lose Them
3016,97,4,22473.48,3,2,2,322,7,Lost
3017,236,3,41935.44,2,1,3,213,6,Hibernating
3018,177,4,18589.4,2,2,1,221,5,Hibernating
3019,226,3,122521.47,2,1,4,214,7,Hibernating
3020,301,5,29617.97,2,3,2,232,7,Hibernating
3021,485,4,42517.41,1,2,3,123,6,Lost
3023,72,5,46091.11,4,3,3,433,10,Loyal Customers
3024,118,5,27903.15,3,3,2,332,8,Lost
3025,81,10,46898.31,3,4,3,343,10,Loyal Customers
3026,42,7,82423.81,4,4,4,444,12,Champions
3027,3,8,96836.56,5,4,4,544,13,Champions
3028,99,8,34515.49,3,4,2,342,9,Loyal Customers
3029,77,6,83040.11,3,3,4,334,10,Loyal Customers
3030,155,5,30339.27,2,3,2,232,7,Hibernating
3031,211,7,46344.82,2,4,3,243,9,At Risk
3032,115,3,35282.53,3,1,2,312,6,Promising
3033,536,3,4457.06,1,1,1,111,3,Lost
3034,67,4,29235.15,4,2,2,422,8,Potential Loyalists
3035,161,5,23133.9,2,3,2,232,7,Hibernating
3036,23,5,34944.71,5,3,2,532,10,Potential Loyalists
3037,129,5,23491.31,3,3,2,332,8,Lost
3038,1088,1,18318.04,1,1,1,111,3,Lost
3039,12,5,100689.27,5,3,4,534,12,Loyal Customers
3040,242,3,11587.79,2,1,1,211,4,Hibernating
3041,12,2,6538.77,5,1,1,511,7,Potential Loyalists
3042,152,5,23632.39,2,3,2,232,7,Hibernating
3043,15,6,74552.62,5,3,3,533,11,Loyal Customers
3044,140,7,187999.41,3,4,4,344,11,Loyal Customers
3045,115,6,95007.52,3,3,4,334,10,Loyal Customers
3046,75,3,71711.1,3,1,3,313,7,Lost
3047,107,5,67586.16,3,3,3,333,9,Loyal Customers
3048,261,6,281360.97,2,3,5,235,10,At Risk
3049,257,6,26554.69,2,3,2,232,7,Hibernating
3050,46,8,36174.22,4,4,2,442,10,Loyal Customers
3051,146,7,46829.18,3,4,3,343,10,Loyal Customers
3052,71,9,33726.56,4,4,2,442,10,Loyal Customers
3053,42,9,176560.4,4,4,4,444,12,Champions
3054,400,5,73909.04,1,3,3,133,7,Cannot Lose Them
3055,132,3,8131.51,3,1,1,311,5,Promising
3056,418,3,15443.33,1,1,1,111,3,Lost
3057,152,7,99360.62,2,4,4,244,10,At Risk
3058,211,7,58634.97,2,4,3,243,9,At Risk
3059,814,3,16900.81,1,1,1,111,3,Lost
3060,159,4,33281.16,2,2,2,222,6,Hibernating
3061,102,8,53202.41,3,4,3,343,10,Loyal Customers
3062,176,6,139444.01,2,3,4,234,9,At Risk
3063,342,6,90093.81,1,3,4,134,8,Cannot Lose Them
3064,165,4,157052.15,2,2,4,224,8,At Risk
3065,568,3,15154.07,1,1,1,111,3,Lost
3066,406,5,58651.4,1,3,3,133,7,Cannot Lose Them
3067,148,5,80719.73,3,3,4,334,10,Loyal Customers
3068,483,1,4336.92,1,1,1,111,3,Lost
3069,49,8,52522.57,4,4,3,443,11,Loyal Customers
3070,257,3,10085.95,2,1,1,211,4,Hibernating
3071,270,8,51381.51,2,4,3,243,9,At Risk
3072,14,10,137337.46,5,4,4,544,13,Champions
3073,317,4,11561.3,1,2,1,121,4,Lost
3074,139,5,53783.47,3,3,3,333,9,Loyal Customers
3075,1070,1,6622.44,1,1,1,111,3,Lost
3076,707,2,13809.84,1,1,1,111,3,Lost
3077,426,6,84313.09,1,3,4,134,8,Cannot Lose Them
3078,34,6,95239.02,4,3,4,434,11,Loyal Customers
3079,27,10,230080.97,5,4,5,545,14,Champions
3080,143,5,50256.2,3,3,3,333,9,Loyal Customers
3081,40,5,23149.04,4,3,2,432,9,Potential Loyalists
3082,441,8,47802.83,1,4,3,143,8,Cannot Lose Them
3083,743,1,22184.21,1,1,2,112,4,Lost
3084,544,4,19256.07,1,2,1,121,4,Lost
3085,140,6,52586.64,3,3,3,333,9,Loyal Customers
3086,124,6,60997.0,3,3,3,333,9,Loyal Customers
3087,22,8,63624.12,5,4,3,543,12,Loyal Customers
3088,659,7,83348.58,1,4,4,144,9,Cannot Lose Them
3089,96,5,30482.45,3,3,2,332,8,Lost
3090,406,1,1997.76,1,1,1,111,3,Lost
3091,156,6,28125.41,2,3,2,232,7,Hibernating
3092,372,1,5544.35,1,1,1,111,3,Lost
3093,298,2,5734.11,2,1,1,211,4,Hibernating
3094,218,9,82197.47,2,4,4,244,10,At Risk
3095,318,5,55375.51,1,3,3,133,7,Cannot Lose Them
3096,260,6,128063.81,2,3,4,234,9,At Risk
3097,579,4,10384.72,1,2,1,121,4,Lost
3098,422,4,20948.57,1,2,2,122,5,Lost
3099,251,6,97772.69,2,3,4,234,9,At Risk
3100,220,3,38360.46,2,1,2,212,5,Hibernating
3101,50,5,26641.46,4,3,2,432,9,Potential Loyalists
3102,10,6,22763.11,5,3,2,532,10,Potential Loyalists
3103,110,7,138590.17,3,4,4,344,11,Loyal Customers
3104,68,10,73953.7,4,4,3,443,11,Loyal Customers
3105,413,2,4572.93,1,1,1,111,3,Lost
3106,81,3,20528.88,3,1,2,312,6,Promising
3107,266,1,3243.86,2,1,1,211,4,Hibernating
3108,122,3,9689.52,3,1,1,311,5,Promising
3109,226,2,99069.31,2,1,4,214,7,Hibernating
3110,371,5,60021.74,1,3,3,133,7,Cannot Lose Them
3111,167,6,100854.53,2,3,4,234,9,At Risk
3112,10,5,35845.8,5,3,2,532,10,Potential Loyalists
3113,43,7,17834.51,4,4,1,441,9,Potential Loyalists
3114,365,7,116768.03,1,4,4,144,9,Cannot Lose Them
3115,44,5,25898.86,4,3,2,432,9,Potential Loyalists
3117,150,6,60006.0,3,3,3,333,9,Loyal Customers
3118,372,5,406918.24,1,3,5,135,9,Cannot Lose Them
3119,239,4,40191.21,2,2,3,223,7,Hibernating
3120,219,4,9086.95,2,2,1,221,5,Hibernating
3121,149,4,16435.35,3,2,1,321,6,Promising
3122,35,6,103526.99,4,3,4,434,11,Loyal Customers
3123,88,4,37977.22,3,2,2,322,7,Lost
3124,55,7,65352.29,4,4,3,443,11,Loyal Customers
3125,42,5,215883.35,4,3,5,435,12,Champions
3126,113,6,33693.68,3,3,2,332,8,Lost
3127,116,3,10259.09,3,1,1,311,5,Promising
3128,395,3,14345.41,1,1,1,111,3,Lost
3129,753,7,14897.04,1,4,1,141,6,Lost
3130,38,8,186686.03,4,4,4,444,12,Champions
3131,82,7,186475.51,3,4,4,344,11,Loyal Customers
3132,89,3,23866.56,3,1,2,312,6,Promising
3133,449,2,8969.1,1,1,1,111,3,Lost
3134,36,5,10067.02,4,3,1,431,8,Potential Loyalists
3135,12,8,47197.7,5,4,3,543,12,Loyal Customers
3136,407,2,45993.03,1,1,3,113,5,Lost
3137,283,2,16579.67,2,1,1,211,4,Hibernating
3138,216,4,19680.45,2,2,1,221,5,Hibernating
3139,26,6,9731.18,5,3,1,531,9,Potential Loyalists
3140,676,3,9144.64,1,1,1,111,3,Lost
3141,410,9,90923.95,1,4,4,144,9,Cannot Lose Them
3142,125,3,43950.13,3,1,3,313,7,Lost
3143,104,5,44786.91,3,3,3,333,9,Loyal Customers
3144,641,8,124244.19,1,4,4,144,9,Cannot Lose Them
3145,125,7,25324.15,3,4,2,342,9,Loyal Customers
3146,42,4,9346.11,4,2,1,421,7,Potential Loyalists
3147,144,5,330957.77,3,3,5,335,11,Loyal Customers
3148,349,4,22978.45,1,2,2,122,5,Lost
3149,474,5,39043.09,1,3,2,132,6,Lost
3150,407,3,16076.28,1,1,1,111,3,Lost
3151,17,6,29415.04,5,3,2,532,10,Potential Loyalists
3152,61,3,31722.84,4,1,2,412,7,Potential Loyalists
3153,232,7,94866.22,2,4,4,244,10,At Risk
3154,131,4,13016.43,3,2,1,321,6,Promising
3155,5,5,108199.07,5,3,4,534,12,Loyal Customers
3156,560,3,2370.62,1,1,1,111,3,Lost
3157,239,6,227717.99,2,3,5,235,10,At Risk
3158,188,8,133551.47,2,4,4,244,10,At Risk
3159,420,2,22026.37,1,1,2,112,4,Lost
3160,316,5,32154.74,1,3,2,132,6,Lost
3161,454,5,17484.81,1,3,1,131,5,Lost
3162,34,4,20757.79,4,2,2,422,8,Potential Loyalists
3163,101,8,43482.77,3,4,3,343,10,Loyal Customers
3164,160,10,140865.7,2,4,4,244,10,At Risk
3165,182,1,10558.01,2,1,1,211,4,Hibernating
3166,77,3,12840.27,3,1,1,311,5,Promising
3167,386,5,24954.58,1,3,2,132,6,Lost
3168,103,5,249207.46,3,3,5,335,11,Loyal Customers
3169,134,9,290786.25,3,4,5,345,12,Loyal Customers
3170,254,4,26828.14,2,2,2,222,6,Hibernating
3171,36,8,43938.97,4,4,3,443,11,Loyal Customers
3172,31,10,41574.3,4,4,3,443,11,Loyal Customers
3173,140,7,118480.3,3,4,4,344,11,Loyal Customers
3174,58,5,100537.19,4,3,4,434,11,Loyal Customers
3175,34,8,129990.83,4,4,4,444,12,Champions
3176,284,6,40459.02,2,3,3,233,8,At Risk
3177,400,5,61295.56,1,3,3,133,7,Cannot Lose Them
3178,187,5,12811.78,2,3,1,231,6,Hibernating
3179,86,10,255388.62,3,4,5,345,12,Loyal Customers
3180,48,4,51716.07,4,2,3,423,9,Potential Loyalists
3181,307,6,261034.4,2,3,5,235,10,At Risk
3182,362,3,14192.87,1,1,1,111,3,Lost
3183,361,7,125424.8,1,4,4,144,9,Cannot Lose Them
3184,68,12,168426.33,4,4,4,444,12,Champions
3185,27,9,126166.94,5,4,4,544,13,Champions
3186,532,3,49899.46,1,1,3,113,5,Lost
3187,308,1,1616.14,2,1,1,211,4,Hibernating
3188,100,1,18227.74,3,1,1,311,5,Promising
3190,144,7,44585.11,3,4,3,343,10,Loyal Customers
3191,166,5,44002.4,2,3,3,233,8,At Risk
3192,310,4,48516.92,1,2,3,123,6,Lost
3193,351,3,25323.75,1,1,2,112,4,Lost
3194,688,2,37409.05,1,1,2,112,4,Lost
3195,245,5,20685.64,2,3,2,232,7,Hibernating
3196,168,3,37416.55,2,1,2,212,5,Hibernating
3197,342,5,9744.31,1,3,1,131,5,Lost
3198,418,1,3117.91,1,1,1,111,3,Lost
3199,93,4,20685.77,3,2,2,322,7,Lost
3200,52,8,103476.37,4,4,4,444,12,Champions
3201,222,1,4246.18,2,1,1,211,4,Hibernating
3202,378,5,40374.57,1,3,3,133,7,Cannot Lose Them
3203,63,8,37664.66,4,4,2,442,10,Loyal Customers
3204,212,8,68726.48,2,4,3,243,9,At Risk
3205,14,5,99042.03,5,3,4,534,12,Loyal Customers
3206,88,6,34497.54,3,3,2,332,8,Lost
3207,207,3,321443.61,2,1,5,215,8,At Risk
3208,8,3,19993.42,5,1,1,511,7,Potential Loyalists
3209,18,4,22311.37,5,2,2,522,9,Potential Loyalists
3210,364,4,14210.12,1,2,1,121,4,Lost
3212,298,6,284231.33,2,3,5,235,10,At Risk
3213,206,6,56326.22,2,3,3,233,8,At Risk
3214,283,4,11691.73,2,2,1,221,5,Hibernating
3215,156,3,97731.03,2,1,4,214,7,Hibernating
3216,174,6,101848.37,2,3,4,234,9,At Risk
3217,399,3,76317.88,1,1,3,113,5,Lost
3218,203,7,98244.43,2,4,4,244,10,At Risk
3219,65,6,22070.53,4,3,2,432,9,Potential Loyalists
3220,2,7,187019.51,5,4,4,544,13,Champions
3221,249,4,16031.74,2,2,1,221,5,Hibernating
3222,25,6,47205.85,5,3,3,533,11,Loyal Customers
3223,55,5,15663.77,4,3,1,431,8,Potential Loyalists
3224,277,2,8684.0,2,1,1,211,4,Hibernating
3225,298,6,149186.88,2,3,4,234,9,At Risk
3226,154,5,145304.96,2,3,4,234,9,At Risk
3227,117,6,109281.16,3,3,4,334,10,Loyal Customers
3228,256,7,49729.54,2,4,3,243,9,At Risk
3229,135,9,55339.43,3,4,3,343,10,Loyal Customers
3230,44,5,75175.35,4,3,3,433,10,Loyal Customers
3231,254,5,30245.48,2,3,2,232,7,Hibernating
3232,120,6,81786.44,3,3,4,334,10,Loyal Customers
3233,255,4,104809.72,2,2,4,224,8,At Risk
3234,245,3,8480.08,2,1,1,211,4,Hibernating
3235,59,6,59702.06,4,3,3,433,10,Loyal Customers
3236,505,2,9300.55,1,1,1,111,3,Lost
3237,1010,2,155096.24,1,1,4,114,6,Lost
3238,206,8,102181.75,2,4,4,244,10,At Risk
3239,32,7,24134.95,4,4,2,442,10,Loyal Customers
3240,128,6,57122.64,3,3,3,333,9,Loyal Customers
3241,152,6,59093.52,2,3,3,233,8,At Risk
3242,62,7,47798.24,4,4,3,443,11,Loyal Customers
3243,124,2,33760.75,3,1,2,312,6,Promising
3244,29,5,10791.87,4,3,1,431,8,Potential Loyalists
3245,23,5,52204.08,5,3,3,533,11,Loyal Customers
3246,353,5,23028.15,1,3,2,132,6,Lost
3247,79,2,28650.86,3,1,2,312,6,Promising
3248,131,4,13179.86,3,2,1,321,6,Promising
3249,227,5,173791.49,2,3,4,234,9,At Risk
3250,205,8,168707.29,2,4,4,244,10,At Risk
3251,7,3,59645.35,5,1,3,513,9,Potential Loyalists
3252,72,6,39262.99,4,3,2,432,9,Potential Loyalists
3253,37,10,367907.6,4,4,5,445,13,Champions
3254,117,7,27820.78,3,4,2,342,9,Loyal Customers
3255,425,8,45412.06,1,4,3,143,8,Cannot Lose Them
3256,87,4,27025.13,3,2,2,322,7,Lost
3257,23,6,40047.97,5,3,3,533,11,Loyal Customers
3258,478,3,177507.59,1,1,4,114,6,Lost
3259,197,7,255046.42,2,4,5,245,11,At Risk
3260,284,3,40585.43,2,1,3,213,6,Hibernating
3261,198,6,49519.36,2,3,3,233,8,At Risk
3262,70,7,41210.27,4,4,3,443,11,Loyal Customers
3263,780,2,5152.37,1,1,1,111,3,Lost
3264,322,5,45841.81,1,3,3,133,7,Cannot Lose Them
3265,15,4,15732.24,5,2,1,521,8,Potential Loyalists
3266,55,5,10184.38,4,3,1,431,8,Potential Loyalists
3267,168,4,19265.96,2,2,1,221,5,Hibernating
3268,54,8,189338.49,4,4,4,444,12,Champions
3269,567,4,18311.45,1,2,1,121,4,Lost
3270,221,2,20315.35,2,1,2,212,5,Hibernating
3271,463,3,17912.92,1,1,1,111,3,Lost
3272,96,5,32128.9,3,3,2,332,8,Lost
3273,177,6,42314.18,2,3,3,233,8,At Risk
3274,180,5,39714.32,2,3,3,233,8,At Risk
3275,136,2,19654.62,3,1,1,311,5,Promising
3276,118,2,8509.9,3,1,1,311,5,Promising
3277,397,4,23761.84,1,2,2,122,5,Lost
3278,11,8,86064.19,5,4,4,544,13,Champions
3279,10,4,101026.65,5,2,4,524,11,Loyal Customers
3281,45,6,29469.86,4,3,2,432,9,Potential Loyalists
3282,3,6,14147.56,5,3,1,531,9,Potential Loyalists
3283,713,4,12582.22,1,2,1,121,4,Lost
3284,84,9,77261.15,3,4,3,343,10,Loyal Customers
3285,200,3,19216.58,2,1,1,211,4,Hibernating
3286,42,8,70547.82,4,4,3,443,11,Loyal Customers
3287,576,2,21571.07,1,1,2,112,4,Lost
3288,662,2,48108.3,1,1,3,113,5,Lost
3289,2,5,48162.73,5,3,3,533,11,Loyal Customers
3290,204,3,51839.24,2,1,3,213,6,Hibernating
3291,161,5,20667.29,2,3,2,232,7,Hibernating
3292,36,3,5704.86,4,1,1,411,6,Potential Loyalists
3293,193,5,87097.35,2,3,4,234,9,At Risk
3294,27,7,197590.28,5,4,4,544,13,Champions
3295,334,8,204288.56,1,4,4,144,9,Cannot Lose Them
3296,190,6,255215.32,2,3,5,235,10,At Risk
3297,682,4,406659.24,1,2,5,125,8,Cannot Lose Them
3298,219,2,7606.77,2,1,1,211,4,Hibernating
3299,45,5,38598.72,4,3,2,432,9,Potential Loyalists
3300,952,2,4020.51,1,1,1,111,3,Lost
3301,533,3,22238.18,1,1,2,112,4,Lost
3302,191,3,22212.49,2,1,2,212,5,Hibernating
3303,53,4,63616.88,4,2,3,423,9,Potential Loyalists
3304,27,5,54488.68,5,3,3,533,11,Loyal Customers
3305,29,2,24559.86,4,1,2,412,7,Potential Loyalists
3306,11,4,34435.35,5,2,2,522,9,Potential Loyalists
3307,378,4,63443.3,1,2,3,123,6,Lost
3308,14,4,14794.56,5,2,1,521,8,Potential Loyalists
3309,248,4,37856.24,2,2,2,222,6,Hibernating
3310,1,8,56993.79,5,4,3,543,12,Loyal Customers
3311,92,3,19892.61,3,1,1,311,5,Promising
3312,148,6,36525.19,3,3,2,332,8,Lost
3313,269,2,33211.73,2,1,2,212,5,Hibernating
3314,5,8,111356.45,5,4,4,544,13,Champions
3315,140,4,53782.38,3,2,3,323,8,Lost
3316,235,4,20368.83,2,2,2,222,6,Hibernating
3317,299,3,11095.93,2,1,1,211,4,Hibernating
3318,22,7,434546.86,5,4,5,545,14,Champions
3319,386,7,22470.13,1,4,2,142,7,Cannot Lose Them
3320,108,4,11780.04,3,2,1,321,6,Promising
3321,683,1,23354.37,1,1,2,112,4,Lost
3322,428,3,130623.36,1,1,4,114,6,Lost
3323,627,3,94885.77,1,1,4,114,6,Lost
3324,11,3,22395.95,5,1,2,512,8,Potential Loyalists
3325,682,2,3164.96,1,1,1,111,3,Lost
3326,177,8,84260.43,2,4,4,244,10,At Risk
3327,393,4,19913.66,1,2,1,121,4,Lost
3328,14,5,80505.92,5,3,4,534,12,Loyal Customers
3329,63,4,40480.53,4,2,3,423,9,Potential Loyalists
3330,650,2,12279.77,1,1,1,111,3,Lost
3331,184,2,308873.16,2,1,5,215,8,At Risk
3332,57,6,69294.17,4,3,3,433,10,Loyal Customers
3333,593,4,165911.88,1,2,4,124,7,Cannot Lose Them
3334,896,1,1464.96,1,1,1,111,3,Lost
3335,98,3,6279.75,3,1,1,311,5,Promising
3336,67,4,33832.13,4,2,2,422,8,Potential Loyalists
3337,42,6,432826.15,4,3,5,435,12,Champions
3338,148,7,71391.08,3,4,3,343,10,Loyal Customers
3339,53,6,64133.09,4,3,3,433,10,Loyal Customers
3340,280,6,54305.87,2,3,3,233,8,At Risk
3341,383,2,8123.45,1,1,1,111,3,Lost
3342,605,3,18649.69,1,1,1,111,3,Lost
3343,267,7,85329.02,2,4,4,244,10,At Risk
3344,564,6,75988.23,1,3,3,133,7,Cannot Lose Them
3345,68,6,45409.72,4,3,3,433,10,Loyal Customers
3346,288,5,47113.33,2,3,3,233,8,At Risk
3347,8,5,32863.36,5,3,2,532,10,Potential Loyalists
3348,58,9,33509.63,4,4,2,442,10,Loyal Customers
3349,177,4,12946.17,2,2,1,221,5,Hibernating
3350,208,2,60167.34,2,1,3,213,6,Hibernating
3351,59,7,135991.9,4,4,4,444,12,Champions
3352,242,3,31415.3,2,1,2,212,5,Hibernating
3353,68,6,17303.7,4,3,1,431,8,Potential Loyalists
3354,229,5,37805.72,2,3,2,232,7,Hibernating
3355,84,6,53256.38,3,3,3,333,9,Loyal Customers
3356,227,8,136290.25,2,4,4,244,10,At Risk
3357,72,6,39404.48,4,3,2,432,9,Potential Loyalists
3358,460,4,235077.42,1,2,5,125,8,Cannot Lose Them
3359,77,7,33235.36,3,4,2,342,9,Loyal Customers
3360,309,6,70648.63,1,3,3,133,7,Cannot Lose Them
3361,23,7,154084.62,5,4,4,544,13,Champions
3362,1,5,30509.8,5,3,2,532,10,Potential Loyalists
3363,64,5,32007.04,4,3,2,432,9,Potential Loyalists
3364,64,7,52378.11,4,4,3,443,11,Loyal Customers
3365,40,9,49992.73,4,4,3,443,11,Loyal Customers
3366,171,2,21505.51,2,1,2,212,5,Hibernating
3367,314,7,141460.73,1,4,4,144,9,Cannot Lose Them
3368,37,4,41413.88,4,2,3,423,9,Potential Loyalists
3369,346,3,11951.92,1,1,1,111,3,Lost
3370,368,2,101616.19,1,1,4,114,6,Lost
3371,158,4,32708.11,2,2,2,222,6,Hibernating
3372,5,5,38018.89,5,3,2,532,10,Potential Loyalists
3373,2,8,312815.48,5,4,5,545,14,Champions
3374,205,8,49169.69,2,4,3,243,9,At Risk
3375,186,6,550402.8,2,3,5,235,10,At Risk
3376,102,9,109273.93,3,4,4,344,11,Loyal Customers
3377,59,2,7470.63,4,1,1,411,6,Potential Loyalists
3378,71,7,49772.72,4,4,3,443,11,Loyal Customers
3379,495,2,4966.24,1,1,1,111,3,Lost
3380,296,2,97754.12,2,1,4,214,7,Hibernating
3381,133,3,13574.87,3,1,1,311,5,Promising
3382,363,4,69690.69,1,2,3,123,6,Lost
3383,362,10,58146.25,1,4,3,143,8,Cannot Lose Them
3384,246,5,24165.94,2,3,2,232,7,Hibernating
3385,198,9,126152.3,2,4,4,244,10,At Risk
3386,528,2,3745.09,1,1,1,111,3,Lost
3387,145,5,59404.76,3,3,3,333,9,Loyal Customers
3388,312,6,98651.58,1,3,4,134,8,Cannot Lose Them
3389,342,5,107654.67,1,3,4,134,8,Cannot Lose Them
3390,80,4,13766.57,3,2,1,321,6,Promising
3391,74,4,18796.66,3,2,1,321,6,Promising
3392,52,4,86177.05,4,2,4,424,10,Loyal Customers
3393,238,6,27976.87,2,3,2,232,7,Hibernating
3394,90,4,4574.46,3,2,1,321,6,Promising
3395,427,5,122925.46,1,3,4,134,8,Cannot Lose Them
3396,28,4,31052.73,5,2,2,522,9,Potential Loyalists
3397,218,3,35319.2,2,1,2,212,5,Hibernating
3398,27,7,114748.51,5,4,4,544,13,Champions
3399,1,5,135187.26,5,3,4,534,12,Loyal Customers
3400,494,2,14647.21,1,1,1,111,3,Lost
3401,204,6,43131.62,2,3,3,233,8,At Risk
3402,52,6,38655.0,4,3,2,432,9,Potential Loyalists
3403,18,6,32623.39,5,3,2,532,10,Potential Loyalists
3404,55,6,38249.35,4,3,2,432,9,Potential Loyalists
3405,28,8,53922.72,5,4,3,543,12,Loyal Customers
3406,36,6,44049.9,4,3,3,433,10,Loyal Customers
3407,151,3,23975.63,3,1,2,312,6,Promising
3408,221,6,68324.27,2,3,3,233,8,At Risk
3409,350,3,13070.58,1,1,1,111,3,Lost
3410,106,8,47897.68,3,4,3,343,10,Loyal Customers
3411,215,4,100180.54,2,2,4,224,8,At Risk
3412,218,7,26829.26,2,4,2,242,8,At Risk
3413,916,3,59546.64,1,1,3,113,5,Lost
3414,419,4,94704.65,1,2,4,124,7,Cannot Lose Them
3415,183,7,33498.36,2,4,2,242,8,At Risk
3416,338,8,40470.34,1,4,3,143,8,Cannot Lose Them
3417,9,13,95222.17,5,4,4,544,13,Champions
3418,81,5,23561.91,3,3,2,332,8,Lost
3419,434,4,29433.66,1,2,2,122,5,Lost
3420,36,4,31105.7,4,2,2,422,8,Potential Loyalists
3421,170,8,32681.14,2,4,2,242,8,At Risk
3422,735,5,105295.57,1,3,4,134,8,Cannot Lose Them
3423,133,6,30425.38,3,3,2,332,8,Lost
3424,483,3,19667.68,1,1,1,111,3,Lost
3425,101,7,82858.8,3,4,4,344,11,Loyal Customers
3426,61,8,112013.73,4,4,4,444,12,Champions
3427,176,8,33881.85,2,4,2,242,8,At Risk
3428,56,3,25834.84,4,1,2,412,7,Potential Loyalists
3429,204,7,130651.56,2,4,4,244,10,At Risk
3430,78,5,18252.72,3,3,1,331,7,Lost
3431,172,5,288053.69,2,3,5,235,10,At Risk
3432,260,4,21134.18,2,2,2,222,6,Hibernating
3433,4,4,19871.11,5,2,1,521,8,Potential Loyalists
3434,129,3,9583.59,3,1,1,311,5,Promising
3435,244,6,51071.75,2,3,3,233,8,At Risk
3436,30,6,27617.67,4,3,2,432,9,Potential Loyalists
3437,322,4,14535.88,1,2,1,121,4,Lost
3438,911,2,92456.04,1,1,4,114,6,Lost
3439,178,2,172330.31,2,1,4,214,7,Hibernating
3440,103,4,9231.72,3,2,1,321,6,Promising
3441,58,6,51253.32,4,3,3,433,10,Loyal Customers
3442,79,7,58265.16,3,4,3,343,10,Loyal Customers
3443,188,5,341548.02,2,3,5,235,10,At Risk
3444,52,5,35878.53,4,3,2,432,9,Potential Loyalists
3445,244,7,131986.07,2,4,4,244,10,At Risk
3446,83,3,77196.01,3,1,3,313,7,Lost
3447,100,9,203332.51,3,4,4,344,11,Loyal Customers
3448,46,10,135269.05,4,4,4,444,12,Champions
3449,14,7,70654.04,5,4,3,543,12,Loyal Customers
3450,173,2,44070.7,2,1,3,213,6,Hibernating
3451,334,6,65945.51,1,3,3,133,7,Cannot Lose Them
3452,876,2,7232.16,1,1,1,111,3,Lost
3453,41,8,111544.62,4,4,4,444,12,Champions
3454,630,3,22903.32,1,1,2,112,4,Lost
3455,46,7,119749.11,4,4,4,444,12,Champions
3457,41,9,68443.02,4,4,3,443,11,Loyal Customers
3458,63,7,29552.8,4,4,2,442,10,Loyal Customers
3459,369,2,6213.98,1,1,1,111,3,Lost
3460,151,7,46109.65,3,4,3,343,10,Loyal Customers
3461,275,4,51008.61,2,2,3,223,7,Hibernating
3462,323,6,65657.61,1,3,3,133,7,Cannot Lose Them
3463,82,2,17775.35,3,1,1,311,5,Promising
3464,20,9,344750.12,5,4,5,545,14,Champions
3465,234,2,13786.46,2,1,1,211,4,Hibernating
3466,75,4,21588.6,3,2,2,322,7,Lost
3467,167,4,6497.37,2,2,1,221,5,Hibernating
3468,286,7,507067.93,2,4,5,245,11,At Risk
3469,216,6,28641.57,2,3,2,232,7,Hibernating
3470,302,3,12284.17,2,1,1,211,4,Hibernating
3471,93,9,336365.29,3,4,5,345,12,Loyal Customers
3472,30,3,73011.18,4,1,3,413,8,Potential Loyalists
3473,74,7,54990.28,3,4,3,343,10,Loyal Customers
3474,23,4,24795.41,5,2,2,522,9,Potential Loyalists
3475,747,3,187151.65,1,1,4,114,6,Lost
3476,628,3,124636.49,1,1,4,114,6,Lost
3477,975,1,577.4,1,1,1,111,3,Lost
3478,6,2,5211.9,5,1,1,511,7,Potential Loyalists
3479,291,4,14211.18,2,2,1,221,5,Hibernating
3480,306,2,19087.19,2,1,1,211,4,Hibernating
3481,219,4,185442.06,2,2,4,224,8,At Risk
3482,95,5,164064.74,3,3,4,334,10,Loyal Customers
3483,50,3,3774.38,4,1,1,411,6,Potential Loyalists
3484,65,9,99009.21,4,4,4,444,12,Champions
3485,76,5,96824.99,3,3,4,334,10,Loyal Customers
3486,743,1,10381.33,1,1,1,111,3,Lost
3487,53,4,106570.91,4,2,4,424,10,Loyal Customers
3488,45,5,39907.55,4,3,3,433,10,Loyal Customers
3489,57,6,37071.68,4,3,2,432,9,Potential Loyalists
3490,38,5,182060.97,4,3,4,434,11,Loyal Customers
3491,117,6,121698.43,3,3,4,334,10,Loyal Customers
3492,227,5,51148.79,2,3,3,233,8,At Risk
3493,16,10,86923.04,5,4,4,544,13,Champions
3494,665,5,21149.14,1,3,2,132,6,Lost
3495,91,7,165718.64,3,4,4,344,11,Loyal Customers
3496,120,6,74506.5,3,3,3,333,9,Loyal Customers
3497,85,5,30482.48,3,3,2,332,8,Lost
3498,137,3,45885.02,3,1,3,313,7,Lost
3499,1048,1,6574.64,1,1,1,111,3,Lost
3500,563,6,29052.74,1,3,2,132,6,Lost
3501,191,6,39078.02,2,3,2,232,7,Hibernating
3502,396,3,21325.07,1,1,2,112,4,Lost
3503,609,4,26064.52,1,2,2,122,5,Lost
3504,202,5,31952.27,2,3,2,232,7,Hibernating
3505,253,3,18750.95,2,1,1,211,4,Hibernating
3506,372,5,22209.44,1,3,2,132,6,Lost
3507,237,5,57342.3,2,3,3,233,8,At Risk
3508,930,2,17889.96,1,1,1,111,3,Lost
3509,19,9,181442.48,5,4,4,544,13,Champions
3510,133,7,39904.08,3,4,3,343,10,Loyal Customers
3511,47,2,6434.05,4,1,1,411,6,Potential Loyalists
3512,49,3,177800.12,4,1,4,414,9,Potential Loyalists
3513,191,5,19226.3,2,3,1,231,6,Hibernating
3514,74,3,240482.71,3,1,5,315,9,Loyal Customers
3515,194,4,43458.37,2,2,3,223,7,Hibernating
3516,184,4,36278.55,2,2,2,222,6,Hibernating
3517,461,7,123317.23,1,4,4,144,9,Cannot Lose Them
3518,86,3,59208.54,3,1,3,313,7,Lost
3519,85,3,34842.31,3,1,2,312,6,Promising
3520,18,9,79584.02,5,4,3,543,12,Loyal Customers
3521,661,4,8063.14,1,2,1,121,4,Lost
3522,14,6,375881.67,5,3,5,535,13,Champions
3523,555,2,18077.99,1,1,1,111,3,Lost
3524,51,4,38654.45,4,2,2,422,8,Potential Loyalists
3525,132,7,86781.28,3,4,4,344,11,Loyal Customers
3526,403,7,75517.03,1,4,3,143,8,Cannot Lose Them
3527,114,10,203432.21,3,4,4,344,11,Loyal Customers
3528,839,2,18417.09,1,1,1,111,3,Lost
3529,191,6,104194.8,2,3,4,234,9,At Risk
3530,787,5,82234.42,1,3,4,134,8,Cannot Lose Them
3531,12,8,193299.63,5,4,4,544,13,Champions
3532,366,4,53305.14,1,2,3,123,6,Lost
3533,65,9,53296.36,4,4,3,443,11,Loyal Customers
3534,226,1,4103.29,2,1,1,211,4,Hibernating
3535,213,4,18028.66,2,2,1,221,5,Hibernating
3536,248,5,227357.85,2,3,5,235,10,At Risk
3537,37,5,40242.68,4,3,3,433,10,Loyal Customers
3538,161,8,46121.64,2,4,3,243,9,At Risk
3539,58,5,19898.86,4,3,1,431,8,Potential Loyalists
3540,173,4,16146.2,2,2,1,221,5,Hibernating
3541,6,3,13631.07,5,1,1,511,7,Potential Loyalists
3542,39,8,418263.44,4,4,5,445,13,Champions
3543,388,3,23425.65,1,1,2,112,4,Lost
3544,55,8,48344.94,4,4,3,443,11,Loyal Customers
3545,233,5,25621.39,2,3,2,232,7,Hibernating
3546,231,3,12673.48,2,1,1,211,4,Hibernating
3547,624,5,50922.2,1,3,3,133,7,Cannot Lose Them
3548,585,2,3174.3,1,1,1,111,3,Lost
3549,3,5,33627.93,5,3,2,532,10,Potential Loyalists
3550,251,7,48555.3,2,4,3,243,9,At Risk
3551,124,9,86130.46,3,4,4,344,11,Loyal Customers
3552,146,10,111378.35,3,4,4,344,11,Loyal Customers
3553,111,4,37708.49,3,2,2,322,7,Lost
3554,35,6,26401.69,4,3,2,432,9,Potential Loyalists
3555,507,5,22065.15,1,3,2,132,6,Lost
3556,74,4,65355.96,3,2,3,323,8,Lost
3557,464,3,23210.87,1,1,2,112,4,Lost
3558,181,6,78442.75,2,3,3,233,8,At Risk
3559,129,8,226630.43,3,4,5,345,12,Loyal Customers
3560,86,9,253061.58,3,4,5,345,12,Loyal Customers
3561,138,10,56253.21,3,4,3,343,10,Loyal Customers
3562,172,9,112368.46,2,4,4,244,10,At Risk
3563,75,5,58384.86,3,3,3,333,9,Loyal Customers
3564,1,8,294783.55,5,4,5,545,14,Champions
3565,18,7,29234.53,5,4,2,542,11,Loyal Customers
3566,655,2,5641.52,1,1,1,111,3,Lost
3567,314,6,41196.4,1,3,3,133,7,Cannot Lose Them
3568,472,2,24794.73,1,1,2,112,4,Lost
3569,142,8,167266.36,3,4,4,344,11,Loyal Customers
3570,279,2,22357.32,2,1,2,212,5,Hibernating
3571,149,6,34443.71,3,3,2,332,8,Lost
3572,9,11,173103.63,5,4,4,544,13,Champions
3573,958,2,7491.59,1,1,1,111,3,Lost
3574,276,5,23353.0,2,3,2,232,7,Hibernating
3575,138,8,72696.22,3,4,3,343,10,Loyal Customers
3576,703,6,42025.48,1,3,3,133,7,Cannot Lose Them
3577,248,8,60927.94,2,4,3,243,9,At Risk
3578,135,5,43641.66,3,3,3,333,9,Loyal Customers
3579,54,6,35578.41,4,3,2,432,9,Potential Loyalists
3580,35,8,31337.83,4,4,2,442,10,Loyal Customers
3581,110,5,88957.5,3,3,4,334,10,Loyal Customers
3582,457,4,23598.94,1,2,2,122,5,Lost
3583,270,4,22286.28,2,2,2,222,6,Hibernating
3584,359,3,10714.33,1,1,1,111,3,Lost
3585,277,8,41954.1,2,4,3,243,9,At Risk
3586,151,3,10368.8,3,1,1,311,5,Promising
3587,97,8,117994.7,3,4,4,344,11,Loyal Customers
3588,288,7,106646.03,2,4,4,244,10,At Risk
3589,197,8,91613.97,2,4,4,244,10,At Risk
3590,403,2,5698.0,1,1,1,111,3,Lost
3592,248,4,49829.3,2,2,3,223,7,Hibernating
3593,165,5,15105.4,2,3,1,231,6,Hibernating
3594,174,4,39948.21,2,2,3,223,7,Hibernating
3595,182,3,17967.82,2,1,1,211,4,Hibernating
3596,100,8,33258.19,3,4,2,342,9,Loyal Customers
3597,107,7,53479.7,3,4,3,343,10,Loyal Customers
3598,994,1,3674.17,1,1,1,111,3,Lost
3599,290,3,15086.12,2,1,1,211,4,Hibernating
3600,58,4,47306.05,4,2,3,423,9,Potential Loyalists
3601,228,3,23100.33,2,1,2,212,5,Hibernating
3602,116,7,223595.05,3,4,5,345,12,Loyal Customers
3603,137,4,89901.4,3,2,4,324,9,Loyal Customers
3604,58,6,113067.52,4,3,4,434,11,Loyal Customers
3605,300,7,94975.24,2,4,4,244,10,At Risk
3606,66,7,71789.49,4,4,3,443,11,Loyal Customers
3607,11,10,47985.35,5,4,3,543,12,Loyal Customers
3608,11,4,10473.46,5,2,1,521,8,Potential Loyalists
3609,6,4,27532.83,5,2,2,522,9,Potential Loyalists
3610,21,5,23172.5,5,3,2,532,10,Potential Loyalists
3611,27,5,37994.91,5,3,2,532,10,Potential Loyalists
3612,290,2,3838.17,2,1,1,211,4,Hibernating
3613,26,6,30189.48,5,3,2,532,10,Potential Loyalists
3614,15,5,38920.66,5,3,2,532,10,Potential Loyalists
3615,680,5,101319.56,1,3,4,134,8,Cannot Lose Them
3616,85,2,5575.02,3,1,1,311,5,Promising
3617,147,4,27617.85,3,2,2,322,7,Lost
3618,207,6,92444.21,2,3,4,234,9,At Risk
3619,419,3,25048.66,1,1,2,112,4,Lost
3620,74,5,37262.36,3,3,2,332,8,Lost
3621,109,5,46445.92,3,3,3,333,9,Loyal Customers
3623,953,1,6235.82,1,1,1,111,3,Lost
3624,469,2,24574.87,1,1,2,112,4,Lost
3625,26,12,140346.14,5,4,4,544,13,Champions
3626,128,3,23416.98,3,1,2,312,6,Promising
3627,24,5,38912.74,5,3,2,532,10,Potential Loyalists
3628,127,9,46666.09,3,4,3,343,10,Loyal Customers
3629,119,3,32336.85,3,1,2,312,6,Promising
3630,815,3,24304.48,1,1,2,112,4,Lost
3631,46,7,83025.13,4,4,4,444,12,Champions
3632,69,6,335341.52,4,3,5,435,12,Champions
3633,30,6,58519.82,4,3,3,433,10,Loyal Customers
3634,208,10,363546.37,2,4,5,245,11,At Risk
3635,168,4,203832.64,2,2,4,224,8,At Risk
3636,112,5,40033.55,3,3,3,333,9,Loyal Customers
3637,138,6,146909.15,3,3,4,334,10,Loyal Customers
3638,136,7,71329.11,3,4,3,343,10,Loyal Customers
3639,81,8,160763.85,3,4,4,344,11,Loyal Customers
3640,544,2,3802.24,1,1,1,111,3,Lost
3641,175,1,2067.26,2,1,1,211,4,Hibernating
3642,170,6,43477.29,2,3,3,233,8,At Risk
3643,355,4,21986.03,1,2,2,122,5,Lost
3644,135,6,101037.62,3,3,4,334,10,Loyal Customers
3645,171,8,34390.64,2,4,2,242,8,At Risk
3646,308,3,18723.88,2,1,1,211,4,Hibernating
3647,356,5,30352.3,1,3,2,132,6,Lost
3648,44,6,251649.43,4,3,5,435,12,Champions
3649,159,3,15341.43,2,1,1,211,4,Hibernating
3650,295,6,93278.19,2,3,4,234,9,At Risk
3651,80,6,162989.09,3,3,4,334,10,Loyal Customers
3652,6,5,45816.88,5,3,3,533,11,Loyal Customers
3653,441,5,112105.49,1,3,4,134,8,Cannot Lose Them
3654,134,5,39505.74,3,3,2,332,8,Lost
3655,209,5,26390.49,2,3,2,232,7,Hibernating
3656,339,4,36317.3,1,2,2,122,5,Lost
3657,258,6,58449.35,2,3,3,233,8,At Risk
3658,649,2,11905.83,1,1,1,111,3,Lost
3659,269,8,30557.46,2,4,2,242,8,At Risk
3660,58,8,48191.52,4,4,3,443,11,Loyal Customers
3661,334,6,69828.05,1,3,3,133,7,Cannot Lose Them
3662,76,3,92650.94,3,1,4,314,8,Lost
3663,133,4,106619.75,3,2,4,324,9,Loyal Customers
3664,185,4,35600.06,2,2,2,222,6,Hibernating
3665,368,4,20129.87,1,2,1,121,4,Lost
3666,513,6,150710.71,1,3,4,134,8,Cannot Lose Them
3667,306,5,43324.01,2,3,3,233,8,At Risk
3668,88,10,148344.51,3,4,4,344,11,Loyal Customers
3670,386,5,44538.75,1,3,3,133,7,Cannot Lose Them
3671,79,3,26109.48,3,1,2,312,6,Promising
3672,314,4,165214.07,1,2,4,124,7,Cannot Lose Them
3673,104,4,15446.0,3,2,1,321,6,Promising
3674,101,4,42328.42,3,2,3,323,8,Lost
3675,19,8,56625.54,5,4,3,543,12,Loyal Customers
3676,1032,1,6821.11,1,1,1,111,3,Lost
3677,965,1,7639.4,1,1,1,111,3,Lost
3678,76,2,8045.97,3,1,1,311,5,Promising
3679,404,3,22575.97,1,1,2,112,4,Lost
3680,178,5,46586.39,2,3,3,233,8,At Risk
3681,13,7,52811.65,5,4,3,543,12,Loyal Customers
3682,422,5,24059.54,1,3,2,132,6,Lost
3683,1002,1,1373.02,1,1,1,111,3,Lost
3684,175,3,6179.5,2,1,1,211,4,Hibernating
3685,64,6,264206.44,4,3,5,435,12,Champions
3686,457,1,6700.68,1,1,1,111,3,Lost
3687,15,8,139375.13,5,4,4,544,13,Champions
3688,470,3,30912.95,1,1,2,112,4,Lost
3689,267,2,6036.99,2,1,1,211,4,Hibernating
3690,367,5,48929.13,1,3,3,133,7,Cannot Lose Them
3691,427,8,200395.1,1,4,4,144,9,Cannot Lose Them
3692,1057,3,26811.41,1,1,2,112,4,Lost
3693,91,6,110491.89,3,3,4,334,10,Loyal Customers
3694,109,6,26382.07,3,3,2,332,8,Lost
3695,286,5,81094.9,2,3,4,234,9,At Risk
3696,133,4,11688.94,3,2,1,321,6,Promising
3697,143,5,31457.16,3,3,2,332,8,Lost
3698,531,7,46580.48,1,4,3,143,8,Cannot Lose Them
3699,491,3,6889.23,1,1,1,111,3,Lost
3700,458,2,3775.19,1,1,1,111,3,Lost
3701,667,6,180820.35,1,3,4,134,8,Cannot Lose Them
3702,253,2,5115.67,2,1,1,211,4,Hibernating
3703,938,1,413.24,1,1,1,111,3,Lost
3704,54,5,25421.17,4,3,2,432,9,Potential Loyalists
3705,13,6,30411.96,5,3,2,532,10,Potential Loyalists
3706,104,9,41170.74,3,4,3,343,10,Loyal Customers
3707,704,3,17799.72,1,1,1,111,3,Lost
3708,364,4,34382.32,1,2,2,122,5,Lost
3709,47,7,49116.79,4,4,3,443,11,Loyal Customers
3710,68,3,33305.05,4,1,2,412,7,Potential Loyalists
3711,66,4,16407.85,4,2,1,421,7,Potential Loyalists
3712,47,4,29817.92,4,2,2,422,8,Potential Loyalists
3713,63,6,27926.7,4,3,2,432,9,Potential Loyalists
3714,85,3,18476.87,3,1,1,311,5,Promising
3715,302,4,21863.72,2,2,2,222,6,Hibernating
3716,281,7,42941.7,2,4,3,243,9,At Risk
3717,284,5,47155.07,2,3,3,233,8,At Risk
3718,136,7,95980.35,3,4,4,344,11,Loyal Customers
3719,617,6,30427.62,1,3,2,132,6,Lost
3720,25,6,34240.0,5,3,2,532,10,Potential Loyalists
3721,351,5,33409.46,1,3,2,132,6,Lost
3722,100,7,39137.62,3,4,2,342,9,Loyal Customers
3723,398,1,577.4,1,1,1,111,3,Lost
3724,68,7,91789.47,4,4,4,444,12,Champions
3725,190,6,40762.71,2,3,3,233,8,At Risk
3726,18,4,191663.46,5,2,4,524,11,Loyal Customers
3727,176,9,65965.24,2,4,3,243,9,At Risk
3728,285,5,51478.98,2,3,3,233,8,At Risk
3729,284,3,13465.99,2,1,1,211,4,Hibernating
3730,22,5,18214.18,5,3,1,531,9,Potential Loyalists
3731,553,4,63862.98,1,2,3,123,6,Lost
3732,88,4,97906.95,3,2,4,324,9,Loyal Customers
3733,317,7,51185.71,1,4,3,143,8,Cannot Lose Them
3734,180,3,114288.36,2,1,4,214,7,Hibernating
3735,119,10,40051.7,3,4,3,343,10,Loyal Customers
3736,264,4,20067.86,2,2,1,221,5,Hibernating
3737,535,5,43976.09,1,3,3,133,7,Cannot Lose Them
3738,25,8,74870.01,5,4,3,543,12,Loyal Customers
3739,340,6,47527.32,1,3,3,133,7,Cannot Lose Them
3740,52,5,77612.08,4,3,3,433,10,Loyal Customers
3741,260,6,34433.49,2,3,2,232,7,Hibernating
3742,159,9,46906.7,2,4,3,243,9,At Risk
3743,769,3,24945.09,1,1,2,112,4,Lost
3744,780,1,728.19,1,1,1,111,3,Lost
3745,61,7,71048.94,4,4,3,443,11,Loyal Customers
3746,228,11,109141.6,2,4,4,244,10,At Risk
3747,16,7,148077.82,5,4,4,544,13,Champions
3748,237,7,138871.2,2,4,4,244,10,At Risk
3749,165,6,42395.71,2,3,3,233,8,At Risk
3750,679,4,175919.02,1,2,4,124,7,Cannot Lose Them
3751,206,9,149011.7,2,4,4,244,10,At Risk
3752,68,12,192239.0,4,4,4,444,12,Champions
3753,99,7,64529.45,3,4,3,343,10,Loyal Customers
3754,10,9,96428.07,5,4,4,544,13,Champions
3755,204,5,25368.41,2,3,2,232,7,Hibernating
3756,2,8,45161.49,5,4,3,543,12,Loyal Customers
3757,42,7,25249.71,4,4,2,442,10,Loyal Customers
3758,128,11,76154.81,3,4,3,343,10,Loyal Customers
3759,408,6,12253.0,1,3,1,131,5,Lost
3760,276,5,36952.73,2,3,2,232,7,Hibernating
3761,196,3,29876.26,2,1,2,212,5,Hibernating
3762,136,5,25980.39,3,3,2,332,8,Lost
3763,345,6,47575.27,1,3,3,133,7,Cannot Lose Them
3764,1,5,74044.79,5,3,3,533,11,Loyal Customers
3765,60,5,34823.84,4,3,2,432,9,Potential Loyalists
3766,175,2,10130.23,2,1,1,211,4,Hibernating
3767,6,7,174615.35,5,4,4,544,13,Champions
3768,33,7,66898.51,4,4,3,443,11,Loyal Customers
3769,221,3,12385.27,2,1,1,211,4,Hibernating
3770,85,8,41233.92,3,4,3,343,10,Loyal Customers
3771,353,4,22293.75,1,2,2,122,5,Lost
3772,658,3,17530.2,1,1,1,111,3,Lost
3773,86,8,101945.56,3,4,4,344,11,Loyal Customers
3774,21,8,26895.37,5,4,2,542,11,Loyal Customers
3775,243,3,28884.74,2,1,2,212,5,Hibernating
3776,109,8,40958.75,3,4,3,343,10,Loyal Customers
3777,5,8,36042.88,5,4,2,542,11,Loyal Customers
3778,37,6,26456.92,4,3,2,432,9,Potential Loyalists
3779,122,4,41356.61,3,2,3,323,8,Lost
3780,826,2,9212.84,1,1,1,111,3,Lost
3781,29,4,185007.11,4,2,4,424,10,Loyal Customers
3782,568,2,16992.47,1,1,1,111,3,Lost
3783,107,3,24055.85,3,1,2,312,6,Promising
3784,318,5,48664.24,1,3,3,133,7,Cannot Lose Them
3785,148,8,101130.72,3,4,4,344,11,Loyal Customers
3786,64,8,41919.24,4,4,3,443,11,Loyal Customers
3787,248,7,49976.8,2,4,3,243,9,At Risk
3788,163,4,14455.51,2,2,1,221,5,Hibernating
3789,496,6,112290.87,1,3,4,134,8,Cannot Lose Them
3790,491,3,8328.09,1,1,1,111,3,Lost
3791,196,5,22290.64,2,3,2,232,7,Hibernating
3792,64,9,37404.01,4,4,2,442,10,Loyal Customers
3793,185,3,165400.19,2,1,4,214,7,Hibernating
3794,300,3,105760.17,2,1,4,214,7,Hibernating
3795,6,4,5758.16,5,2,1,521,8,Potential Loyalists
3796,437,5,20347.96,1,3,2,132,6,Lost
3797,273,4,48401.32,2,2,3,223,7,Hibernating
3798,533,2,5126.69,1,1,1,111,3,Lost
3799,21,8,47310.72,5,4,3,543,12,Loyal Customers
3800,148,6,126883.02,3,3,4,334,10,Loyal Customers
3801,442,5,32997.88,1,3,2,132,6,Lost
3802,141,7,46868.17,3,4,3,343,10,Loyal Customers
3803,130,4,78795.87,3,2,3,323,8,Lost
3804,239,6,42221.73,2,3,3,233,8,At Risk
3805,379,4,11446.85,1,2,1,121,4,Lost
3806,412,3,8583.71,1,1,1,111,3,Lost
3807,79,9,68921.0,3,4,3,343,10,Loyal Customers
3808,340,6,43019.79,1,3,3,133,7,Cannot Lose Them
3809,194,9,63730.04,2,4,3,243,9,At Risk
3810,156,4,65335.59,2,2,3,223,7,Hibernating
3811,115,6,60408.3,3,3,3,333,9,Loyal Customers
3812,70,3,29427.24,4,1,2,412,7,Potential Loyalists
3813,26,5,29338.34,5,3,2,532,10,Potential Loyalists
3814,309,2,10629.66,1,1,1,111,3,Lost
3815,315,6,27583.38,1,3,2,132,6,Lost
3816,75,6,82236.83,3,3,4,334,10,Loyal Customers
3817,248,6,25133.25,2,3,2,232,7,Hibernating
3818,33,9,42671.31,4,4,3,443,11,Loyal Customers
3819,258,2,5573.13,2,1,1,211,4,Hibernating
3820,23,3,19247.44,5,1,1,511,7,Potential Loyalists
3821,177,4,16602.36,2,2,1,221,5,Hibernating
3822,210,7,185977.46,2,4,4,244,10,At Risk
3823,134,6,25995.28,3,3,2,332,8,Lost
3824,90,9,78608.89,3,4,3,343,10,Loyal Customers
3825,258,4,18583.42,2,2,1,221,5,Hibernating
3826,4,5,104559.58,5,3,4,534,12,Loyal Customers
3827,228,4,14277.25,2,2,1,221,5,Hibernating
3828,440,2,100972.22,1,1,4,114,6,Lost
3829,133,3,55871.01,3,1,3,313,7,Lost
3830,183,3,103396.07,2,1,4,214,7,Hibernating
3831,143,5,124932.65,3,3,4,334,10,Loyal Customers
3832,194,2,2203.49,2,1,1,211,4,Hibernating
3833,213,6,83613.54,2,3,4,234,9,At Risk
3834,142,2,6009.84,3,1,1,311,5,Promising
3835,201,4,244989.47,2,2,5,225,9,At Risk
3836,4,8,81043.17,5,4,4,544,13,Champions
3837,8,8,237737.56,5,4,5,545,14,Champions
3838,24,9,57166.77,5,4,3,543,12,Loyal Customers
3839,163,3,7116.82,2,1,1,211,4,Hibernating
3840,29,3,26447.2,4,1,2,412,7,Potential Loyalists
3841,108,8,68606.21,3,4,3,343,10,Loyal Customers
3842,541,1,7466.46,1,1,1,111,3,Lost
3843,351,3,24445.01,1,1,2,112,4,Lost
3844,15,10,168185.64,5,4,4,544,13,Champions
3845,36,4,24338.19,4,2,2,422,8,Potential Loyalists
3846,203,3,13403.7,2,1,1,211,4,Hibernating
3847,526,1,2861.37,1,1,1,111,3,Lost
3848,234,7,47288.5,2,4,3,243,9,At Risk
3849,414,3,22818.09,1,1,2,112,4,Lost
3850,155,7,33093.86,2,4,2,242,8,At Risk
3851,612,2,12317.02,1,1,1,111,3,Lost
3852,931,2,996.46,1,1,1,111,3,Lost
3853,99,5,11671.1,3,3,1,331,7,Lost
3854,428,3,10270.47,1,1,1,111,3,Lost
3855,415,3,9143.06,1,1,1,111,3,Lost
3856,195,6,88248.79,2,3,4,234,9,At Risk
3857,127,6,39453.79,3,3,2,332,8,Lost
3858,167,5,34937.53,2,3,2,232,7,Hibernating
3859,461,1,337.0,1,1,1,111,3,Lost
3860,208,4,134953.2,2,2,4,224,8,At Risk
3861,23,5,20212.1,5,3,2,532,10,Potential Loyalists
3862,115,9,65116.27,3,4,3,343,10,Loyal Customers
3863,95,7,257781.7,3,4,5,345,12,Loyal Customers
3864,6,6,25602.9,5,3,2,532,10,Potential Loyalists
3865,515,9,64566.47,1,4,3,143,8,Cannot Lose Them
3866,760,4,9975.35,1,2,1,121,4,Lost
3867,32,6,39940.89,4,3,3,433,10,Loyal Customers
3868,501,3,8089.94,1,1,1,111,3,Lost
3869,377,3,14606.59,1,1,1,111,3,Lost
3870,150,6,150923.47,3,3,4,334,10,Loyal Customers
3871,60,2,11750.41,4,1,1,411,6,Potential Loyalists
3872,55,4,60602.76,4,2,3,423,9,Potential Loyalists
3873,11,4,94504.75,5,2,4,524,11,Loyal Customers
3874,130,7,44188.16,3,4,3,343,10,Loyal Customers
3875,205,3,18872.38,2,1,1,211,4,Hibernating
3876,18,6,43611.22,5,3,3,533,11,Loyal Customers
3877,19,5,14201.64,5,3,1,531,9,Potential Loyalists
3878,619,4,156978.2,1,2,4,124,7,Cannot Lose Them
3879,786,2,4565.82,1,1,1,111,3,Lost
3880,144,2,48458.13,3,1,3,313,7,Lost
3881,66,4,104677.55,4,2,4,424,10,Loyal Customers
3882,20,5,23336.46,5,3,2,532,10,Potential Loyalists
3883,211,4,320871.77,2,2,5,225,9,At Risk
3884,577,5,27485.36,1,3,2,132,6,Lost
3885,55,5,34500.6,4,3,2,432,9,Potential Loyalists
3886,91,6,270880.39,3,3,5,335,11,Loyal Customers
3887,796,1,3437.54,1,1,1,111,3,Lost
3888,37,6,36558.99,4,3,2,432,9,Potential Loyalists
3889,406,6,49458.74,1,3,3,133,7,Cannot Lose Them
3890,82,6,58071.78,3,3,3,333,9,Loyal Customers
3891,91,11,29794.6,3,4,2,342,9,Loyal Customers
3892,66,4,30241.07,4,2,2,422,8,Potential Loyalists
3893,152,6,63754.89,2,3,3,233,8,At Risk
3894,322,6,71055.25,1,3,3,133,7,Cannot Lose Them
3895,131,4,28477.77,3,2,2,322,7,Lost
3896,3,4,12131.75,5,2,1,521,8,Potential Loyalists
3897,142,6,34003.48,3,3,2,332,8,Lost
3898,84,6,24785.47,3,3,2,332,8,Lost
3899,39,5,83349.17,4,3,4,434,11,Loyal Customers
3900,431,5,62701.97,1,3,3,133,7,Cannot Lose Them
3901,135,7,213252.41,3,4,5,345,12,Loyal Customers
3902,288,4,37254.07,2,2,2,222,6,Hibernating
3903,198,4,32409.98,2,2,2,222,6,Hibernating
3904,302,3,32555.5,2,1,2,212,5,Hibernating
3905,719,3,6990.06,1,1,1,111,3,Lost
3906,229,2,335357.38,2,1,5,215,8,At Risk
3907,52,8,69174.52,4,4,3,443,11,Loyal Customers
3908,326,3,140195.2,1,1,4,114,6,Lost
3909,127,6,17774.11,3,3,1,331,7,Lost
3910,259,6,60874.01,2,3,3,233,8,At Risk
3911,42,4,37852.99,4,2,2,422,8,Potential Loyalists
3912,371,6,120087.15,1,3,4,134,8,Cannot Lose Them
3913,60,5,25864.49,4,3,2,432,9,Potential Loyalists
3914,43,3,32793.48,4,1,2,412,7,Potential Loyalists
3915,311,7,40998.8,1,4,3,143,8,Cannot Lose Them
3916,56,5,32019.36,4,3,2,432,9,Potential Loyalists
3917,201,5,69079.7,2,3,3,233,8,At Risk
3918,2,4,270496.82,5,2,5,525,12,Loyal Customers
3919,199,3,10509.25,2,1,1,211,4,Hibernating
3920,637,2,92380.08,1,1,4,114,6,Lost
3921,254,2,7574.15,2,1,1,211,4,Hibernating
3922,99,1,403.87,3,1,1,311,5,Promising
3923,85,8,88960.09,3,4,4,344,11,Loyal Customers
3924,187,8,59786.39,2,4,3,243,9,At Risk
3925,59,4,13630.16,4,2,1,421,7,Potential Loyalists
3926,284,4,47500.03,2,2,3,223,7,Hibernating
3927,59,4,14836.1,4,2,1,421,7,Potential Loyalists
3928,20,6,103662.54,5,3,4,534,12,Loyal Customers
3929,431,6,40834.2,1,3,3,133,7,Cannot Lose Them
3930,252,4,22668.42,2,2,2,222,6,Hibernating
3931,329,2,78406.13,1,1,3,113,5,Lost
3932,139,4,22450.07,3,2,2,322,7,Lost
3933,28,5,69479.5,5,3,3,533,11,Loyal Customers
3934,316,7,47301.54,1,4,3,143,8,Cannot Lose Them
3935,106,7,43529.66,3,4,3,343,10,Loyal Customers
3936,4,14,58784.68,5,4,3,543,12,Loyal Customers
3937,202,5,32153.01,2,3,2,232,7,Hibernating
3938,79,3,15440.41,3,1,1,311,5,Promising
3939,313,6,43587.21,1,3,3,133,7,Cannot Lose Them
3940,25,3,14902.3,5,1,1,511,7,Potential Loyalists
3941,121,4,13812.79,3,2,1,321,6,Promising
3942,39,6,39268.27,4,3,2,432,9,Potential Loyalists
3943,372,6,102590.35,1,3,4,134,8,Cannot Lose Them
3944,284,3,19612.73,2,1,1,211,4,Hibernating
3945,95,2,11558.74,3,1,1,311,5,Promising
3946,8,5,24112.78,5,3,2,532,10,Potential Loyalists
3947,257,5,21793.45,2,3,2,232,7,Hibernating
3948,281,6,95561.39,2,3,4,234,9,At Risk
3949,79,3,10914.06,3,1,1,311,5,Promising
3950,128,7,46647.67,3,4,3,343,10,Loyal Customers
3951,492,3,14282.62,1,1,1,111,3,Lost
3952,212,4,49771.39,2,2,3,223,7,Hibernating
3953,422,3,16813.08,1,1,1,111,3,Lost
3954,40,5,485409.68,4,3,5,435,12,Champions
3955,236,6,54915.57,2,3,3,233,8,At Risk
3956,46,7,75187.61,4,4,3,443,11,Loyal Customers
3957,148,12,192715.83,3,4,4,344,11,Loyal Customers
3958,340,7,48911.27,1,4,3,143,8,Cannot Lose Them
3959,171,5,43258.61,2,3,3,233,8,At Risk
3960,173,3,58958.35,2,1,3,213,6,Hibernating
3961,58,5,66913.96,4,3,3,433,10,Loyal Customers
3962,15,6,88346.76,5,3,4,534,12,Loyal Customers
3963,99,6,109241.76,3,3,4,334,10,Loyal Customers
3964,437,2,17965.52,1,1,1,111,3,Lost
3965,377,2,2930.88,1,1,1,111,3,Lost
3966,54,5,49476.44,4,3,3,433,10,Loyal Customers
3967,25,4,20999.42,5,2,2,522,9,Potential Loyalists
3968,368,7,32179.83,1,4,2,142,7,Cannot Lose Them
3969,107,3,16344.52,3,1,1,311,5,Promising
3970,298,5,21919.04,2,3,2,232,7,Hibernating
3971,213,4,36942.59,2,2,2,222,6,Hibernating
3972,958,1,728.19,1,1,1,111,3,Lost
3973,146,8,145381.21,3,4,4,344,11,Loyal Customers
3974,558,1,9903.82,1,1,1,111,3,Lost
3975,538,4,29919.62,1,2,2,122,5,Lost
3976,233,5,29674.03,2,3,2,232,7,Hibernating
3977,2,2,5230.86,5,1,1,511,7,Potential Loyalists
3978,479,2,4500.83,1,1,1,111,3,Lost
3979,354,5,12371.64,1,3,1,131,5,Lost
3980,845,2,19335.11,1,1,1,111,3,Lost
3981,36,7,31919.86,4,4,2,442,10,Loyal Customers
3982,61,3,67845.83,4,1,3,413,8,Potential Loyalists
3983,100,4,21083.39,3,2,2,322,7,Lost
3984,276,7,25452.47,2,4,2,242,8,At Risk
3985,121,4,12499.38,3,2,1,321,6,Promising
3986,345,1,1810.83,1,1,1,111,3,Lost
3987,263,5,89753.88,2,3,4,234,9,At Risk
3988,205,4,12386.0,2,2,1,221,5,Hibernating
3989,54,3,15917.76,4,1,1,411,6,Potential Loyalists
3990,82,6,27270.75,3,3,2,332,8,Lost
3991,94,2,26060.42,3,1,2,312,6,Promising
3992,71,10,49254.46,4,4,3,443,11,Loyal Customers
3993,551,3,17350.05,1,1,1,111,3,Lost
3994,64,6,141136.42,4,3,4,434,11,Loyal Customers
3995,103,9,82171.56,3,4,4,344,11,Loyal Customers
3996,30,6,32610.93,4,3,2,432,9,Potential Loyalists
3997,169,5,44491.32,2,3,3,233,8,At Risk
3998,292,2,5653.3,2,1,1,211,4,Hibernating
3999,34,6,269035.71,4,3,5,435,12,Champions
4000,9,11,67341.75,5,4,3,543,12,Loyal Customers
4001,107,7,31581.99,3,4,2,342,9,Loyal Customers
4002,84,5,28846.19,3,3,2,332,8,Lost
4003,115,3,41882.64,3,1,3,313,7,Lost
4004,131,8,376222.21,3,4,5,345,12,Loyal Customers
4005,325,3,11012.64,1,1,1,111,3,Lost
4006,28,7,83361.86,5,4,4,544,13,Champions
4007,353,4,7778.0,1,2,1,121,4,Lost
4008,100,6,39459.12,3,3,2,332,8,Lost
4009,55,6,14661.9,4,3,1,431,8,Potential Loyalists
4010,35,8,120807.83,4,4,4,444,12,Champions
4011,79,10,94166.16,3,4,4,344,11,Loyal Customers
4012,197,7,52073.39,2,4,3,243,9,At Risk
4013,252,4,30429.02,2,2,2,222,6,Hibernating
4014,231,3,32139.64,2,1,2,212,5,Hibernating
4015,39,9,82321.73,4,4,4,444,12,Champions
4016,8,4,30355.82,5,2,2,522,9,Potential Loyalists
4017,240,5,105303.93,2,3,4,234,9,At Risk
4018,32,6,12441.29,4,3,1,431,8,Potential Loyalists
4019,574,5,57066.39,1,3,3,133,7,Cannot Lose Them
4020,99,6,38963.05,3,3,2,332,8,Lost
4021,231,5,76834.81,2,3,3,233,8,At Risk
4022,443,4,145563.11,1,2,4,124,7,Cannot Lose Them
4023,32,4,20643.54,4,2,2,422,8,Potential Loyalists
4024,484,3,26088.66,1,1,2,112,4,Lost
4025,467,4,26203.01,1,2,2,122,5,Lost
4026,251,4,25316.28,2,2,2,222,6,Hibernating
4027,567,3,16614.02,1,1,1,111,3,Lost
4028,59,5,47881.33,4,3,3,433,10,Loyal Customers
4029,119,5,52214.6,3,3,3,333,9,Loyal Customers
4030,183,3,19231.75,2,1,1,211,4,Hibernating
4031,690,2,14569.24,1,1,1,111,3,Lost
4032,247,7,337455.73,2,4,5,245,11,At Risk
4033,207,7,33437.69,2,4,2,242,8,At Risk
4034,90,5,19466.68,3,3,1,331,7,Lost
4035,73,7,115282.9,4,4,4,444,12,Champions
4036,17,8,100639.29,5,4,4,544,13,Champions
4037,917,3,8000.32,1,1,1,111,3,Lost
4038,59,7,42143.9,4,4,3,443,11,Loyal Customers
4039,23,9,54117.35,5,4,3,543,12,Loyal Customers
4040,172,5,37213.09,2,3,2,232,7,Hibernating
4041,29,6,38251.01,4,3,2,432,9,Potential Loyalists
4042,50,7,21970.84,4,4,2,442,10,Loyal Customers
4043,265,6,19750.53,2,3,1,231,6,Hibernating
4044,200,4,40016.63,2,2,3,223,7,Hibernating
4045,367,5,22039.8,1,3,2,132,6,Lost
4046,325,3,5400.83,1,1,1,111,3,Lost
4047,86,2,5174.98,3,1,1,311,5,Promising
4048,174,3,11699.75,2,1,1,211,4,Hibernating
4049,179,5,22250.56,2,3,2,232,7,Hibernating
4050,144,5,50367.09,3,3,3,333,9,Loyal Customers
4051,316,3,28886.38,1,1,2,112,4,Lost
4052,232,4,38785.82,2,2,2,222,6,Hibernating
4053,70,7,43322.8,4,4,3,443,11,Loyal Customers
4054,80,5,147869.08,3,3,4,334,10,Loyal Customers
4055,47,7,25434.19,4,4,2,442,10,Loyal Customers
4056,331,3,5457.55,1,1,1,111,3,Lost
4057,6,8,108009.43,5,4,4,544,13,Champions
4058,69,6,119024.09,4,3,4,434,11,Loyal Customers
4059,192,5,69300.09,2,3,3,233,8,At Risk
4060,227,5,53785.22,2,3,3,233,8,At Risk
4061,106,7,41089.92,3,4,3,343,10,Loyal Customers
4062,107,7,63548.66,3,4,3,343,10,Loyal Customers
4063,361,4,15112.88,1,2,1,121,4,Lost
4064,22,6,55682.64,5,3,3,533,11,Loyal Customers
4065,84,5,33684.27,3,3,2,332,8,Lost
4066,20,7,29125.27,5,4,2,542,11,Loyal Customers
4067,768,4,30481.22,1,2,2,122,5,Lost
4068,127,3,25906.42,3,1,2,312,6,Promising
4069,70,3,35953.75,4,1,2,412,7,Potential Loyalists
4070,554,4,122093.37,1,2,4,124,7,Cannot Lose Them
4071,488,4,104346.26,1,2,4,124,7,Cannot Lose Them
4072,286,4,36969.89,2,2,2,222,6,Hibernating
4073,289,6,87703.7,2,3,4,234,9,At Risk
4074,103,6,27914.84,3,3,2,332,8,Lost
4075,145,6,28918.87,3,3,2,332,8,Lost
4076,451,5,57957.75,1,3,3,133,7,Cannot Lose Them
4077,235,4,40833.97,2,2,3,223,7,Hibernating
4078,50,8,50268.11,4,4,3,443,11,Loyal Customers
4079,17,4,16837.84,5,2,1,521,8,Potential Loyalists
4080,572,3,17131.31,1,1,1,111,3,Lost
4081,154,4,33039.87,2,2,2,222,6,Hibernating
4082,195,1,926.02,2,1,1,211,4,Hibernating
4083,397,3,16393.46,1,1,1,111,3,Lost
4084,102,4,35775.85,3,2,2,322,7,Lost
4085,474,5,61105.66,1,3,3,133,7,Cannot Lose Them
4086,58,2,25613.89,4,1,2,412,7,Potential Loyalists
4087,184,6,120953.66,2,3,4,234,9,At Risk
4088,405,6,100074.07,1,3,4,134,8,Cannot Lose Them
4089,107,5,19664.05,3,3,1,331,7,Lost
4090,171,4,88985.34,2,2,4,224,8,At Risk
4091,79,3,24567.69,3,1,2,312,6,Promising
4092,30,5,31185.66,4,3,2,432,9,Potential Loyalists
4093,266,5,48274.38,2,3,3,233,8,At Risk
4094,847,4,78223.42,1,2,3,123,6,Lost
4095,258,6,39083.54,2,3,2,232,7,Hibernating
4096,230,3,19153.28,2,1,1,211,4,Hibernating
4097,291,4,10085.21,2,2,1,221,5,Hibernating
4098,191,5,140594.36,2,3,4,234,9,At Risk
4099,162,6,11898.73,2,3,1,231,6,Hibernating
4100,265,7,61926.75,2,4,3,243,9,At Risk
4101,113,8,46210.37,3,4,3,343,10,Loyal Customers
4102,92,6,38813.54,3,3,2,332,8,Lost
4103,1025,1,3464.72,1,1,1,111,3,Lost
4104,202,8,48770.68,2,4,3,243,9,At Risk
4105,425,5,95641.51,1,3,4,134,8,Cannot Lose Them
4106,65,8,44966.27,4,4,3,443,11,Loyal Customers
4107,881,3,46451.82,1,1,3,113,5,Lost
4108,143,4,28006.67,3,2,2,322,7,Lost
4109,247,5,101452.27,2,3,4,234,9,At Risk
4110,73,5,69676.37,4,3,3,433,10,Loyal Customers
4111,65,6,47091.93,4,3,3,433,10,Loyal Customers
4112,152,4,14550.18,2,2,1,221,5,Hibernating
4113,410,4,13887.51,1,2,1,121,4,Lost
4114,79,7,18790.77,3,4,1,341,8,Lost
4115,290,4,169437.14,2,2,4,224,8,At Risk
4116,684,2,9653.38,1,1,1,111,3,Lost
4117,54,4,29574.87,4,2,2,422,8,Potential Loyalists
4118,461,2,2368.02,1,1,1,111,3,Lost
4119,219,5,36926.9,2,3,2,232,7,Hibernating
4120,163,2,14423.85,2,1,1,211,4,Hibernating
4121,109,8,36965.18,3,4,2,342,9,Loyal Customers
4122,565,1,1962.96,1,1,1,111,3,Lost
4123,149,7,38643.16,3,4,2,342,9,Loyal Customers
4124,94,5,93051.5,3,3,4,334,10,Loyal Customers
4125,108,7,146965.09,3,4,4,344,11,Loyal Customers
4126,260,3,28477.39,2,1,2,212,5,Hibernating
4128,325,5,30943.73,1,3,2,132,6,Lost
4129,31,4,37237.65,4,2,2,422,8,Potential Loyalists
4130,147,5,37703.69,3,3,2,332,8,Lost
4131,501,5,129245.08,1,3,4,134,8,Cannot Lose Them
4132,412,4,39530.59,1,2,3,123,6,Lost
4133,30,6,273704.01,4,3,5,435,12,Champions
4134,71,8,241850.24,4,4,5,445,13,Champions
4135,169,5,100625.23,2,3,4,234,9,At Risk
4136,220,6,27112.23,2,3,2,232,7,Hibernating
4137,35,6,26583.5,4,3,2,432,9,Potential Loyalists
4138,744,1,6461.54,1,1,1,111,3,Lost
4139,39,6,52886.37,4,3,3,433,10,Loyal Customers
4140,45,6,16319.33,4,3,1,431,8,Potential Loyalists
4141,394,2,14207.93,1,1,1,111,3,Lost
4142,155,9,27862.6,2,4,2,242,8,At Risk
4143,30,4,44747.69,4,2,3,423,9,Potential Loyalists
4144,248,3,20237.38,2,1,2,212,5,Hibernating
4145,49,5,49317.95,4,3,3,433,10,Loyal Customers
4146,539,5,32741.02,1,3,2,132,6,Lost
4147,59,6,47283.74,4,3,3,433,10,Loyal Customers
4148,84,4,31042.02,3,2,2,322,7,Lost
4149,24,5,25925.21,5,3,2,532,10,Potential Loyalists
4150,581,5,75403.88,1,3,3,133,7,Cannot Lose Them
4151,145,2,4651.47,3,1,1,311,5,Promising
4152,105,7,31694.32,3,4,2,342,9,Loyal Customers
4153,987,1,10301.07,1,1,1,111,3,Lost
4154,283,5,18135.23,2,3,1,231,6,Hibernating
4155,25,4,49016.24,5,2,3,523,10,Potential Loyalists
4156,125,3,16590.3,3,1,1,311,5,Promising
4157,10,4,56730.47,5,2,3,523,10,Potential Loyalists
4158,107,4,10129.67,3,2,1,321,6,Promising
4159,516,3,11382.2,1,1,1,111,3,Lost
4160,521,2,2762.18,1,1,1,111,3,Lost
4161,14,3,5330.17,5,1,1,511,7,Potential Loyalists
4162,151,6,33536.05,3,3,2,332,8,Lost
4163,412,4,22328.6,1,2,2,122,5,Lost
4164,349,4,19897.97,1,2,1,121,4,Lost
4165,75,3,20070.05,3,1,1,311,5,Promising
4166,652,4,13109.19,1,2,1,121,4,Lost
4167,54,8,31470.54,4,4,2,442,10,Loyal Customers
4168,125,5,26841.95,3,3,2,332,8,Lost
4169,100,9,120088.69,3,4,4,344,11,Loyal Customers
4170,219,3,15024.44,2,1,1,211,4,Hibernating
4171,156,6,28356.93,2,3,2,232,7,Hibernating
4172,70,4,74309.63,4,2,3,423,9,Potential Loyalists
4173,354,4,15767.8,1,2,1,121,4,Lost
4174,46,4,167629.9,4,2,4,424,10,Loyal Customers
4175,294,8,79409.36,2,4,3,243,9,At Risk
4176,251,2,12802.5,2,1,1,211,4,Hibernating
4177,49,4,11574.83,4,2,1,421,7,Potential Loyalists
4178,66,6,110025.26,4,3,4,434,11,Loyal Customers
4179,109,7,166610.79,3,4,4,344,11,Loyal Customers
4180,48,5,27798.94,4,3,2,432,9,Potential Loyalists
4181,3,9,102001.05,5,4,4,544,13,Champions
4182,353,5,28268.77,1,3,2,132,6,Lost
4183,67,7,186673.66,4,4,4,444,12,Champions
4184,477,4,33310.87,1,2,2,122,5,Lost
4185,160,5,113039.75,2,3,4,234,9,At Risk
4186,475,2,12620.97,1,1,1,111,3,Lost
4187,102,3,85385.29,3,1,4,314,8,Lost
4188,558,4,34543.23,1,2,2,122,5,Lost
4189,75,4,61335.86,3,2,3,323,8,Lost
4190,23,4,45775.81,5,2,3,523,10,Potential Loyalists
4191,65,6,84292.61,4,3,4,434,11,Loyal Customers
4192,87,6,48787.43,3,3,3,333,9,Loyal Customers
4193,251,2,21430.81,2,1,2,212,5,Hibernating
4194,304,3,98124.38,2,1,4,214,7,Hibernating
4195,49,7,89910.7,4,4,4,444,12,Champions
4196,4,7,354299.66,5,4,5,545,14,Champions
4197,259,5,55912.44,2,3,3,233,8,At Risk
4198,538,3,18938.61,1,1,1,111,3,Lost
4199,35,6,37323.06,4,3,2,432,9,Potential Loyalists
4200,164,5,35940.28,2,3,2,232,7,Hibernating
4201,128,9,52922.66,3,4,3,343,10,Loyal Customers
4202,78,7,55127.63,3,4,3,343,10,Loyal Customers
4203,109,3,38147.21,3,1,2,312,6,Promising
4204,251,4,23598.26,2,2,2,222,6,Hibernating
4205,113,10,200835.76,3,4,4,344,11,Loyal Customers
4206,1007,3,6986.17,1,1,1,111,3,Lost
4207,407,1,4313.74,1,1,1,111,3,Lost
4208,161,3,13485.65,2,1,1,211,4,Hibernating
4210,902,1,2366.28,1,1,1,111,3,Lost
4211,31,11,269024.56,4,4,5,445,13,Champions
4212,338,3,339547.35,1,1,5,115,7,Cannot Lose Them
4213,437,5,60640.38,1,3,3,133,7,Cannot Lose Them
4214,526,2,25174.46,1,1,2,112,4,Lost
4215,6,7,198999.37,5,4,4,544,13,Champions
4216,357,3,9522.28,1,1,1,111,3,Lost
4217,452,3,22014.15,1,1,2,112,4,Lost
4218,249,5,124552.38,2,3,4,234,9,At Risk
4219,7,4,29798.98,5,2,2,522,9,Potential Loyalists
4220,22,7,39945.44,5,4,3,543,12,Loyal Customers
4221,240,5,258935.63,2,3,5,235,10,At Risk
4222,41,7,83361.02,4,4,4,444,12,Champions
4223,144,4,19817.57,3,2,1,321,6,Promising
4224,144,5,29514.72,3,3,2,332,8,Lost
4225,54,4,56682.08,4,2,3,423,9,Potential Loyalists
4226,305,6,271707.64,2,3,5,235,10,At Risk
4227,693,2,13100.48,1,1,1,111,3,Lost
4228,415,4,193542.5,1,2,4,124,7,Cannot Lose Them
4229,35,4,12747.25,4,2,1,421,7,Potential Loyalists
4230,336,8,30152.99,1,4,2,142,7,Cannot Lose Them
4231,170,5,403953.79,2,3,5,235,10,At Risk
4232,196,2,79212.28,2,1,3,213,6,Hibernating
4233,89,6,100068.02,3,3,4,334,10,Loyal Customers
4234,85,5,66439.66,3,3,3,333,9,Loyal Customers
4235,110,5,32460.92,3,3,2,332,8,Lost
4236,405,7,118766.34,1,4,4,144,9,Cannot Lose Them
4237,362,8,37554.78,1,4,2,142,7,Cannot Lose Them
4238,585,4,12868.25,1,2,1,121,4,Lost
4239,110,1,1101.08,3,1,1,311,5,Promising
4240,28,4,162744.63,5,2,4,524,11,Loyal Customers
4241,398,2,22585.67,1,1,2,112,4,Lost
4242,78,6,208947.97,3,3,4,334,10,Loyal Customers
4243,26,4,15222.04,5,2,1,521,8,Potential Loyalists
4244,477,5,11790.99,1,3,1,131,5,Lost
4245,167,4,22649.33,2,2,2,222,6,Hibernating
4246,53,4,46171.2,4,2,3,423,9,Potential Loyalists
4247,235,2,7634.08,2,1,1,211,4,Hibernating
4248,278,7,33874.0,2,4,2,242,8,At Risk
4249,130,10,193232.21,3,4,4,344,11,Loyal Customers
4250,433,5,35433.55,1,3,2,132,6,Lost
4251,21,7,52608.72,5,4,3,543,12,Loyal Customers
4252,488,6,26923.23,1,3,2,132,6,Lost
4253,734,3,12091.28,1,1,1,111,3,Lost
4254,99,9,295850.07,3,4,5,345,12,Loyal Customers
4255,358,6,62798.22,1,3,3,133,7,Cannot Lose Them
4256,166,3,14349.9,2,1,1,211,4,Hibernating
4257,412,2,84325.51,1,1,4,114,6,Lost
4258,132,4,60436.22,3,2,3,323,8,Lost
4259,26,7,55725.76,5,4,3,543,12,Loyal Customers
4260,275,3,30992.01,2,1,2,212,5,Hibernating
4261,166,3,12747.49,2,1,1,211,4,Hibernating
4262,149,11,61873.95,3,4,3,343,10,Loyal Customers
4263,670,4,12607.01,1,2,1,121,4,Lost
4264,7,4,97998.15,5,2,4,524,11,Loyal Customers
4265,113,6,39213.05,3,3,2,332,8,Lost
4266,26,5,80496.51,5,3,4,534,12,Loyal Customers
4267,328,5,22071.75,1,3,2,132,6,Lost
4268,49,4,11379.08,4,2,1,421,7,Potential Loyalists
4269,149,9,174104.12,3,4,4,344,11,Loyal Customers
4270,79,8,105925.77,3,4,4,344,11,Loyal Customers
4271,468,1,4572.12,1,1,1,111,3,Lost
4272,127,5,14552.35,3,3,1,331,7,Lost
4274,43,7,39548.13,4,4,3,443,11,Loyal Customers
4275,249,7,172983.76,2,4,4,244,10,At Risk
4276,104,8,137810.77,3,4,4,344,11,Loyal Customers
4277,121,1,9590.36,3,1,1,311,5,Promising
4278,6,5,25302.72,5,3,2,532,10,Potential Loyalists
4279,864,1,4629.64,1,1,1,111,3,Lost
4280,307,4,10264.14,2,2,1,221,5,Hibernating
4281,239,2,14884.45,2,1,1,211,4,Hibernating
4282,388,4,39723.48,1,2,3,123,6,Lost
4283,348,4,55081.84,1,2,3,123,6,Lost
4284,234,4,474597.67,2,2,5,225,9,At Risk
4285,22,6,107145.08,5,3,4,534,12,Loyal Customers
4286,136,10,349302.94,3,4,5,345,12,Loyal Customers
4287,256,6,22963.91,2,3,2,232,7,Hibernating
4288,281,7,34758.2,2,4,2,242,8,At Risk
4289,116,2,22575.03,3,1,2,312,6,Promising
4290,337,2,7902.48,1,1,1,111,3,Lost
4291,538,1,9543.7,1,1,1,111,3,Lost
4292,106,1,24280.46,3,1,2,312,6,Promising
4293,416,6,41076.14,1,3,3,133,7,Cannot Lose Them
4294,145,3,42962.28,3,1,3,313,7,Lost
4295,25,3,24882.77,5,1,2,512,8,Potential Loyalists
4296,36,9,48138.15,4,4,3,443,11,Loyal Customers
4297,3,6,27054.28,5,3,2,532,10,Potential Loyalists
4298,358,7,51630.29,1,4,3,143,8,Cannot Lose Them
4299,888,1,4755.09,1,1,1,111,3,Lost
4300,72,11,73957.64,4,4,3,443,11,Loyal Customers
4301,48,5,74721.88,4,3,3,433,10,Loyal Customers
4302,532,4,134218.51,1,2,4,124,7,Cannot Lose Them
4303,7,4,26366.47,5,2,2,522,9,Potential Loyalists
4304,196,5,11918.82,2,3,1,231,6,Hibernating
4305,2,4,95638.49,5,2,4,524,11,Loyal Customers
4306,186,5,46015.49,2,3,3,233,8,At Risk
4307,164,7,39876.37,2,4,3,243,9,At Risk
4308,253,4,10015.02,2,2,1,221,5,Hibernating
4309,159,3,10479.88,2,1,1,211,4,Hibernating
4310,390,6,22343.22,1,3,2,132,6,Lost
4311,61,11,142425.62,4,4,4,444,12,Champions
4312,367,7,49697.54,1,4,3,143,8,Cannot Lose Them
4313,105,7,46208.96,3,4,3,343,10,Loyal Customers
4314,27,6,87863.98,5,3,4,534,12,Loyal Customers
4315,778,2,10653.96,1,1,1,111,3,Lost
4316,868,5,25076.92,1,3,2,132,6,Lost
4317,71,1,22732.32,4,1,2,412,7,Potential Loyalists
4318,530,8,46750.68,1,4,3,143,8,Cannot Lose Them
4319,120,5,49976.28,3,3,3,333,9,Loyal Customers
4320,64,1,1963.92,4,1,1,411,6,Potential Loyalists
4321,564,3,20398.64,1,1,2,112,4,Lost
4322,11,4,173761.36,5,2,4,524,11,Loyal Customers
4323,180,5,23062.59,2,3,2,232,7,Hibernating
4324,47,5,19451.46,4,3,1,431,8,Potential Loyalists
4325,293,4,52975.36,2,2,3,223,7,Hibernating
4326,157,4,120103.32,2,2,4,224,8,At Risk
4327,170,6,189203.75,2,3,4,234,9,At Risk
4328,158,9,223951.89,2,4,5,245,11,At Risk
4329,317,1,39170.4,1,1,2,112,4,Lost
4330,133,10,72365.92,3,4,3,343,10,Loyal Customers
4331,291,4,90703.08,2,2,4,224,8,At Risk
4332,327,7,49110.73,1,4,3,143,8,Cannot Lose Them
4333,103,4,37932.08,3,2,2,322,7,Lost
4334,229,3,6126.35,2,1,1,211,4,Hibernating
4335,78,4,36642.89,3,2,2,322,7,Lost
4336,22,4,11689.56,5,2,1,521,8,Potential Loyalists
4337,47,4,11016.24,4,2,1,421,7,Potential Loyalists
4338,175,2,5618.7,2,1,1,211,4,Hibernating
4339,3,3,23640.38,5,1,2,512,8,Potential Loyalists
4340,2,6,58674.22,5,3,3,533,11,Loyal Customers
4341,98,4,202011.64,3,2,4,324,9,Loyal Customers
4342,204,6,100959.42,2,3,4,234,9,At Risk
4343,39,8,26027.5,4,4,2,442,10,Loyal Customers
4344,25,5,31619.46,5,3,2,532,10,Potential Loyalists
4345,24,6,138320.77,5,3,4,534,12,Loyal Customers
4346,471,4,25877.13,1,2,2,122,5,Lost
4347,131,4,18009.94,3,2,1,321,6,Promising
4348,81,4,34101.42,3,2,2,322,7,Lost
4349,108,9,51801.74,3,4,3,343,10,Loyal Customers
4350,23,3,22515.73,5,1,2,512,8,Potential Loyalists
4351,406,3,21473.42,1,1,2,112,4,Lost
4352,281,5,16904.11,2,3,1,231,6,Hibernating
4353,220,8,65255.57,2,4,3,243,9,At Risk
4354,101,2,9343.87,3,1,1,311,5,Promising
4355,94,7,58649.45,3,4,3,343,10,Loyal Customers
4356,36,7,221250.45,4,4,5,445,13,Champions
4357,127,4,96001.7,3,2,4,324,9,Loyal Customers
4358,7,7,34571.86,5,4,2,542,11,Loyal Customers
4359,590,3,40669.98,1,1,3,113,5,Lost
4360,183,8,66839.84,2,4,3,243,9,At Risk
4361,542,5,97231.77,1,3,4,134,8,Cannot Lose Them
4362,181,5,24312.42,2,3,2,232,7,Hibernating
4363,266,6,88062.9,2,3,4,234,9,At Risk
4364,92,3,22624.33,3,1,2,312,6,Promising
4365,600,4,71297.32,1,2,3,123,6,Lost
4366,405,5,36161.17,1,3,2,132,6,Lost
4367,217,4,18458.98,2,2,1,221,5,Hibernating
4368,65,5,34098.2,4,3,2,432,9,Potential Loyalists
4369,77,6,78067.96,3,3,3,333,9,Loyal Customers
4370,94,5,32356.45,3,3,2,332,8,Lost
4371,203,4,19987.86,2,2,1,221,5,Hibernating
4372,1077,1,3464.72,1,1,1,111,3,Lost
4373,701,3,37760.34,1,1,2,112,4,Lost
4374,41,6,197155.71,4,3,4,434,11,Loyal Customers
4375,29,5,117447.5,4,3,4,434,11,Loyal Customers
4376,97,11,73181.27,3,4,3,343,10,Loyal Customers
4377,624,1,89049.37,1,1,4,114,6,Lost
4378,143,3,3050.25,3,1,1,311,5,Promising
4379,176,7,44107.29,2,4,3,243,9,At Risk
4380,98,8,154344.31,3,4,4,344,11,Loyal Customers
4381,184,2,938.92,2,1,1,211,4,Hibernating
4382,302,2,20016.97,2,1,1,211,4,Hibernating
4383,42,9,52714.58,4,4,3,443,11,Loyal Customers
4384,559,5,31731.71,1,3,2,132,6,Lost
4385,126,6,44111.78,3,3,3,333,9,Loyal Customers
4386,56,1,1101.08,4,1,1,411,6,Potential Loyalists
4387,213,6,11641.36,2,3,1,231,6,Hibernating
4388,741,1,1274.29,1,1,1,111,3,Lost
4389,385,6,28194.61,1,3,2,132,6,Lost
4390,171,6,176048.93,2,3,4,234,9,At Risk
4391,9,5,64252.46,5,3,3,533,11,Loyal Customers
4392,46,6,68152.99,4,3,3,433,10,Loyal Customers
4393,333,6,31232.54,1,3,2,132,6,Lost
4394,7,9,105990.66,5,4,4,544,13,Champions
4395,7,8,47002.27,5,4,3,543,12,Loyal Customers
4396,389,3,16443.41,1,1,1,111,3,Lost
4397,639,3,4450.31,1,1,1,111,3,Lost
4398,134,6,33259.67,3,3,2,332,8,Lost
4399,127,6,29675.1,3,3,2,332,8,Lost
4400,699,2,37594.21,1,1,2,112,4,Lost
4401,255,4,27789.64,2,2,2,222,6,Hibernating
4402,154,8,34521.47,2,4,2,242,8,At Risk
4403,2,4,24058.02,5,2,2,522,9,Potential Loyalists
4404,562,2,12665.32,1,1,1,111,3,Lost
4405,425,5,11330.15,1,3,1,131,5,Lost
4406,25,7,73777.46,5,4,3,543,12,Loyal Customers
4407,49,3,209150.24,4,1,4,414,9,Potential Loyalists
4408,137,4,23975.43,3,2,2,322,7,Lost
4409,59,5,89353.28,4,3,4,434,11,Loyal Customers
4410,283,7,31489.53,2,4,2,242,8,At Risk
4411,759,3,20012.98,1,1,1,111,3,Lost
4412,635,6,65404.37,1,3,3,133,7,Cannot Lose Them
4413,176,6,152861.07,2,3,4,234,9,At Risk
4414,144,7,49423.87,3,4,3,343,10,Loyal Customers
4415,453,1,7565.64,1,1,1,111,3,Lost
4416,219,3,158639.45,2,1,4,214,7,Hibernating
4417,54,7,43675.97,4,4,3,443,11,Loyal Customers
4419,226,7,106257.3,2,4,4,244,10,At Risk
4420,59,3,20845.48,4,1,2,412,7,Potential Loyalists
4421,15,2,25349.35,5,1,2,512,8,Potential Loyalists
4422,34,4,31151.99,4,2,2,422,8,Potential Loyalists
4423,148,4,42449.59,3,2,3,323,8,Lost
4424,136,7,82306.5,3,4,4,344,11,Loyal Customers
4425,605,6,186910.05,1,3,4,134,8,Cannot Lose Them
4426,21,6,28657.44,5,3,2,532,10,Potential Loyalists
4427,199,8,40522.92,2,4,3,243,9,At Risk
4428,486,3,21922.15,1,1,2,112,4,Lost
4429,67,5,18983.62,4,3,1,431,8,Potential Loyalists
4430,57,5,39642.24,4,3,3,433,10,Loyal Customers
4431,16,7,28327.84,5,4,2,542,11,Loyal Customers
4432,508,5,25037.43,1,3,2,132,6,Lost
4433,11,4,24684.45,5,2,2,522,9,Potential Loyalists
4434,179,10,77918.02,2,4,3,243,9,At Risk
4435,182,1,2251.88,2,1,1,211,4,Hibernating
4436,78,10,114926.25,3,4,4,344,11,Loyal Customers
4437,262,8,63777.17,2,4,3,243,9,At Risk
4438,401,3,15238.11,1,1,1,111,3,Lost
4439,141,9,42865.5,3,4,3,343,10,Loyal Customers
4440,266,4,13227.37,2,2,1,221,5,Hibernating
4441,270,5,12915.34,2,3,1,231,6,Hibernating
4442,148,7,39325.27,3,4,2,342,9,Loyal Customers
4443,34,4,26988.28,4,2,2,422,8,Potential Loyalists
4444,30,4,56302.85,4,2,3,423,9,Potential Loyalists
4445,6,5,20836.39,5,3,2,532,10,Potential Loyalists
4446,374,6,203006.59,1,3,4,134,8,Cannot Lose Them
4447,105,6,48612.56,3,3,3,333,9,Loyal Customers
4448,102,12,297737.46,3,4,5,345,12,Loyal Customers
4449,73,4,100941.97,4,2,4,424,10,Loyal Customers
4450,139,3,130270.59,3,1,4,314,8,Lost
4451,117,9,72452.08,3,4,3,343,10,Loyal Customers
4452,542,5,41295.65,1,3,3,133,7,Cannot Lose Them
4453,599,3,24369.97,1,1,2,112,4,Lost
4454,234,9,74817.38,2,4,3,243,9,At Risk
4455,250,10,108876.84,2,4,4,244,10,At Risk
4456,11,7,100948.05,5,4,4,544,13,Champions
4457,389,2,6029.36,1,1,1,111,3,Lost
4458,600,2,2917.54,1,1,1,111,3,Lost
4459,606,8,34040.17,1,4,2,142,7,Cannot Lose Them
4460,588,5,21950.9,1,3,2,132,6,Lost
4461,107,4,24668.74,3,2,2,322,7,Lost
4462,151,6,23436.88,3,3,2,332,8,Lost
4463,92,7,48343.59,3,4,3,343,10,Loyal Customers
4464,115,6,82752.84,3,3,4,334,10,Loyal Customers
4465,109,4,36434.15,3,2,2,322,7,Lost
4466,694,1,8156.89,1,1,1,111,3,Lost
4467,60,5,13476.85,4,3,1,431,8,Potential Loyalists
4468,319,3,15500.37,1,1,1,111,3,Lost
4469,89,6,28201.63,3,3,2,332,8,Lost
4470,86,7,195282.62,3,4,4,344,11,Loyal Customers
4471,4,7,221248.61,5,4,5,545,14,Champions
4472,11,3,13782.83,5,1,1,511,7,Potential Loyalists
4473,15,6,77786.06,5,3,3,533,11,Loyal Customers
4474,45,1,224.2,4,1,1,411,6,Potential Loyalists
4475,122,3,15236.45,3,1,1,311,5,Promising
4476,290,2,2246.87,2,1,1,211,4,Hibernating
4477,47,3,36383.19,4,1,2,412,7,Potential Loyalists
4478,270,3,32686.53,2,1,2,212,5,Hibernating
4479,92,4,105734.16,3,2,4,324,9,Loyal Customers
4480,36,6,20677.72,4,3,2,432,9,Potential Loyalists
4481,266,5,20225.12,2,3,2,232,7,Hibernating
4482,195,4,15114.77,2,2,1,221,5,Hibernating
4483,148,3,11218.21,3,1,1,311,5,Promising
4484,759,1,7600.54,1,1,1,111,3,Lost
4485,360,4,21090.78,1,2,2,122,5,Lost
4486,85,5,16308.61,3,3,1,331,7,Lost
4487,79,4,41565.86,3,2,3,323,8,Lost
4488,146,6,32976.19,3,3,2,332,8,Lost
4489,51,6,53203.11,4,3,3,433,10,Loyal Customers
4490,230,4,73782.84,2,2,3,223,7,Hibernating
4491,147,10,98283.35,3,4,4,344,11,Loyal Customers
4492,302,7,96225.16,2,4,4,244,10,At Risk
4493,281,2,21982.81,2,1,2,212,5,Hibernating
4494,253,4,21860.75,2,2,2,222,6,Hibernating
4495,20,4,18987.51,5,2,1,521,8,Potential Loyalists
4496,519,3,19000.95,1,1,1,111,3,Lost
4497,8,5,38364.34,5,3,2,532,10,Potential Loyalists
4498,21,5,43719.13,5,3,3,533,11,Loyal Customers
4499,61,8,207051.42,4,4,4,444,12,Champions
4500,45,6,108760.51,4,3,4,434,11,Loyal Customers
4501,78,4,80965.97,3,2,4,324,9,Loyal Customers
4502,9,10,40198.73,5,4,3,543,12,Loyal Customers
4503,219,1,6698.46,2,1,1,211,4,Hibernating
4504,136,4,17584.64,3,2,1,321,6,Promising
4505,307,3,4778.47,2,1,1,211,4,Hibernating
4506,127,4,12402.97,3,2,1,321,6,Promising
4507,166,6,18904.74,2,3,1,231,6,Hibernating
4508,338,4,83901.24,1,2,4,124,7,Cannot Lose Them
4509,341,3,4978.14,1,1,1,111,3,Lost
4510,167,5,19787.98,2,3,1,231,6,Hibernating
4511,63,10,88827.62,4,4,4,444,12,Champions
4512,105,4,137513.51,3,2,4,324,9,Loyal Customers
4513,525,2,9018.43,1,1,1,111,3,Lost
4514,185,1,2076.48,2,1,1,211,4,Hibernating
4515,186,10,41421.35,2,4,3,243,9,At Risk
4516,121,7,108336.95,3,4,4,344,11,Loyal Customers
4517,123,6,47368.79,3,3,3,333,9,Loyal Customers
4518,396,4,33047.23,1,2,2,122,5,Lost
4519,31,5,8983.87,4,3,1,431,8,Potential Loyalists
4520,274,4,10922.89,2,2,1,221,5,Hibernating
4521,6,12,82520.4,5,4,4,544,13,Champions
4522,212,7,66422.1,2,4,3,243,9,At Risk
4523,1093,1,84362.65,1,1,4,114,6,Lost
4524,121,5,34495.17,3,3,2,332,8,Lost
4525,153,4,20703.79,2,2,2,222,6,Hibernating
4526,32,5,31868.61,4,3,2,432,9,Potential Loyalists
4527,132,5,21802.55,3,3,2,332,8,Lost
4528,70,11,117225.92,4,4,4,444,12,Champions
4529,128,8,140849.38,3,4,4,344,11,Loyal Customers
4530,251,3,27891.44,2,1,2,212,5,Hibernating
4531,64,4,52401.48,4,2,3,423,9,Potential Loyalists
4532,468,4,27559.17,1,2,2,122,5,Lost
4533,292,2,22857.58,2,1,2,212,5,Hibernating
4534,302,6,29890.8,2,3,2,232,7,Hibernating
4535,119,3,16653.62,3,1,1,311,5,Promising
4536,580,3,16379.68,1,1,1,111,3,Lost
4537,958,3,21757.07,1,1,2,112,4,Lost
4538,357,5,36336.95,1,3,2,132,6,Lost
4539,15,3,13671.21,5,1,1,511,7,Potential Loyalists
4540,221,10,63694.57,2,4,3,243,9,At Risk
4541,353,4,90125.71,1,2,4,124,7,Cannot Lose Them
4542,852,4,22210.72,1,2,2,122,5,Lost
4543,272,6,47709.18,2,3,3,233,8,At Risk
4544,447,7,31859.38,1,4,2,142,7,Cannot Lose Them
4545,57,7,33041.78,4,4,2,442,10,Loyal Customers
4546,160,7,60926.17,2,4,3,243,9,At Risk
4547,331,6,44786.43,1,3,3,133,7,Cannot Lose Them
4548,963,1,47533.16,1,1,3,113,5,Lost
4549,120,4,73814.34,3,2,3,323,8,Lost
4550,34,8,73014.87,4,4,3,443,11,Loyal Customers
4551,472,3,14985.73,1,1,1,111,3,Lost
4552,126,10,63348.89,3,4,3,343,10,Loyal Customers
4553,488,3,12972.91,1,1,1,111,3,Lost
4554,543,1,2582.63,1,1,1,111,3,Lost
4555,555,2,17786.95,1,1,1,111,3,Lost
4556,193,4,55532.31,2,2,3,223,7,Hibernating
4557,677,5,51127.87,1,3,3,133,7,Cannot Lose Them
4558,418,5,26879.41,1,3,2,132,6,Lost
4559,539,3,26400.86,1,1,2,112,4,Lost
4560,63,6,42377.29,4,3,3,433,10,Loyal Customers
4561,34,1,4509.08,4,1,1,411,6,Potential Loyalists
4562,402,4,28598.51,1,2,2,122,5,Lost
4563,29,7,33452.34,4,4,2,442,10,Loyal Customers
4564,115,3,4393.55,3,1,1,311,5,Promising
4565,49,4,57440.87,4,2,3,423,9,Potential Loyalists
4566,37,8,38766.98,4,4,2,442,10,Loyal Customers
4567,111,3,25225.58,3,1,2,312,6,Promising
4568,767,1,16122.05,1,1,1,111,3,Lost
4569,177,4,68817.81,2,2,3,223,7,Hibernating
4570,22,9,36368.22,5,4,2,542,11,Loyal Customers
4571,69,12,155833.78,4,4,4,444,12,Champions
4572,409,6,87697.58,1,3,4,134,8,Cannot Lose Them
4573,292,4,33732.03,2,2,2,222,6,Hibernating
4574,103,5,402953.06,3,3,5,335,11,Loyal Customers
4575,159,4,176997.26,2,2,4,224,8,At Risk
4576,860,2,15608.07,1,1,1,111,3,Lost
4577,341,2,4249.34,1,1,1,111,3,Lost
4578,575,2,8620.52,1,1,1,111,3,Lost
4579,18,2,9149.42,5,1,1,511,7,Potential Loyalists
4580,31,5,53165.94,4,3,3,433,10,Loyal Customers
4581,308,2,14101.92,2,1,1,211,4,Hibernating
4582,521,3,18891.06,1,2,1,121,4,Lost
4583,53,4,7234.92,4,2,1,421,7,Potential Loyalists
4584,82,9,28980.75,3,4,2,342,9,Loyal Customers
4585,44,4,15097.79,4,2,1,421,7,Potential Loyalists
4586,110,7,69965.0,3,4,3,343,10,Loyal Customers
4587,56,11,157180.62,4,4,4,444,12,Champions
4588,682,3,5406.1,1,2,1,121,4,Lost
4589,69,7,117535.1,4,4,4,444,12,Champions
4590,298,7,76899.71,2,4,3,243,9,At Risk
4591,140,5,83813.83,3,3,4,334,10,Loyal Customers
4592,163,7,56855.05,2,4,3,243,9,At Risk
4593,168,6,133671.78,2,3,4,234,9,At Risk
4594,167,6,99779.7,2,3,4,234,9,At Risk
4595,211,6,38798.46,2,3,2,232,7,Hibernating
4596,286,5,87110.58,2,3,4,234,9,At Risk
4597,143,7,74021.9,3,4,3,343,10,Loyal Customers
4598,11,5,53777.2,5,3,3,533,11,Loyal Customers
4599,75,9,60825.59,3,4,3,343,10,Loyal Customers
4600,59,2,3793.17,4,1,1,411,6,Potential Loyalists
4601,478,5,35578.22,1,3,2,132,6,Lost
4602,296,8,53808.82,2,4,3,243,9,At Risk
4603,126,5,173811.9,3,3,4,334,10,Loyal Customers
4604,260,2,2486.3,2,1,1,211,4,Hibernating
4605,142,7,43169.6,3,4,3,343,10,Loyal Customers
4606,172,5,257927.49,2,3,5,235,10,At Risk
4607,4,3,14454.18,5,2,1,521,8,Potential Loyalists
4608,167,7,59766.91,2,4,3,243,9,At Risk
4609,226,7,40386.75,2,4,3,243,9,At Risk
4610,80,3,28156.41,3,2,2,322,7,Lost
4611,21,6,70180.94,5,3,3,533,11,Loyal Customers
4612,93,5,45553.75,3,3,3,333,9,Loyal Customers
4613,217,8,47478.89,2,4,3,243,9,At Risk
4614,176,12,105710.91,2,4,4,244,10,At Risk
4615,71,7,59155.73,4,4,3,443,11,Loyal Customers
4616,14,7,39947.38,5,4,3,543,12,Loyal Customers
4617,282,4,76781.96,2,2,3,223,7,Hibernating
4618,295,4,21138.59,2,2,2,222,6,Hibernating
4619,701,2,63698.57,1,1,3,113,5,Lost
4620,423,10,60900.72,1,4,3,143,8,Cannot Lose Them
4621,174,3,74274.9,2,2,3,223,7,Hibernating
4622,136,4,19782.65,3,2,1,321,6,Promising
4623,74,5,12517.35,3,3,1,331,7,Lost
4624,969,2,84006.49,1,1,4,114,6,Lost
4625,53,4,50250.84,4,2,3,423,9,Potential Loyalists
4626,128,8,59304.87,3,4,3,343,10,Loyal Customers
4627,98,5,36518.8,3,3,2,332,8,Lost
4628,16,9,36497.62,5,4,2,542,11,Loyal Customers
4629,546,6,60327.58,1,3,3,133,7,Cannot Lose Them
4630,245,3,26019.3,2,2,2,222,6,Hibernating
4631,27,9,377434.36,5,4,5,545,14,Champions
4632,25,8,57580.46,5,4,3,543,12,Loyal Customers
4633,239,9,88241.37,2,4,4,244,10,At Risk
4634,60,2,20847.9,4,1,2,412,7,Potential Loyalists
4635,224,3,83942.73,2,2,4,224,8,At Risk
4636,131,5,26620.78,3,3,2,332,8,Lost
4637,83,6,182539.61,3,3,4,334,10,Loyal Customers
4638,89,5,21873.21,3,3,2,332,8,Lost
4639,360,4,36716.97,1,2,2,122,5,Lost
4640,83,2,4375.72,3,1,1,311,5,Promising
4641,139,8,311280.04,3,4,5,345,12,Loyal Customers
4642,17,5,38558.6,5,3,2,532,10,Potential Loyalists
4643,273,3,59004.66,2,2,3,223,7,Hibernating
4644,380,3,22304.63,1,2,2,122,5,Lost
4645,431,4,47098.37,1,2,3,123,6,Lost
4646,80,3,82154.73,3,2,4,324,9,Loyal Customers
4647,629,4,33835.14,1,2,2,122,5,Lost
4648,261,6,27913.37,2,3,2,232,7,Hibernating
4649,317,5,55528.83,1,3,3,133,7,Cannot Lose Them
4650,90,6,57840.71,3,3,3,333,9,Loyal Customers
4651,89,6,60207.05,3,3,3,333,9,Loyal Customers
4652,73,7,34506.72,4,4,2,442,10,Loyal Customers
4653,129,3,158283.69,3,2,4,324,9,Loyal Customers
4654,431,3,248267.07,1,2,5,125,8,Cannot Lose Them
4655,270,3,39017.89,2,2,2,222,6,Hibernating
4656,64,7,62232.53,4,4,3,443,11,Loyal Customers
4657,222,3,15622.41,2,2,1,221,5,Hibernating
4658,55,8,70136.88,4,4,3,443,11,Loyal Customers
4659,11,4,8745.56,5,2,1,521,8,Potential Loyalists
4660,156,7,37496.74,2,4,2,242,8,At Risk
4661,44,8,85002.79,4,4,4,444,12,Champions
4662,47,7,88297.91,4,4,4,444,12,Champions
4663,67,7,70647.24,4,4,3,443,11,Loyal Customers
4664,209,9,119383.68,2,4,4,244,10,At Risk
4665,319,5,14979.5,1,3,1,131,5,Lost
4666,659,4,85936.41,1,2,4,124,7,Cannot Lose Them
4667,870,3,173768.31,1,2,4,124,7,Cannot Lose Them
4668,91,6,56157.4,3,3,3,333,9,Loyal Customers
4669,662,3,12158.99,1,2,1,121,4,Lost
4670,10,7,39986.44,5,4,3,543,12,Loyal Customers
4671,157,8,58934.39,2,4,3,243,9,At Risk
4672,333,4,38391.66,1,2,2,122,5,Lost
4673,106,5,190746.83,3,3,4,334,10,Loyal Customers
4674,128,4,12707.87,3,2,1,321,6,Promising
4675,6,6,75635.05,5,3,3,533,11,Loyal Customers
4676,99,4,107011.13,3,2,4,324,9,Loyal Customers
4677,50,5,54580.6,4,3,3,433,10,Loyal Customers
4678,854,1,728.19,1,1,1,111,3,Lost
4679,23,7,40114.11,5,4,3,543,12,Loyal Customers
4680,168,5,88861.21,2,3,4,234,9,At Risk
4681,143,4,54589.53,3,2,3,323,8,Lost
4682,1089,1,6228.93,1,1,1,111,3,Lost
4683,52,7,127869.82,4,4,4,444,12,Champions
4684,317,3,88682.7,1,2,4,124,7,Cannot Lose Them
4685,310,4,49164.35,1,2,3,123,6,Lost
4686,234,3,183751.32,2,2,4,224,8,At Risk
4687,157,7,28888.24,2,4,2,242,8,At Risk
4688,24,4,40261.52,5,2,3,523,10,Potential Loyalists
4689,118,4,27383.0,3,2,2,322,7,Lost
4690,127,6,20831.89,3,3,2,332,8,Lost
4691,631,1,534.92,1,1,1,111,3,Lost
4692,711,3,9147.18,1,2,1,121,4,Lost
4693,235,5,38681.9,2,3,2,232,7,Hibernating
4694,265,3,14581.86,2,2,1,221,5,Hibernating
4695,103,6,53721.34,3,3,3,333,9,Loyal Customers
4696,70,7,33192.4,4,4,2,442,10,Loyal Customers
4697,13,3,20278.11,5,2,2,522,9,Potential Loyalists
4698,52,4,39801.53,4,2,3,423,9,Potential Loyalists
4699,20,6,29217.52,5,3,2,532,10,Potential Loyalists
4700,6,11,49970.09,5,4,3,543,12,Loyal Customers
4701,57,5,30708.49,4,3,2,432,9,Potential Loyalists
4702,148,4,27544.42,3,2,2,322,7,Lost
4703,141,3,6357.9,3,2,1,321,6,Promising
4704,152,5,41592.01,2,3,3,233,8,At Risk
4705,344,5,39163.3,1,3,2,132,6,Lost
4706,191,7,41373.44,2,4,3,243,9,At Risk
4707,68,3,4233.17,4,2,1,421,7,Potential Loyalists
4708,3,4,11844.67,5,2,1,521,8,Potential Loyalists
4709,566,6,63757.62,1,3,3,133,7,Cannot Lose Them
4710,185,6,115338.28,2,3,4,234,9,At Risk
4711,160,2,17292.33,2,1,1,211,4,Hibernating
4712,622,3,19826.09,1,2,1,121,4,Lost
4713,60,8,16357.54,4,4,1,441,9,Potential Loyalists
4714,346,8,105208.17,1,4,4,144,9,Cannot Lose Them
4715,25,4,33995.74,5,2,2,522,9,Potential Loyalists
4716,600,3,7931.67,1,2,1,121,4,Lost
4717,319,5,11621.06,1,3,1,131,5,Lost
4718,13,5,46934.23,5,3,3,533,11,Loyal Customers
4719,192,10,108621.62,2,4,4,244,10,At Risk
4720,325,6,43627.99,1,3,3,133,7,Cannot Lose Them
4721,44,10,38752.11,4,4,2,442,10,Loyal Customers
4722,117,6,98296.59,3,3,4,334,10,Loyal Customers
4723,319,3,247240.34,1,2,5,125,8,Cannot Lose Them
4724,167,9,38295.41,2,4,2,242,8,At Risk
4725,29,9,67979.62,4,4,3,443,11,Loyal Customers
4726,13,4,50360.87,5,2,3,523,10,Potential Loyalists
4727,364,7,38103.52,1,4,2,142,7,Cannot Lose Them
4728,62,4,35097.53,4,2,2,422,8,Potential Loyalists
4729,224,4,102622.55,2,2,4,224,8,At Risk
4730,331,5,28413.68,1,3,2,132,6,Lost
4731,483,3,96714.75,1,2,4,124,7,Cannot Lose Them
4732,35,9,123680.51,4,4,4,444,12,Champions
4733,88,4,41316.8,3,2,3,323,8,Lost
4734,186,4,23371.97,2,2,2,222,6,Hibernating
4735,42,6,26702.41,4,3,2,432,9,Potential Loyalists
4736,444,3,15225.66,1,2,1,121,4,Lost
4737,335,4,93652.35,1,2,4,124,7,Cannot Lose Them
4738,91,11,87336.78,3,4,4,344,11,Loyal Customers
4739,54,5,138000.35,4,3,4,434,11,Loyal Customers
4740,147,6,39928.65,3,3,3,333,9,Loyal Customers
4741,281,2,19380.98,2,1,1,211,4,Hibernating
4742,332,7,9879.7,1,4,1,141,6,Lost
4743,36,6,9239.32,4,3,1,431,8,Potential Loyalists
4744,70,5,15105.93,4,3,1,431,8,Potential Loyalists
4745,45,3,17857.88,4,2,1,421,7,Potential Loyalists
4746,34,4,20228.09,4,2,2,422,8,Potential Loyalists
4747,4,3,27873.85,5,2,2,522,9,Potential Loyalists
4748,170,8,59726.31,2,4,3,243,9,At Risk
4749,15,5,20238.44,5,3,2,532,10,Potential Loyalists
4750,30,6,64242.96,4,3,3,433,10,Loyal Customers
4751,148,3,52542.59,3,2,3,323,8,Lost
4752,131,6,209318.16,3,3,4,334,10,Loyal Customers
4753,476,4,32079.07,1,2,2,122,5,Lost
4754,40,7,44334.95,4,4,3,443,11,Loyal Customers
4755,109,3,100358.57,3,2,4,324,9,Loyal Customers
4756,382,5,45477.83,1,3,3,133,7,Cannot Lose Them
4757,34,2,32636.42,4,1,2,412,7,Potential Loyalists
4758,66,8,78362.74,4,4,3,443,11,Loyal Customers
4759,183,6,53999.62,2,3,3,233,8,At Risk
4760,9,6,29412.4,5,3,2,532,10,Potential Loyalists
4761,304,2,82331.31,2,1,4,214,7,Hibernating
4762,293,8,59620.7,2,4,3,243,9,At Risk
4763,4,9,34643.27,5,4,2,542,11,Loyal Customers
4764,141,5,41513.36,3,3,3,333,9,Loyal Customers
4765,186,6,64176.94,2,3,3,233,8,At Risk
4766,856,1,183.24,1,1,1,111,3,Lost
4767,304,5,37939.34,2,3,2,232,7,Hibernating
4768,88,6,145227.91,3,3,4,334,10,Loyal Customers
4769,157,7,39356.86,2,4,2,242,8,At Risk
4770,121,5,33401.06,3,3,2,332,8,Lost
4771,132,6,27467.64,3,3,2,332,8,Lost
4772,614,3,35067.16,1,2,2,122,5,Lost
4773,84,6,47050.88,3,3,3,333,9,Loyal Customers
4774,144,4,44950.48,3,2,3,323,8,Lost
4775,305,2,6174.99,2,1,1,211,4,Hibernating
4776,425,2,3991.22,1,1,1,111,3,Lost
4777,30,6,23832.05,4,3,2,432,9,Potential Loyalists
4778,157,4,38309.84,2,2,2,222,6,Hibernating
4779,474,4,11267.97,1,2,1,121,4,Lost
4780,220,5,30499.2,2,3,2,232,7,Hibernating
4781,26,2,173641.8,5,1,4,514,10,Potential Loyalists
4782,333,3,33475.41,1,2,2,122,5,Lost
4783,99,2,44778.68,3,1,3,313,7,Lost
4784,119,7,45779.3,3,4,3,343,10,Loyal Customers
4785,6,8,89288.56,5,4,4,544,13,Champions
4786,59,5,81520.5,4,3,4,434,11,Loyal Customers
4787,528,5,38335.69,1,3,2,132,6,Lost
4788,56,5,58806.0,4,3,3,433,10,Loyal Customers
4789,17,5,57879.34,5,3,3,533,11,Loyal Customers
4790,382,3,19500.08,1,2,1,121,4,Lost
4791,383,3,238015.49,1,2,5,125,8,Cannot Lose Them
4792,60,5,19234.14,4,3,1,431,8,Potential Loyalists
4793,89,9,74094.97,3,4,3,343,10,Loyal Customers
4794,140,6,8434.47,3,3,1,331,7,Lost
4795,76,7,53741.62,3,4,3,343,10,Loyal Customers
4796,255,4,9896.2,2,2,1,221,5,Hibernating
4797,265,2,26739.74,2,1,2,212,5,Hibernating
4798,298,4,84394.49,2,2,4,224,8,At Risk
4799,292,4,22453.01,2,2,2,222,6,Hibernating
4800,8,3,31367.0,5,2,2,522,9,Potential Loyalists
4801,235,6,44978.88,2,3,3,233,8,At Risk
4802,430,7,62746.91,1,4,3,143,8,Cannot Lose Them
4803,121,5,14789.6,3,3,1,331,7,Lost
4804,47,3,160771.44,4,2,4,424,10,Loyal Customers
4805,100,6,117975.65,3,3,4,334,10,Loyal Customers
4806,699,3,16258.3,1,2,1,121,4,Lost
4807,4,8,21192.46,5,4,2,542,11,Loyal Customers
4808,108,11,291882.37,3,4,5,345,12,Loyal Customers
4809,107,7,209950.77,3,4,4,344,11,Loyal Customers
4810,280,2,47100.11,2,1,3,213,6,Hibernating
4811,119,1,692.16,3,1,1,311,5,Promising
4812,84,9,130723.59,3,4,4,344,11,Loyal Customers
4813,348,1,8155.39,1,1,1,111,3,Lost
4814,106,8,91149.01,3,4,4,344,11,Loyal Customers
4815,145,8,50711.04,3,4,3,343,10,Loyal Customers
4816,177,4,152788.18,2,2,4,224,8,At Risk
4817,32,11,111819.86,4,4,4,444,12,Champions
4818,94,9,154526.87,3,4,4,344,11,Loyal Customers
4819,15,10,155740.2,5,4,4,544,13,Champions
4820,34,10,245247.88,4,4,5,445,13,Champions
4821,50,8,227454.57,4,4,5,445,13,Champions
4822,141,9,67264.38,3,4,3,343,10,Loyal Customers
4823,508,1,3597.38,1,1,1,111,3,Lost
4824,304,3,4342.92,2,2,1,221,5,Hibernating
4825,900,1,2324.54,1,1,1,111,3,Lost
4826,81,7,143442.21,3,4,4,344,11,Loyal Customers
4827,21,7,260327.84,5,4,5,545,14,Champions
4828,766,2,9923.69,1,1,1,111,3,Lost
4829,263,4,50231.04,2,2,3,223,7,Hibernating
4830,499,4,28000.0,1,2,2,122,5,Lost
4831,54,7,83222.83,4,4,4,444,12,Champions
4832,20,6,87727.17,5,3,4,534,12,Loyal Customers
4833,79,8,19205.78,3,4,1,341,8,Lost
4834,99,5,163583.14,3,3,4,334,10,Loyal Customers
4835,343,3,35902.95,1,2,2,122,5,Lost
4836,28,6,14209.05,5,3,1,531,9,Potential Loyalists
4837,177,5,22117.15,2,3,2,232,7,Hibernating
4838,632,4,63235.13,1,2,3,123,6,Lost
4839,216,11,122985.84,2,4,4,244,10,At Risk
4840,238,3,8023.81,2,2,1,221,5,Hibernating
4841,1031,2,20762.61,1,1,2,112,4,Lost
4842,340,3,23405.41,1,2,2,122,5,Lost
4843,476,4,16233.99,1,2,1,121,4,Lost
4844,118,4,348435.16,3,2,5,325,10,Loyal Customers
4845,140,6,49179.58,3,3,3,333,9,Loyal Customers
4846,60,4,19267.63,4,2,1,421,7,Potential Loyalists
4847,221,3,5664.08,2,2,1,221,5,Hibernating
4848,162,6,29503.66,2,3,2,232,7,Hibernating
4849,90,4,341175.01,3,2,5,325,10,Loyal Customers
4850,301,4,33857.01,2,2,2,222,6,Hibernating
4851,169,3,12472.64,2,2,1,221,5,Hibernating
4852,355,6,42132.81,1,3,3,133,7,Cannot Lose Them
4853,290,5,33036.36,2,3,2,232,7,Hibernating
4854,246,7,432136.68,2,4,5,245,11,At Risk
4855,24,6,45712.12,5,3,3,533,11,Loyal Customers
4856,101,3,31634.39,3,2,2,322,7,Lost
4857,228,4,18093.0,2,2,1,221,5,Hibernating
4858,173,3,66153.11,2,2,3,223,7,Hibernating
4859,452,2,10610.26,1,1,1,111,3,Lost
4860,304,3,104112.84,2,2,4,224,8,At Risk
4861,321,7,91501.43,1,4,4,144,9,Cannot Lose Them
4862,75,4,116069.21,3,2,4,324,9,Loyal Customers
4863,6,4,10344.51,5,2,1,521,8,Potential Loyalists
4864,394,2,5690.75,1,1,1,111,3,Lost
4865,7,8,20213.33,5,4,2,542,11,Loyal Customers
4866,102,8,58103.92,3,4,3,343,10,Loyal Customers
4867,116,5,166334.22,3,3,4,334,10,Loyal Customers
4868,149,3,24645.83,3,2,2,322,7,Lost
4869,484,3,12975.6,1,2,1,121,4,Lost
4871,101,9,34978.34,3,4,2,342,9,Loyal Customers
4872,506,5,30592.01,1,3,2,132,6,Lost
4873,361,3,11979.45,1,2,1,121,4,Lost
4874,90,5,176620.15,3,3,4,334,10,Loyal Customers
4875,255,5,50343.11,2,3,3,233,8,At Risk
4876,14,9,70296.45,5,4,3,543,12,Loyal Customers
4877,6,8,24276.28,5,4,2,542,11,Loyal Customers
4878,43,4,99848.9,4,2,4,424,10,Loyal Customers
4879,189,6,12214.98,2,3,1,231,6,Hibernating
4880,12,8,82834.8,5,4,4,544,13,Champions
4881,50,4,43097.01,4,2,3,423,9,Potential Loyalists
4882,119,8,93862.96,3,4,4,344,11,Loyal Customers
4883,15,5,23408.22,5,3,2,532,10,Potential Loyalists
4884,252,4,16216.84,2,2,1,221,5,Hibernating
4885,434,4,17377.18,1,2,1,121,4,Lost
4886,216,4,35949.84,2,2,2,222,6,Hibernating
4887,133,6,41262.87,3,3,3,333,9,Loyal Customers
4888,601,4,46839.27,1,2,3,123,6,Lost
4889,187,4,46250.3,2,2,3,223,7,Hibernating
4890,4,4,82033.8,5,2,4,524,11,Loyal Customers
4891,13,9,77564.65,5,4,3,543,12,Loyal Customers
4892,92,4,15674.8,3,2,1,321,6,Promising
4893,205,2,83012.81,2,1,4,214,7,Hibernating
4894,396,3,19853.34,1,2,1,121,4,Lost
4895,155,5,17005.05,2,3,1,231,6,Hibernating
4896,377,7,72171.72,1,4,3,143,8,Cannot Lose Them
4897,373,5,88793.04,1,3,4,134,8,Cannot Lose Them
4898,130,4,32579.01,3,2,2,322,7,Lost
4899,715,4,43474.3,1,2,3,123,6,Lost
4900,41,7,52906.44,4,4,3,443,11,Loyal Customers
4901,369,3,170001.28,1,2,4,124,7,Cannot Lose Them
4902,165,5,51017.36,2,3,3,233,8,At Risk
4903,67,5,25561.77,4,3,2,432,9,Potential Loyalists
4904,113,5,42829.42,3,3,3,333,9,Loyal Customers
4905,30,5,10102.56,4,3,1,431,8,Potential Loyalists
4906,1,10,41655.3,5,4,3,543,12,Loyal Customers
4907,111,12,179860.99,3,4,4,344,11,Loyal Customers
4908,57,9,79092.06,4,4,3,443,11,Loyal Customers
4909,132,8,52366.34,3,4,3,343,10,Loyal Customers
4910,181,2,16636.31,2,1,1,211,4,Hibernating
4911,33,3,109850.13,4,2,4,424,10,Loyal Customers
4912,293,4,52016.05,2,2,3,223,7,Hibernating
4913,243,7,43059.02,2,4,3,243,9,At Risk
4914,4,3,183489.07,5,2,4,524,11,Loyal Customers
4915,351,6,107392.16,1,3,4,134,8,Cannot Lose Them
4916,523,6,51904.73,1,3,3,133,7,Cannot Lose Them
4917,210,5,24708.39,2,3,2,232,7,Hibernating
4918,60,2,23881.42,4,1,2,412,7,Potential Loyalists
4919,67,8,77637.07,4,4,3,443,11,Loyal Customers
4920,5,5,14392.37,5,3,1,531,9,Potential Loyalists
4921,349,3,14561.14,1,2,1,121,4,Lost
4922,267,4,21865.66,2,2,2,222,6,Hibernating
4923,46,4,32165.19,4,2,2,422,8,Potential Loyalists
4924,189,6,48086.6,2,3,3,233,8,At Risk
4925,79,6,62115.96,3,3,3,333,9,Loyal Customers
4926,56,8,49437.47,4,4,3,443,11,Loyal Customers
4927,94,3,11084.98,3,2,1,321,6,Promising
4928,298,1,3882.41,2,1,1,211,4,Hibernating
4929,72,7,33866.14,4,4,2,442,10,Loyal Customers
4930,151,9,46172.38,3,4,3,343,10,Loyal Customers
4931,119,6,118694.0,3,3,4,334,10,Loyal Customers
4932,281,11,187825.92,2,4,4,244,10,At Risk
4933,297,5,34632.14,2,3,2,232,7,Hibernating
4934,155,5,50813.87,2,3,3,233,8,At Risk
4935,429,3,41313.74,1,2,3,123,6,Lost
4936,239,2,6686.65,2,1,1,211,4,Hibernating
4937,87,5,16280.75,3,3,1,331,7,Lost
4938,110,5,30397.33,3,3,2,332,8,Lost
4939,32,5,36801.4,4,3,2,432,9,Potential Loyalists
4940,153,3,141548.43,2,2,4,224,8,At Risk
4941,455,1,30044.04,1,1,2,112,4,Lost
4942,575,2,4264.24,1,1,1,111,3,Lost
4943,44,4,159025.36,4,2,4,424,10,Loyal Customers
4944,189,10,92884.67,2,4,4,244,10,At Risk
4945,74,7,47029.3,3,4,3,343,10,Loyal Customers
4946,178,4,16932.92,2,2,1,221,5,Hibernating
4947,303,8,39502.86,2,4,2,242,8,At Risk
4948,168,5,26005.12,2,3,2,232,7,Hibernating
4949,153,6,75963.11,2,3,3,233,8,At Risk
4950,164,7,114847.12,2,4,4,244,10,At Risk
4951,309,4,21310.03,1,2,2,122,5,Lost
4952,84,5,28685.69,3,3,2,332,8,Lost
4953,219,3,20724.0,2,2,2,222,6,Hibernating
4954,209,2,32068.02,2,1,2,212,5,Hibernating
4955,108,3,5649.98,3,2,1,321,6,Promising
4956,125,11,77986.23,3,4,3,343,10,Loyal Customers
4957,90,13,102864.27,3,4,4,344,11,Loyal Customers
4958,194,3,11707.29,2,2,1,221,5,Hibernating
4959,167,6,174745.3,2,3,4,234,9,At Risk
4960,37,5,60223.38,4,3,3,433,10,Loyal Customers
4961,143,6,47508.11,3,3,3,333,9,Loyal Customers
4962,248,4,47536.65,2,2,3,223,7,Hibernating
4963,72,5,94848.5,4,3,4,434,11,Loyal Customers
4964,84,8,69012.83,3,4,3,343,10,Loyal Customers
4965,132,3,15384.03,3,2,1,321,6,Promising
4966,122,7,46709.17,3,4,3,343,10,Loyal Customers
4967,484,4,54451.64,1,2,3,123,6,Lost
4968,389,5,33704.1,1,3,2,132,6,Lost
4969,105,10,127669.81,3,4,4,344,11,Loyal Customers
4970,293,3,13368.47,2,2,1,221,5,Hibernating
4971,666,2,34364.47,1,1,2,112,4,Lost
4972,110,4,13958.58,3,2,1,321,6,Promising
4973,16,9,58720.59,5,4,3,543,12,Loyal Customers
4974,155,5,14463.93,2,3,1,231,6,Hibernating
4975,299,3,15276.87,2,2,1,221,5,Hibernating
4976,17,6,20309.85,5,3,2,532,10,Potential Loyalists
4977,30,6,50749.94,4,3,3,433,10,Loyal Customers
4978,78,6,71497.91,3,3,3,333,9,Loyal Customers
4979,560,2,37634.24,1,1,2,112,4,Lost
4980,251,5,26090.95,2,3,2,232,7,Hibernating
4981,342,7,57610.16,1,4,3,143,8,Cannot Lose Them
4982,75,4,22261.69,3,2,2,322,7,Lost
4983,95,5,125425.72,3,3,4,334,10,Loyal Customers
4984,502,3,8836.11,1,2,1,121,4,Lost
4985,180,3,30176.17,2,2,2,222,6,Hibernating
4986,100,6,31423.73,3,3,2,332,8,Lost
4987,14,7,112855.83,5,4,4,544,13,Champions
4988,12,6,14761.96,5,3,1,531,9,Potential Loyalists
4989,70,4,19284.83,4,2,1,421,7,Potential Loyalists
4990,199,8,104776.97,2,4,4,244,10,At Risk
4991,38,3,9696.97,4,2,1,421,7,Potential Loyalists
4992,593,2,4801.52,1,1,1,111,3,Lost
4993,155,4,20167.97,2,2,1,221,5,Hibernating
4994,69,5,69419.31,4,3,3,433,10,Loyal Customers
4995,172,5,77554.26,2,3,3,233,8,At Risk
4996,26,7,125689.52,5,4,4,544,13,Champions
4997,34,4,15490.53,4,2,1,421,7,Potential Loyalists
4998,412,4,13746.51,1,2,1,121,4,Lost
4999,713,2,11346.72,1,1,1,111,3,Lost
5000,54,8,68885.77,4,4,3,443,11,Loyal Customers
