customer_id,customer_name,email,phone,city,state,region,segment,signup_date
1,Aryan Maharaj,udantdewan@example.net,+918196001338,Kishanganj,Delhi,North,New,2025-05-01
2,Thomas Sen,abeer26@example.com,02351161559,Varanasi,Karnataka,South,Regular,2023-06-16
3,Jeet Radhakrishnan,memonjanaki@example.net,+911034131647,Ujjain,Himachal Pradesh,North,New,2025-09-18
4,Shaurya Loke,gargyash@example.org,06483503056,Amritsar,Chhattisgarh,Central,Premium,2024-03-09
5,Simon Tata,jshanker@example.com,+913884969653,Danapur,Delhi,North,Regular,2023-07-05
6,Champak Choudhary,nathanielsami@example.net,+916697848018,Mau,Telangana,South,Premium,2024-09-16
7,Radhika Dugar,uaggarwal@example.net,08281489325,Panvel,Chhattisgarh,Central,New,2023-02-01
8,Ekiya Suresh,choudhuryjanani@example.com,+910391171822,Jamalpur,Uttarakhand,Central,Regular,2025-12-03
9,Pallavi Kakar,devikarastogi@example.net,5787133150,Giridih,Uttarakhand,Central,New,2023-04-25
10,Ekavir Bhargava,ekanshbalay@example.com,+918347382997,Bhalswa Jahangir Pur,Uttar Pradesh,North,New,2023-07-20
11,Ranveer Chandra,sankarirya@example.com,07010651333,Kolhapur,Odisha,East,Regular,2026-01-17
12,Arya Shere,faqidsavant@example.net,+910801326773,Allahabad,West Bengal,East,Regular,2024-05-28
13,Aarnav Ramakrishnan,suhani46@example.net,8723430980,Howrah,Haryana,North,New,2023-04-24
14,Yadavi Wali,daksheshtrivedi@example.org,+911913619399,Udupi,Uttarakhand,Central,New,2022-10-28
15,Diya Lal,diptakhare@example.com,02475107991,Siwan,Maharashtra,West,Occasional,2022-12-17
16,Kevin Palla,kondakala@example.com,+917849808412,Bhiwandi,Maharashtra,West,Premium,2023-07-09
17,Nachiket Magar,shivansh53@example.net,4874016400,Bikaner,Uttarakhand,Central,Premium,2026-05-25
18,Neel Sathe,handra@example.org,2805982620,Bharatpur,Delhi,North,New,2025-04-27
19,Ishita Kade,harshilpandya@example.net,09232260256,Shimoga,West Bengal,East,New,2026-06-08
20,Lavanya Barad,mkapadia@example.com,04330365414,Danapur,Punjab,North,Regular,2023-04-16
21,Ayaan D’Alia,pranav94@example.org,+919655698169,Rohtak,Bihar,East,Regular,2024-04-23
22,Aarav Venkatesh,janujasankar@example.org,5951484656,Begusarai,Kerala,South,New,2022-10-19
23,Osha Raghavan,charviravi@example.net,+914436995777,Sasaram,Rajasthan,North,Premium,2023-02-25
24,Frado Mander,girik34@example.org,+912003791769,Yamunanagar,Jammu & Kashmir,Central,Regular,2024-08-16
25,Yagnesh Divan,chhabrapavani@example.org,+918708317278,Mango,Madhya Pradesh,West,Regular,2024-09-17
26,Sanaya Dutt,qsengupta@example.org,4873471434,Imphal,Chhattisgarh,Central,New,2025-03-20
27,Lakshit Dora,leeladua@example.net,+911665876036,Bhimavaram,Uttar Pradesh,North,New,2026-05-30
28,Lajita Sood,pandeychanchal@example.com,08893734670,Naihati,Jharkhand,East,Regular,2025-07-27
29,Noah Sibal,aviramesh@example.net,0162720465,Malda,Telangana,South,New,2025-06-16
30,Ladli Mall,fkrishnan@example.com,+918053100330,Mathura,Bihar,East,New,2024-01-01
31,Ishwar Kamdar,xkunda@example.com,+919912419049,Sikar,Madhya Pradesh,West,Regular,2023-02-24
32,Faqid Kibe,mitrajai@example.net,+915865185067,Bhiwani,Karnataka,South,New,2025-08-26
33,Michael Saran,anamikayohannan@example.com,06945314737,Naihati,Uttarakhand,Central,New,2024-02-25
34,Ekta Gopal,wkala@example.com,04948083136,Miryalaguda,Madhya Pradesh,West,Regular,2022-09-25
35,Vamakshi Swaminathan,fbadal@example.com,+916349578856,Nagercoil,Telangana,South,Premium,2025-11-01
36,Anika Mohan,vihaan13@example.com,+918233749894,Jammu,Delhi,North,Regular,2025-08-07
37,Jalsa Gola,akshay82@example.com,+910842710947,Gandhidham,Andhra Pradesh,South,Premium,2023-11-15
38,Charan Krishnan,ecomar@example.com,01902294131,Medininagar,Madhya Pradesh,West,Premium,2024-01-23
39,Lajita Seshadri,lmishra@example.com,09909133412,Malegaon,Goa,West,Occasional,2025-02-23
40,Naksh Agate,sseshadri@example.net,04034471349,Khandwa,Himachal Pradesh,North,New,2024-12-16
41,Manthan Lata,ekbalbhasin@example.org,09947174648,Bahraich,Uttarakhand,Central,New,2023-02-06
42,Rachana Naidu,atharv13@example.net,9049027874,Bhimavaram,West Bengal,East,Regular,2022-12-14
43,Gavin Singhal,nilima55@example.net,+912567468071,Nizamabad,Andhra Pradesh,South,Regular,2024-06-19
44,Netra Varkey,shereodika@example.org,+918597703482,Bahraich,Assam,East,New,2023-12-27
45,Jairaj Balakrishnan,nathanmukhopadhyay@example.net,+918613171274,Vijayanagaram,Chhattisgarh,Central,New,2026-05-11
46,Urmi Kohli,ydhillon@example.org,8214658404,Dharmavaram,Assam,East,Premium,2026-02-28
47,Manthan Sekhon,vpai@example.net,6753396360,Bhalswa Jahangir Pur,Kerala,South,New,2025-01-28
48,Libni Doshi,ibansal@example.net,5171870262,Nandyal,Jammu & Kashmir,Central,Occasional,2025-08-11
49,Hamsini Rao,narasimhanlajita@example.com,7809134316,Salem,Uttarakhand,Central,Premium,2025-12-08
50,Chandani Balakrishnan,nairdaksh@example.com,05623869222,Phagwara,Haryana,North,New,2024-07-01
51,Wridesh Tank,vincentshenoy@example.net,07407482175,Khandwa,Bihar,East,Regular,2026-04-25
52,Tanmayi Mittal,leenasubramanian@example.org,+916959440640,Medininagar,Chhattisgarh,Central,Regular,2025-07-19
53,Bhavini Karpe,theodore39@example.com,2104709521,Khammam,Maharashtra,West,Occasional,2025-10-12
54,Parth Iyer,jasmitwali@example.net,02474517123,Proddatur,Chhattisgarh,Central,Regular,2025-10-16
55,Megha Atwal,jatin75@example.net,4965137098,Phagwara,Gujarat,West,Regular,2024-03-02
56,Ucchal Mittal,idada@example.org,+914711382675,Dharmavaram,Uttarakhand,Central,Occasional,2023-07-21
57,Oeshi Chaudhary,rreddy@example.org,5377351585,Sikar,Jammu & Kashmir,Central,New,2025-10-08
58,Jason Sha,kalaansh@example.org,03293183933,Siliguri,Jharkhand,East,Occasional,2023-10-14
59,Aradhana Dhillon,zashilghosh@example.org,0205395024,Cuttack,Jharkhand,East,New,2025-12-19
60,Ishaan Bhatt,xsen@example.com,9178390847,Ghaziabad,Maharashtra,West,Regular,2025-10-07
61,Pooja Chokshi,esawhney@example.org,09212499856,Malda,Haryana,North,Regular,2024-08-25
62,Hardik Contractor,qushiseth@example.org,05766156545,Bhalswa Jahangir Pur,Chhattisgarh,Central,Premium,2024-10-05
63,Frederick Chander,vchar@example.net,02809885165,Faridabad,Delhi,North,New,2022-11-24
64,Indira Chawla,mohammedsubramaniam@example.org,+915851493689,Narasaraopet,Uttar Pradesh,North,Regular,2023-11-01
65,Ayush Gole,dayamai55@example.org,+912961201836,Malda,Haryana,North,Regular,2026-07-25
66,Kala Muni,frado02@example.org,0147679764,Anand,Kerala,South,New,2024-01-23
67,Qushi Choudhry,vidhi84@example.org,+916900343244,Jamshedpur,Telangana,South,Regular,2023-02-04
68,Qushi Gill,lajitawalia@example.net,+918851606071,Ramgarh,Jammu & Kashmir,Central,Premium,2022-08-24
69,Omisha Mann,ravelansh@example.com,+919751613696,Tenali,Madhya Pradesh,West,Regular,2024-06-08
70,Harinakshi Kant,om18@example.net,+918835523124,Malegaon,Himachal Pradesh,North,Regular,2026-04-25
71,Faqid Goel,wshetty@example.net,7995527177,Panipat,Madhya Pradesh,West,Premium,2025-03-04
72,Indira Tripathi,mukherjeetriya@example.com,+910541199867,Hospet,Himachal Pradesh,North,New,2025-02-15
73,Ekanta Soni,davidseshadri@example.org,01820377889,Bharatpur,Delhi,North,Regular,2026-06-24
74,Lila Rege,charles51@example.com,+918644925192,Tirupati,West Bengal,East,Regular,2024-03-13
75,Kai Chad,krisha52@example.net,8168505423,Shivpuri,Telangana,South,Regular,2025-05-27
76,Laksh Dubey,merchantharrison@example.net,8059296222,Bahraich,Gujarat,West,Regular,2023-06-06
77,Janya Khanna,wmane@example.net,03834735977,Eluru,Tamil Nadu,South,Regular,2022-10-18
78,Neel Iyengar,zashilben@example.net,05818141247,Junagadh,Chhattisgarh,Central,Regular,2024-10-01
79,Shravya Palla,sachdevachatresh@example.com,5361530515,Durgapur,Chhattisgarh,Central,Occasional,2023-01-01
80,Urmi Dewan,nsen@example.org,+910432898614,Barasat,Karnataka,South,Regular,2022-10-10
81,William Saini,hbhatnagar@example.com,8089324609,New Delhi,Gujarat,West,New,2023-02-17
82,Rachit Chada,ekansh88@example.net,8067065405,Hapur,Uttar Pradesh,North,Regular,2025-01-14
83,Gaurangi Deol,pandeyhamsini@example.net,+917722170430,Kalyan-Dombivli,Goa,West,Occasional,2023-08-21
84,Yutika Rao,ckulkarni@example.net,+914505415667,Sonipat,Goa,West,Regular,2023-12-15
85,Widisha Pillai,fitan61@example.com,2845115447,Rourkela,Jammu & Kashmir,Central,New,2023-05-29
86,Indali Sekhon,panditradhika@example.com,0165820297,Cuttack,Karnataka,South,Regular,2025-07-18
87,Jeevika Pathak,mbali@example.org,7557192856,Alwar,Rajasthan,North,New,2022-11-24
88,Atharv Grewal,yvasa@example.net,+914473947312,Bidhannagar,Himachal Pradesh,North,Regular,2023-09-03
89,Gagan Nagarajan,dhruv88@example.com,02258313237,Karimnagar,Rajasthan,North,Premium,2023-05-07
90,Unni Dayal,bhattidayamai@example.com,7866912517,Hazaribagh,Chhattisgarh,Central,Regular,2024-12-19
91,Qabil Dayal,dthakkar@example.org,2422535841,Thiruvananthapuram,Chhattisgarh,Central,New,2024-01-29
92,Jeremiah Mitter,thakkarom@example.net,2299590010,Bhagalpur,Rajasthan,North,Regular,2025-04-24
93,Azaan Tank,chasmum73@example.net,04710276773,Medininagar,Andhra Pradesh,South,Regular,2025-11-15
94,Eiravati Pai,wde@example.com,8153714732,Dhanbad,Chhattisgarh,Central,Premium,2023-03-23
95,Omya Kothari,falakmunshi@example.org,+917877470168,New Delhi,Rajasthan,North,Regular,2023-11-05
96,Chanakya Bedi,warda97@example.com,0162456506,Jehanabad,Jammu & Kashmir,Central,Premium,2023-07-12
97,Janani Mani,rajuyamini@example.com,4991216558,Asansol,Bihar,East,New,2024-12-31
98,Xiti Baria,baradlaksh@example.net,07872982595,Singrauli,Bihar,East,Regular,2023-06-17
99,Gayathri Tripathi,emistry@example.org,05169409749,Faridabad,Kerala,South,Premium,2025-03-26
100,Onkar Viswanathan,rdivan@example.org,+919130756263,Orai,Delhi,North,Premium,2025-02-03
101,David Devi,ektasridhar@example.net,05278585497,Shahjahanpur,Chhattisgarh,Central,Regular,2025-11-27
102,Umang Mishra,sarthak75@example.com,08441986652,Kalyan-Dombivli,Telangana,South,Regular,2023-10-19
103,Hiral Sathe,varenya33@example.net,08421993308,Muzaffarpur,West Bengal,East,New,2023-11-01
104,Odika Narayanan,rchaudhry@example.org,+918267734540,Chapra,Odisha,East,Regular,2022-11-01
105,Parth Sahni,balhaarranganathan@example.com,+914004991547,Guntur,Jammu & Kashmir,Central,Regular,2023-08-07
106,Anjali Hans,narayanannicholas@example.net,04205493296,Kottayam,Chhattisgarh,Central,New,2026-03-26
107,Nandini Chandran,logansood@example.com,+910463745499,Bhilwara,Uttarakhand,Central,Occasional,2024-01-03
108,Warinder Bhatia,shroffdamyanti@example.org,08414593327,Malda,Uttar Pradesh,North,Regular,2025-05-23
109,Ojasvi Sinha,yugbumb@example.net,08519108839,Dehradun,Himachal Pradesh,North,Premium,2025-10-16
110,Jackson Jha,gchand@example.com,+917286790874,Tenali,Odisha,East,Premium,2024-01-03
111,Tejas Bora,sampathhemangini@example.net,+918017046226,Eluru,Bihar,East,New,2023-09-11
112,Keya Buch,ijayadani@example.org,6823004786,Berhampur,Assam,East,Premium,2024-07-08
113,Hiral Dubey,ranbir10@example.net,09033119079,Sambalpur,Delhi,North,Premium,2023-08-31
114,Neelima Sarna,teerthbhalla@example.org,4395995342,Haridwar,West Bengal,East,Regular,2025-10-05
115,Darsh Gill,dtandon@example.com,6856624628,New Delhi,Kerala,South,Regular,2023-11-21
116,Charita Dhawan,jbhardwaj@example.com,08826343517,Tiruchirappalli,Madhya Pradesh,West,Premium,2026-03-23
117,Charan Loyal,ebaral@example.org,8373540331,Latur,Delhi,North,Occasional,2024-11-21
118,Mekhala Khatri,barkha67@example.net,5445877175,Uluberia,Telangana,South,Regular,2025-07-27
119,Chakradev Kant,amollal@example.net,9642353693,Jamalpur,Assam,East,Premium,2023-12-11
120,Aarini Suresh,ksharma@example.net,02287280801,Chennai,Gujarat,West,Regular,2025-05-24
121,Vihaan Bir,adityakamdar@example.net,05099770088,Ahmedabad,West Bengal,East,New,2024-05-13
122,Bhavini Badal,ggola@example.org,2339845461,Machilipatnam,Karnataka,South,New,2022-09-06
123,Upkaar Mital,balaygirik@example.com,06870021765,Dehri,Assam,East,New,2024-07-25
124,Victor Kakar,cmadan@example.org,4890250392,Solapur,Gujarat,West,Occasional,2026-07-09
125,Wridesh Ramachandran,leena21@example.net,5016315999,Khammam,Karnataka,South,Occasional,2023-11-19
126,Shravya Swaminathan,ishaniprashad@example.com,+919619431142,Jamnagar,Andhra Pradesh,South,Regular,2022-09-27
127,Edhitha Patel,chandabdul@example.com,05412126788,Kota,Jharkhand,East,New,2025-10-04
128,Irya Chander,lekha04@example.com,01839826224,Agartala,Kerala,South,Regular,2022-09-21
129,Dev Ganesh,amajumdar@example.com,01543799371,Avadi,Punjab,North,New,2024-09-16
130,Gaurangi Rai,ria56@example.net,2459375265,Pallavaram,Gujarat,West,Regular,2022-08-22
131,Eshana Puri,maya51@example.net,+919828073741,Panchkula,Goa,West,Regular,2025-01-22
132,Wyatt Krishnan,pallavipurohit@example.org,09796886805,Moradabad,Karnataka,South,Regular,2023-03-16
133,Isha Ganesan,rattagarima@example.com,+910143888993,Dindigul,Andhra Pradesh,South,Regular,2025-11-18
134,Xiti Dora,aryan71@example.com,01125457387,Fatehpur,Haryana,North,Regular,2024-04-10
135,Sneha Nagar,mitalchaitanya@example.net,+910512382825,Surendranagar Dudhrej,Uttarakhand,Central,New,2023-01-10
136,Qarin Grewal,brandhawa@example.net,3796603341,Jorhat,Uttarakhand,Central,Occasional,2023-08-07
137,Eshana Hegde,qcomar@example.net,08596969155,Tadipatri,Haryana,North,Regular,2023-05-29
138,Frado Desai,jacob34@example.org,+915286692966,Morbi,West Bengal,East,Regular,2023-05-07
139,Ojas Suri,logan25@example.com,0507236887,Pallavaram,Goa,West,New,2025-04-25
140,Vrinda Ganesh,balasubramanianthomas@example.com,+914384279788,Chapra,Jharkhand,East,Premium,2024-05-18
141,Jeevika Barman,bkamdar@example.org,3407451713,Giridih,Chhattisgarh,Central,Regular,2023-02-05
142,Priya Gandhi,samueljhaveri@example.org,5849825449,Kottayam,Chhattisgarh,Central,Regular,2025-07-17
143,Krishna Sabharwal,malhotrajonathan@example.net,+913253672946,Bidhannagar,Maharashtra,West,Premium,2026-06-10
144,Neha Varma,jyoti77@example.com,0175186363,Agartala,Jammu & Kashmir,Central,New,2022-12-07
145,Geetika De,roza@example.org,+911701277063,Barasat,Kerala,South,Regular,2023-12-26
146,Girik Patel,fitan52@example.org,04361103712,Kadapa,Assam,East,Regular,2023-04-15
147,Aditya Anand,jai62@example.com,+913611155426,Asansol,Himachal Pradesh,North,Occasional,2025-07-03
148,Nitesh Sarraf,tanay26@example.net,7311219656,Kolhapur,Uttarakhand,Central,New,2022-11-26
149,Frado Kothari,avi43@example.net,8364037613,Hindupur,Jharkhand,East,New,2023-08-31
150,Jalsa Nadig,lilasalvi@example.com,2710910430,Sikar,Chhattisgarh,Central,Regular,2022-11-30
151,Yachana Sagar,fratti@example.net,8924141832,Katni,Gujarat,West,Premium,2024-10-06
152,Dayita Sarkar,dalbirkonda@example.org,01799042102,Ujjain,Jharkhand,East,Premium,2025-02-07
153,Zansi Lad,kamyadate@example.net,01056481491,Sirsa,Haryana,North,Regular,2024-09-21
154,Christopher Tata,jhalakdugar@example.com,+919138000307,Yamunanagar,Goa,West,Premium,2024-10-13
155,Praneel Banik,ukapur@example.org,05419518023,Rewa,Gujarat,West,Premium,2026-07-11
156,Barkha Mukhopadhyay,gabriel87@example.org,03494937597,Bongaigaon,Tamil Nadu,South,Regular,2022-11-27
157,Matthew Ahuja,obajwa@example.net,00506413836,Allahabad,Uttarakhand,Central,Regular,2025-11-05
158,Girik Bassi,zinalsachar@example.net,07191826199,Raebareli,Kerala,South,Regular,2023-03-21
159,Warjas Manne,divya65@example.com,04313291212,Kirari Suleman Nagar,Karnataka,South,Regular,2025-06-06
160,Jai Wason,sarthak74@example.com,01124903521,Raurkela Industrial Township,Andhra Pradesh,South,Premium,2023-12-12
161,Chandani Lad,azaanravel@example.com,8317121003,Davanagere,Punjab,North,Regular,2024-04-18
162,Kashish Chad,falan01@example.org,7215107029,Tenali,Chhattisgarh,Central,New,2026-02-11
163,Lavanya Sandhu,iryakala@example.org,04720999347,Jamalpur,Madhya Pradesh,West,Regular,2024-09-20
164,Gagan Mammen,adevan@example.org,8380657875,Munger,Tamil Nadu,South,New,2024-08-25
165,Atharv Nagar,ayushmanmand@example.org,08593213348,Muzaffarnagar,Punjab,North,Regular,2023-10-06
166,Isha Ghose,warjasnadkarni@example.net,5905992937,Akola,Uttarakhand,Central,Regular,2025-01-22
167,Gautam Bhalla,theodorebahri@example.net,00593252500,Dharmavaram,Tamil Nadu,South,Premium,2024-09-11
168,Indrajit Vora,elijah56@example.net,+915452267528,Rajahmundry,Goa,West,Occasional,2025-08-10
169,Kritika Mohanty,joshua20@example.net,6902959391,Ajmer,Madhya Pradesh,West,New,2025-06-10
170,Wazir Palan,oliver15@example.com,+914331541006,Gurgaon,Uttarakhand,Central,New,2024-01-08
171,Waida Radhakrishnan,keya17@example.net,3271040541,Tiruvottiyur,Madhya Pradesh,West,Regular,2023-04-27
172,Naveen Borde,nigamvasudha@example.net,+916296201533,Begusarai,Kerala,South,New,2023-05-03
173,Baghyawati Mishra,gopalbawa@example.com,8720506149,Kollam,Uttarakhand,Central,Premium,2025-09-06
174,Samuel Garde,finn71@example.com,07741862565,Amroha,Jharkhand,East,Regular,2023-01-09
175,Ria Shroff,upkaar49@example.org,+911158693806,Jorhat,Bihar,East,Regular,2022-10-20
176,Warinder Soni,farhan60@example.net,8992172233,Kalyan-Dombivli,Assam,East,Regular,2025-07-14
177,Radhika Jaggi,aarnanagarajan@example.net,+911686854870,Gorakhpur,Karnataka,South,Regular,2024-05-30
178,Manbir Chaudhry,chaudhuribhavika@example.net,06467997024,Asansol,Karnataka,South,Regular,2024-05-16
179,Balvan Randhawa,wazir07@example.com,00544471324,Pondicherry,Goa,West,Premium,2025-03-29
180,Gaurav Guha,akakar@example.net,08508214862,Malegaon,Maharashtra,West,Regular,2023-10-04
181,Dalbir Krish,shanchandresh@example.com,3457861035,Hindupur,Madhya Pradesh,West,Occasional,2023-06-07
182,Urvi Palla,nihal41@example.com,+916029333346,Bangalore,Jammu & Kashmir,Central,Regular,2024-07-04
183,Oscar Anand,zayyanmody@example.net,4665743748,Bhimavaram,Uttarakhand,Central,Premium,2024-08-17
184,Yasti Prasad,chanchal17@example.org,04544432830,Imphal,Odisha,East,New,2023-01-17
185,Atharv Tank,aashi66@example.com,0993538758,Tirunelveli,Gujarat,West,Premium,2025-07-04
186,Chaaya Chatterjee,vdave@example.com,8251353465,Bhilwara,Jharkhand,East,Premium,2026-03-09
187,Ubika Dalal,obera@example.net,9173816846,Saharanpur,Goa,West,New,2025-02-06
188,Hema Rout,udhar@example.net,+911752500743,Gangtok,Gujarat,West,New,2023-03-13
189,Vrishti Chakrabarti,radhasanghvi@example.com,07600835058,Surat,Telangana,South,Premium,2025-11-11
190,Yuvraj Kara,devika21@example.com,9421044789,Raebareli,Maharashtra,West,Regular,2025-06-28
191,Hema Suri,raghav26@example.org,+913230982150,Rohtak,Gujarat,West,New,2026-05-22
192,Chanakya Chokshi,bavajack@example.com,06184723046,Saharsa,Tamil Nadu,South,Regular,2025-11-22
193,Omya Cheema,mandalishaan@example.org,03934835642,Motihari,Bihar,East,Premium,2023-10-05
194,Vasana Narayanan,aarnavarya@example.net,+911972181143,Sagar,Jharkhand,East,Regular,2024-09-21
195,Chandresh Chaudhry,balveermannan@example.com,5611002255,Agartala,Goa,West,New,2023-09-26
196,Kashish Oommen,ishaanrattan@example.com,04676212021,Gudivada,Maharashtra,West,New,2026-05-07
197,Pratyush Raghavan,ayush27@example.com,+916701450899,Sonipat,Haryana,North,Regular,2024-08-30
198,Rachita Kothari,qpal@example.net,6289002877,Aurangabad,Himachal Pradesh,North,Regular,2024-10-26
199,Ekani Khosla,arunima08@example.org,6631779717,Satna,Uttar Pradesh,North,Regular,2025-10-22
200,Andrew Chauhan,csachar@example.net,0199488375,Meerut,Rajasthan,North,Regular,2023-02-12
201,Suhani Narula,tpatla@example.com,+911305548851,Dehradun,Andhra Pradesh,South,New,2026-01-31
202,Nimrat Chhabra,rohan31@example.com,+917351609177,Panchkula,Chhattisgarh,Central,Premium,2024-09-14
203,Rachita Subramanian,oscardave@example.org,09958669346,Durg,Odisha,East,Regular,2022-08-18
204,Lakshit Sachar,dipta83@example.org,+919452288515,Ballia,Jammu & Kashmir,Central,New,2024-07-15
205,Bhavika Sami,virkhredhaan@example.org,02003424420,Kurnool,Kerala,South,Regular,2025-01-14
206,Jagrati Sethi,kapurlopa@example.org,4066658004,Udupi,Haryana,North,Premium,2025-10-25
207,Umang Pillai,rishimenon@example.com,+911228160648,Bikaner,Madhya Pradesh,West,Occasional,2026-04-22
208,Abdul Narayanan,cdubey@example.org,09094798515,Udaipur,Tamil Nadu,South,Premium,2023-04-18
209,Yashasvi Dutta,zyadav@example.org,03355543987,Raipur,Tamil Nadu,South,New,2024-10-28
210,Sanaya Khosla,balveernagi@example.com,+916484085887,Varanasi,Assam,East,New,2025-06-16
211,Ekani Varkey,charoliver@example.net,0133613861,Nagpur,Chhattisgarh,Central,Regular,2023-11-15
212,Baljiwan Chahal,bhagatpranav@example.com,1934667665,Pali,Goa,West,Regular,2024-07-25
213,Abeer Bhatnagar,boraishita@example.net,+914491476607,Deoghar,West Bengal,East,New,2025-06-22
214,Mahika Merchant,chanchalprakash@example.org,8210099688,Farrukhabad,Maharashtra,West,Regular,2023-07-19
215,Siddharth Sachar,naveengour@example.org,4312908781,Jabalpur,Jharkhand,East,New,2023-07-04
216,Rudra Sur,ishanvi23@example.org,09135775949,Buxar,Gujarat,West,New,2023-09-05
217,Diya Sangha,aayushmunshi@example.org,+916452577754,Suryapet,Assam,East,New,2025-01-08
218,Finn Mand,ronithlall@example.net,1108099693,Suryapet,Uttarakhand,Central,Premium,2023-01-28
219,Manthan Pau,xkapoor@example.net,4278816580,Srikakulam,Uttarakhand,Central,Regular,2023-09-20
220,Yoshita Dey,ldutta@example.net,2750373145,Kalyan-Dombivli,Tamil Nadu,South,Regular,2025-07-09
221,Zarna Patel,dsingh@example.org,+915184498926,Ambarnath,Gujarat,West,New,2025-06-15
222,Zansi Krishnamurthy,hkapoor@example.com,05779082723,Kottayam,Jammu & Kashmir,Central,New,2025-02-09
223,Siddharth Doctor,nakulpathak@example.net,1365177739,Bulandshahr,West Bengal,East,Premium,2025-05-07
224,Caleb Datta,krishvala@example.org,2024286990,Guwahati,Bihar,East,Premium,2022-09-15
225,Urishilla Subramaniam,theodoreroy@example.net,+919298425799,Berhampur,Odisha,East,Regular,2023-07-14
226,Kevin Chopra,jainyamini@example.net,02912799088,Tiruchirappalli,Jammu & Kashmir,Central,New,2024-03-21
227,Aarav Sankar,cprabhakar@example.net,6376599162,Morena,Chhattisgarh,Central,Premium,2024-08-30
228,Fiyaz Mander,mkurian@example.org,0981806356,Aligarh,Tamil Nadu,South,Regular,2025-11-13
229,Zehaan Lal,npau@example.com,6368872588,Nizamabad,Madhya Pradesh,West,Premium,2023-04-09
230,Mitali Devi,karpesanya@example.net,+911386589026,Mysore,Andhra Pradesh,South,Premium,2023-12-01
231,Urishilla Saran,bhattadya@example.org,01906698490,Shimla,Madhya Pradesh,West,New,2026-02-10
232,Saksham Vasa,robert09@example.net,3920530214,Nagercoil,Haryana,North,Regular,2024-06-23
233,Nidra Iyer,biswasgautam@example.net,08955439376,Bhilwara,Kerala,South,New,2025-06-17
234,Yashawini Chhabra,thakurchaitaly@example.com,+918489476973,Berhampore,Jharkhand,East,Premium,2023-05-10
235,Ayaan Subramaniam,kuruvillaekansh@example.com,3356588043,Tiruchirappalli,Jharkhand,East,Occasional,2025-07-05
236,Faqid Gokhale,wmurthy@example.org,4237333433,Kulti,Uttarakhand,Central,Regular,2024-04-22
237,Nachiket Chhabra,brarwaida@example.net,+918075957947,Sasaram,Goa,West,Regular,2026-03-03
238,Tristan Dave,vorapallavi@example.com,0856271875,Ahmedabad,Tamil Nadu,South,New,2023-10-21
239,Ladli Chaudhuri,janaki94@example.org,4347955276,Gurgaon,West Bengal,East,New,2025-06-24
240,Janya Rattan,shravya29@example.org,3143866322,Bangalore,Karnataka,South,Regular,2025-08-04
241,Xalak Desai,vidhi44@example.net,0612034717,Bhilwara,Goa,West,New,2023-05-13
242,Aarini Padmanabhan,sabharwaljairaj@example.com,9399824558,Amroha,Jammu & Kashmir,Central,Regular,2024-02-23
243,Lakshmi Mangat,kdhillon@example.net,06996112535,Jalna,Uttar Pradesh,North,Regular,2026-05-24
244,Megha Madan,vpatil@example.net,7622023413,Sikar,Bihar,East,Regular,2025-08-19
245,Devansh Solanki,balmekhala@example.net,+911492164334,Cuttack,Chhattisgarh,Central,Regular,2023-01-19
246,Ayush Banerjee,eshana77@example.net,08728299796,Sri Ganganagar,Rajasthan,North,Regular,2023-03-03
247,Gaurav Sathe,jasmit64@example.org,00082547807,Dewas,Andhra Pradesh,South,Regular,2024-08-29
248,Brinda Kashyap,prakashranbir@example.com,6632663416,Hazaribagh,Rajasthan,North,Regular,2022-08-26
249,Bhavani Wali,nitara31@example.org,+914179749735,Saharanpur,Madhya Pradesh,West,Regular,2025-11-11
250,Quincy Chaudry,amruta27@example.net,+913120735647,Madhyamgram,Haryana,North,Occasional,2022-10-28
251,Ganga Buch,dakshlata@example.com,+918723460136,Shahjahanpur,Maharashtra,West,New,2025-07-29
252,Rushil Sharma,vermasathvik@example.com,04520881474,Karimnagar,Madhya Pradesh,West,Regular,2025-09-30
253,Tejas Chowdhury,radhanair@example.org,+914916300979,Serampore,Uttar Pradesh,North,Regular,2026-05-21
254,Yuvraj Dugar,rchand@example.net,00052812735,Bahraich,Uttarakhand,Central,Regular,2025-11-21
255,Ansh Purohit,krish40@example.com,7848739285,Bhind,Tamil Nadu,South,Premium,2025-09-23
256,Ekapad Wali,shivanimerchant@example.com,5708620959,Pondicherry,Gujarat,West,New,2023-10-13
257,Lila Gupta,ndube@example.com,06511810220,Aligarh,Madhya Pradesh,West,Occasional,2025-09-05
258,Hardik Balay,hsuri@example.net,9405391037,Bhind,Assam,East,Occasional,2024-09-03
259,Jalsa Sagar,dalbir94@example.net,+911413811386,Nellore,Assam,East,Premium,2026-01-07
260,Praneel Sagar,parmartara@example.net,6122868528,Nagercoil,Jammu & Kashmir,Central,Regular,2024-11-06
261,Ekta Prabhu,usani@example.com,3983684577,Mumbai,Karnataka,South,Regular,2026-06-13
262,Bhavani Babu,chasmumahuja@example.com,+913504888992,Agra,Uttar Pradesh,North,Regular,2025-09-13
263,Nachiket Devi,jeevika93@example.org,04196931572,Gangtok,Chhattisgarh,Central,Regular,2024-07-27
264,Charita Barad,xbrar@example.org,05661390604,Imphal,Madhya Pradesh,West,New,2026-02-05
265,Eta Thakkar,michaelbedi@example.net,6799813646,Mira-Bhayandar,Goa,West,Regular,2024-11-27
266,Vamakshi Bawa,flala@example.com,6227837693,Latur,Odisha,East,New,2024-01-16
267,Qushi Naik,chowdhuryodika@example.com,05355904259,Ulhasnagar,Maharashtra,West,New,2022-12-01
268,Vivaan Iyengar,nachiket11@example.net,+913924051477,Bathinda,Assam,East,New,2024-06-26
269,Samar Virk,vasudha92@example.net,0698042043,Meerut,Andhra Pradesh,South,Regular,2023-07-02
270,Ekalinga Rama,jagvi10@example.com,6368157981,Davanagere,Karnataka,South,Occasional,2024-08-03
271,Anthony Baral,dalajanath@example.com,02055543840,Munger,Tamil Nadu,South,Regular,2024-09-27
272,Ati Kar,haritaramaswamy@example.net,+911689363926,Mahbubnagar,Assam,East,New,2026-05-26
273,Karan Jhaveri,samakshdevi@example.com,8262925188,Udaipur,Uttarakhand,Central,Regular,2024-01-05
274,Ayushman Nagar,tsabharwal@example.com,4231220994,Kavali,Goa,West,New,2023-12-18
275,Atharv Parmer,soodkrish@example.net,7526772233,Alappuzha,Assam,East,Premium,2023-08-07
276,Anamika Sachar,samakshjayaraman@example.org,+917975736609,Satara,Maharashtra,West,Premium,2025-11-11
277,Ikbal Seth,pbasak@example.net,6086803476,Baranagar,Goa,West,Premium,2024-04-15
278,Pahal Menon,varugheselucky@example.com,7181298266,Hospet,Delhi,North,Regular,2024-07-28
279,Sudiksha Jaggi,qchana@example.com,2111751868,Burhanpur,Jammu & Kashmir,Central,Occasional,2022-09-19
280,Caleb Garde,mason22@example.org,0644742123,Nizamabad,Assam,East,Regular,2024-12-13
281,Widisha Tara,takwazir@example.org,7767199038,Udupi,Andhra Pradesh,South,Premium,2022-08-30
282,Chandran Goyal,christopherpalla@example.org,+910994510162,Anantapuram,Goa,West,Regular,2025-04-14
283,Tamanna Parsa,chanderchandani@example.com,06168147214,Hajipur,Uttarakhand,Central,Premium,2025-03-18
284,Shaurya Bhardwaj,wadhwagagan@example.com,9469548995,Srikakulam,Maharashtra,West,Premium,2024-05-15
285,Zinal Tank,ngole@example.org,4301071396,Ranchi,Goa,West,Regular,2025-01-02
286,Simon Apte,baghyawatikumar@example.org,04885015569,Akola,Uttar Pradesh,North,Regular,2024-01-12
287,Hamsini Srinivas,pbanik@example.org,02785760849,Miryalaguda,Goa,West,New,2023-06-09
288,Sathvik Narula,dominic24@example.org,06829962914,Patna,Maharashtra,West,Premium,2024-11-21
289,Gabriel Taneja,kamyaseth@example.com,+918421503178,Karawal Nagar,Odisha,East,Regular,2023-10-07
290,Ranveer Oak,tviswanathan@example.com,+911823076810,Varanasi,Maharashtra,West,New,2026-06-17
291,Gauri Sibal,chauhandevika@example.org,4353344857,Darbhanga,Uttarakhand,Central,Regular,2025-07-14
292,Anusha Contractor,varkeyharsh@example.org,5854249321,Pudukkottai,Telangana,South,Regular,2023-03-31
293,Sachi Bedi,ayushsinha@example.net,+911601662997,Bijapur,Madhya Pradesh,West,New,2026-05-29
294,Farhan Shroff,giriksidhu@example.org,04773329456,Bathinda,Kerala,South,Premium,2024-01-10
295,Sudiksha Sura,bhattacharyyavaishnavi@example.org,07724599281,Aligarh,Jharkhand,East,New,2025-12-19
296,Chasmum Walia,lrattan@example.com,+919382761539,Raebareli,Maharashtra,West,Regular,2023-12-31
297,Warinder Ghose,surishwar@example.net,7581724619,Kavali,Chhattisgarh,Central,New,2025-01-09
298,Falak Talwar,chanateerth@example.org,0227846997,Tiruppur,Assam,East,Regular,2025-11-22
299,Chandani Modi,fpadmanabhan@example.net,+919862405800,Bhubaneswar,Maharashtra,West,Regular,2025-07-05
300,Azaan Keer,oramesh@example.com,6666832723,Karimnagar,Punjab,North,Occasional,2026-04-10
301,Mitesh Mani,krishapte@example.org,0276212679,Bokaro,Andhra Pradesh,South,Occasional,2026-03-08
302,Shivani Rajagopalan,upkaar26@example.net,+919738468950,Tezpur,Assam,East,New,2024-07-17
303,Isaiah Subramaniam,dharati@example.com,1891371894,Tiruvottiyur,Madhya Pradesh,West,Occasional,2024-08-31
304,Upasna Setty,anarula@example.com,04209494079,Chapra,Andhra Pradesh,South,Premium,2024-11-20
305,Avi Mangat,ibutala@example.net,+914429444019,Gudivada,Gujarat,West,Occasional,2022-10-31
306,Sanya Pingle,advikakeer@example.com,+918051292766,Gandhidham,Jammu & Kashmir,Central,New,2025-10-02
307,Shivansh Pai,lallajack@example.org,+917674783667,Ulhasnagar,Haryana,North,New,2025-09-12
308,Advik Mani,rraja@example.com,0185694544,Rohtak,Goa,West,Occasional,2024-11-13
309,Triya Khurana,zinalnazareth@example.net,2580010618,Amroha,Uttarakhand,Central,New,2025-05-24
310,Bhanumati Krishnamurthy,bahadurjitbajwa@example.net,+910939111926,Bhubaneswar,Odisha,East,New,2024-02-09
311,Zehaan Menon,oborra@example.com,06542140665,Rampur,Jammu & Kashmir,Central,Premium,2025-07-27
312,Pranav Sastry,swamysai@example.net,02712863917,Kota,Andhra Pradesh,South,Premium,2026-01-25
313,Ekavir Krishna,fbahl@example.org,0064256908,Morena,Odisha,East,Premium,2022-10-05
314,Ekaraj Zachariah,aarushrajagopalan@example.net,01985546015,Jodhpur,Uttarakhand,Central,Premium,2024-06-19
315,Bimala Jain,balveerrajagopalan@example.net,+914615717320,Nagpur,Bihar,East,Occasional,2026-03-10
316,Vrinda Ramachandran,zachariahdarika@example.com,7005050613,Jorhat,Telangana,South,Regular,2025-09-03
317,Ekbal Bansal,vrindabahl@example.com,0320204179,Gudivada,Maharashtra,West,Regular,2023-03-31
318,Ishaan Tank,devjain@example.com,06519825309,Thanjavur,Madhya Pradesh,West,Regular,2022-11-19
319,Anusha Dhaliwal,sganguly@example.com,2739021962,Morbi,Andhra Pradesh,South,Occasional,2022-11-18
320,Abhimanyu Gola,manderomaja@example.net,02324876329,Kavali,Telangana,South,Occasional,2022-12-15
321,Gaurang Mitra,omya08@example.org,+911819588373,Meerut,West Bengal,East,New,2023-05-18
322,Manthan Som,kgoda@example.net,+910543645970,Faridabad,Maharashtra,West,Premium,2023-06-08
323,Nakul Balakrishnan,hvarma@example.org,+917995635315,Navi Mumbai,Maharashtra,West,New,2026-07-18
324,Ryan Prashad,ethansinha@example.net,00623972652,Jammu,Gujarat,West,Regular,2023-08-15
325,Anamika Jain,joshua09@example.org,02177625349,Pudukkottai,Odisha,East,Premium,2025-04-19
326,Victor Chadha,fvig@example.org,7740633569,Gudivada,Maharashtra,West,New,2026-06-18
327,Omisha Basu,singhalyamini@example.org,08671773180,Bellary,Uttarakhand,Central,Occasional,2023-03-31
328,Chakrika Khare,babuvarsha@example.net,02799077262,Madhyamgram,Maharashtra,West,Premium,2023-03-06
329,Ekavir Rajan,bachittar46@example.com,9893195085,Bhubaneswar,Kerala,South,Occasional,2025-08-09
330,Udyati Baria,jeevika28@example.net,+918325381793,Pondicherry,Punjab,North,Occasional,2024-03-28
331,Yahvi Sampath,chatura15@example.com,07881788479,Amritsar,Punjab,North,Regular,2024-02-10
332,Gagan Buch,sgola@example.org,+912412723804,Hosur,West Bengal,East,Regular,2023-05-31
333,Urvi Palan,vsawhney@example.net,+914310385695,Shivpuri,Haryana,North,Regular,2026-07-29
334,Tanvi Modi,daminigarg@example.com,+917540254729,Jorhat,Gujarat,West,Regular,2025-02-18
335,Parth Dube,wazirdada@example.org,09274523805,Siliguri,Gujarat,West,Regular,2023-10-29
336,Nicholas Walla,jairaj06@example.com,+917520885474,Buxar,Rajasthan,North,New,2024-03-13
337,Hamsini Chowdhury,ibaria@example.net,1406937515,Narasaraopet,Jammu & Kashmir,Central,Regular,2025-09-16
338,Tristan Mall,arinchacko@example.net,01863759980,Sikar,Chhattisgarh,Central,Regular,2025-05-04
339,Kala Raju,advik45@example.com,07813767426,Kolhapur,Jharkhand,East,Regular,2023-03-29
340,Maanas Johal,vaishnavi85@example.org,6106462879,Kollam,Punjab,North,Occasional,2026-03-01
341,Bimala Swaminathan,mittaldaksha@example.com,7300244714,Mangalore,Chhattisgarh,Central,Regular,2023-05-27
342,Ayush Dar,waida19@example.net,09796471589,Rampur,Assam,East,Regular,2024-09-14
343,Madhav Nagarajan,wdeshmukh@example.org,+914565044818,South Dumdum,Goa,West,Premium,2023-04-21
344,Oliver Naidu,charvi45@example.org,9520284576,Ujjain,Bihar,East,Occasional,2025-11-11
345,Mohammed Thakur,raghavvora@example.net,8167112075,Mirzapur,Maharashtra,West,Regular,2023-01-18
346,Hema Gera,ayush13@example.org,2342321611,Karawal Nagar,Uttarakhand,Central,Premium,2023-03-15
347,Brijesh Hegde,baliyochana@example.net,+917140140119,Dharmavaram,West Bengal,East,Occasional,2025-10-31
348,Qasim Panchal,chanamadhav@example.net,09552893891,Adoni,Goa,West,Regular,2026-06-11
349,Teerth Handa,onveer80@example.net,+913875927125,Khandwa,Rajasthan,North,New,2025-11-09
350,Nikita Chowdhury,jatin71@example.net,+917548015716,Sirsa,Bihar,East,Premium,2023-07-10
351,Sachi Kara,bmannan@example.org,+917520716781,Asansol,Bihar,East,Premium,2025-03-01
352,Harsh Ganguly,patlarushil@example.com,+919613674994,Raurkela Industrial Township,Uttarakhand,Central,New,2024-04-16
353,Vedhika Vaidya,manan71@example.org,07732010170,Eluru,Tamil Nadu,South,Occasional,2024-08-20
354,Michael Mitter,bosezinal@example.com,03477848588,Patna,Haryana,North,New,2025-03-08
355,Leela Sengupta,krisha77@example.org,+912842762467,Jehanabad,Rajasthan,North,Regular,2024-06-10
356,Upma Soni,yashawinibhalla@example.com,07969545009,Warangal,Tamil Nadu,South,Occasional,2025-06-25
357,Ikshita Bala,lajita16@example.com,06503334911,Raipur,Jharkhand,East,Regular,2026-03-04
358,Anmol Yohannan,baljiwan76@example.net,6407905696,Chapra,Telangana,South,New,2024-01-18
359,Harish Jha,watika85@example.org,4563718344,Bihar Sharif,Assam,East,Premium,2023-01-10
360,Upkaar Chanda,nayaranjali@example.org,8763514846,Kollam,Bihar,East,Regular,2025-01-18
361,Zayan Varma,bgole@example.net,8297374896,Nagaon,Goa,West,New,2024-05-16
362,Turvi Divan,matthewmital@example.com,05136442493,Mathura,West Bengal,East,Premium,2023-06-19
363,Rehaan Bala,dayitashetty@example.com,6603242044,Kalyan-Dombivli,Uttar Pradesh,North,New,2023-02-04
364,Anmol Bhakta,murthychanchal@example.org,05162319818,Mehsana,Andhra Pradesh,South,Occasional,2025-09-07
365,Wazir Das,forum96@example.net,3632123476,Giridih,Uttarakhand,Central,Regular,2026-05-17
366,Kavya Chowdhury,pallavi73@example.com,+915754090034,Tirupati,Maharashtra,West,Regular,2022-11-06
367,Jairaj Warrior,saanvirama@example.org,04413432756,Panipat,Punjab,North,Regular,2025-04-30
368,Vyanjana Sinha,tnatarajan@example.com,+912481569857,Faridabad,Assam,East,Regular,2026-04-18
369,Sachi Deshpande,rattanryan@example.net,05911238296,Bidhannagar,West Bengal,East,New,2025-05-04
370,Abha Ghose,baghyawati31@example.com,02669300893,Surendranagar Dudhrej,Maharashtra,West,Premium,2024-08-24
371,Om Bawa,msanghvi@example.com,+911529108677,Rajahmundry,Uttarakhand,Central,Occasional,2023-06-15
372,Rayaan Lata,warda62@example.com,+919343626204,Noida,Tamil Nadu,South,Premium,2025-08-24
373,Yuvraj Pingle,achada@example.com,+915636694118,Faridabad,Goa,West,Premium,2025-03-28
374,Urishilla Pandya,ahluwaliazehaan@example.net,6465280924,Ambala,Uttar Pradesh,North,Regular,2024-01-11
375,Upadhriti Deo,nadigrachita@example.org,01502745644,Hazaribagh,Haryana,North,Occasional,2024-09-15
376,Nitesh Mutti,jdora@example.net,7032032074,Bhind,Delhi,North,Regular,2023-12-11
377,Warda Baria,tparikh@example.net,07712151342,Danapur,Chhattisgarh,Central,Regular,2024-06-19
378,Simon Agrawal,omajabose@example.org,01504165915,Bhopal,Assam,East,Regular,2026-02-09
379,Varsha Setty,abdul50@example.net,7592304501,Tiruchirappalli,Andhra Pradesh,South,New,2022-12-15
380,Pranav Khatri,bchakraborty@example.org,+916642147649,Secunderabad,Madhya Pradesh,West,Occasional,2024-04-22
381,Jhalak Vala,vrishtisehgal@example.com,04996165926,Tiruchirappalli,West Bengal,East,New,2025-06-10
382,Ubika Kapur,warhivyas@example.net,8147617422,Kulti,Andhra Pradesh,South,Regular,2022-10-13
383,Chakrika Batta,bathyochana@example.org,6617945491,Raipur,Kerala,South,Regular,2024-11-01
384,Praneel Gopal,fbath@example.com,4597794523,Vijayawada,Assam,East,Occasional,2025-10-05
385,Hitesh Saraf,ahluwaliamegha@example.org,+912776974995,Barasat,West Bengal,East,Regular,2025-10-15
386,Krishna Atwal,isaacbabu@example.net,+910372368314,Siliguri,Tamil Nadu,South,Occasional,2022-12-26
387,Anthony Dada,michaelsaxena@example.com,00793349605,Kota,Maharashtra,West,New,2024-08-17
388,Ojasvi Tandon,balhaar76@example.com,9973080695,Agartala,Chhattisgarh,Central,Regular,2025-04-17
389,Urvashi Dada,cpalan@example.net,00243757383,Madanapalle,Bihar,East,Occasional,2026-05-30
390,Karan Memon,rsaha@example.net,5729341722,Sangli-Miraj & Kupwad,Chhattisgarh,Central,Regular,2026-03-29
391,Harrison Sagar,pmitter@example.org,0054522801,Chinsurah,Chhattisgarh,Central,Premium,2025-03-09
392,Jai Kapur,vkuruvilla@example.com,+918428910771,Phagwara,Kerala,South,New,2023-02-05
393,Benjamin Tripathi,ganeshjacob@example.org,02478712552,Panihati,Chhattisgarh,Central,Regular,2025-03-16
394,Abeer Korpal,som@example.net,+911456532863,Haldia,Karnataka,South,Premium,2024-06-24
395,Tara Varty,ayushman72@example.org,8115562606,Saharanpur,Tamil Nadu,South,New,2024-05-15
396,Zinal Merchant,rratti@example.net,4550489267,Tinsukia,Uttar Pradesh,North,Regular,2026-06-14
397,Hemani Ravel,charvichad@example.org,5628843188,Saharsa,Telangana,South,Regular,2025-04-07
398,Arin Bala,wyatt46@example.net,+910548510174,Malda,Kerala,South,Regular,2024-01-23
399,Vivaan Palla,bhavani92@example.net,08315893571,Khandwa,Maharashtra,West,New,2024-01-20
400,Finn Chanda,sandalkalpit@example.com,+917158698864,Bhusawal,Madhya Pradesh,West,New,2026-02-18
401,Omaja Gaba,yashasvidatta@example.com,7288137702,Kochi,Jammu & Kashmir,Central,Regular,2024-06-25
402,Imaran Dara,bimala08@example.org,+915454470229,Nashik,Chhattisgarh,Central,Occasional,2025-03-03
403,Bhanumati Kale,vrindaagate@example.org,5106794975,Fatehpur,Himachal Pradesh,North,New,2026-08-06
404,Lakshit Thaman,qsengupta@example.com,+915199663658,Mango,Uttarakhand,Central,Premium,2026-02-28
405,Gaurang Gandhi,morejatin@example.net,1398909837,Jamshedpur,Delhi,North,Occasional,2025-09-28
406,Anirudh Maharaj,yatansawhney@example.org,9569070562,Nagpur,Madhya Pradesh,West,New,2025-05-30
407,Lavanya Kurian,contractorhardik@example.net,+914224124620,Bokaro,Madhya Pradesh,West,Regular,2026-04-08
408,Chanchal Ramakrishnan,nagarajanlucky@example.com,04610339937,Raipur,Haryana,North,Premium,2022-09-23
409,Eesha Shetty,ebhatti@example.org,03048913824,Amroha,Uttar Pradesh,North,Regular,2023-10-04
410,Lucky Prakash,yatanyogi@example.com,7007942007,Khora ,Jammu & Kashmir,Central,New,2022-12-20
411,Indali Kala,chakradev28@example.net,+914161284639,Tiruvottiyur,Goa,West,Premium,2023-09-05
412,Sneha Mahajan,ekantaom@example.org,09502097002,Miryalaguda,Uttarakhand,Central,Regular,2025-04-24
413,Maya Yohannan,brahmbhattazaan@example.net,01569562017,Nellore,Himachal Pradesh,North,New,2026-06-02
414,Timothy Bahri,ishita31@example.net,4337504793,Thiruvananthapuram,Jammu & Kashmir,Central,New,2024-07-02
415,Indrajit Mall,jgarde@example.org,9992192124,Nagaon,Madhya Pradesh,West,New,2026-02-07
416,Rehaan Bajaj,sudiksha06@example.net,0566418775,Rajahmundry,Goa,West,New,2025-09-17
417,Osha Walia,amutti@example.com,+915190361332,Bijapur,Madhya Pradesh,West,New,2022-10-23
418,Ayaan Srinivasan,lbajwa@example.net,04317350583,Ghaziabad,Jharkhand,East,Regular,2022-11-17
419,Girish Sekhon,chadadarsh@example.org,05120704961,Pimpri-Chinchwad,Odisha,East,Occasional,2025-03-31
420,Chaitaly Raj,nchar@example.com,+919907676991,Indore,Maharashtra,West,Regular,2024-12-27
421,Reyansh Chokshi,aroraekansh@example.net,+919284567972,Durgapur,Delhi,North,Regular,2024-07-17
422,Darpan Datta,rajata85@example.com,8227495450,Howrah,Bihar,East,Premium,2026-01-01
423,Pahal Padmanabhan,saijaggi@example.org,03779599594,Ozhukarai,Jammu & Kashmir,Central,Premium,2023-08-15
424,Suhani Basak,akanda@example.net,+913793375636,Chennai,Punjab,North,Regular,2023-04-21
425,Ethan Parmar,contractorlucky@example.com,03950033423,Akola,Maharashtra,West,Occasional,2024-02-26
426,Pranav Hayre,godaadweta@example.org,+912615347355,Hajipur,Uttarakhand,Central,Regular,2024-01-21
427,Dhruv Dani,kalpitgupta@example.org,6559630993,Jalgaon,Jammu & Kashmir,Central,Regular,2026-01-04
428,Chatresh Mammen,yashodasuresh@example.org,1791286857,Mangalore,Gujarat,West,New,2024-01-03
429,Vasudha Talwar,lloyal@example.com,9033373634,Burhanpur,Assam,East,Regular,2023-12-24
430,Kavya Kumar,desaifrado@example.com,08539078956,Bhind,Assam,East,Regular,2025-01-15
431,Jhalak Tank,anjali60@example.org,03415148881,Ambattur,Maharashtra,West,Premium,2024-06-13
432,Ekbal Parsa,iyergauri@example.org,5444392840,Ichalkaranji,West Bengal,East,Regular,2023-01-11
433,Netra Ravi,sodhiyauvani@example.org,03337389877,Guwahati,Odisha,East,Regular,2026-02-09
434,Pushti Sahni,revasengupta@example.net,+915292407553,Khandwa,Karnataka,South,Premium,2023-12-11
435,Chandani Nanda,balayliam@example.org,09999663618,Maheshtala,Maharashtra,West,Regular,2025-07-12
436,Falguni Seth,girik21@example.net,2097023164,Muzaffarpur,Delhi,North,New,2024-08-18
437,Suhani Bhandari,zarna02@example.com,06212867163,Tiruppur,Andhra Pradesh,South,Regular,2023-11-07
438,Vaishnavi Dutt,samaksh87@example.com,+910271693859,Jaunpur,Bihar,East,Regular,2023-12-06
439,Gavin Mani,spalan@example.net,06926329676,Jehanabad,Assam,East,Premium,2024-07-30
440,Caleb Khatri,anushayogi@example.com,1376815118,Alappuzha,Uttar Pradesh,North,Regular,2023-01-07
441,Zayyan Johal,shereavi@example.org,7656360041,Khammam,Chhattisgarh,Central,New,2024-07-12
442,Vedhika Shenoy,butalaxavier@example.net,02742209124,Deoghar,Jharkhand,East,New,2025-06-18
443,Om Brahmbhatt,mahajanmitesh@example.com,02308370816,Raiganj,Madhya Pradesh,West,Regular,2025-10-06
444,Chanakya Purohit,zaidprasad@example.org,+911060053131,Rourkela,Telangana,South,Regular,2022-11-01
445,Yauvani Chokshi,ekantika83@example.net,+918661331552,Rewa,Maharashtra,West,Regular,2022-10-19
446,Advik Ramachandran,tarakannan@example.org,4950136497,Jorhat,Uttarakhand,Central,Premium,2025-05-23
447,Zayan Chandran,lipika25@example.org,5715099768,Ambala,West Bengal,East,Regular,2025-12-23
448,Viraj Bail,morewarjas@example.net,03910257432,Kurnool,Chhattisgarh,Central,Regular,2025-02-09
449,Wazir Sawhney,krish45@example.net,+918640355338,Kulti,Bihar,East,New,2025-05-05
450,Lakshmi Verma,qadim70@example.org,01302321298,Noida,Odisha,East,Regular,2026-01-08
451,Pooja Sibal,nitesh33@example.com,+919344973471,Sikar,Punjab,North,New,2024-10-08
452,Urishilla Sastry,ntiwari@example.net,02706614982,Bardhaman,Karnataka,South,Regular,2024-03-20
453,Damini Setty,keya89@example.com,+915273230085,Machilipatnam,Telangana,South,Premium,2024-03-25
454,Megha Prakash,tsuri@example.net,1601692364,Danapur,West Bengal,East,Regular,2026-07-20
455,Jyoti Bhardwaj,vsamra@example.org,+917050249724,Madanapalle,Punjab,North,Regular,2025-08-17
456,Advik Dada,rajagopalanmitali@example.net,1836264488,Dharmavaram,Haryana,North,Premium,2025-01-26
457,Gaurav Chopra,luke43@example.net,04027011686,Chinsurah,Uttarakhand,Central,New,2023-12-03
458,Kavya Grewal,rudrasur@example.org,1793230234,Gandhidham,Goa,West,Regular,2023-05-04
459,Ojas Buch,frederick61@example.com,+915093771004,Ballia,Haryana,North,Regular,2025-04-11
460,Gunbir Kakar,prashadzinal@example.com,07596555535,Burhanpur,Uttarakhand,Central,New,2025-12-19
461,Ishani Narayanan,aggarwaltanmayi@example.net,02091843579,Kottayam,West Bengal,East,Regular,2025-03-17
462,Aarush Nagy,parsachakradev@example.net,07397691567,Kharagpur,Uttar Pradesh,North,Regular,2024-05-14
463,Luke Venkatesh,dattawidisha@example.org,08727178333,Hubli–Dharwad,Maharashtra,West,Regular,2023-11-11
464,Ayush Dyal,leela43@example.net,07128715399,Tiruvottiyur,Odisha,East,Regular,2023-01-22
465,Rajeshri Kaul,aashidalia@example.com,+911159319525,Gangtok,Tamil Nadu,South,Premium,2024-03-19
466,Deepa Bhatia,lipikasampath@example.com,02899316087,Ulhasnagar,Rajasthan,North,Premium,2025-09-29
467,Theodore Tata,mdin@example.com,+910954814973,Jalna,Odisha,East,New,2026-01-30
468,Daniel Nath,shivanshkar@example.net,0276420865,Bhalswa Jahangir Pur,Karnataka,South,Regular,2025-08-09
469,Mahika Bora,barkha38@example.com,+912590472927,Jalna,Bihar,East,Regular,2024-02-04
470,Shaurya Kamdar,adityapathak@example.net,1266201572,Kochi,Tamil Nadu,South,Regular,2026-06-05
471,Radha Dixit,ckonda@example.org,+916749261764,Arrah,Madhya Pradesh,West,New,2024-10-20
472,Jackson Butala,sureshyashodhara@example.org,+919997419267,Bihar Sharif,Uttarakhand,Central,New,2022-08-30
473,Hardik Nanda,yogiqasim@example.com,0688871898,Dhule,Jammu & Kashmir,Central,Premium,2025-01-15
474,Pratyush Gole,sekhondipta@example.org,+912932184011,Bharatpur,Uttarakhand,Central,New,2025-05-31
475,Pallavi Acharya,charitabatra@example.net,08729758598,Navi Mumbai,Bihar,East,Regular,2024-12-04
476,Warjas Bansal,luckymistry@example.org,+919839542961,Bhilwara,Madhya Pradesh,West,Premium,2025-06-06
477,Mugdha Shan,kumarpavani@example.net,+918314359892,Jamnagar,Assam,East,Regular,2024-03-27
478,Ladli Bal,farasmadan@example.org,1861515542,Panipat,Chhattisgarh,Central,Regular,2023-12-16
479,Krishna Kapadia,ycheema@example.org,+918497185948,Narasaraopet,Maharashtra,West,Regular,2022-08-27
480,Onkar Nadkarni,wgolla@example.net,8896792408,Cuttack,West Bengal,East,Premium,2023-01-12
481,Amara Bera,zaid96@example.net,02757844683,Chandigarh,Rajasthan,North,Premium,2023-03-21
482,Dhriti Chana,bosewriddhish@example.org,+919014870682,Mehsana,Madhya Pradesh,West,Premium,2023-11-29
483,Nidra Atwal,abhimanyusandal@example.net,5389097283,Aurangabad,Punjab,North,Occasional,2024-10-20
484,Yoshita Pandit,samiwarhi@example.com,+915153814474,Kakinada,Jammu & Kashmir,Central,Regular,2024-03-04
485,Teerth Mody,shethvinaya@example.org,00975451052,Raichur,Uttarakhand,Central,Premium,2022-08-15
486,Raagini Swamy,fradowadhwa@example.net,+916170243765,Bharatpur,Punjab,North,Regular,2022-08-25
487,Amruta Chopra,ksarna@example.org,06053134026,Bathinda,West Bengal,East,Premium,2024-06-07
488,Naveen Issac,hlata@example.com,08725686211,Cuttack,Tamil Nadu,South,Regular,2026-06-11
489,Xiti Arya,charlesoommen@example.com,0674471639,Sasaram,Madhya Pradesh,West,Premium,2023-04-10
490,Avni Contractor,yug63@example.com,1892392312,Agra,Chhattisgarh,Central,Regular,2023-05-29
491,Madhav Sandhu,iyengargavin@example.org,06843356708,Faridabad,Jharkhand,East,Regular,2023-10-11
492,Amruta Patla,indali63@example.com,+912000534749,Chinsurah,Assam,East,Regular,2023-11-27
493,Vyanjana Patla,daksha11@example.net,+918255598953,Bhagalpur,West Bengal,East,Regular,2023-05-26
494,Gagan Cherian,jaibarman@example.net,3371189547,Deoghar,Jammu & Kashmir,Central,Regular,2025-02-04
495,Caleb Datta,omyakrishnan@example.net,05716176880,Khora ,Assam,East,New,2025-09-04
496,Bimala Bath,guptamitali@example.com,8812786866,Tiruppur,West Bengal,East,Premium,2023-10-11
497,Nathaniel Kamdar,varghesetamanna@example.net,8443448123,Deoghar,Kerala,South,Regular,2023-05-24
498,Balveer Divan,kiaan40@example.net,+913810595518,Guntur,Gujarat,West,Premium,2023-08-17
499,Ekta Bhandari,parekhtheodore@example.net,02408916498,Mango,Haryana,North,Premium,2024-05-07
500,Amruta Jani,cdugal@example.org,6527172722,Jehanabad,Bihar,East,New,2023-07-20
501,Baghyawati Bail,nicholas26@example.net,3121637618,Ahmedabad,Chhattisgarh,Central,Premium,2024-09-11
502,Krishna Rajagopalan,choudharyagastya@example.net,+912314290018,Guwahati,Goa,West,Regular,2025-03-06
503,Varsha Sawhney,damyantinarula@example.com,+913084810018,Kota,Bihar,East,Occasional,2023-06-22
504,Lucky Agarwal,arjunkaran@example.com,02543617213,Ichalkaranji,Jharkhand,East,Regular,2024-10-14
505,Gauri Dani,frado09@example.org,+916859262494,Vasai-Virar,Karnataka,South,Regular,2024-02-18
506,Jyoti Lanka,agatemanthan@example.net,+915267711964,Mysore,Rajasthan,North,New,2023-10-07
507,Qabil Rajan,eiravati76@example.com,6952366878,Katihar,Chhattisgarh,Central,New,2023-12-26
508,Leena Chacko,kvyas@example.net,3135030587,Bhubaneswar,Chhattisgarh,Central,Premium,2024-11-21
509,Jalsa Dewan,triveni28@example.com,+913302126065,Aligarh,Karnataka,South,Regular,2022-11-12
510,Vansha Dugar,dinjasmit@example.org,+913109622728,Nandyal,Chhattisgarh,Central,New,2025-06-06
511,Sachi Arya,indrajit20@example.net,+919282066784,Ambattur,Punjab,North,Regular,2024-05-12
512,Anita Chanda,vdass@example.org,09036289177,Machilipatnam,Andhra Pradesh,South,Premium,2024-05-31
513,Nitesh Bhagat,panini34@example.org,+911595034281,Rajpur Sonarpur,Gujarat,West,Premium,2026-02-17
514,Dayamai Guha,bachittarkhosla@example.com,+919909700514,Raurkela Industrial Township,Jharkhand,East,Occasional,2025-02-24
515,Mitali Tella,divyaraman@example.net,02156818209,Morena,Kerala,South,New,2025-10-22
516,Bina Edwin,ubikabrar@example.net,+913322889857,Sonipat,Uttarakhand,Central,Premium,2025-02-07
517,Raagini Baral,nkhare@example.net,1297102481,Bareilly,Jharkhand,East,Premium,2023-11-06
518,Omkaar Merchant,ekanshmammen@example.net,05112747472,Jehanabad,Gujarat,West,New,2024-07-18
519,Januja Mangat,nrege@example.net,+917589551687,Kalyan-Dombivli,Chhattisgarh,Central,New,2024-09-08
520,Yash Anand,henrymannan@example.com,+919613671577,Moradabad,Himachal Pradesh,North,Premium,2025-04-02
521,Hritik Ranganathan,ziyengar@example.com,+915597371470,Nandyal,Assam,East,Occasional,2022-12-23
522,Ekaja Balay,zbhatia@example.com,07303064421,Coimbatore,Chhattisgarh,Central,Regular,2023-03-26
523,Finn Misra,hsaini@example.org,4201654235,Ongole,Kerala,South,Regular,2023-10-11
524,Rajeshri Pant,janne@example.net,+911992550272,Ratlam,Chhattisgarh,Central,New,2024-08-19
525,Adya Verma,seshadrijeremiah@example.net,09103368296,Karnal,Uttar Pradesh,North,New,2023-02-04
526,Akshay Prabhakar,amol44@example.net,+917766558685,Belgaum,West Bengal,East,Regular,2023-07-03
527,Kashvi Goel,rajataraj@example.com,6491111096,Mehsana,Goa,West,Regular,2024-07-24
528,Sachi Thakur,mannosha@example.org,+917861371576,Chennai,Haryana,North,Regular,2025-10-19
529,Udarsh Tripathi,amrita44@example.com,3060002589,Thanjavur,West Bengal,East,New,2026-08-10
530,Wyatt Raman,mayabehl@example.net,02626582631,Dibrugarh,Bihar,East,Regular,2023-05-03
531,Abha Dutt,samar11@example.org,00920981960,Malda,Jharkhand,East,New,2023-02-11
532,Rachit Khatri,chamelihari@example.net,+916404120911,Kavali,Andhra Pradesh,South,Regular,2025-04-23
533,Lucky Mandal,pranit11@example.com,03617061713,Gandhinagar,Delhi,North,Regular,2023-02-18
534,Shravya Dyal,chanchalanne@example.org,9901557998,Kozhikode,Karnataka,South,Premium,2026-05-25
535,Jairaj Hans,wasonarin@example.net,2351305231,Agartala,Jammu & Kashmir,Central,Regular,2024-10-30
536,Ryan Chanda,chaitaly77@example.com,6342346199,Dehradun,Bihar,East,Regular,2023-10-11
537,Vinaya Sant,msampath@example.net,05919663955,Hospet,Uttar Pradesh,North,Regular,2025-12-27
538,Yasti Kulkarni,mmemon@example.net,5601256253,Thrissur,Uttarakhand,Central,Regular,2023-04-28
539,Kamya Dhillon,jason05@example.net,+915379538164,Hajipur,Maharashtra,West,Premium,2025-05-28
540,Arunima Borde,usaran@example.com,+913077046117,Ghaziabad,Chhattisgarh,Central,New,2023-07-15
541,Warjas Bail,andrew90@example.com,02608805017,Vijayanagaram,Jharkhand,East,Regular,2024-01-01
542,Anvi Nadig,mugdha18@example.com,09064771591,Rajahmundry,Bihar,East,Premium,2025-09-08
543,Liam Cheema,rajata32@example.org,+915800401041,Ozhukarai,Tamil Nadu,South,Premium,2022-10-25
544,Anamika Garde,trivenidar@example.org,02967188397,Parbhani,West Bengal,East,Occasional,2025-07-15
545,Upkaar Chanda,chaman15@example.net,+913117030376,Morbi,Jammu & Kashmir,Central,New,2023-12-25
546,Sathvik Wable,devika72@example.net,+912356798363,Alwar,Jammu & Kashmir,Central,Regular,2023-01-21
547,Damyanti Chaudry,triyachhabra@example.net,+913072407875,Kochi,Maharashtra,West,Premium,2024-05-30
548,Irya Sankar,matthewranganathan@example.net,08507451066,Durg,Odisha,East,New,2026-07-21
549,Patrick Majumdar,bvenkataraman@example.org,0313100943,Katihar,West Bengal,East,Regular,2023-06-02
550,Upkaar Ravel,gramaswamy@example.org,4732354940,Udaipur,Rajasthan,North,New,2023-01-15
551,Dalaja Khare,divyaboase@example.org,+915720765024,Tirunelveli,Bihar,East,Regular,2024-10-01
552,Indira Som,sureshyug@example.com,+910094388221,Avadi,Uttarakhand,Central,New,2025-07-02
553,Sneha Swaminathan,aarini74@example.com,00545897148,Siliguri,Andhra Pradesh,South,Occasional,2026-01-11
554,Lucky Parikh,pbalasubramanian@example.net,6531361487,Bilaspur,Gujarat,West,New,2024-05-10
555,Garima Raman,tmajumdar@example.org,+919859167954,Bangalore,Himachal Pradesh,North,New,2026-06-26
556,Unnati Doctor,nicholas47@example.com,+914070349107,Kolkata,Maharashtra,West,Regular,2024-09-25
557,Aadi Bedi,lakshit54@example.net,8214236914,Patna,Uttar Pradesh,North,New,2024-06-10
558,Yuvraj Raju,grastogi@example.com,09429659234,Erode,Odisha,East,Premium,2024-08-16
559,Charvi Mody,mishratriya@example.net,+916612875857,Purnia,Uttarakhand,Central,Regular,2024-12-20
560,Nirja Shenoy,balaoviya@example.org,+919439852989,Meerut,Kerala,South,Regular,2024-08-05
561,Jeremiah Rau,sherezarna@example.com,+911041591497,Ghaziabad,Himachal Pradesh,North,Regular,2025-10-28
562,Samarth Varty,warhideshpande@example.org,2440793110,Mahbubnagar,Haryana,North,Regular,2023-02-16
563,Zinal Chatterjee,samarthchawla@example.com,+918760146723,Pudukkottai,Madhya Pradesh,West,New,2026-05-09
564,Jatin Sankaran,anthonygoyal@example.org,3288377441,Arrah,Goa,West,Occasional,2025-07-05
565,Mahika Raju,shettyomaja@example.com,+910471960940,Kalyan-Dombivli,Madhya Pradesh,West,Regular,2025-06-14
566,Liam Sidhu,amalhotra@example.org,08835868122,Phusro,Uttarakhand,Central,New,2026-06-22
567,Logan Mallick,meera17@example.com,09298842599,Bhimavaram,Maharashtra,West,Regular,2024-01-21
568,Ekansh Bath,duttvincent@example.org,1775331266,Ghaziabad,Telangana,South,Regular,2025-03-28
569,Ishwar Barad,sathekavya@example.net,0251762983,Nizamabad,Delhi,North,Regular,2025-03-19
570,Bhavika Kar,neelsaraf@example.net,+911901302056,Mau,Odisha,East,Regular,2024-09-12
571,Ranveer Johal,wtella@example.com,8217661912,Salem,Gujarat,West,New,2023-05-26
572,Vihaan Behl,arin34@example.com,05124189389,Silchar,Jharkhand,East,Regular,2023-02-11
573,Indrajit Sinha,ayushman05@example.com,03502385037,Phusro,Assam,East,Occasional,2025-03-30
574,Hiral Bobal,jbuch@example.com,+914010783567,Ambattur,West Bengal,East,Regular,2026-06-16
575,Atharv Hayre,jbadami@example.com,+916626682171,Nagercoil,Goa,West,Premium,2022-09-14
576,Rajeshri Bhardwaj,vincentchanda@example.net,+913689003010,Bahraich,Tamil Nadu,South,Regular,2023-06-08
577,Caleb Murthy,yash42@example.net,07111483753,Barasat,Jammu & Kashmir,Central,New,2023-05-19
578,Yash Vyas,eiravati88@example.org,+915697413283,Begusarai,Uttar Pradesh,North,Regular,2024-03-04
579,Kashish Dhar,keerria@example.net,01070449641,Alwar,Odisha,East,Regular,2023-07-05
580,Warhi Bahl,crajagopalan@example.org,+913626804085,Narasaraopet,Chhattisgarh,Central,Premium,2026-03-31
581,Adweta Kalita,omradha@example.com,0186487699,Ujjain,Goa,West,Regular,2025-10-27
582,Wazir Deo,mandanusha@example.org,+918459609454,Narasaraopet,Rajasthan,North,Regular,2024-03-26
583,Damyanti Nagi,praneel77@example.org,00705783609,Bally,Jharkhand,East,Regular,2022-08-31
584,Devansh Sastry,aarnamajumdar@example.com,02322903102,Adoni,Bihar,East,Occasional,2026-06-05
585,Vedant Bhat,aarini05@example.net,0935118718,Patiala,Himachal Pradesh,North,Regular,2023-12-17
586,Kamya Sagar,sandhubarkha@example.org,+915955657490,Arrah,Uttarakhand,Central,Occasional,2023-06-24
587,Mason Bal,kakardhriti@example.net,8953690261,Rajahmundry,Haryana,North,New,2022-10-20
588,Jairaj Wable,sodhizinal@example.com,04394353537,Bhiwandi,Gujarat,West,Occasional,2025-01-06
589,Sai Rout,fariq58@example.net,+915793763928,Vellore,Jharkhand,East,Regular,2025-07-23
590,Abha Mangat,dipta11@example.com,08297327021,Firozabad,Tamil Nadu,South,Premium,2025-06-24
591,Harrison Date,sankararjun@example.net,+911288665268,Durg,Maharashtra,West,New,2025-11-13
592,Gayathri Chokshi,borahisha@example.com,07647229812,Guntakal,Odisha,East,New,2023-02-12
593,Sudiksha Raghavan,reva28@example.net,4134750988,Baranagar,Jammu & Kashmir,Central,Regular,2025-02-18
594,Eiravati Gokhale,benjaminkade@example.com,4995154214,Morbi,Bihar,East,New,2023-12-26
595,Omkaar Mani,hitesh34@example.org,+913882090883,Unnao,Kerala,South,Premium,2024-06-23
596,Kala Jani,pooja78@example.org,04117674124,Raichur,Uttar Pradesh,North,New,2026-02-25
597,Tristan Borde,naksh85@example.com,08150618538,Bangalore,Andhra Pradesh,South,Regular,2026-01-11
598,Krisha Kannan,alkasinghal@example.org,02742318306,Pallavaram,Jammu & Kashmir,Central,Regular,2023-08-29
599,Pranav Barad,nlall@example.com,9357824347,Katni,Chhattisgarh,Central,Premium,2024-12-25
600,Vasana Merchant,kandaisaiah@example.com,07536127515,Warangal,Delhi,North,Regular,2025-02-25
601,Vrinda Sabharwal,ayushmannan@example.com,3608545667,Silchar,Madhya Pradesh,West,New,2025-11-25
602,Amrita Sunder,harinakshibath@example.com,06392831995,Mahbubnagar,Chhattisgarh,Central,Regular,2023-09-20
603,Ansh Raghavan,nathira@example.net,+910835832863,Nanded,West Bengal,East,Regular,2024-11-27
604,Garima Sachdev,yuvrajarya@example.org,+918186702440,Shahjahanpur,Uttarakhand,Central,Regular,2026-06-26
605,Jatin Purohit,vdeep@example.com,+911186008921,Jammu,Jammu & Kashmir,Central,Premium,2022-10-03
606,Ekiya Sandal,mittalanusha@example.com,+911497646136,Karawal Nagar,Andhra Pradesh,South,Premium,2026-02-23
607,Lavanya Badal,xramesh@example.net,1739063757,Bijapur,Delhi,North,Premium,2023-10-27
608,Fiyaz Chandran,sarthaksuri@example.net,+911269789307,Bulandshahr,Bihar,East,Regular,2024-01-10
609,Matthew Bansal,niharika04@example.net,+918787535778,Vasai-Virar,Kerala,South,Occasional,2023-12-08
610,Keya Datta,edwinzinal@example.net,+912371067287,Motihari,Uttarakhand,Central,New,2024-06-03
611,Aditya Minhas,saranchaitaly@example.net,4859592248,Srikakulam,Bihar,East,Premium,2024-05-22
612,Zilmil Krishnamurthy,nshere@example.com,2287056227,Kolkata,Uttarakhand,Central,Regular,2025-08-25
613,Ryan Chandra,gnarayanan@example.org,7921583503,Anantapuram,Assam,East,Premium,2023-12-09
614,Damini Pillai,jkumar@example.net,3192134249,Cuttack,Jammu & Kashmir,Central,Regular,2026-02-06
615,Ganga Malhotra,kkadakia@example.org,+913192227051,Durgapur,Chhattisgarh,Central,Regular,2025-12-31
616,Pavani Sodhi,chasmum81@example.org,6667548581,Rourkela,Jammu & Kashmir,Central,Occasional,2024-10-14
617,Luke Sarkar,ssuri@example.com,1865205756,Tadepalligudem,Assam,East,Regular,2025-04-22
618,Lavanya Prasad,advaithhayre@example.com,08309451548,Medininagar,Delhi,North,Regular,2024-12-28
619,Anvi Srinivas,sbassi@example.net,04090797727,Agra,Uttarakhand,Central,New,2023-10-10
620,Michael Goel,fitansaini@example.org,+917051843905,Gulbarga,Uttarakhand,Central,Premium,2024-03-08
621,Zaitra Atwal,qsaha@example.net,+911382412704,Dibrugarh,Punjab,North,New,2026-06-18
622,Aarush Mukhopadhyay,indali15@example.com,1971112125,Gulbarga,Uttarakhand,Central,Premium,2024-05-08
623,Teerth Prasad,ubumb@example.org,03240642429,Haridwar,Jharkhand,East,Regular,2025-12-19
624,Anjali Iyengar,chakrikalad@example.net,04175955872,Bhimavaram,Goa,West,Premium,2023-07-29
625,Shivansh Saraf,bhavya35@example.net,8418343740,Hazaribagh,Uttar Pradesh,North,Regular,2024-04-02
626,Vaishnavi Dey,xnaidu@example.net,09051502675,Salem,Madhya Pradesh,West,Regular,2025-05-30
627,Damini Gaba,wgrewal@example.org,09799667345,Karawal Nagar,Chhattisgarh,Central,Regular,2023-05-29
628,Charita Baria,yashicachokshi@example.com,04969028249,Tezpur,Odisha,East,Occasional,2025-07-01
629,Kalpit Nath,chanadayamai@example.org,07627023244,Udaipur,Kerala,South,Premium,2025-10-22
630,Rajeshri Chana,miteshprasad@example.org,02517863767,Jalandhar,Haryana,North,Regular,2023-08-13
631,Eesha Deol,snarain@example.net,6968157903,Noida,Haryana,North,Regular,2024-04-05
632,Harini Thaker,raofaras@example.net,+912730346156,Khandwa,Tamil Nadu,South,Regular,2024-03-07
633,Deepa Ram,qbanerjee@example.com,+912681715160,Imphal,Madhya Pradesh,West,Regular,2023-04-03
634,Suhani Apte,bratti@example.org,06419785758,Gorakhpur,Kerala,South,Occasional,2023-02-27
635,Panini Wali,jbuch@example.org,09438976074,Bhilai,Bihar,East,New,2025-12-14
636,Triveni Peri,pinglezayyan@example.com,04084245607,Bihar Sharif,Madhya Pradesh,West,Premium,2026-04-21
637,Isaac Parikh,walimeghana@example.org,+911812276457,Loni,Jharkhand,East,Regular,2025-04-25
638,Banjeet Bose,kashish02@example.net,1681546602,Vijayawada,Madhya Pradesh,West,Occasional,2025-01-12
639,Jackson Handa,chavvi98@example.net,+910597364248,Mahbubnagar,Telangana,South,Regular,2026-03-04
640,Bhavani Mahajan,raysarthak@example.org,02447951330,Korba,Haryana,North,Premium,2024-04-22
641,Triveni Salvi,lopa78@example.org,05557277382,Rohtak,Goa,West,Premium,2022-11-18
642,Farhan Sur,fiyaz38@example.com,04577029929,Buxar,Punjab,North,Regular,2024-04-28
643,Arin Mander,ykeer@example.net,+916911633194,Kozhikode,Odisha,East,New,2024-06-12
644,Nilima Pandey,omyamallick@example.com,01588863677,Hospet,West Bengal,East,Regular,2025-11-15
645,Mugdha Mani,waliagaurika@example.com,2169666309,Durgapur,Jammu & Kashmir,Central,Regular,2023-04-12
646,Nilima Bajaj,zaid29@example.net,01509688327,Mathura,Uttarakhand,Central,Regular,2025-03-16
647,Ryan Naidu,chaayabhattacharyya@example.org,+919773973278,Mahbubnagar,Uttarakhand,Central,New,2023-05-11
648,Nathaniel Konda,aboase@example.net,+916876164819,Bahraich,Assam,East,New,2026-03-05
649,Brinda Rao,patlamugdha@example.net,7611249125,Sonipat,Uttar Pradesh,North,Occasional,2024-08-27
650,Vasudha Kade,gunbir51@example.com,7345475749,Hindupur,Goa,West,New,2023-03-20
651,Manbir Vig,atharv35@example.net,04429477422,Narasaraopet,Assam,East,Occasional,2022-10-06
652,Aarini Kari,kakarchavvi@example.org,0458867925,Dharmavaram,Karnataka,South,Premium,2023-11-09
653,Kavya Radhakrishnan,hgara@example.com,+917601534332,Narasaraopet,Maharashtra,West,Regular,2026-03-28
654,Ronith Parikh,ksharaf@example.net,+918335061581,Begusarai,Kerala,South,New,2025-12-02
655,Daksh Sekhon,yashkunda@example.net,+913372094841,Rajkot,Uttarakhand,Central,Regular,2024-11-19
656,Chavvi Bhat,vedantkohli@example.net,7718051371,Gwalior,Chhattisgarh,Central,Regular,2026-06-19
657,Harish Kale,kmital@example.org,6173997046,Kumbakonam,Uttarakhand,Central,Regular,2024-08-20
658,Falguni Tripathi,svarkey@example.net,04835488471,Morbi,Jammu & Kashmir,Central,New,2025-04-18
659,Yashodhara Singhal,lgade@example.org,04175823133,Orai,Uttarakhand,Central,Premium,2022-08-22
660,Urmi Chauhan,shivansh92@example.com,+913622925879,Agartala,Jammu & Kashmir,Central,Premium,2023-11-29
661,Urmi Mitter,maanav45@example.net,05746966060,Raichur,Uttarakhand,Central,Premium,2023-08-02
662,Tanmayi Mahal,jainsathvik@example.net,4450566588,Thrissur,Haryana,North,Regular,2025-05-11
663,Anusha Chhabra,kibenaveen@example.com,7970673499,Allahabad,Punjab,North,Premium,2025-03-28
664,Hema Majumdar,raksha41@example.com,+911562294938,Bahraich,Rajasthan,North,Premium,2023-01-16
665,Abha Wali,anthony21@example.net,5573257375,Davanagere,Jammu & Kashmir,Central,Regular,2023-08-27
666,Aadhya Bajaj,jagdishroy@example.com,07080850960,Siwan,Rajasthan,North,Premium,2025-06-29
667,Gauri Bhavsar,chandaisaiah@example.net,+918197931647,Saharanpur,Jammu & Kashmir,Central,New,2024-09-14
668,Elijah Gopal,sudiksha86@example.org,09409600356,Rampur,Gujarat,West,New,2025-05-18
669,Eta Walia,xiyer@example.net,09232342108,Warangal,Tamil Nadu,South,Premium,2026-04-02
670,Ekapad Narang,victor33@example.com,+916433502716,Raiganj,Uttar Pradesh,North,Regular,2024-11-27
671,Lajita Bawa,zsarna@example.org,+916911289812,Jamshedpur,Jharkhand,East,Regular,2026-04-20
672,Edhitha Sagar,shivanshchana@example.net,07481700666,Raichur,Andhra Pradesh,South,Premium,2024-09-09
673,Dhruv Saraf,veer16@example.com,+914502329028,Kolhapur,Uttarakhand,Central,New,2024-02-22
674,Balvan Bhat,chaayaprabhu@example.net,02622822512,Mehsana,Himachal Pradesh,North,Regular,2025-07-26
675,Netra Prakash,ekani00@example.com,+917026086982,Salem,Telangana,South,Regular,2023-06-25
676,Udant Chanda,hbhatti@example.com,06872904774,North Dumdum,Madhya Pradesh,West,Regular,2022-09-04
677,Gopal Sridhar,ihayre@example.org,2231164913,Chandrapur,Andhra Pradesh,South,Occasional,2025-05-27
678,Falguni Shere,karan56@example.com,2906032020,Nanded,Assam,East,Regular,2023-05-25
679,Advay Srivastava,mpadmanabhan@example.net,6737948714,Naihati,Assam,East,Premium,2024-04-19
680,Aadhya Om,qshan@example.org,5841560821,Berhampore,Kerala,South,Premium,2026-05-29
681,Jai Merchant,idikamohanty@example.com,08182683230,Raichur,Kerala,South,New,2026-02-21
682,Champak Walia,victor82@example.com,+911293289634,Rewa,Andhra Pradesh,South,Regular,2024-11-05
683,Oviya Soni,inagy@example.net,00148439910,Kolhapur,Assam,East,Occasional,2023-11-15
684,Naveen Kibe,pdutta@example.com,09335134261,Tiruppur,Odisha,East,Regular,2023-03-23
685,Anya Narang,dalaldeepa@example.net,+919737418972,Mau,Uttarakhand,Central,New,2024-06-30
686,Banjeet Raj,isaiah76@example.net,+917438119953,Bhiwani,Goa,West,Occasional,2026-05-02
687,Henry Mammen,zayan85@example.com,4510173973,Shimoga,Kerala,South,Regular,2024-05-28
688,Keya Venkataraman,mbasak@example.org,1911359966,Sri Ganganagar,Haryana,North,Occasional,2023-01-20
689,Triveni Virk,rastogirachana@example.net,+913920514607,Secunderabad,Jharkhand,East,Regular,2025-05-13
690,Indira Kothari,sanaya05@example.com,4238856527,Thoothukudi,Uttarakhand,Central,Occasional,2026-02-03
691,Edhitha Mohan,chananidra@example.com,7263475575,Gulbarga,Bihar,East,Regular,2024-02-09
692,Isaac Gupta,yashawini84@example.net,2691311964,Mau,Chhattisgarh,Central,Regular,2023-12-26
693,Mekhala Deol,vchawla@example.com,9153703824,Shimla,Chhattisgarh,Central,Premium,2024-11-16
694,Yatan Kara,jkalita@example.org,03097768893,Gaya,Delhi,North,Regular,2023-07-26
695,Lila Lal,adya65@example.com,+915851253892,Guna,Maharashtra,West,New,2026-03-21
696,Dipta Cheema,ijayakapur@example.com,09079779612,Karaikudi,Tamil Nadu,South,Occasional,2025-08-16
697,Idika Sood,devanshpandya@example.org,4940976263,Tirupati,Andhra Pradesh,South,New,2024-07-08
698,Ganga Kaul,xdhawan@example.net,9509059119,Bettiah,Madhya Pradesh,West,New,2024-11-25
699,Robert Kothari,pratyushbalan@example.net,01511696667,Tiruvottiyur,Odisha,East,Regular,2024-05-15
700,Deepa Pant,qushikrishnan@example.com,+912463351571,Jaipur,Delhi,North,New,2023-05-23
701,Daniel Prakash,gangulyaarav@example.net,+910564099512,Udupi,Telangana,South,New,2026-05-08
702,Tejas Pai,dubeykavya@example.net,+917282709081,Jalna,Uttar Pradesh,North,Regular,2024-09-23
703,Pranit Vasa,harishtank@example.org,2957867181,Shahjahanpur,Tamil Nadu,South,Occasional,2023-01-26
704,Wriddhish Swaminathan,netrabarman@example.com,+917918158998,Bongaigaon,Madhya Pradesh,West,Regular,2024-03-02
705,Barkha Nagi,sarahora@example.com,6666170715,Phagwara,West Bengal,East,Regular,2025-05-07
706,Widisha Mani,wablebenjamin@example.org,+914998250800,Kharagpur,Jammu & Kashmir,Central,Regular,2024-04-06
707,Charles Saraf,yashodaprabhakar@example.net,0317235137,Aurangabad,Odisha,East,Premium,2023-05-31
708,Chakradev Raj,jacksonmannan@example.org,+915263560229,Rampur,Jammu & Kashmir,Central,Premium,2025-05-02
709,Dayita Jayaraman,nimrat06@example.com,04374906072,Madurai,Telangana,South,Premium,2026-05-13
710,Jack Dutt,lbhavsar@example.net,02464844941,Tenali,Tamil Nadu,South,Regular,2025-04-28
711,Gabriel Tank,joshuavasa@example.org,07113062113,Tadepalligudem,Goa,West,New,2026-02-10
712,Luke Sathe,thakurranbir@example.org,5090254257,Pimpri-Chinchwad,Himachal Pradesh,North,Regular,2024-03-10
713,Michael Manne,karqarin@example.net,+915707139848,Asansol,Assam,East,New,2024-04-10
714,Dakshesh Choudhury,routzarna@example.net,+919255021306,Phusro,Karnataka,South,Premium,2024-12-08
715,Jagdish Kapur,borahanmol@example.net,09649673794,Malda,Madhya Pradesh,West,Premium,2022-11-10
716,Suhani Yadav,udarsh24@example.net,2642506420,Bulandshahr,Punjab,North,New,2024-08-25
717,Neelima Dass,sathvik66@example.com,07767555628,Sambalpur,Karnataka,South,Premium,2025-08-20
718,Robert Patla,xrege@example.net,03627187496,Kollam,Tamil Nadu,South,Regular,2023-07-15
719,Naksh Rajagopalan,cgole@example.org,3692492693,Bulandshahr,Andhra Pradesh,South,New,2023-07-15
720,Yatan De,nmutti@example.net,0111000515,Panihati,Odisha,East,Premium,2023-12-16
721,Tanay Mohanty,patildiya@example.net,07524418222,Kochi,Chhattisgarh,Central,Regular,2025-10-10
722,Nathan Singh,zaid12@example.com,+910267672095,Bhimavaram,Bihar,East,Regular,2024-11-15
723,Sara Bahri,vpadmanabhan@example.org,01229462135,Gwalior,Punjab,North,Regular,2025-01-16
724,Amol Sahni,janyakrishnan@example.org,4807520344,Bhiwani,Goa,West,New,2024-02-14
725,Anjali Shanker,natarajanazad@example.org,0904637660,Gandhinagar,Odisha,East,Premium,2024-01-18
726,Yauvani Samra,ioommen@example.com,4837441715,Lucknow,Karnataka,South,Premium,2024-01-15
727,Hredhaan Kibe,goelkashvi@example.org,+919311005912,Bathinda,Goa,West,Regular,2026-01-22
728,Jairaj Bhalla,ryanbumb@example.org,+911063301658,Fatehpur,Uttarakhand,Central,New,2025-12-15
729,Warhi Grewal,umani@example.net,0728012342,Amravati,Karnataka,South,New,2026-02-02
730,Raghav Grover,vedant26@example.net,4968436453,Chandrapur,Chhattisgarh,Central,Premium,2025-08-07
731,Dhruv Bhatia,takhemangini@example.net,+919617015959,Jehanabad,Jammu & Kashmir,Central,Regular,2023-10-23
732,Shravya Parmar,fprabhakar@example.com,05833920567,Anantapur,Chhattisgarh,Central,Regular,2023-09-23
733,Ubika Shetty,jdua@example.net,06025626506,Saharanpur,Jammu & Kashmir,Central,Regular,2026-07-16
734,Teerth Chandran,ramanurmi@example.org,05307624843,Morbi,Chhattisgarh,Central,Regular,2025-02-18
735,Rachita Saran,vinayabhasin@example.com,+911579423873,Pallavaram,Uttarakhand,Central,Regular,2025-03-11
736,Nathan Nigam,pushti91@example.net,+918455259710,Uluberia,Telangana,South,Premium,2022-09-01
737,Shaurya Narain,dhritisoni@example.com,5953259399,Kulti,Uttarakhand,Central,New,2024-05-20
738,Anirudh Munshi,rajagopalanmanbir@example.net,01877941763,Asansol,Gujarat,West,Premium,2024-09-08
739,Urvi Koshy,aarushnarang@example.com,7824575983,Kavali,Maharashtra,West,Premium,2024-02-28
740,Chakrika Bhat,yaminimandal@example.org,06044324006,Arrah,West Bengal,East,Regular,2025-03-08
741,Sanya Raja,sachimurthy@example.org,07439742925,Amravati,Himachal Pradesh,North,Regular,2024-08-03
742,Vansha Pillay,divyaprashad@example.net,+916562590459,Sasaram,Delhi,North,Regular,2022-11-01
743,Watika Bhatt,deymax@example.org,2315551651,Rewa,Rajasthan,North,Occasional,2022-11-06
744,Omaja Randhawa,gauravjohal@example.com,+911433080037,Kalyan-Dombivli,Punjab,North,Regular,2024-12-05
745,Michael Devan,ekantika66@example.org,4706810390,Berhampur,Gujarat,West,New,2023-07-18
746,Abhimanyu Palla,pillaiyashodhara@example.org,03280944858,Kozhikode,Goa,West,Occasional,2025-02-02
747,Aahana Natt,etalad@example.com,+914707986321,Munger,Madhya Pradesh,West,New,2026-02-28
748,Samesh Iyengar,tanish94@example.com,00394380403,Thoothukudi,Madhya Pradesh,West,Regular,2026-01-12
749,Lipika Narang,mraman@example.org,07894319100,Hyderabad,Chhattisgarh,Central,New,2023-06-28
750,Chavvi Saxena,gdutta@example.org,03365146040,Barasat,West Bengal,East,Regular,2023-10-12
751,Tanmayi Jayaraman,balasubramanianvamakshi@example.org,+911137984409,Rajkot,Uttarakhand,Central,Premium,2023-03-20
752,Tanveer Bhattacharyya,bpurohit@example.org,06762090144,Panihati,Tamil Nadu,South,New,2025-09-21
753,Arjun Magar,wahabsem@example.org,0968730451,Sirsa,Jharkhand,East,New,2026-01-08
754,Nihal Prakash,madhav55@example.com,+919657542786,Bhiwani,Uttarakhand,Central,Premium,2026-02-06
755,Laksh Natarajan,unnati78@example.net,+910582958292,Tenali,Karnataka,South,Premium,2022-12-24
756,Isaac Thaker,venkateshhemang@example.net,+914823571558,Nagaon,Kerala,South,Regular,2022-12-16
757,Theodore Panchal,ocherian@example.net,7230817214,Machilipatnam,Delhi,North,New,2025-05-28
758,Gopal Halder,babuazaan@example.com,+913211471656,Kavali,Maharashtra,West,Regular,2023-11-25
759,Lipika Prasad,dakshasangha@example.net,7990707550,Bhalswa Jahangir Pur,Delhi,North,Premium,2023-11-21
760,Guneet Sami,vritti06@example.org,01748113176,New Delhi,Maharashtra,West,Regular,2026-04-10
761,Bakhshi Naidu,siya39@example.com,+910290871827,Buxar,Punjab,North,Regular,2025-03-06
762,Zehaan Dalal,cghosh@example.com,+910495612137,Kulti,Chhattisgarh,Central,New,2024-04-06
763,Patrick Puri,mittalqadim@example.org,09737112229,Bahraich,Uttar Pradesh,North,Premium,2022-08-20
764,Qushi Bail,hitesh67@example.org,06861114576,Durgapur,Bihar,East,New,2024-09-20
765,Neel Chadha,ronithsehgal@example.net,5847129618,Ahmednagar,Uttarakhand,Central,Premium,2023-02-15
766,Charita Deol,xapte@example.org,0184980425,Nangloi Jat,Bihar,East,Regular,2023-06-22
767,Ranbir Soman,nsrinivas@example.org,+916881228217,Buxar,Telangana,South,Regular,2026-01-07
768,Odika Pathak,adwetaray@example.org,00560356793,Nangloi Jat,Odisha,East,Regular,2023-04-24
769,Nakul Khurana,widisha16@example.net,+916181205464,Mau,Jammu & Kashmir,Central,Occasional,2025-03-24
770,Darika Singhal,wraju@example.net,8999275175,Chandrapur,Madhya Pradesh,West,Regular,2023-11-26
771,Anika Mani,dhritinaik@example.org,3543586449,Maheshtala,Jharkhand,East,New,2025-04-15
772,Chakrika Gupta,ekani37@example.net,2143395275,Katni,Jharkhand,East,Regular,2025-11-17
773,Tripti Yogi,madhav49@example.org,01686013477,Sasaram,Jharkhand,East,Regular,2024-09-02
774,Rushil Lata,sanevrishti@example.net,+917665122150,Coimbatore,Uttarakhand,Central,Regular,2025-01-09
775,Amrita Datta,sampathsamarth@example.org,9001594463,Muzaffarnagar,Kerala,South,New,2023-10-16
776,Irya Khalsa,arinnadig@example.org,+916389021994,Amravati,Andhra Pradesh,South,Occasional,2025-03-29
777,Niharika Kant,triptigandhi@example.org,+914103469967,Ahmednagar,Uttarakhand,Central,Occasional,2023-01-07
778,Nilima Sawhney,vdoctor@example.com,6084376855,Panchkula,Jammu & Kashmir,Central,Regular,2023-01-14
779,Riya Jha,maanas19@example.net,6263355643,Ahmednagar,Kerala,South,Regular,2024-10-08
780,Arjun Kohli,sethianthony@example.com,5560767616,Karnal,Punjab,North,New,2024-03-23
781,Jeevika Lad,kdugar@example.org,8983065031,Tiruchirappalli,Rajasthan,North,New,2023-08-02
782,Zashil Buch,sneha24@example.org,04236428131,Chapra,Tamil Nadu,South,Regular,2025-03-25
783,Bhavya Singhal,pganesh@example.org,+919111428178,Mangalore,Jammu & Kashmir,Central,Regular,2025-05-24
784,Yatan Anand,onveer48@example.org,8062207223,Chapra,Uttar Pradesh,North,New,2023-04-06
785,Turvi Korpal,tgill@example.org,3290162047,Tenali,Jammu & Kashmir,Central,New,2025-12-10
786,Unnati Venkatesh,nidhi48@example.com,+918720319541,Eluru,Andhra Pradesh,South,Regular,2024-12-13
787,Kashvi Bajwa,vidhi30@example.org,02792463203,Nizamabad,Odisha,East,Occasional,2024-03-18
788,Unnati Shroff,samarth72@example.com,+913214505766,Khora ,Uttar Pradesh,North,Occasional,2024-09-06
789,Yauvani Sood,srinivasekansh@example.com,03482012840,Danapur,Himachal Pradesh,North,Occasional,2023-11-11
790,Arjun Sen,znatt@example.net,05954508917,Bhiwani,Gujarat,West,New,2023-07-17
791,Yashawini Bhavsar,krishnanarayanan@example.net,7422319646,Kalyan-Dombivli,Andhra Pradesh,South,Occasional,2025-11-10
792,Advik Deol,omyahari@example.com,+916894301204,Amritsar,Uttarakhand,Central,New,2022-10-19
793,Noah Tak,buchtripti@example.com,5749885582,Hindupur,Madhya Pradesh,West,Premium,2023-07-18
794,Upkaar Bains,rsubramanian@example.com,4760944128,Muzaffarnagar,Odisha,East,Regular,2025-12-03
795,Ucchal Dua,tiwarijanani@example.com,6695413297,Satara,Uttarakhand,Central,Premium,2026-05-11
796,Rajata Ravi,adube@example.com,+915514377693,Chinsurah,Goa,West,Occasional,2026-07-20
797,Bhavini Kohli,gayathridutta@example.net,09611110286,Tiruchirappalli,Odisha,East,Regular,2026-03-23
798,Charan Agate,cgoel@example.org,05591024510,Thane,Chhattisgarh,Central,New,2026-08-02
799,Rehaan Garde,gswaminathan@example.com,4981942179,Sangli-Miraj & Kupwad,Haryana,North,Premium,2025-03-23
800,Watika Kapur,azad65@example.net,+917758446634,Bhagalpur,Jammu & Kashmir,Central,New,2025-05-07
801,Manthan Dubey,buchdaniel@example.net,+912172214559,Ongole,Bihar,East,Regular,2023-08-20
802,Jason Mittal,urvashibandi@example.com,+916351004627,Sikar,Andhra Pradesh,South,Premium,2024-06-18
803,Shivani Deol,pahal59@example.net,+910246175202,Anand,Andhra Pradesh,South,Premium,2025-12-11
804,Arunima Jain,omishabarad@example.org,5595501783,Siliguri,Odisha,East,New,2025-03-07
805,Mahika Wadhwa,radhikabaral@example.com,9848704506,Bhalswa Jahangir Pur,Madhya Pradesh,West,Premium,2024-01-10
806,Ubika Kashyap,udant74@example.com,0394640830,Hospet,Bihar,East,Regular,2026-02-20
807,Aarnav Sani,borraanusha@example.net,6084907938,Bhiwandi,Uttarakhand,Central,Regular,2023-08-18
808,Lopa Narasimhan,saiatwal@example.net,01537012424,Vijayanagaram,Jammu & Kashmir,Central,Occasional,2026-04-01
809,Samar Gade,gunbir44@example.net,8112103142,Bidhannagar,Chhattisgarh,Central,New,2023-04-20
810,Xiti Warrior,hvaidya@example.com,9415152638,Surat,Himachal Pradesh,North,Regular,2024-01-18
811,Dev Gaba,hemadyal@example.net,8375056618,Rajpur Sonarpur,Punjab,North,Regular,2026-06-27
812,Veda Bhavsar,wardashankar@example.com,05300730950,Sonipat,Tamil Nadu,South,New,2023-04-29
813,Divya Sheth,desaigopal@example.net,8192778851,Ratlam,Uttar Pradesh,North,Premium,2024-05-18
814,Pavani Memon,chhabrachristopher@example.com,2462456185,Panchkula,West Bengal,East,Premium,2023-08-29
815,Niharika Bajaj,manefalak@example.org,1289915114,Ratlam,Uttarakhand,Central,New,2023-12-04
816,Qadim Kala,katachandran@example.com,08818984841,Thane,Delhi,North,Premium,2026-05-23
817,Girik Nath,charles21@example.org,0170756814,Gudivada,Maharashtra,West,Regular,2023-12-09
818,Finn Natt,qasimchawla@example.net,+917322836084,Kumbakonam,Assam,East,Occasional,2026-08-10
819,Daniel Sani,lipikahans@example.net,05269694439,Bidar,Rajasthan,North,New,2024-12-09
820,Aarav Contractor,vhalder@example.com,2929132033,Madurai,Gujarat,West,Regular,2023-09-12
821,Kiaan Kamdar,isaiah90@example.net,+911061537221,Anantapur,Rajasthan,North,Regular,2025-07-09
822,Zilmil Maharaj,ojaggi@example.org,+916533774604,Bhiwani,Telangana,South,Premium,2024-05-11
823,Darsh Bhasin,sviswanathan@example.org,01424426078,Dharmavaram,Odisha,East,New,2024-08-01
824,Chavvi Kapur,siyer@example.com,06427372037,Muzaffarnagar,Haryana,North,Occasional,2024-07-17
825,Imaran Loyal,aachal14@example.net,4601913443,Mehsana,Gujarat,West,Occasional,2024-12-16
826,Manthan Bahri,oni95@example.org,03214644936,Jalandhar,Kerala,South,New,2024-11-09
827,Rohan Konda,chakradev55@example.com,+918573680119,Ahmednagar,Himachal Pradesh,North,Occasional,2024-03-24
828,Samarth Sibal,vwarrior@example.org,+918723335104,Dharmavaram,Delhi,North,Regular,2024-05-11
829,Avni Sengupta,girikoak@example.org,1149830748,Chennai,Madhya Pradesh,West,Regular,2024-05-08
830,Tarak Sabharwal,harish18@example.net,+919406557820,Aurangabad,Himachal Pradesh,North,Regular,2026-07-20
831,Reyansh Gera,vivaanbath@example.net,+913332470739,Patna,Madhya Pradesh,West,Premium,2022-09-14
832,Jeevika Mistry,sdube@example.org,+917602508261,Sangli-Miraj & Kupwad,Assam,East,Occasional,2023-02-11
833,Mitesh Sagar,saranveer@example.net,+914888995729,Sultan Pur Majra,Rajasthan,North,Occasional,2023-07-06
834,Sai Mallick,abha93@example.net,+913646871912,Berhampur,Karnataka,South,Occasional,2024-06-02
835,Varenya Rana,chatreshvasa@example.org,3230898138,Sonipat,Uttarakhand,Central,Regular,2025-09-29
836,Aashi Lal,laban20@example.com,03231829716,Pondicherry,Himachal Pradesh,North,Occasional,2024-11-04
837,Anya Nazareth,baliadvay@example.org,0015291137,Bahraich,Jammu & Kashmir,Central,New,2024-07-27
838,Dakshesh Bal,iramunshi@example.com,1844421829,Tumkur,Kerala,South,Regular,2025-12-11
839,Matthew Gill,yachana90@example.com,07086700900,Sambalpur,Telangana,South,Regular,2024-09-12
840,Harita Chakrabarti,zaitra48@example.org,06913624835,Dhanbad,Maharashtra,West,Regular,2024-03-21
841,Onkar Prashad,baralupma@example.org,03369987950,Cuttack,Chhattisgarh,Central,Premium,2024-03-02
842,Amrita Batta,ramanathanzayyan@example.net,+918804428773,Burhanpur,Goa,West,Regular,2022-11-20
843,Devansh Ratta,xavier21@example.org,6942894642,Latur,Tamil Nadu,South,Premium,2025-08-31
844,Kalpit Pillay,gkala@example.com,01706462554,Gaya,West Bengal,East,Regular,2026-05-09
845,Jyoti Oak,chaayahanda@example.net,+911764644898,Kamarhati,Tamil Nadu,South,Regular,2024-04-29
846,Jyoti Khurana,anyanarula@example.net,+917905040433,Dhule,Jammu & Kashmir,Central,Regular,2025-09-20
847,Rishi Vora,divya16@example.net,+912111978718,Medininagar,West Bengal,East,Premium,2025-11-12
848,Gavin Hora,ikalita@example.com,5306011987,Pali,Madhya Pradesh,West,Regular,2023-06-16
849,Xiti Ray,anneqasim@example.org,+910915618298,Sambalpur,Uttarakhand,Central,Regular,2023-01-07
850,Gauri Sodhi,ulalla@example.com,1609365952,Solapur,Jammu & Kashmir,Central,Regular,2025-07-16
851,Jatin Vora,ikbal84@example.org,+916875092632,Thrissur,Uttarakhand,Central,New,2023-12-08
852,Ethan Khatri,vmaharaj@example.com,01140428860,Jaipur,Delhi,North,Regular,2025-03-11
853,Wazir Tailor,bsangha@example.net,+918112600308,Karimnagar,Gujarat,West,New,2025-12-02
854,Gaurang Bala,rdube@example.com,+915312345506,Junagadh,Odisha,East,Regular,2024-04-09
855,Vedika Sundaram,ndhar@example.org,4401348087,Tiruvottiyur,Haryana,North,Regular,2025-01-16
856,Vansha Wadhwa,nikitabatra@example.org,+915910157090,Buxar,West Bengal,East,Regular,2023-11-18
857,Bimala Mangal,amolsethi@example.com,2699969964,Hubli–Dharwad,Andhra Pradesh,South,Regular,2025-01-30
858,Maanav Wason,leena93@example.org,09140849932,Moradabad,Jammu & Kashmir,Central,Regular,2026-05-24
859,Chaitaly Dhaliwal,kraval@example.net,+916908726176,Mango,Delhi,North,Regular,2023-05-26
860,Dayamai Kari,eshanapathak@example.net,+918280405612,Mau,Rajasthan,North,Premium,2023-05-09
861,Nidra Parmer,radhalata@example.org,6965613087,Navi Mumbai,Jharkhand,East,Regular,2022-09-27
862,Ranveer Wadhwa,gayathri14@example.org,06823948400,Morena,Madhya Pradesh,West,New,2025-06-20
863,Aarav Ahuja,yraman@example.org,+911683113950,Amritsar,Chhattisgarh,Central,Premium,2025-10-23
864,Arya Buch,elijah50@example.com,02839762053,Gopalpur,Andhra Pradesh,South,Regular,2024-03-16
865,Ridhi Savant,mahika20@example.net,02662925081,Bhalswa Jahangir Pur,Odisha,East,Regular,2022-09-07
866,Champak Dyal,lallarin@example.com,8413337312,Secunderabad,Tamil Nadu,South,Regular,2026-07-15
867,Samaksh Pai,dchopra@example.net,+917032119206,Muzaffarnagar,Jharkhand,East,Regular,2025-08-26
868,Wazir Varghese,kevin77@example.net,5613371844,Guntakal,Haryana,North,Regular,2025-10-20
869,Ekantika Batta,meghanamenon@example.net,+911644037341,Nandyal,Andhra Pradesh,South,Premium,2022-10-27
870,Lucky Sheth,kvarghese@example.org,+910217982134,Tirunelveli,Andhra Pradesh,South,Regular,2024-11-18
871,Vyanjana Sarma,poojakata@example.net,+911828560539,Lucknow,West Bengal,East,Occasional,2025-01-17
872,Neha Dani,ssridhar@example.org,07368205068,Guwahati,Assam,East,Regular,2024-09-15
873,Pranit Kapur,falak21@example.com,5058714692,Nagaon,Jharkhand,East,Regular,2025-05-31
874,Elijah Dewan,mitali79@example.org,9843699848,Kozhikode,Chhattisgarh,Central,Regular,2025-05-19
875,Ganga Bandi,rachitakrishna@example.net,02495988114,Bidhannagar,Jammu & Kashmir,Central,Regular,2023-02-25
876,Balendra Sastry,parikhpraneel@example.org,6767382097,Nadiad,Bihar,East,Occasional,2025-04-10
877,Devansh Shenoy,fwali@example.com,2996872258,Kumbakonam,Odisha,East,New,2025-12-06
878,Eesha Viswanathan,rastogiquincy@example.net,3504056695,Jehanabad,Gujarat,West,Regular,2025-10-19
879,Jeet Ganesh,patrick55@example.com,02867963259,Gaya,Jharkhand,East,Regular,2022-10-10
880,Kiaan Walia,mahika33@example.net,1562415285,Mangalore,Chhattisgarh,Central,Premium,2025-04-29
881,Lopa Ganesh,netrakant@example.net,+915895138186,Ambarnath,Chhattisgarh,Central,New,2026-07-01
882,Zilmil Lall,bnair@example.net,07443034918,Gorakhpur,Chhattisgarh,Central,Occasional,2022-09-20
883,Veda Gala,issacgauri@example.net,+914015364154,Moradabad,Gujarat,West,Regular,2026-07-01
884,Samaksh Chhabra,oscarpau@example.net,+916781367500,Jalgaon,West Bengal,East,New,2024-01-01
885,Bhanumati Chahal,pandyapeter@example.com,09819878092,Chennai,Madhya Pradesh,West,Regular,2025-07-29
886,Kai Keer,neelima22@example.com,6605986787,Bihar Sharif,Bihar,East,Regular,2023-10-08
887,Lakshit Tailor,yashvi54@example.net,5965594282,Srikakulam,Andhra Pradesh,South,New,2026-04-12
888,Fitan Sangha,atharv20@example.org,+912453931321,Ratlam,Punjab,North,Occasional,2026-06-26
889,Abdul Naik,vasana08@example.org,6821444889,Kharagpur,Madhya Pradesh,West,Premium,2022-11-27
890,Maanas Tata,pallavisen@example.net,04620258254,Coimbatore,Maharashtra,West,New,2025-02-07
891,Oscar Cherian,ranveerbhatnagar@example.org,+919204910601,Vijayanagaram,Assam,East,Premium,2024-11-05
892,Nathaniel Jani,bpai@example.net,+917681722577,Bhilwara,Delhi,North,New,2023-09-23
893,Amaira Sule,ladlidubey@example.net,+915291876831,Meerut,Bihar,East,Premium,2025-10-15
894,Ria Dara,egill@example.com,3373992052,Bhatpara,Rajasthan,North,Occasional,2024-12-12
895,Nisha Garg,saneeta@example.net,1438823255,Gangtok,Goa,West,Occasional,2025-01-23
896,Ekaja Morar,omisha17@example.net,7732643095,Nizamabad,Maharashtra,West,Regular,2026-04-02
897,Jackson Gole,asarna@example.org,2712053978,Gorakhpur,Bihar,East,Premium,2025-01-25
898,Eta Devi,kalpitdixit@example.org,1256083200,Begusarai,Jammu & Kashmir,Central,Premium,2023-07-10
899,Zilmil Thakur,rpalla@example.org,5852386003,Alwar,Chhattisgarh,Central,Regular,2024-09-09
900,Lipika Bumb,imaran71@example.com,+913910292950,Avadi,Madhya Pradesh,West,New,2023-11-24
901,Aradhana Vaidya,daksheshhegde@example.org,6713971912,Nashik,Jammu & Kashmir,Central,Premium,2023-06-16
902,Max D’Alia,nakuldalal@example.net,7672019111,Sambhal,West Bengal,East,Premium,2025-04-21
903,Pratyush Barman,balaysanya@example.org,5873393049,Chinsurah,Jharkhand,East,Occasional,2023-01-21
904,Sathvik Yadav,golatamanna@example.net,4812421140,Loni,Delhi,North,New,2024-03-24
905,Abhiram Narain,masonmangat@example.com,+910935561039,Warangal,Kerala,South,Regular,2023-03-18
906,Anay Chatterjee,sudikshadani@example.org,03658585642,Indore,Gujarat,West,Premium,2025-12-04
907,Nachiket Bal,vasatikabhagat@example.com,+915927387402,Mango,Jharkhand,East,Regular,2023-09-18
908,Raagini Sandhu,sacharvedant@example.org,+914815542034,Kulti,Goa,West,Regular,2025-09-01
909,Anay Patil,ktaneja@example.net,05649157955,Khandwa,Himachal Pradesh,North,Regular,2022-11-11
910,Yatin Krishnamurthy,icherian@example.com,06010801810,Indore,West Bengal,East,New,2026-03-14
911,Victor Chaudhry,rrastogi@example.org,02680808157,Siliguri,Karnataka,South,Premium,2026-01-15
912,Hritik Oommen,shethfrado@example.org,0671307351,Tumkur,Chhattisgarh,Central,Regular,2025-02-17
913,Vyanjana Mital,nandinigill@example.org,3009625885,Purnia,Madhya Pradesh,West,Regular,2024-02-23
914,Zehaan Taneja,jayaramanjai@example.net,+915339627466,Jalgaon,Gujarat,West,Regular,2025-08-08
915,Devansh Vohra,lakshitsoman@example.org,+910466614590,Bhiwandi,Madhya Pradesh,West,Regular,2022-12-12
916,Vedika Sibal,krishnanbaljiwan@example.org,4938819490,Kulti,Chhattisgarh,Central,Regular,2022-10-29
917,Edhitha Gera,kumeryachana@example.org,4976987313,Gudivada,Madhya Pradesh,West,Regular,2025-06-14
918,Oeshi Raja,harsh66@example.org,+913740779433,North Dumdum,Karnataka,South,Regular,2024-06-23
919,Shivansh Varma,ishaan97@example.org,+914262037087,Aligarh,Rajasthan,North,Regular,2024-06-20
920,Christopher Dutt,ladgirish@example.net,+913599898972,Gwalior,Chhattisgarh,Central,Regular,2022-12-28
921,Yahvi Mann,bobalmohini@example.com,08221758839,Guna,Andhra Pradesh,South,Regular,2024-07-02
922,Advay Zacharia,davidbal@example.com,0675712369,Dewas,Goa,West,Premium,2024-03-14
923,Gavin Chad,yastitata@example.net,4296882769,Dhanbad,Uttarakhand,Central,Premium,2025-02-22
924,Isha Karnik,kuruvillagaurang@example.net,01560783274,Thoothukudi,Odisha,East,New,2023-09-30
925,Irya Chhabra,lrao@example.com,0964966834,Indore,Chhattisgarh,Central,New,2025-09-07
926,Yasti Muni,dhruvsawhney@example.org,+918516225936,Hosur,Assam,East,Premium,2023-09-28
927,Aadi Thakkar,amairawarrior@example.com,8390624672,Madanapalle,Kerala,South,Regular,2024-12-08
928,Pavani Bains,chakrabortycharita@example.org,+911935923613,Fatehpur,West Bengal,East,Regular,2025-01-22
929,Aadi Om,yuvrajbassi@example.com,08816502544,Ulhasnagar,Telangana,South,Regular,2025-09-03
930,Gunbir Sanghvi,azad34@example.com,+919661771824,Bongaigaon,Chhattisgarh,Central,Premium,2023-09-23
931,Nandini Shenoy,gunbirmagar@example.org,04681359266,Bongaigaon,Gujarat,West,Premium,2024-11-29
932,Meghana Sarraf,yashawini69@example.com,1559450119,Khora ,Jammu & Kashmir,Central,Occasional,2024-05-28
933,Dalbir Sridhar,yatin60@example.com,+911716039886,Bidar,Telangana,South,Regular,2025-07-02
934,Nirja Dass,varmaabha@example.com,09067000994,Bihar Sharif,Bihar,East,Regular,2023-12-13
935,Praneel Batta,krisha64@example.net,9667605642,Bijapur,Maharashtra,West,New,2024-11-12
936,Januja Suri,ioak@example.org,7453389062,Uluberia,Punjab,North,Regular,2023-12-13
937,Lakshmi De,omyanayar@example.net,00165995300,Nanded,Madhya Pradesh,West,Regular,2023-09-16
938,Jagat Gill,chaitalygolla@example.com,07746259160,Vijayawada,Madhya Pradesh,West,New,2026-04-02
939,Harish Chanda,yahvi48@example.net,6008017986,Shimla,Madhya Pradesh,West,Regular,2023-05-13
940,Rohan Buch,ishitasawhney@example.org,07264261212,Kurnool,Chhattisgarh,Central,New,2024-12-27
941,Veer Srinivas,vedant65@example.net,6807852548,Tirupati,Kerala,South,Regular,2024-11-10
942,Viraj Thakur,zehaan54@example.org,+916445475231,Kolhapur,Telangana,South,Regular,2023-02-26
943,Sara Mangal,cchad@example.com,03342720388,Gulbarga,Madhya Pradesh,West,Premium,2023-06-08
944,Vaishnavi Pandya,bhatekalinga@example.net,03045306935,Shimoga,Rajasthan,North,Regular,2026-02-05
945,Ganga Karpe,advik01@example.net,+916778481652,Rohtak,Uttarakhand,Central,Premium,2025-04-07
946,Advika Lala,ibera@example.org,5179937810,New Delhi,Himachal Pradesh,North,Regular,2023-09-11
947,Manan Yadav,gthakkar@example.net,08699969882,Farrukhabad,Andhra Pradesh,South,Regular,2025-05-07
948,Kiaan Srinivas,mahalshivani@example.net,+914630198642,Mira-Bhayandar,Kerala,South,New,2023-12-13
949,Upkaar Sengupta,warinderkhanna@example.net,+912187062932,Gangtok,Punjab,North,Regular,2026-06-17
950,Oliver Dhingra,basujackson@example.org,+913200186766,Ranchi,Punjab,North,New,2024-12-24
951,Yashoda Srivastava,adara@example.net,+914356140384,Latur,Uttar Pradesh,North,Regular,2026-06-25
952,Yashvi Batta,amajumdar@example.net,2354695100,Pune,Jammu & Kashmir,Central,Regular,2025-05-03
953,Qabil Aggarwal,arya59@example.com,01500666641,Ahmedabad,Jammu & Kashmir,Central,Regular,2024-07-21
954,Kamala Mistry,chanaumang@example.com,+917851699497,Nagaon,Chhattisgarh,Central,New,2026-06-17
955,Jhalak Hayer,jsaini@example.org,08268999626,Kanpur,Tamil Nadu,South,Premium,2025-03-24
956,Rachita Venkatesh,sodhivedhika@example.net,+915059625719,Burhanpur,Uttarakhand,Central,Premium,2024-11-09
957,Jonathan Bains,deoraagini@example.net,07898260418,Aurangabad,Kerala,South,Occasional,2022-09-17
958,Elijah Shenoy,gautami85@example.org,07741274692,Jalandhar,Odisha,East,Premium,2024-03-06
959,Avni Chanda,bdevi@example.com,+912297589170,Ambarnath,Jammu & Kashmir,Central,New,2024-11-30
960,Henry Pal,kashish70@example.com,08209225709,Dhanbad,Andhra Pradesh,South,Occasional,2023-09-29
961,Theodore Oommen,dmaharaj@example.com,+913247282895,Kolkata,Bihar,East,New,2022-11-18
962,Vedika Venkatesh,naveenlala@example.net,03126168507,Allahabad,Karnataka,South,Regular,2022-11-10
963,Daniel Chand,prabhuaarav@example.net,+917115261053,Meerut,Bihar,East,New,2025-12-15
964,Ryan Bassi,shereekavir@example.com,5007418948,Durg,Madhya Pradesh,West,Regular,2026-02-07
965,Upadhriti Sachdev,nitarapadmanabhan@example.org,4471619827,Bijapur,Jharkhand,East,Regular,2023-07-30
966,Tanay Bobal,kuruvillagaurangi@example.org,+915896321743,Bahraich,Himachal Pradesh,North,New,2026-01-22
967,Geetika Doshi,dwagle@example.com,08606739834,Hosur,Punjab,North,Premium,2023-09-13
968,Chavvi Goel,vedant64@example.com,+918055077406,Sultan Pur Majra,Odisha,East,Premium,2024-10-01
969,Indira Buch,mekhala23@example.net,+910908551074,Ghaziabad,Goa,West,Premium,2025-03-31
970,Harish Chacko,shereyashica@example.com,+919025476022,Machilipatnam,Himachal Pradesh,North,Occasional,2023-01-17
971,Vivaan Murty,fiyaz20@example.org,2275950026,Vijayawada,West Bengal,East,New,2025-08-29
972,Geetika Kala,idikalad@example.com,9507407173,Madhyamgram,Gujarat,West,Occasional,2023-12-21
973,Irya Pau,kashyapdominic@example.org,+916493403910,Karnal,Andhra Pradesh,South,Regular,2025-02-21
974,Tanish Sangha,toorbhavani@example.org,+918491359928,Sri Ganganagar,Odisha,East,Premium,2023-02-23
975,Kashvi Oak,chakradevpathak@example.com,+910067990069,Motihari,Telangana,South,New,2025-11-04
976,Lila Sarna,clall@example.net,+917842339449,Kamarhati,West Bengal,East,Regular,2022-11-11
977,Maya Swaminathan,wpurohit@example.org,05032501736,Rohtak,Maharashtra,West,Regular,2022-09-12
978,Qarin Mangal,sharafaachal@example.org,0292334511,Patna,Andhra Pradesh,South,Premium,2023-03-01
979,Oviya Batra,yash08@example.net,08430211667,Bhavnagar,Gujarat,West,Occasional,2025-01-15
980,Baghyawati Natt,wnatt@example.net,8759212996,Rourkela,Kerala,South,Regular,2025-03-26
981,Vihaan Khosla,zgola@example.org,2755821477,Kavali,West Bengal,East,New,2024-04-16
982,Sai Contractor,padmanabhanneel@example.org,8023621921,Loni,West Bengal,East,Regular,2023-02-23
983,Vrinda Agrawal,girindra61@example.org,6385588195,Nandyal,Tamil Nadu,South,Regular,2025-12-14
984,Lakshmi Varughese,bediharinakshi@example.org,08931869289,Malegaon,Bihar,East,Regular,2023-04-29
985,Garima Mukhopadhyay,charyoshita@example.org,+917200283948,Berhampur,Himachal Pradesh,North,Regular,2026-01-11
986,Daniel Krishnan,mallarya@example.com,03281165993,Cuttack,Andhra Pradesh,South,Regular,2023-03-10
987,Joshua Banik,chandreshmalhotra@example.net,2322775213,Jammu,Chhattisgarh,Central,Premium,2025-09-27
988,Yahvi Chander,dnayak@example.com,06300593777,Sikar,Maharashtra,West,Regular,2022-10-15
989,Udarsh Deo,bajajneel@example.net,+916174690298,Jamshedpur,West Bengal,East,Occasional,2026-06-14
990,Adya Kota,ekalinga96@example.com,+912913167080,Machilipatnam,Gujarat,West,Premium,2025-12-13
991,Omisha Ramaswamy,ybaria@example.org,6219865504,Rohtak,Andhra Pradesh,South,Regular,2024-12-24
992,Ridhi Sankar,rhegde@example.com,3396504962,Jhansi,Delhi,North,Regular,2023-11-21
993,Lekha Desai,fdalal@example.com,+914362585421,Deoghar,Bihar,East,Regular,2023-03-01
994,Guneet Reddy,wriddhishmukhopadhyay@example.net,+919964338532,Jaunpur,Karnataka,South,Regular,2025-09-26
995,Dakshesh Patla,umangkorpal@example.com,+910311587605,Uluberia,Chhattisgarh,Central,Premium,2023-05-28
996,Madhavi Luthra,ynarayanan@example.com,09453536597,Singrauli,Andhra Pradesh,South,Regular,2026-04-14
997,Devansh Sankar,avnidate@example.org,+915450809594,Mau,Karnataka,South,Occasional,2024-04-03
998,Luke Naidu,lakshmi64@example.com,+911307423591,Bokaro,Jammu & Kashmir,Central,Regular,2023-05-26
999,Bhavika Ben,rohan32@example.com,+914543079637,Vasai-Virar,Tamil Nadu,South,New,2024-03-31
1000,Ayushman Walla,tandonishani@example.org,+911158718452,Mirzapur,Tamil Nadu,South,Premium,2026-06-21
1001,Patrick Sant,rlad@example.net,7017320865,Korba,Goa,West,Occasional,2026-01-30
1002,Turvi Sethi,qushiratta@example.net,06337014005,Bahraich,Bihar,East,Regular,2026-06-17
1003,Aryan Pillai,zilmil00@example.org,+917221425731,Indore,Uttar Pradesh,North,Premium,2026-07-30
1004,Utkarsh Dasgupta,mitaliwadhwa@example.net,1720313695,Jamnagar,Jammu & Kashmir,Central,Premium,2025-03-07
1005,Patrick Bala,vedhikakoshy@example.com,+915953322273,Nagaon,Himachal Pradesh,North,New,2024-10-24
1006,Aarav Mani,urvi35@example.org,+913661850761,Suryapet,Telangana,South,Premium,2025-03-06
1007,Yasti Grover,ytank@example.org,2360107126,Raichur,Andhra Pradesh,South,Regular,2024-07-25
1008,Qadim Chakraborty,tsaran@example.com,4673574223,Jamnagar,Uttar Pradesh,North,Premium,2025-05-09
1009,Yashoda Badal,masterzehaan@example.org,08922256062,Rajpur Sonarpur,Uttar Pradesh,North,Premium,2023-03-20
1010,Lopa Kibe,ekonda@example.net,+918046741307,Berhampur,Chhattisgarh,Central,Premium,2024-03-11
1011,Jairaj Naik,agastyabora@example.org,02608463975,Rajkot,Haryana,North,Occasional,2026-04-03
1012,Vamakshi Bath,eiravati49@example.org,+911516411955,Darbhanga,Andhra Pradesh,South,New,2023-12-12
1013,Keya Kakar,shravya87@example.com,+910702042620,Mehsana,Uttarakhand,Central,Regular,2022-09-07
1014,Gaurav Doctor,ethan39@example.org,6967897609,Thrissur,Andhra Pradesh,South,Occasional,2023-01-08
1015,Pooja Swaminathan,fkashyap@example.net,+912760759889,Tinsukia,Delhi,North,Premium,2022-12-05
1016,Warjas Johal,samaksh19@example.org,6543089523,Ulhasnagar,Haryana,North,Regular,2024-05-26
1017,Jai Biswas,arjun57@example.com,04974700026,Tenali,Punjab,North,Premium,2022-10-21
1018,Radhika Taneja,kmishra@example.com,7416365604,Patna,Uttarakhand,Central,Regular,2023-11-30
1019,Yash Pandit,thomas73@example.org,6496927711,Durgapur,Maharashtra,West,Premium,2022-09-16
1020,Udant Nagi,chandranprabhakar@example.net,00255128276,Purnia,Jammu & Kashmir,Central,Regular,2025-01-12
1021,Farhan Murthy,gautami96@example.com,06634544344,Farrukhabad,Haryana,North,Regular,2023-11-20
1022,Meghana Konda,aarnamajumdar@example.net,04394640882,Rajahmundry,Karnataka,South,Premium,2025-03-19
1023,Xiti Salvi,vanshakamdar@example.net,8894132109,Bikaner,Maharashtra,West,Regular,2022-10-25
1024,Ishwar Srinivas,srinivaseta@example.com,5346557922,Sambalpur,Gujarat,West,Regular,2022-11-15
1025,Chasmum Mall,ymodi@example.org,+919390025121,Surendranagar Dudhrej,Punjab,North,Regular,2022-08-27
1026,Ishani Wadhwa,vgupta@example.net,07086199314,Suryapet,Jammu & Kashmir,Central,Regular,2024-01-11
1027,Aashi Narang,orama@example.org,+913885034236,Bhavnagar,Tamil Nadu,South,Regular,2023-11-18
1028,Robert Mukherjee,lmaster@example.com,03104379686,Patna,Tamil Nadu,South,Regular,2022-10-03
1029,Lohit Mand,jbedi@example.net,+917741743043,Howrah,Assam,East,Premium,2024-12-16
1030,Jeevika Batta,neelmand@example.com,05275233282,Bangalore,Bihar,East,Regular,2023-04-10
1031,Krish Narayanan,nchokshi@example.org,+913033467711,Sirsa,West Bengal,East,New,2023-03-11
1032,Raksha Sane,vanyapalan@example.com,+910245301239,Morbi,Haryana,North,New,2024-03-01
1033,Ayush Kalita,karan02@example.net,07190172224,Dindigul,Assam,East,Regular,2023-05-04
1034,Odika Lad,echaudry@example.net,7546199240,Karimnagar,Jammu & Kashmir,Central,Regular,2022-11-10
1035,Ridhi Dube,vdivan@example.net,+912259095668,Rohtak,Goa,West,Regular,2025-05-01
1036,Yug Sunder,raghavseth@example.net,+912121101878,Noida,Chhattisgarh,Central,Regular,2026-07-03
1037,Ojasvi Bedi,shachandran@example.com,00392519994,Mangalore,West Bengal,East,New,2025-07-29
1038,Imaran Tak,geraparth@example.org,06433872205,Jalgaon,Uttar Pradesh,North,New,2025-02-26
1039,Keya Goda,rnagi@example.com,6330833444,Surat,Delhi,North,New,2023-03-24
1040,Yashoda Narayanan,madanucchal@example.org,+910596851953,Mehsana,Uttar Pradesh,North,Regular,2023-11-28
1041,Mekhala Sane,nathanielnadig@example.com,+914277752259,Pune,Jharkhand,East,Occasional,2023-09-15
1042,Mohini Palla,dharkrish@example.org,5922941156,Kalyan-Dombivli,Tamil Nadu,South,Premium,2024-05-22
1043,Diya Ratti,rajatakonda@example.com,2629420661,Rampur,Gujarat,West,Regular,2023-04-04
1044,Harinakshi Chatterjee,samarthchhabra@example.org,8004983211,Saharanpur,Goa,West,Regular,2025-04-06
1045,Faraj Pradhan,yasti15@example.net,+916868764019,Bettiah,Rajasthan,North,Regular,2023-01-05
1046,Dalbir Ramachandran,dalaja20@example.org,02987787358,Munger,Jammu & Kashmir,Central,Occasional,2024-01-01
1047,Baghyawati Rastogi,jagat96@example.net,+913421926221,South Dumdum,Karnataka,South,New,2025-04-28
1048,Devansh Bath,nihal94@example.net,+911478911797,Vellore,Punjab,North,Regular,2022-09-07
1049,Gopal Dyal,indrajitbahri@example.org,+916660200053,Panvel,Goa,West,New,2025-02-10
1050,Meghana Gulati,aggarwalekanta@example.net,+915243838058,Erode,Odisha,East,Regular,2024-01-16
1051,David Bhasin,irao@example.net,02763328389,Kurnool,Maharashtra,West,Regular,2026-03-12
1052,Nikita Chacko,ishaan86@example.org,07136841013,Dibrugarh,Assam,East,New,2023-07-11
1053,Sai Kara,hardikzachariah@example.net,3527918750,Ongole,Chhattisgarh,Central,Premium,2025-12-22
1054,Girish Bassi,lprabhakar@example.org,+918814319279,Alappuzha,Uttarakhand,Central,Occasional,2024-09-15
1055,Yahvi Choudhry,oni98@example.net,+918457202665,Deoghar,Telangana,South,New,2023-02-09
1056,Irya Chandra,ekiyasem@example.org,09899255394,Bangalore,Karnataka,South,Regular,2024-03-31
1057,Chanchal Deshpande,saxenaamrita@example.net,02966941799,Shivpuri,Maharashtra,West,Regular,2025-11-10
1058,Tanvi Mohanty,jkumer@example.com,9946418398,Gorakhpur,West Bengal,East,Occasional,2022-09-14
1059,Xavier Mani,ovenkataraman@example.com,+916988164980,Ramagundam,Himachal Pradesh,North,Regular,2024-05-11
1060,Ojas Varma,uanne@example.org,+910262706648,Surat,West Bengal,East,Regular,2023-12-15
1061,Anika Warrior,jagrati81@example.org,+918898305748,Tadipatri,Andhra Pradesh,South,Premium,2026-03-08
1062,Adweta Cherian,ojasvi30@example.org,05000305661,Kurnool,Uttar Pradesh,North,New,2025-02-21
1063,Lila Master,lalrehaan@example.com,4679087018,Nanded,Delhi,North,Occasional,2022-09-07
1064,Azaan Chowdhury,prishapradhan@example.net,+910344442990,Karawal Nagar,Uttarakhand,Central,New,2024-05-16
1065,Pahal Rattan,nitesh40@example.com,+912155996725,Mangalore,Jharkhand,East,Occasional,2023-10-12
1066,Jeet Anand,warinder34@example.com,+914747648455,Ghaziabad,Rajasthan,North,Regular,2023-05-25
1067,Onkar Char,umangmunshi@example.org,01245531290,Kulti,Andhra Pradesh,South,Regular,2024-06-20
1068,Qasim Chand,sodhiwarjas@example.net,+917726488395,Pondicherry,Chhattisgarh,Central,Regular,2024-04-15
1069,Onveer Golla,onkar52@example.net,01618575917,Pimpri-Chinchwad,Karnataka,South,Regular,2024-12-19
1070,Champak Patil,george47@example.com,04735352478,Gorakhpur,Jharkhand,East,New,2024-01-15
1071,Jagat Parekh,tripti34@example.com,3053788033,Bettiah,Odisha,East,Premium,2026-02-26
1072,Fiyaz Biswas,wriddhishverma@example.net,+916087882815,Nangloi Jat,Tamil Nadu,South,Occasional,2023-07-16
1073,Ronith Andra,radhika25@example.net,+915217465353,Anand,Telangana,South,Regular,2024-12-02
1074,Yauvani Chhabra,pavani73@example.com,06717762969,Tirupati,Uttar Pradesh,North,Regular,2022-10-28
1075,Meghana Deshpande,krisha64@example.com,+919999001089,Nangloi Jat,Jharkhand,East,Regular,2023-07-26
1076,Vivaan Oak,girishchada@example.net,6844246488,Udupi,Bihar,East,Premium,2023-07-31
1077,Kamala Sarma,kamalaswaminathan@example.com,9582819022,Gandhidham,Goa,West,New,2025-10-21
1078,Ethan Devan,raghav97@example.org,00598445143,Mehsana,Uttar Pradesh,North,New,2025-10-12
1079,Mahika Virk,butalaqabil@example.net,+910388568119,Phagwara,Assam,East,Regular,2025-11-05
1080,Anvi Nayar,bajajojas@example.org,07905528669,Korba,Bihar,East,Regular,2024-09-13
1081,Gaurav Munshi,shettyadvik@example.net,03260119391,Kulti,Kerala,South,Regular,2026-02-10
1082,Urvi Mohanty,divyapalla@example.org,+916090858181,Anantapuram,Himachal Pradesh,North,Regular,2026-04-05
1083,Krishna Mistry,triyajhaveri@example.com,+915873662713,Danapur,Tamil Nadu,South,Occasional,2024-01-03
1084,Yatan Kadakia,wyatt90@example.net,+915856154731,Kharagpur,Gujarat,West,Regular,2025-09-04
1085,Wriddhish Sura,ishanvipalan@example.org,+916436902837,South Dumdum,Uttar Pradesh,North,Regular,2026-02-06
1086,Nathan Sama,arout@example.com,+914281644161,Vasai-Virar,Uttar Pradesh,North,Regular,2024-07-21
1087,Ekiya Jayaraman,chandani64@example.org,01038802730,Asansol,Goa,West,New,2025-04-06
1088,Sathvik Sami,yashodharachaudry@example.com,4471893953,Ramgarh,Rajasthan,North,Premium,2024-09-05
1089,Omya Tandon,slad@example.net,0922884987,Imphal,Delhi,North,Occasional,2024-05-12
1090,Isaac Khalsa,sudiksha27@example.org,04306881164,Panihati,Andhra Pradesh,South,New,2025-10-26
1091,Yahvi Virk,tripathiwakeeta@example.org,7758333647,Kanpur,Haryana,North,Regular,2023-11-28
1092,Girindra Kaul,aroraisaiah@example.com,+918602826254,Thane,Maharashtra,West,Regular,2026-02-20
1093,Ekansh Garde,frederickbanerjee@example.net,5772044100,Gudivada,Uttarakhand,Central,New,2026-07-17
1094,Harish Kale,anikaprabhu@example.org,1097941224,Bhopal,Madhya Pradesh,West,Regular,2026-03-07
1095,Matthew Ramakrishnan,niharika32@example.org,01742240432,Salem,Gujarat,West,Regular,2025-02-09
1096,Balendra Hans,lavanya86@example.org,6307028672,Saharanpur,Kerala,South,Regular,2023-01-26
1097,Azad Nayak,mahikasachdeva@example.net,+911953689005,Fatehpur,Tamil Nadu,South,Premium,2025-12-04
1098,Ayushman Bhasin,talwaryagnesh@example.org,09007397130,Tirunelveli,Chhattisgarh,Central,Premium,2025-03-08
1099,Ikbal Jayaraman,vbarman@example.net,01672210454,Gorakhpur,Madhya Pradesh,West,New,2023-04-17
1100,Oliver Biswas,dahuja@example.com,03602344225,Tiruchirappalli,Maharashtra,West,Regular,2024-09-20
1101,Alexander Dhawan,pratyush39@example.com,+912094477269,Dhule,Gujarat,West,Regular,2025-05-14
1102,Osha Pandit,girindra32@example.com,01794802455,Gorakhpur,Chhattisgarh,Central,Premium,2025-06-24
1103,Karan Cherian,choudhryekaja@example.net,1268649864,Miryalaguda,Chhattisgarh,Central,Occasional,2024-03-27
1104,Jonathan Kala,draghavan@example.org,8447408378,Buxar,Jharkhand,East,Premium,2024-06-06
1105,Vritti Manne,fredericksarkar@example.com,+910698369235,Alwar,Goa,West,Occasional,2023-01-29
1106,Yashvi Sarkar,saumya08@example.org,+913986546220,Amritsar,Uttarakhand,Central,Regular,2024-11-28
1107,Vyanjana Divan,parmerfalguni@example.org,+913000088634,Malda,Tamil Nadu,South,Regular,2023-04-27
1108,Aayush Aggarwal,darazayyan@example.org,00091692327,Sirsa,Tamil Nadu,South,New,2023-08-18
1109,Chaitanya Rama,nayarcharita@example.net,+918674630009,Muzaffarnagar,West Bengal,East,New,2025-10-07
1110,Jagat Chatterjee,sanayabutala@example.org,1519854582,Jalgaon,Goa,West,New,2023-09-02
1111,Abha Arora,patilsamar@example.com,+914660756999,Anantapuram,Karnataka,South,Regular,2022-09-09
1112,Nidhi Sankaran,tdivan@example.org,+910824028182,Korba,Kerala,South,Premium,2025-02-01
1113,Bhavya Agarwal,mahikadhaliwal@example.org,5817452735,Bulandshahr,Uttar Pradesh,North,Premium,2024-10-17
1114,Tristan Padmanabhan,abadal@example.com,+912918285181,Coimbatore,Goa,West,Occasional,2023-12-09
1115,Falak Pal,mangatmitali@example.org,+910792304660,Guwahati,Karnataka,South,Regular,2025-04-14
1116,Luke Shanker,balangaurav@example.net,2329615120,Katihar,Odisha,East,Occasional,2023-02-26
1117,Advay Tank,wsaran@example.com,+914460422763,Yamunanagar,Himachal Pradesh,North,New,2025-08-27
1118,Hredhaan Chakrabarti,warjas05@example.com,3472435861,Alappuzha,Jammu & Kashmir,Central,Regular,2026-02-13
1119,Nihal Nadkarni,datetara@example.net,+916708666562,Bally,Andhra Pradesh,South,Premium,2024-11-19
1120,Nilima Sathe,chaaya77@example.org,2903500618,Orai,Andhra Pradesh,South,Regular,2022-12-08
1121,Charvi Dhingra,wahabmunshi@example.com,+914046682121,Bhiwani,Uttar Pradesh,North,Premium,2025-01-06
1122,Ishani Gade,aahana92@example.org,04411197388,Bettiah,Rajasthan,North,Premium,2026-03-14
1123,Zaid Agate,tkaur@example.org,09488218849,Jorhat,Assam,East,Regular,2023-03-27
1124,Nidhi Lad,palanguneet@example.org,+912125434123,Kochi,Kerala,South,New,2022-09-17
1125,Charan Mukhopadhyay,pagrawal@example.com,+911860032031,Jamalpur,West Bengal,East,Regular,2025-08-16
1126,Faris Chakraborty,bachittar03@example.com,01317197860,Munger,Jammu & Kashmir,Central,Occasional,2026-02-18
1127,Isha Behl,guneet94@example.net,08550113753,Bettiah,Rajasthan,North,New,2026-05-16
1128,Arin Sodhi,sachivirk@example.net,+917279037161,Bhopal,Haryana,North,New,2023-04-26
1129,Upma Dubey,samakshrajagopalan@example.com,07183753076,Chennai,Maharashtra,West,Regular,2024-12-17
1130,Alexander Peri,udyati80@example.org,+914432362216,Yamunanagar,Bihar,East,Occasional,2023-05-21
1131,Indira Shah,mitali70@example.com,05169139521,Pimpri-Chinchwad,Madhya Pradesh,West,Premium,2025-03-04
1132,Niharika Misra,lipikabora@example.org,00335084243,Udupi,Telangana,South,New,2025-09-28
1133,Laksh Mani,yahvi13@example.org,+914169105302,Arrah,Uttarakhand,Central,Regular,2024-11-25
1134,Krishna Soni,lipika46@example.net,+913953481105,Kochi,Chhattisgarh,Central,Regular,2026-06-28
1135,Wishi Salvi,nachiket78@example.net,01573855128,Sultan Pur Majra,Bihar,East,Regular,2026-05-10
1136,Forum Chaudhari,vivaanpradhan@example.net,08155426097,Ambattur,Himachal Pradesh,North,Occasional,2026-06-21
1137,Anirudh Dube,brinda65@example.com,07720517107,Ghaziabad,Maharashtra,West,Regular,2025-09-25
1138,Jason Pathak,wlall@example.net,08370317543,Gaya,Assam,East,Regular,2026-02-16
1139,Chaman Bora,yahvi57@example.net,+916029254686,Hospet,Chhattisgarh,Central,Occasional,2026-05-23
1140,Chakradev Sen,qsangha@example.org,+917632713538,Fatehpur,Kerala,South,New,2023-05-27
1141,Ishita Dass,raaginithaman@example.com,0604886932,Thanjavur,Kerala,South,Occasional,2024-05-21
1142,Wahab Lad,palanatharv@example.net,9273961597,Bardhaman,Tamil Nadu,South,New,2025-12-05
1143,Dipta Handa,nisha70@example.net,08977554261,New Delhi,Jharkhand,East,Regular,2025-11-30
1144,Manan Golla,zkade@example.net,+917320222711,Madhyamgram,Karnataka,South,New,2026-02-23
1145,Vrishti Sandhu,swamyhredhaan@example.com,+910429851448,Gangtok,Odisha,East,New,2026-02-21
1146,Bachittar Prasad,hemangsandal@example.net,+913922026980,Shimoga,Delhi,North,Regular,2024-12-18
1147,Amruta Tandon,bhatpahal@example.net,+911770316370,Hyderabad,Gujarat,West,New,2023-05-25
1148,Rushil Joshi,odikashanker@example.org,04693172947,New Delhi,Madhya Pradesh,West,Regular,2022-10-02
1149,Tristan Bali,qnair@example.org,+915998519393,Surendranagar Dudhrej,Maharashtra,West,New,2026-07-04
1150,Wakeeta Gole,duttajacob@example.com,+915049602667,Bathinda,Jammu & Kashmir,Central,New,2025-08-04
1151,Sudiksha Ganesan,ishani39@example.com,09950708864,Gurgaon,Karnataka,South,Premium,2026-02-12
1152,Januja Sachar,garachaitanya@example.net,+911929022154,Udupi,Haryana,North,Regular,2025-10-17
1153,Aashi Banerjee,oscardugar@example.com,+913320235102,Bathinda,West Bengal,East,Regular,2022-10-01
1154,Ishaan Kara,bhanumati50@example.org,09888439333,Durg,Andhra Pradesh,South,Regular,2024-01-28
1155,Meera Gade,adeo@example.net,+915983124412,Raiganj,Rajasthan,North,Occasional,2026-03-24
1156,Maya Munshi,dakshdalal@example.org,+917631774954,Amritsar,Haryana,North,Premium,2025-12-05
1157,Leena Gopal,girik93@example.com,09192267131,Serampore,Uttarakhand,Central,New,2026-06-20
1158,Kabir Sampath,urvashi52@example.net,6461209617,Indore,Gujarat,West,Premium,2023-08-07
1159,Amruta Murty,anamikabhat@example.org,+911153550514,Kolhapur,Gujarat,West,Regular,2022-08-19
1160,Chandani Khanna,varugheseriya@example.com,7247925422,Orai,Bihar,East,Occasional,2023-01-14
1161,Aachal Nagy,goleabhimanyu@example.com,7706769333,Giridih,Goa,West,New,2024-12-06
1162,Irya Chandran,dakshesh25@example.com,8464085858,Hosur,Bihar,East,Regular,2025-02-12
1163,Rajeshri Sridhar,nidhigera@example.org,8467292543,Dindigul,Madhya Pradesh,West,Regular,2023-05-05
1164,Om Dutt,qadimpalla@example.org,+918256247286,Giridih,West Bengal,East,Regular,2022-12-14
1165,Pranit Arya,garanicholas@example.org,01499290096,Tirunelveli,Assam,East,Premium,2025-11-05
1166,Balveer Desai,arastogi@example.com,00956321740,Ahmednagar,Delhi,North,Regular,2026-02-23
1167,Chandresh Chad,yatanprabhakar@example.org,9222471193,Kolkata,West Bengal,East,Premium,2025-03-23
1168,Oni Bail,triyasunder@example.net,+915646160762,Ichalkaranji,Haryana,North,New,2025-07-26
1169,Advaith Aurora,vedant72@example.org,06176231336,Ahmedabad,Madhya Pradesh,West,New,2023-07-17
1170,Barkha Chander,imistry@example.org,1654413727,Munger,West Bengal,East,Premium,2025-05-06
1171,Vansha Salvi,samisathvik@example.com,4290461755,Sasaram,Gujarat,West,Regular,2024-11-02
1172,Anmol Chadha,lgulati@example.com,2024837444,Mehsana,Goa,West,Regular,2024-12-14
1173,Amruta Pai,ynayak@example.org,6947902548,Kamarhati,Haryana,North,Regular,2023-04-30
1174,Omya Barman,unni23@example.net,04100953855,Agartala,Bihar,East,New,2024-03-21
1175,Mahika Mallick,ekanibabu@example.org,3781460476,Durg,Chhattisgarh,Central,Regular,2023-05-09
1176,Yashasvi Virk,anya37@example.org,06187564672,Muzaffarpur,Delhi,North,New,2023-07-23
1177,Jhalak Mishra,venkataramankashish@example.net,9900277291,Hazaribagh,Uttarakhand,Central,Occasional,2024-04-30
1178,Banjeet Sha,sbahri@example.org,06605033746,Rajpur Sonarpur,Chhattisgarh,Central,Premium,2023-12-03
1179,Vasudha Sarraf,anthonyravel@example.com,1822266794,Srikakulam,Madhya Pradesh,West,Occasional,2022-09-23
1180,Yashoda Tripathi,nnarasimhan@example.net,09067396342,Silchar,Gujarat,West,Premium,2022-09-06
1181,Ekantika Bains,lakshit21@example.net,00486186706,Tiruppur,Punjab,North,Occasional,2022-09-18
1182,Ekaraj Ratti,alexandersom@example.org,9289198271,Gurgaon,Rajasthan,North,Premium,2023-05-29
1183,Samar Kaul,dchana@example.net,+918649426942,Tiruppur,Jammu & Kashmir,Central,New,2025-08-07
1184,Gagan Khanna,chasmum90@example.org,05996706921,Siwan,Chhattisgarh,Central,Regular,2025-08-31
1185,Aarnav Pillai,nicholas43@example.net,4302178167,Kharagpur,Gujarat,West,Occasional,2024-06-24
1186,Anika Kapadia,ozacharles@example.org,04928150370,Fatehpur,Karnataka,South,New,2025-04-22
1187,Nitara Misra,sehgalchanakya@example.org,+918808172628,Ghaziabad,Tamil Nadu,South,Regular,2022-11-04
1188,Chaman Mistry,ayushman07@example.org,8959274116,Bhusawal,Gujarat,West,Occasional,2024-05-17
1189,Lekha Choudhary,urmiravi@example.com,+910808203917,Akola,Telangana,South,Regular,2026-08-06
1190,Robert Lalla,amruta35@example.net,02458701204,Bihar Sharif,Delhi,North,Regular,2026-07-15
1191,Tanveer Reddy,chananachiket@example.org,05302849760,Phagwara,Goa,West,New,2023-04-21
1192,Aadi Deo,xavier65@example.org,4055364818,Arrah,Uttarakhand,Central,Occasional,2024-03-19
1193,Amol Kibe,gmagar@example.net,+911597738546,Saharanpur,Himachal Pradesh,North,Premium,2025-12-03
1194,Vihaan Sangha,rajneha@example.com,9864912594,Akola,Uttarakhand,Central,Regular,2023-06-14
1195,Aahana Grewal,kgour@example.com,9206661799,Belgaum,Karnataka,South,Premium,2023-03-09
1196,Krishna Dubey,tanveernagi@example.net,7688777925,Ahmedabad,Chhattisgarh,Central,Occasional,2023-06-01
1197,Yatin Kumar,chandranvirk@example.com,3153983912,Sambhal,Chhattisgarh,Central,New,2023-11-22
1198,Aayush Bhavsar,chameli07@example.com,+919143049134,Pune,Uttarakhand,Central,New,2022-08-27
1199,Ekanta Doshi,cdeo@example.net,8656422405,Pimpri-Chinchwad,Jharkhand,East,New,2023-06-25
1200,Vivaan Nayar,azaansundaram@example.com,09194896298,Uluberia,Jammu & Kashmir,Central,Premium,2024-10-25
1201,Aayush Chada,ppatla@example.net,+917966186957,Ramagundam,Kerala,South,Regular,2024-04-27
1202,Dayita Kota,vritti41@example.net,+915313795610,Mehsana,Jammu & Kashmir,Central,New,2026-03-23
1203,Ronith Gara,tanejainaya@example.org,+916192025999,Gudivada,Maharashtra,West,Regular,2024-09-11
1204,Rishi Kade,mbaria@example.com,2444748904,Chinsurah,Bihar,East,Regular,2023-06-16
1205,Ojasvi Dave,divyabhatti@example.org,7651917085,Karawal Nagar,Goa,West,New,2022-09-20
1206,Ojas Yohannan,farhan45@example.com,+914091858055,Bareilly,Haryana,North,New,2025-07-26
1207,Abha Madan,ppau@example.net,1607700409,Ahmedabad,Odisha,East,Regular,2023-12-23
1208,Eiravati Muni,zachariaanya@example.org,+919822180396,Nanded,Maharashtra,West,Occasional,2025-08-29
1209,William Varkey,mohini40@example.net,08802652951,Ichalkaranji,Karnataka,South,Regular,2025-11-15
1210,Samuel Jani,hemasahni@example.org,+910397440880,Morbi,Goa,West,Regular,2025-07-22
1211,Brijesh Ganguly,dalalgeorge@example.net,4311326611,Siwan,Maharashtra,West,Regular,2022-10-17
1212,Champak Oza,mohinikhosla@example.org,1196047220,Kamarhati,Andhra Pradesh,South,New,2023-10-14
1213,Abhimanyu Soni,xmahajan@example.net,04708231714,Srinagar,Uttarakhand,Central,New,2025-03-02
1214,Yagnesh Magar,zsunder@example.com,02623596053,Durgapur,Chhattisgarh,Central,Regular,2026-02-10
1215,Ethan Warrior,amol25@example.com,7036860506,Kalyan-Dombivli,Uttarakhand,Central,Regular,2025-10-18
1216,William Saraf,prabhakarchaitanya@example.org,8164098910,Dharmavaram,Jammu & Kashmir,Central,Regular,2024-04-18
1217,Nitesh Bhargava,ayushdhar@example.com,+910945237597,Ahmednagar,Karnataka,South,New,2022-10-19
1218,Rachit Ramanathan,bawaqushi@example.org,+917574544920,Baranagar,Tamil Nadu,South,Premium,2026-04-05
1219,Bhavika Narayan,yoshitachana@example.org,0818965583,Ichalkaranji,Bihar,East,Regular,2025-10-15
1220,Mitali Ravi,oliverprabhakar@example.org,+917970566036,Bidar,Madhya Pradesh,West,Premium,2025-11-07
1221,Dayita Sampath,semadvaith@example.com,02660235158,Indore,Himachal Pradesh,North,Regular,2026-03-09
1222,Rushil Agrawal,sastryvictor@example.net,1671560587,Dindigul,Jharkhand,East,Premium,2022-11-30
1223,Aadhya Mittal,kadakiayatan@example.net,04794064531,Bhind,Andhra Pradesh,South,Premium,2023-02-28
1224,Eiravati Sharma,buchmitali@example.com,4693656183,North Dumdum,Odisha,East,Regular,2025-02-03
1225,Aishani Sharma,xamble@example.net,00237718430,Phusro,West Bengal,East,Regular,2025-08-24
1226,Atharv Parsa,psuresh@example.org,+912973239644,Gaya,Maharashtra,West,Regular,2023-05-27
1227,Ekanta Khatri,meghasharma@example.com,9242773923,Ajmer,Chhattisgarh,Central,New,2026-04-22
1228,William Gopal,chandrazayan@example.net,+911693328442,Bihar Sharif,Karnataka,South,Regular,2022-10-23
1229,Manthan Andra,unarula@example.org,04526075699,Panihati,Maharashtra,West,New,2024-09-18
1230,Jeet Balan,ramaswamybhavani@example.org,+912262277773,Aurangabad,Punjab,North,Occasional,2024-12-15
1231,Mitali Ratti,vanya07@example.org,+918503605952,Bhavnagar,Telangana,South,New,2024-05-16
1232,Frado Barad,umishra@example.org,+917406758267,Durgapur,Kerala,South,Premium,2025-04-16
1233,Qushi Dutta,baralyash@example.net,03856461497,Satna,Odisha,East,Regular,2024-03-10
1234,Sathvik Chawla,vedhikamall@example.net,+914986099550,Kavali,Goa,West,Premium,2025-02-21
1235,Luke Saha,nminhas@example.org,+913946121289,Vasai-Virar,Andhra Pradesh,South,Regular,2025-08-06
1236,Harinakshi Kari,amol01@example.org,7622398474,Nanded,Jammu & Kashmir,Central,Regular,2024-01-05
1237,Triya Thaman,gbhatt@example.net,2237887058,Jabalpur,Delhi,North,Premium,2024-01-23
1238,Leena Bose,aadhyapingle@example.com,07998460586,Agartala,Assam,East,Premium,2024-04-05
1239,Reyansh Khurana,saxenamitesh@example.org,01080926166,Chennai,Uttarakhand,Central,Regular,2025-01-09
1240,Ekantika Parekh,shivani86@example.com,07865557512,Nandyal,Punjab,North,Regular,2023-01-12
1241,Abdul Amble,rajusanya@example.com,6824051665,Anantapur,Odisha,East,New,2024-06-11
1242,Parth Kunda,abha18@example.net,7402338686,Anand,Odisha,East,Regular,2023-01-24
1243,Eesha Singhal,bhattsneha@example.org,+916309442386,Malegaon,Chhattisgarh,Central,New,2025-11-28
1244,Chanakya Zachariah,azaanmall@example.net,+913490961979,Ramgarh,Uttarakhand,Central,New,2022-10-21
1245,Krishna Mahajan,michael84@example.org,+915694804507,Raichur,Tamil Nadu,South,New,2026-05-06
1246,Vyanjana Mistry,nagywishi@example.net,3940598026,Gulbarga,Odisha,East,Occasional,2025-10-25
1247,Anamika Din,kaulgautam@example.com,9258490734,Thane,Madhya Pradesh,West,New,2025-08-30
1248,Ria Sharaf,imangal@example.com,05951418648,Panihati,Jammu & Kashmir,Central,Occasional,2023-07-31
1249,Ekaja Venkatesh,zvarkey@example.com,+919623326058,Parbhani,Kerala,South,New,2022-08-17
1250,Osha Srivastava,zaitra31@example.com,+910662931518,Bhind,Telangana,South,Premium,2023-04-26
1251,Chaitaly Din,vpathak@example.net,06989062327,Muzaffarnagar,Goa,West,Premium,2024-11-29
1252,Jagat Seshadri,doshionveer@example.org,09006548708,Kirari Suleman Nagar,Telangana,South,Regular,2025-05-23
1253,Aashi Bobal,fsalvi@example.com,03981889073,Kottayam,Punjab,North,Regular,2024-07-05
1254,Dhruv Nagi,jbhardwaj@example.net,05896268384,Bulandshahr,Assam,East,New,2022-11-23
1255,Nachiket Badal,frastogi@example.org,+919612190518,Bhatpara,Kerala,South,New,2023-06-27
1256,Guneet Vaidya,avisuresh@example.org,06901079237,Giridih,Kerala,South,Regular,2026-07-24
1257,Lila Kashyap,anvivaidya@example.net,04970350675,Sasaram,Jharkhand,East,New,2024-12-20
1258,Zilmil Kar,hamsinipandya@example.net,00773123155,Kalyan-Dombivli,Odisha,East,Regular,2025-03-23
1259,Ria Bali,joshua18@example.com,9384440458,Vasai-Virar,Jharkhand,East,New,2025-07-05
1260,Devansh Morar,pbehl@example.net,+912350368715,Deoghar,Maharashtra,West,New,2022-12-08
1261,Baljiwan Sarma,isekhon@example.org,+913445684467,Nagpur,Jammu & Kashmir,Central,Occasional,2025-03-03
1262,Pallavi Sane,anthony16@example.org,+919573783159,Ambarnath,Punjab,North,New,2026-07-03
1263,Manan Sarna,hemangupadhyay@example.com,3029158542,Ambattur,Chhattisgarh,Central,New,2024-07-15
1264,Gautam Prashad,ekapad85@example.net,4839660734,Yamunanagar,Goa,West,Regular,2023-05-10
1265,Aachal Ramachandran,jasonpai@example.net,9584174916,Mango,Karnataka,South,Occasional,2026-03-19
1266,Agastya Edwin,farajvarghese@example.net,+916981413447,Howrah,Jharkhand,East,Occasional,2022-08-16
1267,Samar Sur,bmani@example.net,+919286433026,Ludhiana,Gujarat,West,Regular,2025-08-11
1268,Rachit Dada,ojasvipurohit@example.com,01966661025,New Delhi,Tamil Nadu,South,Premium,2025-01-21
1269,Azad Desai,kiaankannan@example.com,9801376836,Secunderabad,Kerala,South,Premium,2023-10-17
1270,Girindra Som,ubora@example.org,4461440923,Etawah,Punjab,North,Regular,2025-03-27
1271,Daksha Rana,radha42@example.com,+911863726319,Eluru,Telangana,South,New,2022-11-17
1272,Ishani Dugar,vedikasarna@example.com,01490038502,Tiruvottiyur,Maharashtra,West,Regular,2026-05-31
1273,Anika Mani,mohini72@example.org,8390473314,Bally,Madhya Pradesh,West,Regular,2022-11-18
1274,Kashvi Subramaniam,rudra25@example.org,+914978879531,Bangalore,Madhya Pradesh,West,Regular,2024-03-21
1275,Ekanta Mangal,ridhitandon@example.net,06183085800,Jorhat,Chhattisgarh,Central,New,2023-11-04
1276,Frederick Muni,fradonair@example.org,+914367862107,Motihari,Haryana,North,New,2024-08-27
1277,Chakradev Ravi,pallavi42@example.com,00680269331,Firozabad,Chhattisgarh,Central,Regular,2024-07-20
1278,Advik Raval,beraqasim@example.org,+912865505224,Jalandhar,Himachal Pradesh,North,New,2023-05-17
1279,Avi Raval,csrinivasan@example.org,01459920166,Tiruppur,Kerala,South,Regular,2023-11-04
1280,Kabir Deshmukh,arunimabarad@example.org,03922205620,Srikakulam,Punjab,North,Premium,2026-03-22
1281,Faqid Comar,aahanawarrior@example.com,+913913325286,Kakinada,Bihar,East,Regular,2025-10-31
1282,Aachal Nayak,vmander@example.org,+914286449760,Bilaspur,Haryana,North,Occasional,2023-04-14
1283,Pushti Hans,owen09@example.com,+916773498529,Ahmednagar,Goa,West,Regular,2025-02-03
1284,George Natt,leelaraval@example.com,09147625380,Erode,Kerala,South,Occasional,2024-02-16
1285,Amaira Solanki,theodore36@example.net,5247466535,Kishanganj,Goa,West,New,2023-11-21
1286,Joshua Nori,miteshmann@example.org,6792415712,Gurgaon,Andhra Pradesh,South,Regular,2025-01-29
1287,Ekiya Madan,bhaviniroy@example.net,08639061682,Buxar,Karnataka,South,Regular,2023-06-13
1288,Faras Sagar,pandyaudarsh@example.net,1168371030,Dhule,Rajasthan,North,Premium,2024-08-11
1289,Ladli Bhargava,xganesan@example.org,+914896780826,Chapra,Haryana,North,New,2024-08-17
1290,Karan Das,mitali39@example.com,06254292645,Tiruppur,Punjab,North,New,2023-07-01
1291,Ikbal Sharma,charitaapte@example.org,09481126649,Hubli–Dharwad,Assam,East,Premium,2026-07-06
1292,Siya Bal,nkapur@example.com,+919101612590,Rewa,Chhattisgarh,Central,New,2025-04-01
1293,Anita Bandi,hayerupkaar@example.org,04376734814,Phusro,Delhi,North,New,2025-11-29
1294,Gaurang Bhatia,sarafwakeeta@example.net,+910148116049,Nagpur,Madhya Pradesh,West,Regular,2024-12-06
1295,Neel Barad,omishasahni@example.org,08019903421,Rampur,Uttarakhand,Central,Premium,2022-10-24
1296,Chasmum Lal,darpankadakia@example.com,+911607917913,Allahabad,Karnataka,South,New,2024-09-29
1297,Vasana Chaudhary,tandonjack@example.org,+911940247028,Ramagundam,Haryana,North,Regular,2022-12-14
1298,Kevin Walla,umistry@example.org,01936785764,Maheshtala,Himachal Pradesh,North,Premium,2023-01-01
1299,William Buch,tatacharvi@example.net,+916194232154,Aurangabad,Jammu & Kashmir,Central,New,2025-03-09
1300,Fitan Nayak,garimabehl@example.com,6261684552,Akola,Maharashtra,West,Premium,2025-08-18
1301,Devika Borde,dewanjanuja@example.com,01798994885,Pali,Chhattisgarh,Central,Regular,2025-10-31
1302,Yashawini Kant,balasubramaniankala@example.org,5675635584,Udaipur,Punjab,North,Regular,2025-03-08
1303,Tamanna Dugal,iraval@example.net,06504607001,Panipat,Kerala,South,New,2024-07-08
1304,Abdul Radhakrishnan,qgole@example.org,8710066890,Salem,Kerala,South,New,2023-01-31
1305,Lohit Amble,kreddy@example.org,1152232822,Miryalaguda,Bihar,East,Regular,2024-09-04
1306,Agastya Wason,urishilla52@example.net,+915999400410,Bidhannagar,Gujarat,West,New,2023-04-09
1307,Vedant Pradhan,daliayatin@example.com,0535722892,Junagadh,Goa,West,Regular,2025-03-09
1308,Jagvi Suri,shettywridesh@example.org,+918010419453,Solapur,Himachal Pradesh,North,Regular,2023-11-04
1309,Jonathan Uppal,lalabhavna@example.com,6742802188,Lucknow,Rajasthan,North,New,2025-03-21
1310,Hemangini Tank,karanucchal@example.net,1213974369,Imphal,Tamil Nadu,South,New,2024-04-01
1311,Ekantika Padmanabhan,lpradhan@example.net,00842906969,Bihar Sharif,Himachal Pradesh,North,New,2026-01-28
1312,Zinal Sanghvi,purohitekalinga@example.net,+916567337457,Gwalior,Bihar,East,Premium,2024-02-21
1313,Maanas Sawhney,ochander@example.com,8149802530,Jammu,Odisha,East,Premium,2024-04-22
1314,Naveen Rao,amruta47@example.com,+915084232423,Anand,Uttar Pradesh,North,New,2024-08-24
1315,Anusha Buch,tdate@example.org,5536915855,Ichalkaranji,Odisha,East,New,2022-08-19
1316,Leena Ghosh,aradhakrishnan@example.org,02570333295,Secunderabad,Jharkhand,East,New,2026-03-17
1317,Fitan Nagy,lilakara@example.org,00296629917,Navi Mumbai,Delhi,North,Regular,2023-05-20
1318,Naksh Dewan,avimittal@example.org,07821539266,Fatehpur,Karnataka,South,Regular,2024-09-04
1319,Meghana Kant,ishabali@example.org,+913928048502,Ranchi,Goa,West,New,2026-04-06
1320,Chanakya Cherian,yagneshkakar@example.com,3797190000,Amaravati,Haryana,North,New,2024-05-22
1321,Qushi Chaudhary,ldhingra@example.com,04718559407,Ambattur,Tamil Nadu,South,Regular,2025-05-14
1322,Hemangini Kalla,vivaanbutala@example.com,7781456474,Raiganj,Goa,West,New,2022-08-12
1323,Chakrika Pandit,hemangbuch@example.net,07666505276,Cuttack,Madhya Pradesh,West,Premium,2022-08-31
1324,Gabriel Nagi,abhakta@example.net,+919022311678,Nagpur,Tamil Nadu,South,Regular,2022-09-22
1325,Prisha Jayaraman,yatan22@example.org,7185921268,Anand,Uttar Pradesh,North,Regular,2024-04-03
1326,Thomas Tank,chackobhavika@example.org,4300037539,Latur,Uttarakhand,Central,New,2024-03-05
1327,Sarthak Dhar,rajeshri59@example.net,8669327841,Begusarai,Gujarat,West,Premium,2025-08-08
1328,Nitara Oommen,omshivansh@example.net,+910114065266,Udaipur,Assam,East,Regular,2023-06-21
1329,Thomas Pillay,dhawanvinaya@example.org,05533756569,Bulandshahr,Andhra Pradesh,South,Occasional,2024-06-11
1330,Yasti Memon,kdutta@example.com,4510462506,Tezpur,Punjab,North,Regular,2023-09-20
1331,Leela Walla,imaran20@example.com,+917672935097,Bardhaman,Haryana,North,New,2024-05-23
1332,Lakshit Bora,imaranmitra@example.com,5022347780,Hapur,Himachal Pradesh,North,New,2025-07-10
1333,Laksh Prakash,venkateshbishakha@example.net,0703398214,Miryalaguda,Jammu & Kashmir,Central,Premium,2024-09-15
1334,Xavier Hans,sdugal@example.org,4516767063,Muzaffarnagar,Chhattisgarh,Central,Occasional,2025-07-04
1335,Zinal Sandhu,aayushchowdhury@example.org,+912008484264,Kurnool,Assam,East,Premium,2025-06-19
1336,Pallavi Seth,ybajaj@example.net,+918967136054,Raebareli,Chhattisgarh,Central,Regular,2025-10-24
1337,Arjun Prabhakar,kmammen@example.net,+911324951935,Mumbai,Andhra Pradesh,South,Regular,2026-05-04
1338,Garima Manne,echoudhary@example.com,0803889044,Ghaziabad,Gujarat,West,New,2022-12-10
1339,Anita Khurana,pallnidra@example.com,5135381483,Tirupati,Jammu & Kashmir,Central,Regular,2023-10-23
1340,Indira Tiwari,hegdebrijesh@example.net,0168564717,Jamalpur,Telangana,South,New,2024-07-23
1341,Gavin Barad,turvichauhan@example.com,8837161158,Khandwa,Gujarat,West,Regular,2023-09-23
1342,Isaiah Chada,crajan@example.com,8332617050,Jorhat,Goa,West,Regular,2026-01-03
1343,Ranveer Kumer,ekalinga95@example.com,07285353399,Ichalkaranji,West Bengal,East,Premium,2023-06-30
1344,Mugdha Dhar,sidhuvasatika@example.com,0158466879,Kolkata,Jammu & Kashmir,Central,Regular,2023-04-16
1345,Abeer Doshi,samarth27@example.org,06698345150,Imphal,Tamil Nadu,South,Premium,2026-01-28
1346,Charita Sandhu,khareaayush@example.net,03089720738,Karawal Nagar,Uttarakhand,Central,Regular,2023-02-23
1347,Upasna Shah,darayachana@example.com,+915278630900,Gwalior,Madhya Pradesh,West,Regular,2025-12-26
1348,Chanakya Dhaliwal,lohit34@example.net,07305777196,Adoni,Maharashtra,West,Regular,2023-03-27
1349,Hritik Puri,radha56@example.com,06409968334,Pune,Maharashtra,West,Premium,2025-02-01
1350,Max Edwin,lakshit65@example.org,09322191439,Berhampore,Delhi,North,New,2022-09-08
1351,Bhavani Sridhar,oviyabedi@example.org,07911501016,Gurgaon,Jammu & Kashmir,Central,Regular,2022-09-14
1352,Yamini Bali,nandinipalla@example.net,3475978335,Guna,Jammu & Kashmir,Central,Regular,2022-08-25
1353,Ishita Swamy,groverhritik@example.com,6791463866,Mathura,Goa,West,Regular,2024-09-27
1354,Arin Johal,talwarliam@example.net,06528246854,Panchkula,Uttar Pradesh,North,New,2026-01-24
1355,Bina Agate,banerjeelohit@example.org,6014605190,Parbhani,Assam,East,New,2025-06-17
1356,Warhi Contractor,ujain@example.org,3356369301,Howrah,Uttarakhand,Central,New,2023-07-01
1357,Charles Vora,dominicsawhney@example.net,+910480283541,Tinsukia,Jharkhand,East,Regular,2025-09-07
1358,Chandresh Karpe,lalathomas@example.net,06613662808,Kolhapur,Tamil Nadu,South,Regular,2026-05-11
1359,Zinal Bhavsar,chavvi74@example.com,+915311058330,Mehsana,Assam,East,Premium,2023-03-12
1360,Sara Thakur,liam18@example.net,+914269376501,Shivpuri,Delhi,North,New,2026-07-26
1361,Guneet Upadhyay,zsrinivas@example.org,8836368850,Sikar,Gujarat,West,New,2024-06-05
1362,Tripti Ratti,nathangour@example.com,06788093761,Anantapur,Maharashtra,West,Regular,2026-05-08
1363,Aadi Sheth,wyatt59@example.net,+912559777265,Nadiad,Karnataka,South,Regular,2023-05-01
1364,Raghav Pingle,nadigayushman@example.org,4171657893,Kolhapur,Gujarat,West,Premium,2023-11-15
1365,Meghana Panchal,warriorridhi@example.org,1486005009,Firozabad,Kerala,South,Regular,2025-02-13
1366,Sanya Swamy,ubika03@example.net,+912930112501,Vadodara,Maharashtra,West,Occasional,2023-10-05
1367,Onveer Bajaj,jpadmanabhan@example.org,+913369318062,Ahmedabad,Chhattisgarh,Central,New,2024-09-16
1368,Rohan Bahri,advikagera@example.com,6249753740,Shimla,Madhya Pradesh,West,New,2025-12-09
1369,Aradhana Mody,apillai@example.net,04068735445,Rohtak,Chhattisgarh,Central,Occasional,2026-05-16
1370,Avni Rai,qyadav@example.com,08348348358,Kozhikode,Rajasthan,North,New,2024-01-07
1371,Warda Kalita,tramanathan@example.net,03207758708,Latur,Uttarakhand,Central,New,2026-03-31
1372,Tejas Krishnamurthy,yagnesh69@example.net,08050450509,Katihar,Gujarat,West,New,2023-04-16
1373,Ubika Gandhi,behltanvi@example.org,02939077372,Gopalpur,Karnataka,South,Regular,2023-10-04
1374,Aayush Khurana,bhatnagaroviya@example.org,08515020450,Kishanganj,Jammu & Kashmir,Central,New,2025-04-24
1375,Shaurya Oza,dhruvdewan@example.com,4337953111,Mathura,Uttarakhand,Central,Regular,2023-01-05
1376,Ayush Maharaj,nandiniparmar@example.org,04286625108,Shimla,Jammu & Kashmir,Central,New,2025-05-28
1377,Inaya Pall,hema14@example.net,00919351174,Secunderabad,Jharkhand,East,Occasional,2023-07-25
1378,Sudiksha Balay,edeshmukh@example.org,1673374612,Ratlam,Jharkhand,East,New,2023-12-10
1379,Kavya Sampath,pavanikurian@example.org,+916084818762,Giridih,Andhra Pradesh,South,Premium,2026-02-22
1380,Panini Kaur,sankarwridesh@example.org,+919951670450,Tadepalligudem,Uttarakhand,Central,New,2025-04-03
1381,Jeremiah Sahota,rkari@example.org,+913438880485,Jalna,Uttarakhand,Central,New,2026-02-08
1382,Dakshesh Dhillon,xavier64@example.com,+912823134275,Mango,Jammu & Kashmir,Central,Regular,2025-05-18
1383,Qasim Bhatt,narulabrinda@example.net,+914431834369,Kamarhati,Telangana,South,New,2024-03-22
1384,Balvan Dugar,hsule@example.net,1506291792,Sonipat,Bihar,East,Occasional,2026-07-03
1385,Siya Kala,yashodharachoudhury@example.com,+919108739221,Sikar,Telangana,South,Premium,2026-01-19
1386,Ekanta Savant,trivenisaran@example.com,+910529877074,Hindupur,West Bengal,East,New,2025-01-09
1387,Kashvi Hegde,kumaranusha@example.com,+910202683878,Kakinada,Uttarakhand,Central,Premium,2025-10-05
1388,Hiral Bhakta,diyathakur@example.com,06030409346,Karnal,Goa,West,New,2025-10-11
1389,Madhav Khatri,gtiwari@example.org,+913827210513,Parbhani,Maharashtra,West,Premium,2023-11-17
1390,Harish Mukherjee,manthanagate@example.org,+918825320831,Nagaon,Punjab,North,Regular,2024-03-17
1391,Tristan Sagar,khannagabriel@example.net,7369078947,Ongole,Uttar Pradesh,North,Regular,2023-02-16
1392,Brijesh Bajaj,kai14@example.net,1070716348,Bhopal,Kerala,South,New,2023-05-25
1393,Hemang Gole,taraahuja@example.net,01191944545,Medininagar,Tamil Nadu,South,New,2025-12-28
1394,Megha Padmanabhan,lopa19@example.org,06713771886,Khandwa,Bihar,East,New,2024-08-15
1395,Nandini Chhabra,neelimaraj@example.com,3055737138,Baranagar,Haryana,North,New,2023-08-20
1396,Noah Dey,bhavyarai@example.org,04662763304,Madurai,Rajasthan,North,New,2026-02-10
1397,Omaja Chatterjee,owen15@example.org,08319686364,Indore,Chhattisgarh,Central,New,2026-01-14
1398,Lipika Munshi,kyohannan@example.com,8703688300,Hosur,Uttarakhand,Central,Regular,2026-03-11
1399,Vedant Ratti,farhanpadmanabhan@example.net,+912912706593,Rajkot,West Bengal,East,Occasional,2023-07-19
1400,Chandresh Purohit,girindrabumb@example.net,02282471830,Jorhat,Madhya Pradesh,West,Occasional,2022-10-18
1401,Nandini Bera,rnatt@example.com,9849749979,Satna,Assam,East,Regular,2023-02-05
1402,Hredhaan Swaminathan,choudhryarya@example.net,05658189810,Solapur,Bihar,East,Premium,2023-04-19
1403,Dhriti Ray,girindrareddy@example.org,+912975572616,Narasaraopet,Gujarat,West,Occasional,2024-09-15
1404,Vinaya Tripathi,chakrabartisiddharth@example.net,9990682013,Panchkula,Assam,East,Premium,2024-05-10
1405,Wakeeta Pall,onveercontractor@example.com,+913613179854,Ranchi,Chhattisgarh,Central,New,2022-12-09
1406,Xavier Soni,ishanvimerchant@example.com,5835639981,Ongole,Kerala,South,Regular,2023-12-07
1407,Tejas Dube,ekantaoommen@example.org,04192581476,Aligarh,Uttar Pradesh,North,Occasional,2026-03-25
1408,Raghav Ravi,daramegha@example.org,9454138453,Satara,Chhattisgarh,Central,Regular,2026-02-04
1409,Charles Kibe,singhalmugdha@example.net,5909645987,Alwar,Goa,West,Premium,2024-04-08
1410,Patrick Chokshi,osule@example.org,01668113397,Haldia,Karnataka,South,Premium,2026-07-02
1411,Vanya Deshpande,srinivasupkaar@example.net,00242224198,Ghaziabad,West Bengal,East,Regular,2024-07-15
1412,Qasim Keer,tmunshi@example.org,+918144424842,Sangli-Miraj & Kupwad,Tamil Nadu,South,Regular,2024-05-12
1413,Yash Pillai,morarreva@example.com,01186156409,Kota,Assam,East,Regular,2025-07-23
1414,Indali Hans,hansunni@example.org,04245190826,Madurai,Jammu & Kashmir,Central,Regular,2023-12-04
1415,Eesha Rajagopal,amara29@example.net,+910237666969,Rourkela,Jammu & Kashmir,Central,Regular,2022-09-23
1416,Vivaan Kata,kchander@example.com,+911839093424,Durg,Assam,East,Regular,2025-01-13
1417,Panini Goel,anamikarout@example.org,+914889334375,Hajipur,Telangana,South,Regular,2022-08-15
1418,Aachal Barad,zpathak@example.com,+914382692855,Hospet,Chhattisgarh,Central,Regular,2024-03-26
1419,Harini Bains,nihal88@example.net,09470396964,Bhagalpur,Uttarakhand,Central,Regular,2023-10-03
1420,Upma Ravel,chaitanya47@example.org,8300995428,Rajpur Sonarpur,Karnataka,South,New,2023-12-26
1421,Bhavani Ratti,bvarty@example.com,09899470617,Bhiwani,Odisha,East,Regular,2026-08-02
1422,Frederick Lal,fbutala@example.org,+918471567566,Mumbai,Jammu & Kashmir,Central,Premium,2025-02-04
1423,Faraj Tiwari,rbahri@example.org,07449234359,Ramgarh,Jammu & Kashmir,Central,Regular,2025-05-21
1424,Anirudh Mall,anay56@example.com,9375402428,Madurai,Jharkhand,East,Regular,2024-10-23
1425,Garima Sehgal,mitalbahadurjit@example.org,00385762648,Bulandshahr,Jammu & Kashmir,Central,Regular,2024-08-13
1426,Zansi Mani,niharikaben@example.net,03585301012,Jamalpur,Himachal Pradesh,North,New,2025-11-05
1427,Gauri Chad,aaravmenon@example.net,5277586703,Khammam,Maharashtra,West,Regular,2025-01-26
1428,Charan Hari,qkale@example.com,4394689633,Siwan,Jammu & Kashmir,Central,Regular,2024-05-17
1429,Rohan Kapadia,ria61@example.com,0731744577,Malegaon,Uttarakhand,Central,Premium,2022-12-01
1430,Laban Rama,manyasaxena@example.net,00898977475,Baranagar,Uttarakhand,Central,Premium,2025-06-25
1431,Bhavika Thakkar,lakshit95@example.org,07403767687,Nagpur,Bihar,East,Regular,2025-05-17
1432,Arin Srinivasan,wsibal@example.org,09753411573,Allahabad,Delhi,North,Regular,2023-09-27
1433,Bachittar Batra,bahadurjit65@example.com,08234453856,Sambalpur,Jammu & Kashmir,Central,Regular,2025-04-04
1434,Sai De,csani@example.net,0047091103,Bhimavaram,Uttar Pradesh,North,New,2024-01-25
1435,Oviya Brahmbhatt,thakermohini@example.com,+911815837466,Bijapur,Andhra Pradesh,South,New,2025-10-25
1436,Upma Sen,gchander@example.net,6870479666,Srikakulam,Telangana,South,New,2025-09-19
1437,Kiaan Pillay,moza@example.net,00891423302,Mehsana,Maharashtra,West,New,2022-09-05
1438,Anay Mutti,vasana39@example.net,02214051318,Gandhinagar,Tamil Nadu,South,Premium,2024-05-29
1439,Vedhika Mohanty,nkohli@example.net,1478524744,Delhi,West Bengal,East,Regular,2022-10-01
1440,Adweta Manda,badalojas@example.net,+918735186647,Barasat,Uttar Pradesh,North,New,2023-05-31
1441,Gautam Jani,faraj83@example.org,+915853465815,Hajipur,Chhattisgarh,Central,Premium,2023-01-07
1442,Oliver Dani,vnarang@example.net,0984128655,Gandhinagar,Kerala,South,Regular,2025-11-29
1443,Pranav Kale,gunbirkannan@example.com,9180038146,Rampur,Madhya Pradesh,West,Regular,2024-07-27
1444,Devika Dugar,pingleubika@example.net,+910912185273,Mysore,Punjab,North,New,2023-02-25
1445,Neelima Chakrabarti,zaidchacko@example.com,5530153030,Sagar,Chhattisgarh,Central,Premium,2022-12-25
1446,Ridhi Walia,chaudhrychampak@example.net,6598455766,Farrukhabad,Chhattisgarh,Central,New,2022-08-27
1447,Jagdish Gour,dhaliwalniharika@example.net,4520641910,Vasai-Virar,Chhattisgarh,Central,New,2023-12-30
1448,Lajita Chander,bhargavakevin@example.org,4216826822,Panchkula,Haryana,North,Occasional,2026-07-07
1449,Onkar Raj,bdhingra@example.net,+914791005932,Kumbakonam,Haryana,North,New,2024-02-15
1450,Tamanna Bawa,nakuldhingra@example.org,+917485972438,Bhilai,Assam,East,Regular,2023-03-01
1451,Gaurang Merchant,quincy05@example.net,0286060480,South Dumdum,Madhya Pradesh,West,Regular,2023-03-24
1452,Omya Parmer,vansha47@example.com,9509041898,Junagadh,Punjab,North,Regular,2023-09-23
1453,Samarth Banik,ramachandranforum@example.net,06238878887,Sri Ganganagar,Karnataka,South,New,2024-04-12
1454,Ethan Jha,aben@example.net,+912901138604,Giridih,Uttarakhand,Central,Occasional,2024-06-03
1455,Fariq Aurora,yashodharabadal@example.org,01489538294,Srinagar,Kerala,South,New,2023-10-16
1456,Aashi Sharaf,pathakviraj@example.com,02839516730,Korba,West Bengal,East,Premium,2025-02-12
1457,Wakeeta Anand,yashvi86@example.net,6562925822,Jorhat,Chhattisgarh,Central,Regular,2023-02-23
1458,Indrajit Vyas,miteshkorpal@example.com,+910688568467,Shimla,Rajasthan,North,Premium,2026-06-11
1459,Mohini Mallick,theodore74@example.net,09597521353,Morena,Jammu & Kashmir,Central,Occasional,2024-09-30
1460,Forum Dutt,imaharaj@example.net,04114862675,Kochi,Bihar,East,New,2023-12-25
1461,Panini Kurian,udarsh49@example.com,05156419678,Patiala,Bihar,East,Regular,2025-12-21
1462,Chandresh Jhaveri,yamini20@example.org,03015972242,Loni,Chhattisgarh,Central,Regular,2026-08-04
1463,Dalaja Ganesh,araj@example.net,+919846018040,Thiruvananthapuram,Telangana,South,New,2023-10-22
1464,Abdul Bora,theodore73@example.com,6671554460,Sambalpur,Tamil Nadu,South,Regular,2026-06-25
1465,Maya Baria,rsundaram@example.net,02720536499,Aligarh,Chhattisgarh,Central,New,2025-02-06
1466,Ikshita Rege,zdube@example.net,00215538307,Mau,Uttarakhand,Central,Premium,2025-02-27
1467,Liam Chakraborty,libnigopal@example.com,03956784460,Kishanganj,Haryana,North,New,2026-05-01
1468,Vasana Oza,chaudhryyamini@example.org,07551294414,Sonipat,West Bengal,East,Regular,2025-03-15
1469,Pushti Majumdar,zinalkonda@example.net,5974776565,Ongole,Uttarakhand,Central,Occasional,2023-06-28
1470,Eshana Mitter,shivansh43@example.com,7715692209,Pudukkottai,Bihar,East,New,2022-09-10
1471,Vidhi Ravel,chanchalchowdhury@example.com,+915977100115,Surendranagar Dudhrej,Tamil Nadu,South,Regular,2026-04-06
1472,Bhavna Lall,ekballala@example.net,7225578564,Rajahmundry,Uttar Pradesh,North,Regular,2024-07-18
1473,Vinaya More,ramaswamyfalguni@example.net,07395232855,Suryapet,Goa,West,Premium,2024-01-26
1474,Vedika Mitra,gpathak@example.org,6602841362,Kakinada,Assam,East,Regular,2022-09-08
1475,Sachi Agarwal,andrew71@example.com,09714797341,Imphal,Uttarakhand,Central,New,2025-10-07
1476,Benjamin Vasa,xalakmander@example.com,6017039610,Jaunpur,Gujarat,West,Regular,2025-01-16
1477,Balveer Cheema,ybanik@example.com,4907869285,Navi Mumbai,Karnataka,South,New,2024-02-03
1478,Imaran Patla,paninisaxena@example.com,3536735589,Ranchi,Goa,West,New,2024-04-21
1479,Suhani Dave,tanishmadan@example.org,+913513901430,Tirupati,Kerala,South,New,2024-09-09
1480,Dayita Karan,rravel@example.org,07967148030,Sirsa,Madhya Pradesh,West,Regular,2023-04-25
1481,Januja Sarkar,mitesh60@example.net,+915263794128,Haldia,Jharkhand,East,Premium,2025-06-23
1482,Gaurang Date,rohanganesan@example.org,02526119789,Thoothukudi,Telangana,South,Regular,2026-08-09
1483,Meera Nagar,olalla@example.net,06532554411,Katihar,Bihar,East,New,2026-01-21
1484,Frederick Kala,msengupta@example.net,+915203881937,Anand,Kerala,South,New,2025-06-11
1485,Ati Taneja,ladlavanya@example.net,+912014833354,Jalandhar,Himachal Pradesh,North,Regular,2023-11-22
1486,Saanvi Gara,lopaapte@example.org,+918764770906,Raebareli,Rajasthan,North,Premium,2023-01-31
1487,Udyati Purohit,kashviagate@example.com,07162172048,Kishanganj,Jammu & Kashmir,Central,Regular,2023-01-27
1488,Harshil Thaker,ckapadia@example.org,2645649674,Giridih,Chhattisgarh,Central,Occasional,2022-10-27
1489,Nandini Bansal,vihaan90@example.com,09097034251,Meerut,Uttarakhand,Central,Premium,2025-03-21
1490,Kashvi Chaudhry,mekhaladhar@example.net,07074215319,Sikar,Uttarakhand,Central,New,2023-02-19
1491,Harita Garg,iaggarwal@example.org,+916908875480,Madanapalle,Kerala,South,Regular,2025-09-16
1492,Jhalak Kashyap,rehaan91@example.org,05735174546,Hapur,Jammu & Kashmir,Central,New,2023-08-07
1493,Nicholas Bumb,champak12@example.net,+913195589799,Muzaffarnagar,Andhra Pradesh,South,Premium,2023-02-17
1494,Harish Tailor,fbumb@example.net,+913056870941,Nizamabad,Punjab,North,Regular,2024-01-20
1495,Aayush Narayan,ramanathanzehaan@example.net,+918953376841,Sambhal,Himachal Pradesh,North,Regular,2026-06-25
1496,Rajata Bhat,ramaati@example.org,05973173033,Bilaspur,Jammu & Kashmir,Central,Regular,2024-07-22
1497,Siya Nath,vlalla@example.org,+914848094731,Hapur,Chhattisgarh,Central,Regular,2025-01-29
1498,Harita Mann,vedabehl@example.com,9594761110,Ramgarh,Telangana,South,Occasional,2024-04-04
1499,Damyanti Sengupta,bimala56@example.com,02897226934,Agartala,Andhra Pradesh,South,Occasional,2024-08-15
1500,Samar Anne,lajita85@example.net,00669926138,Alappuzha,Uttar Pradesh,North,New,2025-07-03
1501,Bahadurjit Savant,cshan@example.net,07039962637,Giridih,Tamil Nadu,South,Regular,2025-12-08
1502,Ekaraj Chada,sarmawilliam@example.com,+912896220682,Panihati,Tamil Nadu,South,New,2023-05-24
1503,Reyansh Khurana,dhartanveer@example.net,3446060694,Delhi,Uttarakhand,Central,Regular,2023-04-23
1504,Kalpit Halder,raksha86@example.com,+919412853700,Bilaspur,Maharashtra,West,Regular,2024-04-22
1505,Bhavna Wali,poak@example.org,+919804255428,North Dumdum,West Bengal,East,New,2023-09-10
1506,Nirja Mittal,janyanath@example.org,08688786020,Gudivada,Jammu & Kashmir,Central,New,2023-08-31
1507,Jason Krish,srivastavabakhshi@example.org,5866399287,Kozhikode,Assam,East,Premium,2023-03-02
1508,Samaksh Bose,nakul49@example.com,02917964416,Noida,Andhra Pradesh,South,New,2026-07-10
1509,Yashawini Ahuja,bagrawal@example.com,+910287451202,Delhi,Assam,East,New,2023-06-10
1510,Jalsa Mishra,anita16@example.com,7921046627,Surat,Rajasthan,North,Regular,2022-12-17
1511,Ishani Garg,qsem@example.com,+910360785483,Ahmedabad,Telangana,South,Regular,2025-12-05
1512,Yashica Tak,wazirkalita@example.com,0601457923,Rewa,Jharkhand,East,New,2025-01-17
1513,Amrita Wali,xiti19@example.net,00150196797,Bhopal,Chhattisgarh,Central,Premium,2024-09-04
1514,Inaya Borah,chakradhardar@example.net,+918523329704,Morena,Andhra Pradesh,South,Regular,2025-03-28
1515,Yashasvi Edwin,ozakamya@example.com,+911639714920,Thanjavur,Rajasthan,North,Premium,2025-02-06
1516,Chasmum Choudhry,qadim48@example.com,+919626259188,Coimbatore,Karnataka,South,Regular,2026-02-22
1517,Upma Sengupta,radhashenoy@example.com,+914434354978,Dehradun,Assam,East,New,2023-05-15
1518,Janaki Soni,nazarethnidra@example.net,03802990348,Sagar,Himachal Pradesh,North,Regular,2025-03-06
1519,Urishilla Sahota,balasubramanianchandresh@example.net,00916573762,Rourkela,West Bengal,East,Premium,2023-02-22
1520,Lakshit Dass,advika92@example.org,+916930914015,Kirari Suleman Nagar,Madhya Pradesh,West,Regular,2024-05-02
1521,Ishaan Sharma,qabilrandhawa@example.com,+914756900184,Phagwara,Andhra Pradesh,South,Regular,2023-08-22
1522,Teerth Narayan,saumya42@example.org,8359667715,Hindupur,Uttar Pradesh,North,Premium,2026-01-01
1523,Ojas Sankar,charvishroff@example.net,+916500329909,Pimpri-Chinchwad,Karnataka,South,Premium,2022-09-11
1524,Sudiksha Ray,municharvi@example.org,08735540423,Rewa,Rajasthan,North,Regular,2024-06-13
1525,Maanas Bhat,xsavant@example.com,3934396904,Rajpur Sonarpur,Kerala,South,Occasional,2025-03-30
1526,Idika Ghosh,vkapadia@example.com,+913813307345,Dhule,Uttarakhand,Central,Premium,2025-10-03
1527,Victor Sampath,harrison22@example.com,04098537203,Sri Ganganagar,Jammu & Kashmir,Central,Regular,2022-10-29
1528,Elijah Ratta,dassyuvraj@example.org,01071555870,Faridabad,West Bengal,East,Regular,2022-10-20
1529,Max Mistry,maya41@example.org,9255125380,Hazaribagh,Uttarakhand,Central,New,2023-10-10
1530,Zaid Pai,pallaudant@example.net,4941971575,Mehsana,Karnataka,South,New,2022-12-07
1531,Rachana Kashyap,yutikadeep@example.com,03061621856,Satna,Chhattisgarh,Central,New,2023-02-16
1532,Aadi Shanker,ubora@example.org,02059868569,Jaunpur,Telangana,South,New,2023-03-04
1533,Damini Gupta,pahalbajwa@example.net,+919010146103,Shivpuri,Bihar,East,New,2026-05-05
1534,Sarthak Barad,mahika16@example.org,8168785185,Kavali,Jharkhand,East,Premium,2026-02-23
1535,Balendra Raj,mugdha88@example.org,07280072720,Ramagundam,Uttar Pradesh,North,Regular,2022-10-22
1536,Reyansh Shanker,indirasalvi@example.com,+917830830697,Kota,Tamil Nadu,South,Regular,2024-07-07
1537,Hiral Mander,nishashenoy@example.org,06749066886,Serampore,Jammu & Kashmir,Central,New,2025-05-04
1538,Vyanjana Chaudhuri,sandaldaksha@example.com,00595634318,Bahraich,Telangana,South,Regular,2022-11-26
1539,Amol Bali,ikshitawadhwa@example.com,05337773031,Shimla,Maharashtra,West,New,2023-07-03
1540,Hritik Dyal,xchokshi@example.com,7201240254,Pondicherry,Jammu & Kashmir,Central,New,2025-07-15
1541,Hema Merchant,tripathibalhaar@example.net,9839767388,Bhavnagar,Punjab,North,New,2022-09-17
1542,Gunbir Ramanathan,agastyajain@example.com,+918300091435,Srikakulam,Jammu & Kashmir,Central,New,2023-12-06
1543,Andrew Swamy,hitesh79@example.net,6546628973,Salem,Madhya Pradesh,West,Regular,2023-12-02
1544,Naksh Dhillon,mohammed75@example.net,00022302340,Eluru,Himachal Pradesh,North,Premium,2024-10-30
1545,Siya Chaudry,jagvibrar@example.net,08904182805,Haridwar,Andhra Pradesh,South,New,2025-10-10
1546,Caleb Contractor,teerthdatta@example.com,8447909863,Gwalior,Goa,West,Premium,2024-04-28
1547,Urvi Raman,baghyawati44@example.org,+912248248863,Sambalpur,Chhattisgarh,Central,Regular,2024-01-01
1548,Wahab Shere,mitaljeevika@example.org,+911180266914,Mahbubnagar,Jharkhand,East,New,2026-04-21
1549,Nilima Ahuja,bchada@example.com,01891199256,Avadi,Haryana,North,Premium,2025-11-08
1550,Nimrat Kakar,dev03@example.com,+914131811814,Tiruvottiyur,Uttarakhand,Central,Regular,2025-09-13
1551,Vincent Dugar,jack79@example.net,+914470856094,Kharagpur,Himachal Pradesh,North,New,2026-07-13
1552,Chaman Thakur,nvyas@example.org,+913145645722,Khammam,Rajasthan,North,Premium,2024-07-16
1553,Amruta Bhagat,bloyal@example.org,+917449998709,Shahjahanpur,Chhattisgarh,Central,Regular,2025-06-04
1554,Veer Ramaswamy,gaurav26@example.com,+910603267531,Karnal,Kerala,South,Regular,2025-03-14
1555,Wyatt Chahal,bumbavi@example.net,6546125360,Tumkur,Uttar Pradesh,North,Regular,2024-09-09
1556,Avni Sastry,mugdha79@example.com,6989484817,Shahjahanpur,Uttarakhand,Central,Regular,2022-09-14
1557,Aryan Bera,asidhu@example.org,07375949330,Dehri,Uttarakhand,Central,Premium,2024-05-02
1558,Ethan Sathe,sampathcharles@example.org,09021444155,Sultan Pur Majra,Uttarakhand,Central,Occasional,2023-01-19
1559,Vincent Kaul,niharika55@example.org,+919170335300,Tadipatri,Gujarat,West,Regular,2023-10-19
1560,Leena Raval,tanish61@example.net,7731739462,Guna,Uttarakhand,Central,Regular,2025-07-26
1561,Rohan Palla,qnarayan@example.org,2768714134,Amravati,Jammu & Kashmir,Central,Premium,2024-09-19
1562,Madhavi Sarraf,saniabeer@example.com,08173579211,Bhavnagar,Assam,East,Regular,2026-06-01
1563,Maya Guha,adya64@example.com,+919897014557,Ahmednagar,Gujarat,West,New,2024-01-20
1564,Zashil Deo,uchaudhary@example.net,06925529050,Pali,Himachal Pradesh,North,Regular,2025-02-27
1565,Chanakya Buch,bhaktafiyaz@example.com,01619738449,Kolhapur,Tamil Nadu,South,Regular,2022-11-03
1566,Aarav Batta,reyanshwali@example.com,6990867233,Ghaziabad,Goa,West,New,2022-12-26
1567,Jeet Tak,okonda@example.com,05619221882,Jaipur,Jammu & Kashmir,Central,New,2023-09-25
1568,Finn Vora,hmani@example.com,01302364169,Bhusawal,Uttar Pradesh,North,Regular,2024-05-10
1569,Edhitha Bhatti,bshere@example.com,+913239193252,Rewa,Delhi,North,New,2024-10-07
1570,Harsh Gill,dkhosla@example.net,09995225296,Rampur,Madhya Pradesh,West,Regular,2026-01-13
1571,Yuvraj Sanghvi,htripathi@example.org,+914330640980,Kishanganj,Bihar,East,Regular,2023-11-23
1572,Frederick Nath,ijaya90@example.net,02787902591,Pune,Chhattisgarh,Central,New,2024-09-26
1573,Madhavi Keer,hganguly@example.com,+916603235841,Akola,Goa,West,New,2025-08-23
1574,Hemangini Suri,ukaran@example.com,3957955192,Bidhannagar,Chhattisgarh,Central,Occasional,2025-04-05
1575,Ethan Bhatt,zkalita@example.com,+913862567611,Bharatpur,Andhra Pradesh,South,Regular,2023-10-04
1576,Naveen Jha,azaanatwal@example.net,+915630829248,Sasaram,Telangana,South,Regular,2024-12-22
1577,Onveer Choudhry,sodhisamaksh@example.org,+917365485220,Guntur,Rajasthan,North,Premium,2024-08-05
1578,Saumya Bajaj,lakshit87@example.com,1627963651,Khammam,Telangana,South,Regular,2022-08-22
1579,Gavin Bahl,patlafaris@example.org,1948422623,Ahmedabad,Haryana,North,Regular,2024-02-12
1580,Advaith Seth,kaikhosla@example.com,+912830342437,Kurnool,Uttar Pradesh,North,Regular,2023-07-03
1581,Radhika Dhaliwal,choudhuryojasvi@example.net,03166968740,Tiruppur,Jharkhand,East,Regular,2025-01-20
1582,Aachal Prakash,zayyan10@example.com,+916649700844,Suryapet,Madhya Pradesh,West,Premium,2026-04-06
1583,Forum Chandran,tray@example.org,6280924115,Ratlam,Chhattisgarh,Central,New,2022-09-23
1584,Nikita Sagar,hayerjason@example.com,+915523228058,Sirsa,Delhi,North,Premium,2026-02-02
1585,Daksha Keer,anika04@example.com,02539501115,Anantapur,Jammu & Kashmir,Central,Regular,2025-05-14
1586,Pratyush Sheth,lyohannan@example.com,+913174890304,Deoghar,Bihar,East,Premium,2023-12-21
1587,Urishilla Dalal,zbir@example.com,+912935545920,Nagercoil,Andhra Pradesh,South,Occasional,2026-05-26
1588,Saanvi Nagi,mtandon@example.net,+911379830457,Asansol,Chhattisgarh,Central,Regular,2025-01-03
1589,Ekta Chawla,ramachandranaadi@example.net,5897015221,Panihati,Maharashtra,West,Premium,2024-06-28
1590,Darsh Amble,anitashanker@example.com,1289899307,Pali,Uttarakhand,Central,Regular,2024-03-22
1591,Jackson Koshy,ddate@example.org,5603387885,Anand,Rajasthan,North,Occasional,2026-06-13
1592,Yauvani Cheema,wahab97@example.com,3090073794,Bally,Jammu & Kashmir,Central,Regular,2024-03-01
1593,Zayyan Mukherjee,imaran07@example.com,2626543475,Katni,Madhya Pradesh,West,Premium,2023-12-10
1594,Zaid Om,zaitranarayan@example.net,9079965857,Mehsana,Kerala,South,Occasional,2022-09-29
1595,Ekbal Radhakrishnan,tvora@example.org,00730717761,Satna,Madhya Pradesh,West,New,2024-01-06
1596,Aarnav Swamy,lipikadugar@example.org,+913854033699,Bikaner,Punjab,North,Regular,2025-05-29
1597,Caleb Grover,gagandevi@example.net,05327355149,Bhatpara,Punjab,North,Premium,2024-12-20
1598,Raghav Dey,yatanloyal@example.com,01469509355,Hapur,Karnataka,South,New,2023-09-23
1599,Benjamin Dixit,barianirja@example.org,04136445947,Bhubaneswar,Goa,West,Premium,2025-07-26
1600,Hritik Krish,divanvanya@example.net,0650761222,Indore,Himachal Pradesh,North,New,2025-11-13
1601,Chaman Mander,ppandit@example.net,+914555595026,Thoothukudi,Kerala,South,Regular,2024-02-29
1602,Xalak Tara,myohannan@example.net,03327639904,Vadodara,West Bengal,East,Premium,2024-06-07
1603,Yash Ratta,bdhar@example.net,+912220975506,Berhampore,Andhra Pradesh,South,Regular,2022-09-26
1604,Rachana Shere,bhavsarharini@example.net,+912003934490,Junagadh,Telangana,South,Regular,2025-11-25
1605,Nihal Contractor,ugopal@example.org,3339192969,Gorakhpur,Andhra Pradesh,South,New,2025-02-27
1606,Udarsh Bakshi,kchada@example.org,00082283774,Malda,Karnataka,South,New,2022-08-15
1607,Diya Mangal,vritti88@example.com,+918206322801,Bidar,Karnataka,South,Regular,2025-12-04
1608,Bishakha Kuruvilla,xsaini@example.net,5247609606,Gandhidham,Telangana,South,Regular,2025-01-24
1609,Hema Goel,triya37@example.net,04778840709,Erode,Delhi,North,Occasional,2023-04-10
1610,Upadhriti Shanker,sarafgabriel@example.org,8897284268,Khora ,Maharashtra,West,New,2023-12-19
1611,Nandini Bobal,hkurian@example.com,+910537186056,Hosur,Chhattisgarh,Central,New,2023-03-11
1612,Saksham Borde,tradhakrishnan@example.com,5127983124,Proddatur,Assam,East,Regular,2024-10-20
1613,Wazir Prakash,fiyaz60@example.org,9198480870,Chittoor,Uttarakhand,Central,Premium,2025-07-10
1614,Vedika Chauhan,onkar07@example.com,1074043368,Mango,Uttarakhand,Central,Regular,2022-08-13
1615,Sneha Doshi,nitara10@example.com,+911090070178,Bhopal,Chhattisgarh,Central,Regular,2025-02-24
1616,Advik Pradhan,dixitijaya@example.net,09723920102,Bharatpur,Madhya Pradesh,West,Occasional,2025-09-13
1617,Amruta Sharma,victor96@example.com,7442526942,Ichalkaranji,Rajasthan,North,Regular,2026-06-17
1618,Bhavani Chowdhury,siddharth74@example.org,5133793766,Nadiad,Andhra Pradesh,South,Occasional,2022-12-19
1619,Krisha Agrawal,hemal71@example.com,09058496881,Darbhanga,Uttarakhand,Central,Regular,2024-11-17
1620,Yutika Bhardwaj,geetikathakur@example.com,+914057445099,Bhagalpur,Delhi,North,New,2025-02-10
1621,Kashvi Kohli,maanav79@example.org,+911108518466,Kavali,Maharashtra,West,Regular,2023-05-22
1622,Faraj Kibe,nisha18@example.net,+910734800226,Bhatpara,Uttarakhand,Central,Regular,2023-07-23
1623,Krish Anand,garima48@example.org,8781921474,Amroha,Bihar,East,Regular,2024-01-31
1624,Abdul Menon,yugshah@example.org,08472146172,Naihati,Uttarakhand,Central,Regular,2023-11-28
1625,Anika Padmanabhan,pratyushsampath@example.com,09889798877,Durg,Madhya Pradesh,West,Regular,2024-11-20
1626,Yochana Kuruvilla,emenon@example.org,00192936059,South Dumdum,Odisha,East,New,2023-10-19
1627,Gaurangi Bhatt,zayanpuri@example.org,9012484479,Bhusawal,Jharkhand,East,Regular,2025-07-27
1628,Niharika Dani,parsanimrat@example.net,02230706594,Satna,Telangana,South,New,2025-09-01
1629,Kritika Banerjee,kalpitsengupta@example.net,03303727186,Anantapuram,Himachal Pradesh,North,Regular,2023-08-07
1630,Indira Sahota,devcheema@example.org,1380782878,Tenali,Telangana,South,Regular,2023-11-18
1631,Eiravati Misra,yashvi58@example.com,03565418028,Sonipat,Gujarat,West,Regular,2024-05-19
1632,Onveer Virk,lsant@example.org,09469984288,Katihar,Andhra Pradesh,South,New,2023-03-16
1633,Balendra Narasimhan,chaitanyakibe@example.org,3298871232,Dhule,Andhra Pradesh,South,Premium,2023-10-31
1634,Lakshmi Virk,imemon@example.com,7862685272,Burhanpur,Jammu & Kashmir,Central,New,2026-04-20
1635,Mason Ahuja,jsen@example.org,07106283345,Nangloi Jat,Goa,West,Regular,2022-09-26
1636,Pavani Ghose,kaisethi@example.com,0045358597,Ghaziabad,Chhattisgarh,Central,Regular,2023-08-24
1637,Thomas Date,hemanginisem@example.org,02402555468,Adoni,Tamil Nadu,South,Regular,2023-02-23
1638,Tara Barad,hemang16@example.com,8159646738,Tiruvottiyur,Jharkhand,East,New,2025-12-30
1639,Chameli Mallick,raagini73@example.org,+912912489558,Bahraich,Punjab,North,New,2024-03-24
1640,Pallavi Edwin,adwetamunshi@example.net,4264076089,Tiruppur,Odisha,East,Regular,2022-09-26
1641,Kabir Batta,yashvaidya@example.org,1387162833,Khandwa,Uttarakhand,Central,Regular,2022-11-11
1642,Ekani Borra,zachariahanay@example.org,03374356702,Pallavaram,Maharashtra,West,Regular,2024-12-12
1643,Ekavir Nagar,mpau@example.com,9579457595,Arrah,Chhattisgarh,Central,Premium,2023-04-26
1644,Ekiya Khatri,kdesai@example.net,1714854183,Nanded,Chhattisgarh,Central,Occasional,2022-09-20
1645,Karan Peri,davidsetty@example.net,8216511921,Dindigul,Odisha,East,Regular,2025-07-18
1646,Chakrika Nagarajan,darpanjayaraman@example.org,2769473088,Dewas,Uttarakhand,Central,New,2024-09-13
1647,Janani Khurana,gavinganguly@example.net,04029363409,Mysore,Maharashtra,West,Regular,2022-11-08
1648,Balvan Pathak,iryasridhar@example.net,09900479412,Jamnagar,Jharkhand,East,Premium,2023-05-12
1649,Niharika Anand,chahalishaan@example.org,03485713399,Belgaum,Karnataka,South,Premium,2023-12-29
1650,Prisha Sagar,grewalwakeeta@example.org,02112029138,Rajahmundry,Jharkhand,East,Premium,2026-05-29
1651,Bimala Mody,gabachandresh@example.net,8196645231,Ramgarh,Uttarakhand,Central,New,2022-10-12
1652,Yochana Dube,kallarehaan@example.com,08317236670,Coimbatore,Delhi,North,Regular,2026-04-22
1653,Frederick Apte,georgecontractor@example.net,04050133203,Firozabad,Kerala,South,Regular,2026-06-27
1654,Qushi Bala,qbose@example.net,06507752572,Aurangabad,Odisha,East,Premium,2025-02-17
1655,Sathvik Dalal,mbal@example.net,08110570399,Tiruppur,Goa,West,New,2026-02-14
1656,Mohini Shenoy,aryahemani@example.net,4696693233,Allahabad,Assam,East,Premium,2022-11-13
1657,Hritik Nadkarni,balawarhi@example.org,00863323430,Naihati,Madhya Pradesh,West,Regular,2022-09-26
1658,Chaaya Mangal,onveerkohli@example.com,09097228582,Jamalpur,Uttar Pradesh,North,New,2026-05-24
1659,Ishani Mutti,kakarishwar@example.net,00348236788,Motihari,West Bengal,East,Regular,2024-01-18
1660,Rohan Randhawa,maanavkhosla@example.net,+910436475846,Panipat,Maharashtra,West,Regular,2025-08-19
1661,Varsha Lata,ramaswamyvihaan@example.com,+912063175529,Ongole,Maharashtra,West,Regular,2024-10-23
1662,Jairaj Lad,yochana40@example.net,+911441572814,Nadiad,Maharashtra,West,Regular,2024-04-23
1663,Elijah Sachdeva,gdani@example.com,00361189260,Mau,Chhattisgarh,Central,Regular,2026-05-28
1664,Ladli Panchal,parth68@example.org,08437714034,Satna,Goa,West,Regular,2024-01-21
1665,Irya Roy,abalakrishnan@example.org,+911196227238,Dharmavaram,Jharkhand,East,Premium,2023-10-22
1666,Jeremiah Chaudhary,yjohal@example.net,+918509570934,Mahbubnagar,Telangana,South,New,2024-08-13
1667,Niharika Patel,comarekaraj@example.org,04034848437,Visakhapatnam,Delhi,North,New,2025-01-19
1668,Orinder Sur,gautami14@example.org,5449669542,Fatehpur,Jharkhand,East,Premium,2022-09-05
1669,Radhika De,koza@example.net,+910161734479,Imphal,Uttarakhand,Central,Premium,2026-03-12
1670,Vivaan Munshi,routsimon@example.net,+912648971001,Ahmedabad,Telangana,South,Regular,2025-02-05
1671,Jeremiah Mander,saumya61@example.net,3049484142,Satara,Uttarakhand,Central,Premium,2024-08-03
1672,Mason Jaggi,vasudhagara@example.net,7567981302,Anantapur,Uttarakhand,Central,Premium,2025-08-24
1673,Tanmayi Sodhi,butalaharita@example.net,2187089410,Gangtok,Uttarakhand,Central,Occasional,2024-03-21
1674,Omaja Dar,mitalnandini@example.com,06119830975,Malegaon,Gujarat,West,New,2023-02-15
1675,Vrishti Kala,qasim37@example.net,7487700788,Siliguri,Goa,West,Regular,2025-09-21
1676,Orinder Natt,dugargabriel@example.net,8082267990,Machilipatnam,Bihar,East,Regular,2024-01-23
1677,Manbir Sani,samar83@example.net,5716468210,Maheshtala,Rajasthan,North,New,2024-05-12
1678,Aditya Bail,zbatra@example.org,08088669320,Visakhapatnam,Kerala,South,Regular,2025-07-07
1679,Anjali Thaman,mohammed67@example.net,08762965074,Mau,Chhattisgarh,Central,New,2025-01-14
1680,Riya Deol,zsinha@example.com,4198281794,Morena,Madhya Pradesh,West,Regular,2024-04-16
1681,Aarush Baria,damyantinath@example.org,+910262693032,Rohtak,Goa,West,Premium,2025-01-24
1682,Kamya Savant,wyattanne@example.net,0740635168,Siliguri,Rajasthan,North,Regular,2024-01-30
1683,Anita Shroff,xsrinivas@example.org,+915837990053,Vellore,Madhya Pradesh,West,Regular,2025-05-13
1684,Rishi Deshpande,osaraf@example.org,02285628372,Mehsana,Andhra Pradesh,South,New,2025-03-01
1685,Quincy Nazareth,harshbanik@example.org,+917008942340,Amroha,Kerala,South,Regular,2025-06-24
1686,Rudra Halder,ronithdasgupta@example.net,8838456125,Motihari,Telangana,South,New,2022-08-29
1687,Amruta Shetty,riachaudhuri@example.net,5176968064,Raurkela Industrial Township,Jammu & Kashmir,Central,New,2025-04-10
1688,Maanas Char,vrishti83@example.com,2640532739,Nagaon,Assam,East,New,2023-12-02
1689,Samarth Lall,tanaybarad@example.org,7997833150,Dehradun,Gujarat,West,New,2024-11-11
1690,Osha Pai,faris02@example.com,+916668606734,Erode,Karnataka,South,Regular,2023-01-05
1691,Chameli Wali,jkoshy@example.net,5910385242,Eluru,Madhya Pradesh,West,Regular,2024-08-12
1692,Harshil Nanda,nandini37@example.com,+919639949594,Kollam,Uttarakhand,Central,Regular,2023-05-01
1693,Ekani Mangal,bpathak@example.net,5317087300,Mysore,Uttar Pradesh,North,Regular,2024-12-23
1694,Unni Jani,opuri@example.net,2567322348,Agartala,Chhattisgarh,Central,Regular,2022-09-05
1695,Dhruv Sandhu,zahluwalia@example.org,1090488660,Dhule,Haryana,North,Regular,2025-01-04
1696,Odika More,sara89@example.net,3785954176,Tadepalligudem,Maharashtra,West,Regular,2026-04-07
1697,Rudra Tandon,sachdevabrinda@example.net,5810457346,Ramgarh,Tamil Nadu,South,Premium,2025-06-19
1698,Aadhya Tak,vivaanzacharia@example.com,0528905665,Begusarai,Jharkhand,East,Regular,2026-03-01
1699,Chavvi Sengupta,lchana@example.net,8374345096,Tadipatri,Goa,West,Premium,2023-06-05
1700,Megha Dugar,dalbir23@example.org,9964692434,Secunderabad,Haryana,North,Regular,2023-07-10
1701,Forum Goel,groverharsh@example.net,06038710880,Bathinda,Tamil Nadu,South,Regular,2023-09-06
1702,Oni Mannan,asane@example.com,0376474769,Jodhpur,Maharashtra,West,Premium,2026-04-21
1703,Quincy Goel,nigamchaitanya@example.org,9655868190,Barasat,Karnataka,South,New,2024-06-03
1704,Timothy Kale,kashishdeep@example.net,06013855002,Ongole,Jharkhand,East,New,2023-02-18
1705,Hitesh Balasubramanian,gourchaitaly@example.com,01815806194,Jhansi,Himachal Pradesh,North,Regular,2023-06-07
1706,Kashvi Bansal,gayathri19@example.org,9396871867,Karawal Nagar,Gujarat,West,New,2026-06-30
1707,Deepa Divan,nicholaspau@example.org,01961293321,Parbhani,Uttar Pradesh,North,Premium,2022-08-24
1708,Nihal Deshmukh,lankabenjamin@example.net,+913717758856,Sultan Pur Majra,Rajasthan,North,New,2025-01-23
1709,Lipika Ratta,birpratyush@example.com,2030695165,Tiruchirappalli,Andhra Pradesh,South,Regular,2023-09-11
1710,Jacob Sankar,bhatnagarfinn@example.org,2399330255,Amaravati,Odisha,East,Regular,2023-04-30
1711,Daniel Sanghvi,timothycontractor@example.com,5968891096,Aurangabad,Himachal Pradesh,North,Occasional,2025-09-04
1712,Chanakya Mani,azaan52@example.org,+912036081641,Nizamabad,Chhattisgarh,Central,Regular,2025-11-08
1713,Brijesh Borra,qchaudry@example.org,3469544950,Hyderabad,Bihar,East,Regular,2023-09-12
1714,Yachana Banerjee,sdeep@example.com,05669839859,Morbi,Himachal Pradesh,North,Regular,2025-02-14
1715,Anusha Brar,luke90@example.com,5776253847,Pali,Uttar Pradesh,North,Premium,2023-09-16
1716,Hemani Hayer,charmahika@example.com,02861746859,Guntur,West Bengal,East,Regular,2025-03-08
1717,Kai Sehgal,hchad@example.com,02866034982,Silchar,Assam,East,Regular,2025-12-09
1718,Vasudha Batra,randhawakala@example.com,+917740215723,Siliguri,Tamil Nadu,South,Occasional,2026-05-04
1719,Anusha Gola,harinidoshi@example.com,6008589496,Bidhannagar,Jammu & Kashmir,Central,Premium,2023-12-25
1720,Janaki Bhalla,mason05@example.net,+915313184560,Pudukkottai,Chhattisgarh,Central,Regular,2023-05-18
1721,Bhavya Dixit,masondate@example.net,1091294431,Aurangabad,Uttar Pradesh,North,Regular,2026-02-20
1722,Vedika Vala,alkahegde@example.net,7798240211,Bettiah,Himachal Pradesh,North,Premium,2023-10-22
1723,George Kalla,fvarughese@example.net,+910096242657,Bellary,Delhi,North,Regular,2023-03-28
1724,Janaki Thaman,sseth@example.com,+916348882372,Bijapur,Telangana,South,New,2025-07-02
1725,Kabir Nagy,etadada@example.org,08828050345,Berhampur,Andhra Pradesh,South,Regular,2023-11-13
1726,Yasti Sodhi,abhimanyulala@example.com,07666082887,Pondicherry,Jammu & Kashmir,Central,New,2024-12-19
1727,Farhan Dayal,sodhidhriti@example.org,+913685931526,Bareilly,Gujarat,West,Regular,2025-08-13
1728,Vasana Merchant,kurianadya@example.org,+911061445299,Farrukhabad,Goa,West,New,2025-05-28
1729,Devika Madan,tanaybiswas@example.net,7115333497,Bhiwani,West Bengal,East,Premium,2024-02-10
1730,Ayush Chanda,bathsamesh@example.net,03449975858,Coimbatore,Goa,West,Premium,2026-03-12
1731,Vamakshi Vala,tbera@example.org,+915992794376,Kottayam,Gujarat,West,Premium,2025-09-24
1732,Bhavya Bath,tanishdalal@example.org,+912395480704,Tiruppur,Uttarakhand,Central,Regular,2023-02-26
1733,Devika Vohra,meghanasheth@example.com,07740703666,Rewa,Goa,West,New,2025-07-12
1734,Shivani Purohit,neeldubey@example.org,+918219386827,Gandhidham,Jammu & Kashmir,Central,Regular,2022-08-31
1735,Advika Kale,rudraapte@example.com,5969206660,Tinsukia,Chhattisgarh,Central,Regular,2023-03-07
1736,Girindra Gopal,zayyanlalla@example.org,08498118465,Jamnagar,Assam,East,Regular,2024-02-10
1737,Jagat Balakrishnan,dkeer@example.net,1704836481,Bulandshahr,Himachal Pradesh,North,Premium,2023-09-22
1738,Inaya Pathak,aarna21@example.net,+917931363659,Belgaum,Tamil Nadu,South,Premium,2025-09-13
1739,Triya Sane,fsoni@example.com,3586134174,Bhimavaram,Assam,East,Regular,2024-09-09
1740,Arjun Mishra,rachanaswamy@example.org,+913990761500,Aurangabad,Himachal Pradesh,North,Occasional,2024-01-31
1741,Hitesh Natt,aadi44@example.org,3647921499,Chandigarh,Gujarat,West,Premium,2022-12-17
1742,Gunbir Rajagopalan,triveni90@example.com,9915738067,Surendranagar Dudhrej,Gujarat,West,Premium,2022-08-15
1743,Lila Seth,balhaarramesh@example.org,+912372643205,Tezpur,Jharkhand,East,Premium,2025-06-12
1744,Nathan Loke,upasna15@example.com,7932770115,Tadipatri,Delhi,North,Premium,2025-01-07
1745,Xalak Jha,odikaagrawal@example.net,08568888610,Mahbubnagar,Delhi,North,New,2023-01-07
1746,Idika Tella,lsrinivas@example.com,+913644702632,Tenali,Karnataka,South,New,2024-08-17
1747,Panini Panchal,vlalla@example.com,7669494715,Mathura,Tamil Nadu,South,Premium,2026-03-08
1748,Zayyan Nagarajan,dayalzehaan@example.org,03772908489,Satna,Delhi,North,Premium,2023-10-13
1749,Aarna Natarajan,khalsaridhi@example.com,08078053833,Sambhal,Madhya Pradesh,West,Premium,2026-05-07
1750,Rachit Dara,niharikaraghavan@example.com,8040737304,Nagercoil,Uttarakhand,Central,Regular,2025-01-29
1751,Tejas Goda,ayushman51@example.org,2658387963,Jalna,Telangana,South,New,2022-08-14
1752,Unni Mand,slata@example.com,00332739974,Thanjavur,Uttar Pradesh,North,New,2026-07-18
1753,Chatresh Mander,beragaurang@example.org,+917607819516,Kadapa,Punjab,North,New,2025-02-20
1754,Vamakshi Singh,zarnahegde@example.org,+916144357547,Mau,Haryana,North,Premium,2023-09-23
1755,Qadim Rout,grewalunni@example.org,6875670718,Kozhikode,Goa,West,New,2022-09-16
1756,William Rastogi,kamdarimaran@example.org,+917745998413,Panchkula,Rajasthan,North,Regular,2025-02-28
1757,Aditya Natt,suridominic@example.org,6510640707,Siwan,Himachal Pradesh,North,Regular,2024-05-11
1758,Ridhi Wali,yauvani30@example.org,08573654044,Nangloi Jat,West Bengal,East,Occasional,2025-07-04
1759,Advaith Gulati,sethyashawini@example.org,6431678598,Bhilwara,Chhattisgarh,Central,Regular,2023-05-25
1760,Diya Kale,iyengarquincy@example.net,+917560526990,Mirzapur,Telangana,South,Regular,2023-10-01
1761,Baljiwan De,mraj@example.org,+919235654030,Kavali,Telangana,South,New,2023-04-15
1762,Ira Maharaj,goleubika@example.org,+910129531850,Jalna,Jammu & Kashmir,Central,Occasional,2025-05-06
1763,Farhan Wali,balvanrajagopalan@example.net,+910481093054,Sultan Pur Majra,Jammu & Kashmir,Central,Premium,2023-02-26
1764,Sachi Sunder,ljayaraman@example.net,2455381518,Shivpuri,Himachal Pradesh,North,Premium,2023-07-15
1765,Yutika Devi,imaharaj@example.net,01852557688,Naihati,Madhya Pradesh,West,New,2023-03-25
1766,Benjamin Kohli,varghesejatin@example.net,09544876150,Anand,Karnataka,South,Premium,2026-06-18
1767,Ishwar Nanda,uppallaban@example.net,04640350769,Sri Ganganagar,Uttarakhand,Central,New,2024-12-20
1768,Shivansh Pillay,yashoda81@example.org,2277547777,Serampore,Jammu & Kashmir,Central,Regular,2025-12-11
1769,Kala Mander,dateteerth@example.net,02493797900,Ghaziabad,Odisha,East,Premium,2025-01-20
1770,Ganga Patla,dayita96@example.com,01662395671,Ozhukarai,Odisha,East,Regular,2025-08-20
1771,Hemal Balan,shravyasankar@example.com,09064122727,Karimnagar,Goa,West,Premium,2024-02-28
1772,Barkha Pillai,jaggianya@example.org,00054558345,Naihati,Jammu & Kashmir,Central,Regular,2023-06-14
1773,Radhika Grover,samratanish@example.org,07668089504,Ludhiana,Jammu & Kashmir,Central,Regular,2026-05-22
1774,Charan Memon,fariqsom@example.org,05785219793,Katni,Madhya Pradesh,West,Occasional,2024-09-30
1775,Chakradhar Kibe,salvibalendra@example.net,8885010558,Kavali,Himachal Pradesh,North,Regular,2024-12-22
1776,Hritik Pingle,oscarbassi@example.org,04009333963,Dharmavaram,Assam,East,Regular,2022-12-11
1777,Aarnav Keer,kvenkataraman@example.net,+918893844781,Bidhannagar,Kerala,South,Regular,2022-10-17
1778,Yuvraj Mahajan,abhiramkaul@example.com,1242664742,Aizawl,Karnataka,South,New,2024-06-13
1779,Aarini Sheth,ojastalwar@example.net,06379581877,Darbhanga,Himachal Pradesh,North,New,2023-10-12
1780,Deepa Rama,tchakrabarti@example.com,09399531556,Bijapur,Jammu & Kashmir,Central,Premium,2025-03-15
1781,Rohan Mallick,duakritika@example.net,+918964966681,Siwan,Chhattisgarh,Central,Regular,2025-05-23
1782,Madhav Kibe,amairarajagopal@example.net,02203733784,Munger,Goa,West,Regular,2023-05-21
1783,Samar Varma,tswamy@example.net,5783045596,Hospet,Odisha,East,New,2025-06-26
1784,Kamya Sharma,dagate@example.com,01267644943,Rajahmundry,Karnataka,South,Regular,2025-06-06
1785,Balhaar Pillai,qchhabra@example.com,03442004218,Mango,West Bengal,East,Premium,2023-04-26
1786,Harish Pillay,chandreshkrish@example.com,+919198505651,Rajahmundry,Chhattisgarh,Central,New,2023-09-04
1787,Chandran Chahal,raghav22@example.net,8766327904,Dhule,Jharkhand,East,Regular,2023-12-16
1788,Aarav Ratti,tiwarifaras@example.net,00052291845,Sagar,Chhattisgarh,Central,Premium,2023-06-25
1789,Janaki Bail,kevin70@example.net,+915996114358,Varanasi,West Bengal,East,New,2025-01-29
1790,Veda Srinivas,jatin30@example.com,+910922168974,Kollam,Uttarakhand,Central,Regular,2023-12-09
1791,Imaran Mandal,jkhare@example.org,03192743126,Bulandshahr,Haryana,North,Regular,2026-02-10
1792,Caleb Gill,sakshamratti@example.org,05580624755,Jalgaon,Madhya Pradesh,West,Occasional,2024-02-08
1793,Liam Bhagat,nidhisolanki@example.net,+912751005687,Purnia,Uttar Pradesh,North,New,2024-05-26
1794,Eiravati Shere,bobalpranav@example.org,8167932353,Ahmednagar,Chhattisgarh,Central,Premium,2025-01-27
1795,Anjali Wagle,ekaja16@example.com,00794321830,Gopalpur,Maharashtra,West,Regular,2022-09-06
1796,Alka Sachar,ganga19@example.org,+910411548805,Dhanbad,Haryana,North,Premium,2023-05-13
1797,Ranveer Mane,upatla@example.org,+916330575437,Delhi,Kerala,South,Premium,2025-03-11
1798,Jagdish Ravi,viraj77@example.org,2170470125,Suryapet,Karnataka,South,Regular,2025-01-25
1799,Simon Singhal,senkavya@example.com,1769750591,Patiala,Madhya Pradesh,West,New,2026-06-07
1800,Azaan Biswas,palanjanani@example.net,+916983317936,Panchkula,Jammu & Kashmir,Central,Regular,2025-07-17
1801,Charita Bassi,tpalla@example.net,4525935707,Arrah,Goa,West,New,2022-09-24
1802,Manya Gole,singhekani@example.com,+912719260261,Kishanganj,Karnataka,South,Regular,2022-08-22
1803,Jacob Bala,rajataaggarwal@example.net,1949081700,Bhavnagar,Maharashtra,West,Premium,2024-06-19
1804,Om Wable,padmanabhantriya@example.com,07014972682,Vasai-Virar,West Bengal,East,Regular,2024-09-26
1805,Prisha Rattan,radha07@example.com,+915956919220,Jamshedpur,Gujarat,West,New,2025-01-02
1806,Nandini Khatri,umandal@example.net,9250075167,Loni,Gujarat,West,Premium,2023-06-25
1807,Ranbir Patil,deisaiah@example.com,7487477935,Jamalpur,Chhattisgarh,Central,Premium,2024-05-19
1808,Wahab Pradhan,wsingh@example.org,+915201930646,Jalgaon,Chhattisgarh,Central,Regular,2023-12-01
1809,Isaac Chakraborty,ngulati@example.com,+910313878305,Bettiah,Jharkhand,East,Regular,2024-03-26
1810,Kashvi Kata,forumnarula@example.org,02029487478,Raipur,Chhattisgarh,Central,Regular,2023-03-05
1811,Neha Hegde,jyoti17@example.org,2229317786,Bangalore,Madhya Pradesh,West,Regular,2023-05-28
1812,Aradhana Sarna,christopher55@example.com,7791743124,Barasat,Kerala,South,Regular,2025-12-26
1813,Samuel Palla,yadavibose@example.org,5750927209,Kottayam,Haryana,North,Regular,2025-05-03
1814,Lajita Prakash,apandey@example.org,4339168670,Anantapur,Assam,East,New,2022-10-04
1815,Anita Kari,amaira10@example.net,+910427974935,Bhimavaram,Gujarat,West,Regular,2022-09-06
1816,Aarav Chhabra,tiwariojasvi@example.net,1329357538,Ambala,Karnataka,South,New,2023-04-02
1817,Harrison Chakraborty,xalak03@example.com,05601642624,North Dumdum,Tamil Nadu,South,Regular,2026-05-22
1818,Nicholas Aggarwal,jatinkashyap@example.com,4692239407,Raiganj,Uttar Pradesh,North,Occasional,2023-10-26
1819,Veer Majumdar,drajagopal@example.net,04700603981,Mango,Kerala,South,Regular,2023-08-29
1820,Hritik Raman,geetikadeol@example.org,01202241756,Yamunanagar,Haryana,North,Premium,2025-01-26
1821,Geetika Sarin,frederick85@example.com,+913336650285,Ozhukarai,Haryana,North,Regular,2024-10-19
1822,Ekaja Dada,qchaudhary@example.com,7829052492,Guwahati,Chhattisgarh,Central,Regular,2026-06-17
1823,Harshil Mandal,anamikathakur@example.org,01401385699,Amaravati,Uttarakhand,Central,Premium,2026-01-28
1824,Om Sachar,mitesh01@example.org,0174020984,Junagadh,Jammu & Kashmir,Central,Occasional,2023-02-15
1825,Neha Patla,ethan82@example.com,+919136759164,Gangtok,Punjab,North,Premium,2025-03-29
1826,Rayaan Doctor,balgirish@example.org,+910852315682,Ramagundam,Chhattisgarh,Central,Regular,2023-02-20
1827,Advik Dass,zayanrana@example.org,07132025342,Jorhat,Haryana,North,Regular,2023-05-23
1828,Balveer Sem,brajan@example.com,+919398766740,Morbi,Uttarakhand,Central,Regular,2024-05-31
1829,Falan Baral,lnigam@example.com,0033051097,Anantapuram,Delhi,North,Regular,2026-04-14
1830,Laksh Padmanabhan,qadim65@example.com,+916893927639,Udaipur,Odisha,East,New,2026-01-03
1831,Omkaar Vaidya,lakshmihanda@example.net,2786807042,Nagercoil,Haryana,North,New,2023-07-19
1832,Vihaan Brar,wahab11@example.net,09921353470,Chennai,Gujarat,West,Occasional,2026-06-15
1833,Aarush Tandon,aprasad@example.net,8494999635,Burhanpur,Jammu & Kashmir,Central,Regular,2026-01-29
1834,Oeshi Dass,khannaadvay@example.com,5194845422,Ballia,Jharkhand,East,New,2024-10-03
1835,Harrison Hayre,bakhshinarang@example.net,+915419635110,Mehsana,Chhattisgarh,Central,Regular,2024-01-11
1836,Hredhaan Karpe,zkarnik@example.com,9050417372,Patiala,Uttarakhand,Central,Premium,2023-12-04
1837,Oni Sur,tbaral@example.org,2381281718,Nagercoil,Delhi,North,Regular,2023-09-21
1838,Saanvi Nagarajan,jagdishbobal@example.org,05963731149,Mathura,Uttarakhand,Central,Regular,2026-04-10
1839,Yahvi Rau,wrideshbhagat@example.com,5940038180,Erode,Gujarat,West,Regular,2023-01-22
1840,George Barad,dayalekansh@example.net,+914140817028,Bhusawal,Odisha,East,Premium,2023-11-17
1841,Upma Walia,lhanda@example.org,09997032043,Shimla,Telangana,South,Regular,2022-11-17
1842,Samarth Mohanty,kai10@example.com,01004601041,Bhilai,Himachal Pradesh,North,Regular,2023-09-13
1843,Jeevika Nath,imitter@example.org,7223956721,Burhanpur,Maharashtra,West,Occasional,2023-08-11
1844,Watika Setty,esampath@example.net,05138771239,Katihar,Bihar,East,Regular,2025-12-28
1845,Tanmayi Dyal,mallyashawini@example.com,+910451945586,Sirsa,Gujarat,West,Regular,2025-01-19
1846,Avni Comar,taraneha@example.com,0315758593,Panvel,Gujarat,West,Regular,2026-02-18
1847,William Raman,bachittarpathak@example.com,09339271954,Bulandshahr,Chhattisgarh,Central,Regular,2025-04-28
1848,Osha Shan,deychatura@example.net,01537842055,Naihati,Assam,East,Regular,2023-08-01
1849,Ekaja Loke,balendra78@example.net,6778889221,Agra,Chhattisgarh,Central,Regular,2025-10-29
1850,Aditya Malhotra,mukherjeewarda@example.org,+912461757804,Lucknow,Telangana,South,Premium,2024-07-19
1851,Prisha Rege,hbumb@example.com,04262447049,Nandyal,Karnataka,South,Regular,2025-07-25
1852,Amol Dalal,xshukla@example.org,+913257044307,Guntur,Chhattisgarh,Central,Regular,2022-12-17
1853,Pallavi Wagle,mkunda@example.net,+913043817799,Bhilwara,Telangana,South,Occasional,2023-12-03
1854,Bhanumati Sibal,mandaljairaj@example.org,3018643231,Raurkela Industrial Township,West Bengal,East,Premium,2024-04-30
1855,Kamya Chatterjee,ganesanubika@example.com,1700343743,Raichur,Uttar Pradesh,North,Regular,2025-07-17
1856,Upasna Minhas,narayananshivansh@example.com,+915123115411,Guntakal,Tamil Nadu,South,New,2026-05-22
1857,Laksh Bala,fapte@example.org,+916930052214,Ujjain,Madhya Pradesh,West,Regular,2026-03-02
1858,Raksha Konda,ryan84@example.net,+915611615999,Gopalpur,Bihar,East,New,2025-05-12
1859,Odika Chada,forum53@example.com,08268295081,Pudukkottai,Uttar Pradesh,North,Regular,2025-09-26
1860,Azad Goswami,kiaanhayer@example.com,5935803528,Naihati,Jammu & Kashmir,Central,Regular,2025-01-29
1861,Diya Bath,ftrivedi@example.net,7354425247,Unnao,Jammu & Kashmir,Central,Regular,2022-09-24
1862,Bhavika Mahal,ylalla@example.net,+910464006069,Pali,Karnataka,South,New,2024-08-30
1863,Jeremiah Shankar,janya37@example.com,3854609121,Rohtak,West Bengal,East,New,2023-11-17
1864,Naksh Patel,irya39@example.com,+911609932470,Phusro,Gujarat,West,Premium,2022-09-18
1865,Laban Patel,soodchaman@example.org,+916032503943,Shimoga,Uttarakhand,Central,New,2023-03-22
1866,Tripti Parmar,xaviersane@example.org,09496454959,Sirsa,Bihar,East,New,2026-08-07
1867,Oscar Sen,ikbaltailor@example.net,02718322402,Ghaziabad,Madhya Pradesh,West,Regular,2025-09-23
1868,Kai Soni,dchaudry@example.com,00404655112,Ahmednagar,Karnataka,South,Regular,2023-07-02
1869,Jason Babu,abeer22@example.net,9207459528,Mango,Haryana,North,Occasional,2024-10-03
1870,Vritti Subramaniam,qabil39@example.org,04337327839,Adoni,Karnataka,South,New,2025-12-05
1871,Hemangini Dar,aroralakshit@example.com,+917721434869,Tiruvottiyur,Uttar Pradesh,North,Occasional,2023-05-29
1872,Ekansh Patel,vamakshi31@example.org,02089831873,Tezpur,Madhya Pradesh,West,New,2023-07-14
1873,Vamakshi Kadakia,unnisengupta@example.org,+912973414850,Malda,Gujarat,West,Regular,2024-02-24
1874,Avi Vora,nishabadami@example.org,0722087121,Sri Ganganagar,Rajasthan,North,New,2025-06-17
1875,Ekiya Sachdev,deepwahab@example.org,+915998751757,Davanagere,Goa,West,Regular,2023-05-18
1876,Akshay Vora,sarafaarush@example.net,01750241300,Anand,Jammu & Kashmir,Central,Premium,2023-04-28
1877,Wakeeta Palla,vnair@example.net,5095914504,Belgaum,Rajasthan,North,Regular,2025-04-09
1878,Mahika Sachar,maya27@example.org,6518142043,North Dumdum,Maharashtra,West,New,2026-06-12
1879,Aashi Rattan,hiteshsur@example.com,03493941667,Visakhapatnam,Telangana,South,Premium,2026-06-30
1880,Yasti Parsa,sanya49@example.org,+910667264187,Adoni,Rajasthan,North,Regular,2024-06-28
1881,Tarak Sha,eben@example.org,09316459824,Bahraich,Uttar Pradesh,North,Regular,2024-07-11
1882,Anamika Sarraf,masterbalveer@example.com,9365187569,Bhiwani,Goa,West,New,2024-12-08
1883,Chandresh Kannan,upasnajoshi@example.com,01256721230,Suryapet,Jharkhand,East,Regular,2026-06-10
1884,Tanvi Toor,ishwar53@example.org,4256600980,Pallavaram,Assam,East,Occasional,2025-12-06
1885,Nikita Batra,azaanjain@example.com,+913653298568,Tadepalligudem,Chhattisgarh,Central,Premium,2026-01-23
1886,Ridhi Bala,bbassi@example.org,+917461433700,Gudivada,Maharashtra,West,New,2026-05-25
1887,Dayamai Mander,lilasarma@example.org,6387621577,Chennai,Uttar Pradesh,North,New,2022-12-13
1888,Aadhya Prasad,hsanghvi@example.net,+914874142785,Rajkot,Chhattisgarh,Central,Regular,2025-10-03
1889,Yahvi Tella,aghose@example.org,4921223399,Bhilai,Jharkhand,East,Regular,2023-09-05
1890,Akshay Shenoy,kakarlakshit@example.net,0448456771,Shimoga,Gujarat,West,New,2023-12-12
1891,Ladli Ramakrishnan,minhasdiya@example.com,9391164576,Hospet,Haryana,North,Regular,2023-01-30
1892,Kashish Som,zrajan@example.com,06085208529,Bijapur,Tamil Nadu,South,Regular,2025-10-22
1893,Qasim Bobal,dpatla@example.com,9887829887,Bhind,Goa,West,Regular,2024-01-05
1894,Anya Dhar,abdulsankar@example.org,8506929873,Bally,Gujarat,West,Regular,2024-02-23
1895,Lajita Srinivas,dalajasachdeva@example.com,+919032143031,Tezpur,Maharashtra,West,New,2022-10-04
1896,Wyatt Bahri,chopraisaac@example.net,00654885587,Serampore,Assam,East,New,2026-02-07
1897,Ishani Dube,vchawla@example.org,03697457835,Bidhannagar,Karnataka,South,New,2023-03-07
1898,Yachana Shan,khuranafalguni@example.com,06963389586,Jabalpur,Tamil Nadu,South,Regular,2025-01-16
1899,Eta Ram,dasindrajit@example.net,02469476293,Jorhat,Jharkhand,East,Regular,2024-08-01
1900,Raagini Vohra,jackson79@example.com,+916799010271,Udupi,Tamil Nadu,South,New,2023-10-27
1901,Aditya Guha,gdutt@example.org,+915190456244,South Dumdum,Tamil Nadu,South,Premium,2023-12-10
1902,Girindra Raman,pavani63@example.net,+919350824326,North Dumdum,West Bengal,East,Premium,2023-04-02
1903,Aradhana Atwal,chatreshtalwar@example.com,09841420248,Jhansi,Maharashtra,West,Premium,2023-08-20
1904,Chandran Sura,jyoti09@example.org,3280999702,Gopalpur,Gujarat,West,Regular,2025-10-24
1905,Samaksh Chadha,aroraupadhriti@example.com,+918235327737,Raichur,Madhya Pradesh,West,Regular,2022-08-18
1906,Ridhi Rao,sarmajoshua@example.com,07355481471,Pali,Rajasthan,North,Premium,2024-01-27
1907,Hitesh Nori,teerthdatta@example.net,02702150134,Kulti,Telangana,South,Regular,2024-05-04
1908,Rajeshri Dugar,nzacharia@example.net,08247733912,Korba,Chhattisgarh,Central,Regular,2025-01-12
1909,Imaran Divan,mpal@example.org,5571421162,Visakhapatnam,Tamil Nadu,South,New,2024-07-10
1910,Eshana Chakrabarti,aggarwalanya@example.com,+916436444329,Giridih,Uttar Pradesh,North,New,2026-02-26
1911,Manan Dugar,bhallaubika@example.net,+912768352780,Bongaigaon,Jammu & Kashmir,Central,Regular,2023-01-03
1912,Hitesh Bhalla,raghavzachariah@example.com,+910009006325,Fatehpur,Delhi,North,Regular,2023-12-21
1913,Ganga Mander,jpingle@example.com,+917284703446,Muzaffarnagar,Karnataka,South,New,2026-07-29
1914,Kritika Pandya,swadhwa@example.org,04635175735,Kottayam,Jammu & Kashmir,Central,New,2023-05-24
1915,Xalak Randhawa,tparmer@example.net,09656003375,South Dumdum,Jammu & Kashmir,Central,New,2024-03-03
1916,Anita Varty,logan10@example.net,+912251455795,Malda,Andhra Pradesh,South,New,2025-01-12
1917,Victor Sundaram,csachdev@example.com,+914264302970,Muzaffarnagar,West Bengal,East,Regular,2025-05-04
1918,Mohammed Gola,jairajbabu@example.net,+915243922950,Farrukhabad,Odisha,East,Regular,2025-12-21
1919,Kiaan Lad,sharmarachana@example.net,9539087834,Sambhal,Maharashtra,West,New,2025-01-09
1920,Chandresh Sarma,deepamitter@example.com,06694836094,Kadapa,Chhattisgarh,Central,Regular,2024-07-23
1921,Ishani Babu,gautami92@example.com,6297266923,Khammam,Tamil Nadu,South,New,2024-05-07
1922,Vinaya Konda,nitara89@example.net,+917047233446,Sikar,Odisha,East,Premium,2024-07-07
1923,Ira Chaudhry,libni18@example.org,08628868879,Darbhanga,Chhattisgarh,Central,New,2023-01-22
1924,Anirudh Korpal,fiyaz86@example.net,5613440883,Salem,Chhattisgarh,Central,Regular,2023-09-05
1925,Ayaan Dara,rhalder@example.com,09123779398,Mysore,Chhattisgarh,Central,Premium,2024-12-04
1926,Nathaniel Bala,rajantanveer@example.org,5200239152,Srinagar,Jammu & Kashmir,Central,Regular,2025-11-29
1927,Xavier Rana,ekalingamanne@example.org,8212702318,Karawal Nagar,Uttarakhand,Central,Regular,2026-07-23
1928,Isaiah Goswami,andrew31@example.net,07569000191,Gandhinagar,Jammu & Kashmir,Central,Regular,2023-05-29
1929,Simon Ghosh,dayamai83@example.com,+918715154746,Raipur,Telangana,South,Premium,2026-04-22
1930,Sneha Apte,vasudhadhaliwal@example.net,+910400938083,Tezpur,Jammu & Kashmir,Central,Premium,2024-08-03
1931,Praneel Jayaraman,isaiahrai@example.net,0059324183,Etawah,Gujarat,West,New,2025-05-04
1932,Leena Dyal,manbir02@example.org,+911167954283,Kharagpur,Kerala,South,Occasional,2023-05-29
1933,Harrison Chacko,gsehgal@example.org,+916786290251,Maheshtala,Delhi,North,Regular,2024-09-17
1934,Aahana Gara,osavant@example.org,+912099417530,Ahmedabad,Himachal Pradesh,North,New,2024-10-07
1935,Faras Vig,falan05@example.org,05508485284,Unnao,Uttarakhand,Central,Regular,2024-02-23
1936,Viraj Taneja,rajata79@example.com,+910830764405,Pondicherry,Odisha,East,Premium,2024-07-05
1937,Frado Tank,riyaganesh@example.com,9732829018,Bikaner,Tamil Nadu,South,Premium,2024-01-03
1938,Hritik Chana,devhans@example.com,+916368019905,Mangalore,Odisha,East,New,2022-08-28
1939,Nandini Murty,bhattiupasna@example.net,4711706485,Tezpur,Odisha,East,Premium,2023-11-25
1940,Robert Chakraborty,aachalbhalla@example.com,9044813881,Amravati,West Bengal,East,Regular,2024-06-18
1941,Gautami Ray,dratti@example.com,01952496017,Tezpur,Odisha,East,Regular,2023-01-14
1942,Shivani Sami,garima17@example.com,+912238045347,Gandhidham,Jammu & Kashmir,Central,Occasional,2023-04-07
1943,Ekantika Gupta,danielpandit@example.net,2848987358,Akola,Karnataka,South,Regular,2024-07-27
1944,Ranveer Kale,urmi02@example.net,00939866398,Yamunanagar,Jharkhand,East,Occasional,2024-07-24
1945,Amaira Deshmukh,lkothari@example.net,+915652391886,Machilipatnam,Himachal Pradesh,North,Regular,2023-10-30
1946,Urvashi Kothari,upkaar34@example.org,02016633401,Guntur,Andhra Pradesh,South,New,2023-04-26
1947,Mitali Hayre,hemal26@example.org,02886233570,Bally,Uttarakhand,Central,Premium,2023-01-01
1948,Janani Dalal,samar44@example.org,+911175494495,Tumkur,Maharashtra,West,New,2023-09-29
1949,Chandani Gola,kritika38@example.org,01291164792,Munger,Assam,East,New,2023-04-27
1950,Yachana Sathe,zehaansastry@example.net,+915399875915,Delhi,Assam,East,Premium,2023-11-02
1951,Diya Dar,jyoti18@example.org,07923057824,Thiruvananthapuram,Telangana,South,New,2022-11-15
1952,Yahvi Chand,zayanravel@example.com,+917862430146,Khandwa,West Bengal,East,Occasional,2022-12-08
1953,Ishaan Bala,psachdev@example.net,04912187906,Bangalore,West Bengal,East,Regular,2024-05-26
1954,Amaira Sarma,pallaaditya@example.org,+912502316004,Gaya,Gujarat,West,Premium,2024-06-01
1955,Noah Sagar,kiaanchowdhury@example.org,+918614984250,Tadipatri,Gujarat,West,Premium,2026-06-26
1956,Sneha Tiwari,nihal00@example.net,+914144246073,Gulbarga,Odisha,East,New,2024-04-16
1957,Ekansh Pandya,omkaar85@example.net,9475763798,Guntakal,Jharkhand,East,Regular,2023-08-30
1958,Harini Murthy,ksridhar@example.com,9836760741,Arrah,Kerala,South,Premium,2023-08-03
1959,Anjali Wason,nadigaayush@example.com,+919035602858,Tadipatri,Bihar,East,Premium,2025-02-08
1960,Pavani Aurora,wkakar@example.com,7607512101,Bikaner,Tamil Nadu,South,Regular,2025-04-20
1961,Laksh Raghavan,bhavika18@example.org,+914594085935,Dindigul,Uttar Pradesh,North,Occasional,2024-04-07
1962,Nakul Malhotra,upmasetty@example.net,5076557374,Bhatpara,Maharashtra,West,New,2023-08-20
1963,Onkar Garde,bina67@example.net,0175227929,Phusro,Chhattisgarh,Central,Regular,2024-01-07
1964,Falak Edwin,mekhalataneja@example.com,9990203854,Bahraich,Goa,West,New,2025-07-12
1965,Adweta Chakraborty,fitan24@example.org,09575385139,Gandhinagar,Tamil Nadu,South,New,2022-08-13
1966,Gauri Dyal,omisha14@example.org,6204085206,Kurnool,Jammu & Kashmir,Central,Occasional,2025-08-11
1967,Faraj Biswas,fvora@example.org,02826593380,Kota,Tamil Nadu,South,Premium,2023-09-25
1968,Vasana Chada,pbava@example.org,3085441843,Chinsurah,Chhattisgarh,Central,Regular,2025-08-21
1969,Amol Issac,kapadiaurishilla@example.net,0210936767,Madhyamgram,Himachal Pradesh,North,New,2022-11-04
1970,Omaja Oommen,tpurohit@example.com,04590348195,Panihati,Haryana,North,Premium,2024-07-18
1971,Hritik Bedi,lakshmijayaraman@example.net,05330892333,Tiruppur,Delhi,North,Premium,2024-02-19
1972,Deepa Venkatesh,gayathri07@example.org,+916406260674,Imphal,West Bengal,East,Premium,2024-03-01
1973,Chameli Mohan,ksarkar@example.org,04834279730,Ballia,Bihar,East,Regular,2025-04-20
1974,Rajeshri Narang,wganguly@example.org,0235893771,Dindigul,Kerala,South,Regular,2023-10-23
1975,Aishani Wali,mitalishita@example.org,05991945644,Chandrapur,Jharkhand,East,New,2024-12-07
1976,Maanas Khanna,balanaarna@example.org,02428678554,Bangalore,Bihar,East,Regular,2025-11-16
1977,Yadavi Singhal,wpal@example.org,+914670936725,Warangal,Delhi,North,Occasional,2025-12-17
1978,Dakshesh Mukherjee,shenoyveda@example.net,+917346031613,Ahmedabad,Jammu & Kashmir,Central,Regular,2026-06-21
1979,Joshua Chahal,wloyal@example.com,02754283286,Ambala,Uttarakhand,Central,Premium,2025-10-14
1980,Isha Ben,hraman@example.net,+915571556616,Karaikudi,Bihar,East,Occasional,2024-01-19
1981,Caleb Khatri,ykhare@example.com,00595516113,Dharmavaram,Assam,East,Regular,2025-02-01
1982,Raghav Grover,advikaprabhu@example.org,2569619212,Tezpur,Haryana,North,Premium,2024-01-13
1983,Lipika Sunder,vasatika98@example.net,6319630527,Bhilwara,Assam,East,Regular,2024-07-12
1984,Lopa Goswami,idikabrar@example.com,02301274690,Morbi,Tamil Nadu,South,Premium,2025-08-16
1985,Hritik Chana,dkohli@example.net,0855360622,Ahmedabad,Delhi,North,Regular,2024-04-09
1986,Ijaya Sahni,pjhaveri@example.net,07756942984,Mumbai,Punjab,North,Regular,2024-05-14
1987,Abhiram Banik,nathanielsingh@example.org,+913248274635,Berhampur,Jammu & Kashmir,Central,Premium,2026-01-04
1988,Odika Buch,varmamatthew@example.org,+918069586218,Kollam,Goa,West,Regular,2025-12-16
1989,Harshil Chandra,yadavibrar@example.com,09036666369,Nangloi Jat,Telangana,South,Regular,2026-07-08
1990,Yatin Dutt,lnarain@example.net,05033790294,Kamarhati,Gujarat,West,Regular,2023-05-11
1991,Tejas Pai,hritikiyer@example.org,4527567195,Kulti,Maharashtra,West,Premium,2024-09-12
1992,Neha Thaker,dbhatia@example.org,+916524948918,Kozhikode,Madhya Pradesh,West,Regular,2022-11-04
1993,Yashica Thakkar,aayushborah@example.com,+914977764913,Guwahati,Karnataka,South,New,2026-01-04
1994,Ridhi Sachdev,laksh82@example.org,6195490294,Amaravati,Uttarakhand,Central,Occasional,2024-05-07
1995,Ranveer Kunda,tara76@example.com,+913886550091,Hindupur,Gujarat,West,New,2025-12-03
1996,Sachi Varma,luckyjoshi@example.net,5936019412,Ludhiana,Odisha,East,Premium,2024-02-01
1997,Hitesh Narang,nimratbanerjee@example.net,7807202033,Jabalpur,Delhi,North,Premium,2024-05-17
1998,Prisha Randhawa,osangha@example.com,+910373448365,Karawal Nagar,Jharkhand,East,Premium,2023-04-14
1999,Harrison Agate,nidra57@example.com,+919677054673,Aurangabad,Kerala,South,New,2022-08-13
2000,Abdul Om,pavani88@example.com,3058868102,Rajpur Sonarpur,Jammu & Kashmir,Central,Regular,2024-04-12
2001,Patrick Sami,udatta@example.com,08009580401,Kharagpur,Punjab,North,New,2023-01-05
2002,Unni Arya,balekavir@example.net,0073885467,Tirupati,Haryana,North,Premium,2023-02-17
2003,Barkha Kohli,kkata@example.net,+918941319859,Mehsana,Haryana,North,Premium,2025-09-16
2004,Luke Chopra,agastyapalla@example.com,+918425111903,Ghaziabad,Madhya Pradesh,West,Regular,2022-11-25
2005,Chaaya Ganesan,dev25@example.net,09990323887,Bhind,Telangana,South,Regular,2023-11-21
2006,Balhaar Ram,ekajabobal@example.org,00399783874,Jammu,Madhya Pradesh,West,Regular,2024-04-07
2007,Yashvi Hegde,kkhare@example.net,3970266382,Chittoor,Telangana,South,Regular,2022-09-14
2008,Dayamai Buch,jacob33@example.org,+917860577677,Guntakal,Goa,West,Premium,2023-02-18
2009,Bahadurjit Kari,dugalsachi@example.com,04058923036,Burhanpur,Karnataka,South,New,2023-03-12
2010,Vasatika Choudhry,amairasodhi@example.net,+916557136496,Rampur,Himachal Pradesh,North,Occasional,2024-06-22
2011,Girish More,veer75@example.org,07448825269,Gorakhpur,Uttarakhand,Central,Regular,2025-07-31
2012,Hemang Chauhan,murtyrachita@example.com,+913851576467,Arrah,Uttarakhand,Central,Regular,2026-01-31
2013,Aditya Jain,ekanshkapoor@example.com,05027586034,Gandhinagar,Punjab,North,Regular,2022-11-13
2014,Samuel Zachariah,yashmital@example.net,02457051557,Sambhal,Maharashtra,West,Premium,2023-06-22
2015,Samaksh Ganesan,maanav71@example.com,+918628697476,Thrissur,Uttarakhand,Central,Regular,2023-06-06
2016,Aryan Kadakia,arya78@example.com,2681931922,Mysore,Delhi,North,Regular,2025-04-20
2017,Udant Dewan,ramanathanqasim@example.com,+919418545541,Ratlam,Telangana,South,Occasional,2025-11-23
2018,Frederick Lal,behlvincent@example.com,03032826735,Pudukkottai,Uttar Pradesh,North,New,2024-11-25
2019,Sanya Rai,saanvi16@example.net,6213250862,Jorhat,Goa,West,Regular,2022-08-26
2020,Brinda Kade,raksha60@example.net,8823092587,Saharsa,Uttarakhand,Central,Regular,2023-12-12
2021,Megha Sibal,mayakadakia@example.org,03308460172,Saharanpur,Odisha,East,Premium,2025-02-25
2022,Warinder Johal,mmuni@example.org,4749116343,Berhampur,Jharkhand,East,New,2024-10-18
2023,Guneet Rama,xkeer@example.com,02284554140,Malda,West Bengal,East,Premium,2023-01-06
2024,Max Gaba,faqid10@example.net,08610660026,Sagar,Jammu & Kashmir,Central,Regular,2025-03-24
2025,Hemang Sathe,gautami38@example.net,1624410667,Imphal,Kerala,South,Regular,2024-05-23
2026,Manbir Borra,dpalla@example.org,4238935440,Solapur,Chhattisgarh,Central,Regular,2024-08-12
2027,Alexander Shetty,zaitraprasad@example.org,+913050667148,Muzaffarpur,Uttarakhand,Central,Regular,2026-01-06
2028,Rushil Dara,qbuch@example.com,5541298249,Sangli-Miraj & Kupwad,West Bengal,East,Regular,2026-07-26
2029,Yashica Bora,pratyush08@example.net,5217680126,Rourkela,Uttarakhand,Central,Premium,2022-08-20
2030,Falak Bhandari,tkari@example.org,09139430325,Gulbarga,Madhya Pradesh,West,Regular,2024-01-13
2031,Mekhala Doshi,victortiwari@example.com,00376543999,Bhatpara,Chhattisgarh,Central,New,2024-09-05
2032,Anirudh Halder,atharvvirk@example.com,4148632908,Jaipur,Gujarat,West,Regular,2026-03-13
2033,Anita Vaidya,vcherian@example.net,+915182377210,Karawal Nagar,Goa,West,New,2024-01-10
2034,Aarini Singhal,hredhaanbora@example.com,+917400345688,Bettiah,Kerala,South,Occasional,2023-09-09
2035,Vidhi Joshi,xmemon@example.com,6660723660,Nandyal,Karnataka,South,Regular,2024-04-18
2036,Manbir Ahuja,agarwalreyansh@example.com,9382528940,Thrissur,Uttar Pradesh,North,New,2023-09-25
2037,Janya Dada,ibadami@example.com,5775266848,Bellary,Madhya Pradesh,West,Occasional,2025-01-30
2038,Prisha Hegde,hsinghal@example.org,05248135376,Sangli-Miraj & Kupwad,Tamil Nadu,South,Regular,2025-06-12
2039,Thomas Apte,ishitakhosla@example.net,02608853298,Patiala,Madhya Pradesh,West,New,2025-03-16
2040,Girik Chad,vrinda47@example.com,07377049909,Berhampore,Uttarakhand,Central,Premium,2023-11-05
2041,Dayita Patla,knayar@example.com,03961034057,Rewa,Madhya Pradesh,West,Premium,2024-11-18
2042,Charan Venkataraman,memonimaran@example.net,7569430721,Malda,Madhya Pradesh,West,Regular,2024-11-30
2043,Panini Chaudhuri,gnagarajan@example.com,+913634110485,Miryalaguda,Andhra Pradesh,South,Premium,2026-01-08
2044,Shivani Choudhry,lekhanarang@example.com,2818291278,Dehradun,Uttarakhand,Central,New,2026-07-06
2045,Nidhi Bal,harish58@example.com,03730437631,Arrah,Telangana,South,Regular,2023-09-17
2046,Wakeeta Bains,bdasgupta@example.net,04814400040,Uluberia,Jammu & Kashmir,Central,Regular,2025-01-06
2047,Manthan Khare,behlpahal@example.com,+917972968228,Farrukhabad,Rajasthan,North,Premium,2024-05-10
2048,Samuel Loke,vedika99@example.org,01973665475,Karaikudi,West Bengal,East,Premium,2023-04-08
2049,Veda Bhavsar,naiduraghav@example.net,2590677185,Rewa,Uttar Pradesh,North,New,2025-08-06
2050,Vaishnavi Mann,anmolkurian@example.org,+915600413166,Kirari Suleman Nagar,Uttarakhand,Central,Premium,2022-08-15
2051,Varsha Acharya,jchoudhry@example.com,7176350642,Sangli-Miraj & Kupwad,Rajasthan,North,New,2024-02-10
2052,Chaitaly Kade,surniharika@example.com,02270254316,Ramgarh,Uttar Pradesh,North,Premium,2025-01-12
2053,Yashvi More,emahajan@example.org,06046782036,Katni,Himachal Pradesh,North,Premium,2022-11-23
2054,Ekaja Panchal,goyalmaya@example.org,+914097312206,Bahraich,Uttarakhand,Central,Premium,2025-07-24
2055,Ekantika Mangat,nairvivaan@example.net,2421694353,Orai,Assam,East,New,2024-06-18
2056,Ethan Shukla,pauekansh@example.org,0573213678,Sagar,Madhya Pradesh,West,Premium,2025-10-12
2057,Kashish Deol,uchoudhary@example.org,+917055705295,Kishanganj,Goa,West,Regular,2024-02-17
2058,Amara Mann,daterayaan@example.com,9989625869,Silchar,Odisha,East,Regular,2024-04-22
2059,Raagini Bakshi,rajagopalrachit@example.com,5151797519,Fatehpur,Jammu & Kashmir,Central,Regular,2023-08-29
2060,Gaurika Kamdar,gerasuhani@example.org,04580197621,Agartala,Uttarakhand,Central,Regular,2026-05-06
2061,Mekhala Malhotra,ubose@example.org,6532224708,Delhi,Gujarat,West,Premium,2024-05-20
2062,Hritik Ganesh,nbora@example.net,4089437481,Rewa,Assam,East,Regular,2023-01-25
2063,Vinaya Krish,atwalandrew@example.com,8990580814,Nellore,Maharashtra,West,Regular,2024-10-20
2064,Aryan Oak,chowdhurychanakya@example.com,03586990213,Jalandhar,Haryana,North,Regular,2023-07-14
2065,Chavvi Sahota,devanfalan@example.org,06764281259,Sikar,Uttarakhand,Central,Regular,2024-05-11
2066,Charan Shankar,yashodhara84@example.net,5912609203,Vijayawada,West Bengal,East,New,2025-12-01
2067,Rachita Pingle,fpandya@example.net,+916657813049,Howrah,Chhattisgarh,Central,Occasional,2025-09-09
2068,Yachana Randhawa,harish64@example.com,+918629532230,Siliguri,Andhra Pradesh,South,Regular,2023-11-26
2069,Lekha Kumar,grewalodika@example.org,+919557458618,North Dumdum,Kerala,South,New,2023-10-07
2070,Yatan Muni,vasatheodore@example.com,04278859881,Kanpur,Andhra Pradesh,South,Regular,2026-04-01
2071,Kashish Raj,pranavprabhakar@example.net,6276223683,Akola,Chhattisgarh,Central,Regular,2024-06-15
2072,Vihaan Kumar,waliasamesh@example.net,9557802280,Malda,Uttar Pradesh,North,Premium,2024-08-11
2073,Avi Salvi,chamanpatil@example.org,+916944735341,Shahjahanpur,Andhra Pradesh,South,New,2024-09-22
2074,Azaan Kalla,williamdasgupta@example.net,06790667477,Faridabad,Madhya Pradesh,West,Regular,2025-04-03
2075,Fariq Bhat,aarav83@example.net,03782601877,Udupi,Gujarat,West,Regular,2025-08-22
2076,Tristan Guha,lucky25@example.org,3922425777,Sirsa,West Bengal,East,Premium,2025-10-24
2077,Janaki Sehgal,chanakya21@example.net,8521148460,Burhanpur,Delhi,North,Regular,2024-07-20
2078,Meghana Warrior,ttiwari@example.org,+914759835894,Fatehpur,Madhya Pradesh,West,Regular,2023-06-02
2079,Yash Goel,wyatt20@example.org,04616794677,Saharsa,Chhattisgarh,Central,Regular,2022-11-06
2080,Tanveer Sachdeva,kareshana@example.net,4592118572,Thoothukudi,Madhya Pradesh,West,Regular,2025-11-07
2081,Gagan Mand,fkala@example.com,6263896549,Madhyamgram,Uttarakhand,Central,Regular,2025-04-17
2082,Varenya Dube,anmolbasu@example.net,1001428669,Tenali,Madhya Pradesh,West,New,2025-01-13
2083,Frederick Nagy,lnaik@example.com,+914909671080,Bilaspur,Jammu & Kashmir,Central,Occasional,2023-05-22
2084,Yutika Sule,anjalidugar@example.net,+917496652948,Varanasi,Rajasthan,North,Premium,2025-04-18
2085,Tanmayi Dash,vdugal@example.com,+912343353675,Karawal Nagar,Goa,West,Regular,2024-01-30
2086,Simon Krishna,lipikanatt@example.net,05031049791,Mumbai,West Bengal,East,Regular,2024-09-23
2087,Falan Gopal,sacharfrederick@example.net,9074666974,Saharanpur,Uttarakhand,Central,Premium,2024-08-11
2088,Tripti Dar,bimalakarpe@example.com,06830325369,Asansol,Telangana,South,New,2025-12-26
2089,Eshana Wali,fraghavan@example.org,00781072839,Surendranagar Dudhrej,Uttarakhand,Central,New,2026-05-15
2090,Amrita Sagar,goswamikritika@example.org,09936319627,Singrauli,Kerala,South,Premium,2026-03-10
2091,Aadhya Kapoor,nagardevansh@example.net,5663006362,Meerut,Delhi,North,Regular,2025-07-31
2092,Lopa Lad,sehgalyashvi@example.com,0481135373,Bharatpur,Rajasthan,North,Regular,2024-02-20
2093,Vasudha Gade,manya77@example.com,0554899071,Dharmavaram,Goa,West,Regular,2026-07-28
2094,Gopal Nanda,qadim70@example.org,2933132689,Chittoor,Odisha,East,Regular,2026-07-11
2095,Osha Bahri,devanshkrish@example.com,8415771291,Malegaon,Rajasthan,North,Regular,2026-01-29
2096,Dev Pandit,echada@example.com,5589223552,Miryalaguda,Jammu & Kashmir,Central,New,2025-08-04
2097,Rajeshri Hayer,doramanbir@example.net,2933528789,Vasai-Virar,Telangana,South,Premium,2024-09-11
2098,Indali Rout,vedhika26@example.net,4746455072,Kota,Delhi,North,New,2024-03-15
2099,Jason Pandit,vorachandran@example.net,05645058105,Moradabad,Andhra Pradesh,South,New,2025-11-01
2100,Vidhi Swamy,zehaan76@example.org,3788663646,Latur,Chhattisgarh,Central,New,2022-08-14
2101,Vivaan Mital,rsavant@example.net,6337922628,Tadepalligudem,Kerala,South,Regular,2026-08-05
2102,Hemani Acharya,tejassundaram@example.com,+918734505219,Bangalore,Himachal Pradesh,North,Premium,2026-07-18
2103,Zayyan Solanki,omajabala@example.net,09629145977,Alappuzha,Jharkhand,East,New,2023-12-21
2104,Edhitha Contractor,sarnachanchal@example.com,3665397885,Dewas,Odisha,East,Regular,2024-03-20
2105,Janaki Sethi,kondaisaiah@example.net,8444961639,Bokaro,Haryana,North,New,2024-10-05
2106,Zashil Sood,rsubramanian@example.org,02123848775,Srinagar,Madhya Pradesh,West,Regular,2024-01-20
2107,Zilmil Singh,kashvi79@example.net,3229000590,Baranagar,Haryana,North,Occasional,2025-12-14
2108,Raksha Karpe,jnagy@example.com,00591934424,Cuttack,Bihar,East,Regular,2024-02-07
2109,Harshil Desai,vivaankoshy@example.org,05335359759,Aurangabad,Gujarat,West,Premium,2026-04-08
2110,Yahvi Grewal,ravalaadi@example.net,08757882737,Shahjahanpur,Andhra Pradesh,South,Regular,2024-04-18
2111,Tamanna Kanda,rajeshrirajan@example.com,+919797855004,Bharatpur,Uttarakhand,Central,Regular,2022-10-24
2112,Sachi Dey,ndugar@example.net,0107932265,Sultan Pur Majra,Punjab,North,New,2025-06-05
2113,Hemani Mann,bkhanna@example.com,4156711775,Bhimavaram,Delhi,North,Regular,2024-10-22
2114,Nitesh Mall,gautam98@example.com,0884075538,Bharatpur,Jammu & Kashmir,Central,Regular,2024-12-15
2115,Hamsini Sood,rajeshrivig@example.org,5070513069,Sultan Pur Majra,Maharashtra,West,New,2023-06-12
2116,Kabir Warrior,nadkarnilipika@example.net,+918702785379,Gorakhpur,Tamil Nadu,South,Occasional,2023-05-21
2117,Dayita Chad,urvashichauhan@example.com,+910639085830,Karaikudi,Goa,West,Regular,2023-11-03
2118,Pavani Varty,sampathsaanvi@example.org,+918665606775,Phusro,Jharkhand,East,Premium,2023-09-21
2119,Yagnesh Narain,harish05@example.net,7725040258,Indore,Jammu & Kashmir,Central,Occasional,2024-02-15
2120,Eshana Wadhwa,ndora@example.com,08457208024,Pune,Madhya Pradesh,West,Regular,2025-04-13
2121,Frederick Pingle,sibalchavvi@example.net,+911660816115,Eluru,Rajasthan,North,Regular,2025-12-25
2122,Vihaan Mane,majumdarridhi@example.net,5000458408,Bikaner,Madhya Pradesh,West,Regular,2024-06-20
2123,Arin Ravi,rajagopalandayita@example.net,09356580363,Sambhal,Uttarakhand,Central,Regular,2025-04-10
2124,Logan Gala,janani58@example.net,+917083351424,Pudukkottai,Jharkhand,East,Regular,2023-11-09
2125,Neelima Kota,bariabakhshi@example.com,03980488672,Vasai-Virar,Haryana,North,Premium,2025-04-17
2126,Krisha Choudhary,kbehl@example.net,7317098166,Rajahmundry,West Bengal,East,New,2023-11-23
2127,Victor Menon,rchopra@example.org,1501645466,Uluberia,Bihar,East,Regular,2026-05-30
2128,Isaac Dubey,theodore61@example.org,06987622957,Unnao,Punjab,North,New,2024-06-24
2129,Baljiwan Bhasin,ddar@example.org,3157160426,Bilaspur,Jharkhand,East,New,2023-10-21
2130,Sara Chahal,cnatarajan@example.com,01526445829,Kavali,Jharkhand,East,Regular,2026-02-28
2131,Aarini Chadha,kandaubika@example.net,+914987620938,Raiganj,Gujarat,West,Regular,2023-10-29
2132,Eshana Gala,oscar76@example.org,7414644026,Jhansi,Tamil Nadu,South,New,2023-08-29
2133,Barkha Dubey,ira56@example.org,3262138415,Srinagar,Chhattisgarh,Central,Premium,2024-02-10
2134,Indira Mahajan,janakidhaliwal@example.com,00568808482,Bahraich,Rajasthan,North,Premium,2026-03-12
2135,Ekbal Dora,nguha@example.com,+912937813267,Bidhannagar,Madhya Pradesh,West,Occasional,2023-04-11
2136,Mohammed Rout,saumyasekhon@example.net,07469588194,Siwan,Delhi,North,Regular,2023-08-31
2137,Chaitaly Dora,amrita99@example.org,+913675726684,Bathinda,West Bengal,East,Regular,2024-07-05
2138,Pahal Sarna,rachitbalay@example.org,+916131779053,Kalyan-Dombivli,Telangana,South,Premium,2023-08-04
2139,Timothy Gulati,harshnagar@example.net,1801664802,Bhusawal,Chhattisgarh,Central,New,2026-07-03
2140,Jagdish Kapadia,rishi11@example.com,03978157341,Adoni,Tamil Nadu,South,Regular,2023-03-09
2141,Anthony Purohit,garora@example.com,+913650460262,Bijapur,Andhra Pradesh,South,New,2026-01-11
2142,Karan Dhillon,henry82@example.com,1350621084,Solapur,Maharashtra,West,Regular,2026-04-13
2143,Watika Badami,tdeshpande@example.net,1099752686,Dindigul,Tamil Nadu,South,Regular,2023-12-26
2144,Omya Chander,hgade@example.com,+917373087143,Jammu,Haryana,North,New,2022-10-28
2145,Mohammed Bal,ommahika@example.org,00702474857,Rajkot,Punjab,North,Premium,2025-03-30
2146,Triya Kari,narayananowen@example.org,3229725401,Guntakal,Chhattisgarh,Central,New,2023-08-05
2147,Chakrika Suri,bishakha31@example.net,6459478007,Gopalpur,Delhi,North,Premium,2025-06-18
2148,Tarak Ratta,pvirk@example.com,05504583875,Ahmedabad,Chhattisgarh,Central,Regular,2025-10-25
2149,Ucchal Balay,guhajack@example.com,+911135980433,Bhubaneswar,Andhra Pradesh,South,Regular,2026-05-01
2150,Osha Salvi,andrew10@example.org,06019335206,Akola,Goa,West,Regular,2026-01-15
2151,Chatura Johal,ramaanya@example.org,06331614082,Vasai-Virar,Jammu & Kashmir,Central,Regular,2026-01-20
2152,Vaishnavi Chada,mdara@example.net,05740519950,Khora ,Tamil Nadu,South,Premium,2022-08-24
2153,Abdul Natarajan,zsastry@example.org,5263595176,Mirzapur,West Bengal,East,Regular,2026-06-03
2154,Imaran Khatri,doctorquincy@example.net,07106656024,Nellore,Andhra Pradesh,South,Regular,2023-05-21
2155,Ria Sawhney,finn49@example.org,07175322799,Karnal,Assam,East,Regular,2024-03-03
2156,Jairaj Mutti,nvirk@example.net,9168317151,Jabalpur,Telangana,South,Regular,2023-04-22
2157,Adya D’Alia,brindatella@example.com,04673137174,Chapra,Himachal Pradesh,North,Premium,2023-09-16
2158,Nimrat Ratti,dayita50@example.net,07034011761,Bhopal,Tamil Nadu,South,New,2026-05-27
2159,Samuel Bansal,chawlajeremiah@example.com,+918318172035,Dharmavaram,Delhi,North,Regular,2024-04-04
2160,Pahal Lad,balasubramaniandevansh@example.net,+915426078241,Bidar,Himachal Pradesh,North,New,2024-03-25
2161,Samesh Madan,chavviboase@example.org,07546624822,Ghaziabad,Jharkhand,East,New,2026-04-24
2162,Chaaya Date,buchpahal@example.net,06038951592,Alwar,Gujarat,West,Regular,2025-05-08
2163,Mahika Nagar,dhruvtandon@example.com,04533164950,Visakhapatnam,Assam,East,Premium,2026-07-10
2164,Bhavna Chauhan,kalavamakshi@example.net,+913463107890,Jorhat,Karnataka,South,Premium,2025-12-04
2165,Sneha Prashad,choudhuryutkarsh@example.org,01544747334,Serampore,Rajasthan,North,Regular,2024-06-07
2166,Yuvraj Sankaran,gbanerjee@example.net,08525317504,Phusro,Maharashtra,West,Premium,2025-05-24
2167,Andrew Butala,vasafalak@example.net,08974095290,Raichur,Odisha,East,Regular,2023-07-10
2168,Vasudha Dua,waliamara@example.com,2668063992,Solapur,Chhattisgarh,Central,Regular,2022-10-01
2169,Gautam Pal,balendra62@example.net,08908806831,Jalgaon,Chhattisgarh,Central,Premium,2024-06-03
2170,Triveni Natarajan,manthandyal@example.org,+911256772503,Haldia,Jammu & Kashmir,Central,Regular,2025-06-14
2171,Parth Sharma,lalgeorge@example.org,02773235737,Bokaro,Kerala,South,Regular,2023-02-19
2172,Dayamai Dora,krishnanqasim@example.org,09374158719,Asansol,Uttar Pradesh,North,New,2026-06-22
2173,Forum Deshpande,upkaar09@example.com,08779936427,Jaunpur,Madhya Pradesh,West,Regular,2024-01-25
2174,Sudiksha Dixit,hardiksami@example.net,+912921351113,Dhanbad,Delhi,North,Premium,2025-02-05
2175,Vaishnavi Narasimhan,kashishbasu@example.org,06948412322,Ambattur,Bihar,East,Regular,2023-01-25
2176,Bahadurjit Sule,ekantasom@example.org,9439137085,Kadapa,Assam,East,New,2026-04-02
2177,Omkaar Dasgupta,isaacsamra@example.net,2260809937,Serampore,Maharashtra,West,Regular,2023-06-26
2178,Falan Sen,anamika98@example.net,+918037473811,Dhule,Rajasthan,North,Regular,2023-01-24
2179,Zashil Lata,tgara@example.com,04077005355,Kurnool,Punjab,North,Premium,2024-07-03
2180,Harrison Dash,golavincent@example.net,00284779825,Raichur,Uttar Pradesh,North,New,2026-07-06
2181,Ekaraj Prabhu,gmenon@example.com,+913070666706,Muzaffarpur,Jammu & Kashmir,Central,Regular,2023-07-18
2182,Ekapad Sankar,chawlagaurangi@example.com,3093731340,Morbi,Kerala,South,Regular,2022-12-30
2183,Unnati Anand,vedikakakar@example.org,01892004582,Morena,Haryana,North,Regular,2024-09-15
2184,Mahika Gopal,saumya42@example.com,08473255065,Ramgarh,Andhra Pradesh,South,New,2023-03-23
2185,Gautami Kanda,nsastry@example.net,+912072095789,Muzaffarpur,Gujarat,West,Regular,2025-06-03
2186,Advay Yogi,sachdevaadya@example.com,06578174420,Bhilwara,Uttarakhand,Central,Regular,2023-12-12
2187,Frado Pingle,oni74@example.org,2016759930,Madurai,Gujarat,West,Regular,2022-11-06
2188,Farhan Mitter,pallacharles@example.com,7091446548,Kolkata,Uttarakhand,Central,Regular,2023-07-26
2189,Banjeet Memon,bajajbrinda@example.net,04549768348,Etawah,Bihar,East,Premium,2022-10-27
2190,Niharika Bahl,lucky46@example.com,+915760138079,Vijayawada,Kerala,South,Occasional,2023-05-03
2191,Onkar Chhabra,lpandit@example.net,5081595904,Moradabad,Kerala,South,Regular,2022-12-28
2192,Reva Bobal,ekunda@example.net,04776310323,Ballia,Chhattisgarh,Central,Regular,2024-01-19
2193,Urmi Bhardwaj,janakimohanty@example.com,+916844469645,Chandrapur,Punjab,North,Premium,2024-07-24
2194,Frado Kari,yashodabhavsar@example.org,+917244792975,Shimoga,Kerala,South,Regular,2025-07-08
2195,Damini Bahri,moreleena@example.com,4639248878,Morena,Assam,East,Regular,2026-07-04
2196,Vanya Ranganathan,zsahota@example.com,7378053425,Phusro,Chhattisgarh,Central,Premium,2025-10-23
2197,Jason Sampath,sanyamohan@example.com,07666091919,Bharatpur,Chhattisgarh,Central,Regular,2023-01-13
2198,Zehaan Date,shivansh17@example.com,7085675910,Junagadh,Uttarakhand,Central,New,2023-04-23
2199,Ojasvi Sundaram,mitterarunima@example.com,07140577025,Guwahati,Telangana,South,Premium,2025-09-24
2200,Baghyawati Kunda,balendra99@example.net,07525637448,Raurkela Industrial Township,Goa,West,Regular,2024-02-22
2201,Urvashi Ramakrishnan,pkade@example.com,4205095307,Nandyal,Gujarat,West,Regular,2024-01-16
2202,Kalpit Wable,vaishnaviramachandran@example.net,08870894266,Noida,Gujarat,West,New,2026-07-24
2203,Azaan Grover,rsaran@example.com,08294350079,Kota,Chhattisgarh,Central,Occasional,2024-05-09
2204,Udarsh Sridhar,rsibal@example.net,02471649191,Nellore,Punjab,North,Occasional,2024-06-13
2205,Gauri Bains,vghose@example.net,+915016915697,Nangloi Jat,Punjab,North,New,2025-07-03
2206,Sathvik Bera,bbatra@example.net,+913349023743,Bhiwani,Chhattisgarh,Central,Regular,2025-04-08
2207,Arya Manda,aggarwalgautam@example.net,09599112946,Thane,Madhya Pradesh,West,New,2025-01-20
2208,Hredhaan Dugal,qchandra@example.com,09511203390,Madanapalle,Punjab,North,Premium,2023-08-31
2209,Rachita Kulkarni,teerthmannan@example.org,3754288463,Nangloi Jat,Rajasthan,North,New,2024-03-31
2210,Ekta Bera,adityagola@example.com,02179316250,Nagercoil,Gujarat,West,Regular,2023-08-21
2211,Panini Sawhney,arunimamody@example.net,8372687793,Hindupur,Bihar,East,Premium,2023-06-15
2212,Rajata Savant,yashawinisura@example.com,07869104076,Kavali,Delhi,North,Premium,2022-12-13
2213,Dipta Goswami,harish57@example.org,+918020404107,Tezpur,Bihar,East,New,2024-03-19
2214,Ati Krish,tanmayibhalla@example.org,05781496355,Vijayawada,Jammu & Kashmir,Central,Premium,2022-11-27
2215,Kala Kadakia,buchazaan@example.org,5845673137,Ranchi,Madhya Pradesh,West,New,2025-02-01
2216,Triya Maharaj,georgeseshadri@example.com,00730217373,Hindupur,Gujarat,West,New,2025-09-09
2217,Fiyaz Ahluwalia,mannonveer@example.com,+911892240061,Loni,Jharkhand,East,New,2024-08-28
2218,Anamika Sandhu,kbera@example.net,01435804711,Patna,Himachal Pradesh,North,Regular,2024-03-26
2219,Charles Butala,xavier11@example.net,09602769347,Medininagar,Assam,East,Regular,2023-11-25
2220,Chandran Narang,yadavi56@example.org,07504224640,Gudivada,Goa,West,New,2024-06-20
2221,Xiti Sachdeva,swamygeetika@example.com,+918277114881,Pimpri-Chinchwad,Jammu & Kashmir,Central,Premium,2026-05-04
2222,Faqid Tata,irya70@example.net,+916786504441,Alwar,Tamil Nadu,South,Premium,2024-03-07
2223,Abha Dhillon,ytak@example.net,+918805015137,Belgaum,West Bengal,East,Premium,2025-10-14
2224,Sachi Bassi,luke41@example.com,9814207681,Hyderabad,West Bengal,East,Regular,2024-05-11
2225,Faras Lanka,poojaparsa@example.net,02397661054,Jaunpur,Jharkhand,East,Premium,2022-10-19
2226,Ekantika Barad,talwarrachana@example.org,+917518007784,Guna,Odisha,East,Regular,2025-12-11
2227,Janani Shan,hchauhan@example.net,07706672192,Begusarai,Jammu & Kashmir,Central,Regular,2023-10-27
2228,Chandani Dalal,samesh09@example.org,+915272597833,Madhyamgram,Karnataka,South,Occasional,2025-11-04
2229,Chatura Viswanathan,gardechakradev@example.com,9447698801,Dehradun,Telangana,South,Regular,2026-06-28
2230,Kai Bhat,oeshichar@example.net,+918802570162,Sikar,Gujarat,West,New,2024-01-25
2231,Tanvi Bhatia,kamyanazareth@example.net,09151676166,Chapra,Kerala,South,Regular,2025-08-31
2232,Mekhala Hans,ibhagat@example.com,+916873209225,Karimnagar,Assam,East,New,2024-05-03
2233,Lila Loyal,sarnaubika@example.org,8718341000,Pali,West Bengal,East,Regular,2022-10-22
2234,Yutika Mani,vihaanbala@example.org,06035608970,Bally,Jharkhand,East,Premium,2023-12-26
2235,Upma Pradhan,manebarkha@example.com,0583047027,Kozhikode,Chhattisgarh,Central,Premium,2025-01-06
2236,Pavani Lall,ishaan30@example.net,+915019857547,Hosur,Jammu & Kashmir,Central,New,2026-03-22
2237,Barkha Gole,bmohanty@example.com,+918285072553,Ahmedabad,Jharkhand,East,Premium,2024-10-09
2238,Jalsa Bora,kala01@example.org,02471178875,Mirzapur,Uttar Pradesh,North,New,2024-03-09
2239,Jai Wali,gagan80@example.com,1412007404,Jabalpur,Maharashtra,West,Regular,2023-02-17
2240,Simon Kalita,urvashiray@example.net,2689947387,Kalyan-Dombivli,Kerala,South,Occasional,2024-01-08
2241,Kala Gokhale,chanakyaprashad@example.org,06360712413,Tiruppur,Delhi,North,Regular,2025-01-09
2242,Gabriel Devan,ekaraj93@example.com,09436436531,Satna,Himachal Pradesh,North,Regular,2025-03-16
2243,Kashish Salvi,pillaiazad@example.net,5146318798,Bulandshahr,Karnataka,South,Premium,2025-07-23
2244,Wriddhish Batra,rushilanand@example.com,+913338831960,Anantapur,Haryana,North,Regular,2025-12-07
2245,Warhi Babu,abdul04@example.org,6668470726,Nanded,Chhattisgarh,Central,Premium,2022-09-23
2246,Vansha Toor,msandhu@example.com,0537380882,Jhansi,Madhya Pradesh,West,New,2024-08-01
2247,Triveni Balan,garachaitaly@example.com,00751862109,Maheshtala,Haryana,North,Regular,2026-05-14
2248,Owen Tiwari,sampathlila@example.org,+916688127904,Uluberia,Uttar Pradesh,North,New,2024-04-30
2249,Krishna Naidu,samifalan@example.net,09224199797,Bellary,Jammu & Kashmir,Central,Regular,2023-05-05
2250,David Wali,aishaniagrawal@example.net,5448789048,Nellore,Uttarakhand,Central,New,2023-02-19
2251,Eesha Zacharia,vshankar@example.net,+916021318066,Bihar Sharif,Jharkhand,East,Premium,2023-09-12
2252,Vamakshi Mitter,arjunwali@example.com,8037825371,Gurgaon,Jammu & Kashmir,Central,Regular,2022-11-07
2253,Arin Mani,nathekaja@example.com,1373142175,Durgapur,Assam,East,Regular,2025-09-26
2254,Anya Krishnan,ronithchoudhry@example.com,2730597662,Dehri,Bihar,East,New,2023-10-05
2255,Ridhi Verma,nandini40@example.org,07746621997,Purnia,Andhra Pradesh,South,Regular,2023-12-04
2256,Diya Oza,mason45@example.net,06729299072,Bidar,West Bengal,East,Regular,2024-01-26
2257,Caleb Sant,chaudharydipta@example.com,+913827386883,Tadepalligudem,Jharkhand,East,Occasional,2024-08-14
2258,Madhavi Devi,ishitakrishnan@example.com,8629661035,Serampore,Chhattisgarh,Central,New,2023-03-09
2259,Charles Muni,vrittibuch@example.net,09262735060,Solapur,Bihar,East,Occasional,2024-09-22
2260,Nitara Mangal,lbansal@example.com,+914909100916,Raurkela Industrial Township,Karnataka,South,Regular,2023-03-30
2261,Dayamai Nori,yuvraj00@example.org,08462742052,Mau,Haryana,North,Premium,2026-02-28
2262,Rudra Bhalla,kissac@example.org,06569107086,Kochi,Goa,West,Regular,2025-06-10
2263,Girik Kala,aadi25@example.org,+916422764349,Haridwar,Telangana,South,New,2026-01-27
2264,Raagini Parekh,nagarajanreyansh@example.com,07411602859,Nellore,Odisha,East,Regular,2024-01-19
2265,Hemal Parmer,knadig@example.net,+910415528230,Silchar,Gujarat,West,Premium,2025-08-29
2266,Vihaan Bahri,krishtalwar@example.com,4443329457,Panchkula,Delhi,North,Regular,2026-07-16
2267,Chatura Merchant,isha@example.com,6497283419,Alappuzha,Gujarat,West,Occasional,2025-07-23
2268,Anthony Balay,smanne@example.org,8299316421,Ambala,Bihar,East,Regular,2024-07-12
2269,Ishani Toor,upma02@example.com,9105579991,Dehri,Jammu & Kashmir,Central,Regular,2023-02-24
2270,Veer Lalla,kritika51@example.net,+913434407080,Thrissur,Jharkhand,East,New,2025-10-09
2271,Falguni Master,ekantikasengupta@example.net,4590731282,Salem,Jammu & Kashmir,Central,Regular,2022-11-30
2272,Qabil Ramaswamy,max18@example.org,04478893770,Howrah,Jammu & Kashmir,Central,Occasional,2025-12-27
2273,Sachi Bakshi,anmol62@example.com,3276243265,Jamnagar,Goa,West,New,2024-03-08
2274,Charles Kumer,ebaria@example.net,3798775239,Jammu,Maharashtra,West,Regular,2022-08-17
2275,Zilmil Mital,aradhana41@example.net,8385792826,Mahbubnagar,Chhattisgarh,Central,Regular,2024-04-06
2276,Oni Pandey,muttidipta@example.org,04787155333,Amroha,Gujarat,West,Regular,2022-09-08
2277,Ekavir Kala,warda56@example.org,6176502100,Tirunelveli,Haryana,North,Regular,2025-01-19
2278,Darika Parikh,xbhalla@example.org,01253806319,Bathinda,Telangana,South,Premium,2024-09-24
2279,Warhi Rajagopal,onkarsibal@example.net,2746226897,Jammu,Bihar,East,Regular,2026-06-10
2280,Ijaya Gade,samuel87@example.org,0757931444,Raipur,Uttarakhand,Central,New,2022-12-28
2281,Anamika Mutti,ogoda@example.com,3840927715,Berhampur,Rajasthan,North,Regular,2025-02-19
2282,Garima Ahluwalia,ubhargava@example.net,+918251103186,Bikaner,Goa,West,Premium,2025-06-11
2283,Isha Cheema,arunima56@example.com,+919667601504,Darbhanga,Chhattisgarh,Central,Occasional,2022-09-10
2284,Aarav Goyal,vprabhu@example.com,04756657329,Nangloi Jat,Jharkhand,East,Regular,2022-08-14
2285,Daniel Nazareth,santzinal@example.com,0233094621,Shivpuri,Goa,West,Regular,2023-11-22
2286,Omya Chaudhari,onatt@example.com,+910534289078,Erode,Haryana,North,Regular,2025-04-26
2287,David Purohit,pandeydaksh@example.com,+910661690367,Bathinda,Jharkhand,East,New,2023-03-31
2288,Amruta Dani,sharmaupasna@example.com,6319946709,Nashik,Uttar Pradesh,North,New,2025-01-23
2289,Anika Salvi,dixitmason@example.net,3087884779,Bardhaman,Madhya Pradesh,West,New,2024-12-12
2290,Tamanna Pall,vwali@example.com,6274823009,Amritsar,Bihar,East,New,2025-12-02
2291,Aarini Sura,isha01@example.org,+916721156781,Surat,Madhya Pradesh,West,Regular,2026-06-09
2292,Qabil Memon,mmorar@example.net,+913716509423,Dindigul,Jammu & Kashmir,Central,Regular,2024-11-21
2293,Warinder Singh,kapoorjacob@example.net,1518136900,Gandhidham,Kerala,South,Premium,2026-06-19
2294,Daksha Sankaran,baghyawati94@example.org,08151939427,Srinagar,Uttarakhand,Central,Regular,2025-02-19
2295,Radha Warrior,bailxiti@example.com,0681441666,Kota,Uttarakhand,Central,Regular,2025-04-04
2296,Max Mall,aarnavrout@example.com,+918058582404,Shivpuri,Goa,West,Regular,2024-08-21
2297,Veda Goda,abeer03@example.org,+911518617598,Mangalore,Uttarakhand,Central,New,2025-08-21
2298,Dayita Modi,qsaini@example.net,+919495832519,Gwalior,Karnataka,South,Regular,2025-11-25
2299,Netra Kata,adwetadesai@example.org,07708594268,Noida,Goa,West,Premium,2022-08-27
2300,Kamala Lalla,arunimakunda@example.net,+911380115576,Salem,Haryana,North,New,2025-03-27
2301,Harshil Kade,jyoti32@example.org,05083973175,Imphal,Jharkhand,East,Premium,2025-06-21
2302,Manan Mallick,zayandhillon@example.org,3957965628,Pallavaram,Gujarat,West,Regular,2023-04-01
2303,Kashvi Bahl,salviaashi@example.net,05804829407,Kadapa,Uttar Pradesh,North,Regular,2023-06-14
2304,Jasmit Palan,kgole@example.org,7062587360,Arrah,Maharashtra,West,New,2024-03-22
2305,Laban Sahota,samakshbutala@example.com,05011532703,Bareilly,Jharkhand,East,Regular,2024-02-09
2306,Sachi Sood,ladli88@example.net,6371379987,Loni,Tamil Nadu,South,Regular,2026-02-20
2307,Yuvraj Toor,faqidgoda@example.net,+913965753764,Thoothukudi,Jharkhand,East,Occasional,2022-09-29
2308,Falak Rajagopal,omkaardua@example.org,3464429961,Kadapa,Rajasthan,North,New,2023-02-04
2309,Falan Puri,sankaransamaksh@example.net,4510683829,Madurai,Uttarakhand,Central,Premium,2022-11-08
2310,Zaitra Purohit,mohanqasim@example.com,5710363056,Vijayanagaram,Jharkhand,East,Occasional,2024-03-26
2311,Diya Banerjee,emital@example.org,+915288899088,Ludhiana,Haryana,North,Premium,2026-06-30
2312,Gavin Aggarwal,schaudhary@example.net,2360368085,Bhilwara,Chhattisgarh,Central,New,2024-11-05
2313,Shaurya Sura,isaiahissac@example.org,07763831918,Avadi,Telangana,South,Regular,2025-12-08
2314,Wridesh Batra,vsura@example.com,4218180187,Surendranagar Dudhrej,Jharkhand,East,New,2023-08-08
2315,Vedant Cheema,duttalibni@example.com,7460302312,Unnao,Kerala,South,Regular,2023-04-27
2316,Sara Badal,peter32@example.com,08881185920,Bellary,Odisha,East,Regular,2024-11-08
2317,Jackson Raj,kalpit72@example.com,+918910953100,Jaunpur,West Bengal,East,Regular,2022-09-18
2318,Ekiya Bhatt,mekhalagara@example.org,+918013702098,Kavali,Jammu & Kashmir,Central,Occasional,2025-03-04
2319,Falan Malhotra,fram@example.net,+916077272045,Aurangabad,Chhattisgarh,Central,New,2023-12-09
2320,Radha Jayaraman,veer33@example.com,+911626251049,Burhanpur,Tamil Nadu,South,Premium,2024-12-15
2321,Vedhika Konda,patilfalan@example.net,01332096730,Durg,Telangana,South,Regular,2026-08-08
2322,Dayamai Chander,hamsinisaini@example.com,03390363857,Kollam,Odisha,East,Regular,2022-08-12
2323,Ekaja Thaman,apteayaan@example.net,01626750146,Bhilai,West Bengal,East,Premium,2023-07-21
2324,Janani Ahluwalia,karaadhya@example.net,05846420181,Kolhapur,Bihar,East,Regular,2023-10-02
2325,Aarnav Chandran,gpall@example.net,8906091750,Tiruvottiyur,Uttarakhand,Central,Regular,2023-07-09
2326,Madhavi Shenoy,zpandya@example.org,06162284396,Khandwa,Madhya Pradesh,West,Regular,2023-02-14
2327,Nitesh Anne,aarushkurian@example.net,01036534764,Nizamabad,Tamil Nadu,South,Regular,2024-11-24
2328,Upasna Contractor,vmerchant@example.org,+914595508002,Purnia,Chhattisgarh,Central,New,2023-11-07
2329,Dalaja Singhal,divyasamra@example.com,+917294361090,Bhilwara,Jammu & Kashmir,Central,New,2025-09-01
2330,Jackson Lalla,cmishra@example.org,+913607417060,Malegaon,Jammu & Kashmir,Central,New,2023-12-27
2331,Gautami Naidu,farisguha@example.com,1762280954,Pallavaram,Punjab,North,Premium,2024-02-26
2332,Azad Char,ckota@example.net,+915848281739,Rajpur Sonarpur,Delhi,North,New,2024-03-08
2333,Harshil Bal,pallavipandya@example.com,+912064646764,Miryalaguda,Punjab,North,Regular,2025-10-28
2334,Lavanya Gara,champak84@example.com,+911439992570,Kottayam,Bihar,East,New,2026-01-31
2335,Abhiram Dhawan,gaurika14@example.org,2552032865,Jorhat,Jammu & Kashmir,Central,New,2024-06-12
2336,Balendra Palla,sameshbasak@example.com,+910673083038,Surat,Bihar,East,New,2025-11-08
2337,Vaishnavi Shetty,sdhar@example.net,+919105071970,Shivpuri,Himachal Pradesh,North,New,2023-01-21
2338,Ijaya Mall,sarinjackson@example.com,+918767384315,Haridwar,Karnataka,South,New,2023-11-10
2339,Divya Shenoy,krishnagole@example.net,03273243703,Aurangabad,Karnataka,South,Regular,2024-09-19
2340,Eta Rege,rnagi@example.org,01343076832,Yamunanagar,Karnataka,South,Occasional,2025-06-12
2341,Raagini Bandi,gabriel91@example.com,+912423637437,Deoghar,Maharashtra,West,Regular,2026-01-22
2342,Tejas Borra,reyansh41@example.org,07168261114,Eluru,Madhya Pradesh,West,Regular,2022-10-21
2343,Aryan Saxena,aadhyashenoy@example.net,03541455647,Rajkot,Delhi,North,New,2026-07-19
2344,Meghana Vala,patrick66@example.org,00088943830,Bihar Sharif,Jammu & Kashmir,Central,Regular,2025-05-20
2345,Urvi Tripathi,ravelkashvi@example.com,+918804189024,Rewa,Haryana,North,Regular,2024-12-08
2346,Onkar Sankaran,sibalsamesh@example.com,6087363149,Tiruchirappalli,West Bengal,East,New,2026-01-15
2347,Ranveer Seth,maxjaggi@example.net,0450308349,Jodhpur,Rajasthan,North,Regular,2024-10-22
2348,Vrishti Sachar,qasim73@example.net,6813372278,Proddatur,Karnataka,South,New,2024-04-27
2349,Hemani Johal,janyathakur@example.net,+910213671603,Ambala,Delhi,North,Regular,2022-12-06
2350,Urvashi Verma,araval@example.org,7490726488,Delhi,Assam,East,Regular,2023-12-07
2351,Yuvraj Chakrabarti,isrivastava@example.org,+918837939859,Howrah,Telangana,South,New,2024-01-19
2352,Qarin Sem,mahalpavani@example.net,03953698232,Bahraich,Chhattisgarh,Central,Premium,2025-12-01
2353,Yasti Sachdeva,chadaharini@example.com,2306780194,Pallavaram,Delhi,North,New,2023-04-29
2354,Aradhana Brahmbhatt,aadikumer@example.com,01208362487,Ambala,Rajasthan,North,Regular,2022-10-09
2355,Quincy Kala,ssandal@example.org,03277606395,Mathura,Kerala,South,Regular,2024-01-06
2356,Pooja Parsa,emanne@example.net,09843663375,Guwahati,Chhattisgarh,Central,Occasional,2024-05-06
2357,Irya Kant,vasatika77@example.net,08592945836,Jorhat,Uttar Pradesh,North,Occasional,2026-06-19
2358,Ria Manne,ojas39@example.com,+914244502567,Bhatpara,Goa,West,New,2025-07-05
2359,Zansi Ghose,ekbal61@example.net,+913763294038,Avadi,Andhra Pradesh,South,New,2023-02-15
2360,Aadhya Chana,rajeshriandra@example.net,6551086199,Delhi,Uttar Pradesh,North,New,2023-07-10
2361,Yadavi Jhaveri,fariqkeer@example.org,4027594250,Sambhal,Madhya Pradesh,West,Regular,2026-04-19
2362,Janya Patla,vaishnavi48@example.com,+912810705605,Nangloi Jat,Andhra Pradesh,South,Regular,2024-03-14
2363,Jack Behl,xahuja@example.org,6616153176,Jaipur,West Bengal,East,Premium,2023-07-04
2364,Chaaya Manne,krisha97@example.net,1814336975,Thoothukudi,Chhattisgarh,Central,Premium,2026-01-12
2365,Adya Ramaswamy,rajagopalanrayaan@example.com,+916053388249,Giridih,Odisha,East,Premium,2026-03-19
2366,Chandresh D’Alia,hnagarajan@example.net,+914140363487,Thoothukudi,Delhi,North,Regular,2024-04-24
2367,Madhavi Dara,shivanibhalla@example.org,+919309443121,Panipat,Punjab,North,Regular,2023-01-22
2368,Ganga Sarraf,bariavaishnavi@example.org,06687230636,Amroha,Jammu & Kashmir,Central,Regular,2026-03-24
2369,Riya Borah,ikbal04@example.org,+916777679593,Mira-Bhayandar,Gujarat,West,Premium,2026-04-14
2370,Varenya Kamdar,lbuch@example.com,05579120945,Nagpur,Jharkhand,East,Regular,2023-10-07
2371,Arunima Misra,lakshitpurohit@example.net,06941366748,Guna,Punjab,North,Occasional,2026-07-15
2372,Abhiram Venkataraman,bvasa@example.org,1418359094,Ichalkaranji,Bihar,East,Regular,2025-03-07
2373,Abha Shukla,quincy70@example.com,+915445278610,Nizamabad,Maharashtra,West,Regular,2025-12-21
2374,Vaishnavi Malhotra,shaneesha@example.org,3914603782,Ambattur,Jammu & Kashmir,Central,New,2024-07-26
2375,Ishwar Bahl,warda77@example.org,7501399392,Singrauli,Uttar Pradesh,North,Regular,2023-12-13
2376,Daksha Ramesh,georgesrinivas@example.com,+918626678616,Kamarhati,Chhattisgarh,Central,New,2024-07-13
2377,Sarthak Walla,khuranaadvaith@example.org,+916249864094,Sikar,Tamil Nadu,South,Regular,2025-11-13
2378,Vidhi Sethi,munshiumang@example.com,04349541217,Tirunelveli,Kerala,South,Regular,2024-03-02
2379,Faraj Goda,aachaltripathi@example.org,0092053650,Raichur,Maharashtra,West,Regular,2022-10-26
2380,Omya Baral,buchomkaar@example.org,+911524041575,Ulhasnagar,Madhya Pradesh,West,Regular,2024-04-23
2381,Zansi Sahni,ghoshvarsha@example.com,9333356942,Tiruchirappalli,Jammu & Kashmir,Central,Regular,2024-07-29
2382,Aahana Nagi,yramesh@example.org,02950641031,Rajkot,Goa,West,Premium,2024-12-15
2383,Yatan Gole,ipillay@example.org,06554612038,Bulandshahr,Uttarakhand,Central,Occasional,2025-04-26
2384,Rajata Lad,charles19@example.net,2891435354,Tiruvottiyur,Uttarakhand,Central,Regular,2024-07-18
2385,Jeremiah Walia,fagate@example.net,1384751340,Darbhanga,Maharashtra,West,Regular,2025-04-16
2386,Yahvi Nadig,prasadlakshit@example.net,00554651206,Chinsurah,Madhya Pradesh,West,Regular,2025-03-29
2387,Ikshita Sha,riadugal@example.com,+910315846439,Gopalpur,Tamil Nadu,South,Regular,2023-01-27
2388,Amol Nagi,anay09@example.org,3195078730,Maheshtala,Delhi,North,Premium,2026-05-28
2389,Baljiwan Khatri,shaurya29@example.org,02055556284,Serampore,Uttar Pradesh,North,Regular,2025-01-31
2390,Saanvi Kanda,xaviermann@example.org,+910951888578,Bettiah,Bihar,East,Regular,2024-03-31
2391,Alexander Oak,ugole@example.net,+919783018986,Giridih,Chhattisgarh,Central,New,2026-07-12
2392,Netra Badami,vmaster@example.com,+915670327188,Raurkela Industrial Township,Uttarakhand,Central,New,2026-04-04
2393,Falguni Bera,deobakhshi@example.com,02046907439,Silchar,Kerala,South,New,2024-10-28
2394,Zayan Srinivasan,ngupta@example.org,+912444073197,Hosur,Goa,West,Premium,2026-02-14
2395,Jai Bir,dalbirhayre@example.com,02916942616,Bidar,Jammu & Kashmir,Central,Regular,2025-05-21
2396,Dominic Balakrishnan,wkannan@example.org,05652083130,Aurangabad,Punjab,North,New,2023-10-12
2397,Fariq Vohra,pranavchana@example.com,+919007416643,Jamalpur,Punjab,North,Premium,2025-09-29
2398,Chaman Divan,gopalrao@example.com,+913246447106,Singrauli,Madhya Pradesh,West,Premium,2024-03-20
2399,Suhani Khalsa,hsetty@example.net,2141810072,Ambala,Uttar Pradesh,North,Premium,2022-11-15
2400,Urishilla Walia,cheemagirish@example.com,+915647658575,Guntakal,Bihar,East,Premium,2025-06-03
2401,Umang Rastogi,onagarajan@example.net,4791099993,Dehri,Kerala,South,New,2022-09-14
2402,Divya Gaba,calebyogi@example.org,05334304982,Madhyamgram,Maharashtra,West,Premium,2023-10-24
2403,Aarnav Bajwa,mayasidhu@example.com,04753964163,Mau,Madhya Pradesh,West,Premium,2026-03-22
2404,Urishilla Dhaliwal,charleshans@example.com,2172633080,Begusarai,Telangana,South,Regular,2022-12-15
2405,Yutika Sanghvi,chhabraojas@example.com,0443065772,Salem,Jharkhand,East,Premium,2026-07-31
2406,Hredhaan Ravel,acharyagirish@example.net,06635215267,Bidhannagar,Goa,West,New,2023-03-07
2407,Advik Seth,rananirja@example.net,6464147359,Purnia,Odisha,East,Regular,2023-02-05
2408,Rehaan Shukla,quincy52@example.com,07689977395,Munger,Chhattisgarh,Central,Regular,2024-12-12
2409,Bahadurjit Kapur,zaidsrinivasan@example.net,+911409507151,Korba,Odisha,East,New,2025-04-11
2410,Dalbir Mohanty,jswamy@example.com,9611595338,Mysore,Chhattisgarh,Central,New,2023-03-18
2411,Anay Saraf,yashodharachahal@example.com,6603098051,Firozabad,Jharkhand,East,Regular,2024-04-14
2412,Anusha Jayaraman,ukrish@example.com,0877934724,Bareilly,Odisha,East,Regular,2026-07-28
2413,Ubika Ram,girindrayadav@example.com,4309647429,Kolhapur,Himachal Pradesh,North,Regular,2025-08-09
2414,Chasmum Virk,mbajwa@example.net,2951628908,Karnal,Kerala,South,Premium,2024-04-10
2415,Krishna Dey,nsood@example.org,+912581287663,Chennai,Haryana,North,Regular,2023-09-27
2416,Riya Krishnan,unni65@example.net,+912469685169,Jabalpur,Tamil Nadu,South,Premium,2023-09-13
2417,Ekbal Shenoy,kotakamya@example.net,2845470500,Gandhidham,Punjab,North,New,2024-08-21
2418,Caleb Sundaram,tsaini@example.net,08413831276,Shimla,Madhya Pradesh,West,Regular,2023-09-19
2419,Ronith Palla,patrick24@example.com,+914881603534,Morbi,Maharashtra,West,Occasional,2024-11-21
2420,Deepa Reddy,lalahardik@example.org,9101473912,Satara,Madhya Pradesh,West,Regular,2024-05-31
2421,Baghyawati Anand,desaitara@example.com,+912771568539,Gudivada,Punjab,North,Regular,2024-10-27
2422,Baghyawati Madan,akrishnan@example.net,+913089229064,Mahbubnagar,Kerala,South,Premium,2023-01-08
2423,Eshana Merchant,dubeyyash@example.com,04526587280,Patiala,Bihar,East,Premium,2025-03-28
2424,Ekaja Saini,odikabassi@example.org,0598018880,Shahjahanpur,Jharkhand,East,Regular,2024-12-13
2425,Gaurangi Hayer,jyogi@example.net,08722030710,Khandwa,Rajasthan,North,Regular,2022-08-12
2426,Ojas Jayaraman,pradhakrishnan@example.com,+911541519807,Cuttack,West Bengal,East,Regular,2025-01-15
2427,Ojas Morar,nilimakalita@example.com,3492638987,Tadepalligudem,Uttarakhand,Central,New,2024-07-17
2428,Gaurang Bera,victorkhatri@example.com,08857283463,Raebareli,Jammu & Kashmir,Central,Occasional,2023-12-28
2429,Inaya Nagi,npau@example.org,2961499094,Haldia,Chhattisgarh,Central,Premium,2022-12-16
2430,Naksh Basak,ucchaltrivedi@example.net,1454811891,Nanded,West Bengal,East,Premium,2024-08-08
2431,Geetika Varty,veda49@example.com,+910926288658,Kumbakonam,Uttarakhand,Central,Regular,2024-10-17
2432,Ansh Bhalla,parekhtanmayi@example.org,+919743575292,Hapur,West Bengal,East,New,2025-05-28
2433,Oviya Tella,loyalpanini@example.net,0015812362,Gaya,Assam,East,New,2026-02-04
2434,Veda Barad,deshmukhhemani@example.org,0672446095,Shivpuri,Goa,West,Regular,2023-11-10
2435,Bhavna Walia,ssundaram@example.com,03083572890,Howrah,Goa,West,Premium,2026-06-06
2436,Zaid Loke,omohanty@example.net,+918042022305,Hapur,Gujarat,West,New,2022-10-08
2437,Tanish Sant,yachanasrinivasan@example.com,07555258685,Panvel,Chhattisgarh,Central,Premium,2024-07-21
2438,Pooja Rajagopalan,xiti78@example.org,6487130002,Nagercoil,Andhra Pradesh,South,Regular,2024-02-22
2439,Alka Oak,williammangal@example.com,8529484470,Kochi,Jammu & Kashmir,Central,New,2023-09-21
2440,Kamya Banik,lekha33@example.com,+916951181961,Deoghar,Maharashtra,West,Premium,2025-07-17
2441,Januja Pall,ati22@example.net,1332419977,Jodhpur,Jharkhand,East,Regular,2025-05-09
2442,Hritik Purohit,ssharma@example.org,00489098592,Navi Mumbai,Kerala,South,New,2024-10-27
2443,Ojasvi Madan,mkrishnan@example.org,4768893861,Mysore,Goa,West,New,2023-09-17
2444,Tripti Rajagopal,diya80@example.net,03196521790,Pondicherry,Himachal Pradesh,North,Regular,2025-08-04
2445,Krish Saini,prabhakareiravati@example.net,04028459587,Chapra,Goa,West,New,2023-06-08
2446,Girindra Garde,fvarty@example.org,+917837318359,Moradabad,Kerala,South,New,2023-12-23
2447,Advika Narang,sakshamgoda@example.com,8024557116,Kirari Suleman Nagar,Andhra Pradesh,South,Regular,2023-05-04
2448,Gaurangi Chauhan,jeremiah86@example.org,+917023174028,Varanasi,Karnataka,South,Regular,2023-10-05
2449,Vedhika Rama,chamanmahal@example.org,+914602633564,Sambhal,Jharkhand,East,Premium,2024-03-24
2450,Warhi Barad,gangadora@example.org,01435172368,Varanasi,Madhya Pradesh,West,Premium,2025-04-29
2451,Januja Gara,obehl@example.org,3547224055,Ranchi,Uttar Pradesh,North,Regular,2023-09-24
2452,Faraj D’Alia,anayagrawal@example.com,08927523408,Vadodara,Tamil Nadu,South,Regular,2025-11-10
2453,Omya Kar,gaurikapau@example.com,03859818284,Pudukkottai,Assam,East,Regular,2025-10-23
2454,Chameli Wagle,cbasak@example.com,5733807926,Mumbai,Himachal Pradesh,North,Premium,2025-01-03
2455,Advaith Modi,tamanna50@example.org,05056655899,Sikar,Delhi,North,New,2025-01-25
2456,Watika Deol,sakshamgara@example.com,+910430063191,Haldia,Haryana,North,Premium,2023-12-26
2457,Harrison Koshy,vkhurana@example.net,+911420286122,Sangli-Miraj & Kupwad,Punjab,North,New,2026-03-28
2458,Jai Madan,deepbhavna@example.com,02249224302,Mira-Bhayandar,Punjab,North,Occasional,2024-12-19
2459,Alexander Bala,halderkai@example.com,9282435097,Muzaffarpur,Karnataka,South,Regular,2025-11-26
2460,Neel Naidu,odada@example.com,02948467640,Berhampore,Chhattisgarh,Central,Premium,2024-01-15
2461,Tanveer Prashad,maharajaarush@example.net,+910709063360,Shivpuri,Jammu & Kashmir,Central,Regular,2025-01-29
2462,Gaurika Sampath,agade@example.org,03629245989,Hospet,Uttar Pradesh,North,Premium,2023-05-30
2463,Rohan Gopal,rishi82@example.org,06292222833,Thiruvananthapuram,Odisha,East,New,2026-04-16
2464,Patrick Gade,geetikabala@example.com,+917094014412,Sonipat,Gujarat,West,Occasional,2024-09-26
2465,Qasim Dubey,kala67@example.net,+918939350462,Thiruvananthapuram,Karnataka,South,Regular,2026-07-18
2466,Arya Chowdhury,ronith58@example.net,+913878959190,Latur,Kerala,South,Regular,2025-05-06
2467,Amrita Oak,kpathak@example.com,+918257232300,Kolkata,Assam,East,Regular,2025-11-08
2468,Ekaraj Sarin,yahvi46@example.net,04752914835,Mirzapur,Uttarakhand,Central,New,2024-12-28
2469,Laban Dewan,vacharya@example.org,02541105562,Madurai,Haryana,North,Premium,2022-10-15
2470,Nikita Sehgal,btripathi@example.net,4059647033,Shimoga,Gujarat,West,Occasional,2023-03-21
2471,Ekta Issac,arjunsani@example.com,03261434037,Hapur,Kerala,South,Premium,2023-05-03
2472,Ranveer Dar,bhattacharyyagautami@example.net,08309531225,Rewa,Odisha,East,Regular,2023-04-01
2473,Baghyawati Sarma,bbhatia@example.com,6442863070,Loni,Chhattisgarh,Central,New,2023-10-14
2474,Ekapad Bansal,deshmukhchaitaly@example.com,0569421187,Dharmavaram,Himachal Pradesh,North,Occasional,2022-12-13
2475,Atharv Mammen,ekaraj00@example.com,+913149204993,Vijayanagaram,Kerala,South,Premium,2025-05-22
2476,Alka Chada,ethanbhargava@example.com,+914310550315,Jamalpur,Odisha,East,Occasional,2023-11-04
2477,Lila Sagar,sanisai@example.com,1414835156,Tezpur,Rajasthan,North,New,2023-12-16
2478,Amaira Deep,dsom@example.net,+911538611511,Raebareli,Madhya Pradesh,West,Regular,2024-02-08
2479,Gopal Kunda,kalahans@example.com,+910616504725,Thrissur,Goa,West,Regular,2023-05-09
2480,Watika Iyengar,lborde@example.org,+917250845240,Visakhapatnam,Kerala,South,Regular,2023-02-16
2481,Kabir Nadkarni,wahabreddy@example.org,+910999319140,Hindupur,Andhra Pradesh,South,Premium,2025-10-04
2482,Nitesh Seth,deshmukhqasim@example.net,7415949254,Bihar Sharif,Maharashtra,West,Regular,2025-03-18
2483,Chaitanya Dixit,qsandhu@example.net,+917386966481,Agra,Punjab,North,Premium,2025-08-15
2484,Onveer Deshmukh,rdivan@example.org,+916777983677,Hyderabad,Goa,West,New,2024-01-13
2485,Yashvi Desai,chatura89@example.org,5133157920,Kulti,Uttar Pradesh,North,New,2024-09-16
2486,Lekha Chacko,bgade@example.org,02951266086,Bhubaneswar,Chhattisgarh,Central,Regular,2025-12-23
2487,Anika Agarwal,avigole@example.net,7673608633,Ballia,Jammu & Kashmir,Central,New,2022-12-25
2488,Chaitanya Raman,pravel@example.com,00550800509,Motihari,Jharkhand,East,New,2025-02-22
2489,Omaja Grover,chanakya98@example.org,05644199412,Rajpur Sonarpur,Himachal Pradesh,North,Premium,2023-07-16
2490,Manya Bava,agastya29@example.net,9076191814,Haridwar,Gujarat,West,Regular,2024-05-21
2491,Akshay Khalsa,giriksengupta@example.com,09117675500,Maheshtala,Kerala,South,Regular,2024-09-16
2492,Harinakshi Issac,natarajansanaya@example.com,2295083860,Ballia,Delhi,North,Regular,2026-02-14
2493,Panini Tandon,pushti75@example.com,05351534743,Mehsana,Jammu & Kashmir,Central,Occasional,2022-11-11
2494,Onkar Bhandari,wbasu@example.net,+913781010320,Mathura,Telangana,South,New,2022-08-13
2495,Nidhi Andra,shettyidika@example.com,8851661907,Bhilwara,Jharkhand,East,Premium,2023-09-15
2496,Chanakya Mand,bhavyarastogi@example.net,+916222772610,Agartala,Kerala,South,Regular,2023-12-10
2497,Omkaar Raj,golechasmum@example.com,05921895688,Chandrapur,Uttarakhand,Central,New,2025-12-06
2498,Rehaan Sengupta,indira39@example.org,0238487614,Rohtak,Tamil Nadu,South,Regular,2026-04-30
2499,Ridhi Kata,nbansal@example.org,5753794763,Dehri,Andhra Pradesh,South,New,2023-07-25
2500,Aadhya Gole,aryanathan@example.com,2785234615,Kozhikode,Chhattisgarh,Central,Regular,2025-08-27
2501,Vyanjana Rau,virknilima@example.org,+910665897824,Uluberia,Rajasthan,North,Premium,2023-01-31
2502,Jalsa De,forumkrishna@example.net,0445039863,Nizamabad,Tamil Nadu,South,Occasional,2026-03-20
2503,Arin Virk,kurianchaitaly@example.net,6029653283,Hapur,Kerala,South,New,2024-03-19
2504,Anthony Srinivas,shuklahemang@example.net,+914878601508,Mathura,Tamil Nadu,South,Regular,2025-06-06
2505,Eiravati Bobal,manthankrishnamurthy@example.com,01833788147,Ulhasnagar,Goa,West,Regular,2026-07-26
2506,Arjun Shankar,tristan82@example.org,+919500786775,Mumbai,Bihar,East,Occasional,2026-05-15
2507,Ranveer Nagar,trajagopal@example.org,3673361424,Parbhani,Delhi,North,New,2022-10-04
2508,Girik Saraf,masonmutti@example.com,01482436485,Raiganj,Madhya Pradesh,West,New,2022-12-21
2509,Shivani Pathak,msom@example.org,01460174196,Indore,Maharashtra,West,Regular,2024-11-08
2510,Darsh Dubey,nitara83@example.net,09627838777,Ozhukarai,Karnataka,South,Occasional,2026-06-07
2511,Krish Kapur,urishilla14@example.com,+913740282656,Bokaro,Odisha,East,New,2023-09-20
2512,Krisha Srinivas,lipika27@example.com,05403498939,Karimnagar,Gujarat,West,Regular,2025-01-13
2513,Forum Khalsa,omisra@example.org,+910947054476,Dibrugarh,Telangana,South,Regular,2025-04-01
2514,Advay Bir,xrajan@example.net,2704388528,Rajkot,Bihar,East,Regular,2026-05-04
2515,Zarna Kaul,amaira30@example.org,9738544240,Tadepalligudem,Gujarat,West,Regular,2026-03-26
2516,Abhimanyu Mitra,hvarma@example.com,9890876342,Dehradun,Bihar,East,Premium,2026-06-05
2517,Udyati Chawla,panchalsanaya@example.net,03781561621,Rajpur Sonarpur,Kerala,South,Premium,2023-12-02
2518,Frederick Keer,ehora@example.com,+913191666162,Sikar,Maharashtra,West,Regular,2024-03-21
2519,Varsha Ramaswamy,faqidthakkar@example.org,+914792247686,Kalyan-Dombivli,Kerala,South,Occasional,2025-03-27
2520,Harsh Ramanathan,ochanda@example.com,9579257852,Satna,Gujarat,West,New,2025-07-14
2521,Atharv Gulati,ekaraj37@example.org,05424711558,Bokaro,Goa,West,Regular,2023-04-04
2522,Gauri Chad,ychanda@example.net,+917067769313,Katni,Chhattisgarh,Central,Regular,2022-11-22
2523,Dhriti Kohli,reyanshratta@example.com,+915503533210,Nanded,Andhra Pradesh,South,Occasional,2026-06-12
2524,Netra Seshadri,ekapad49@example.net,9597703170,Haldia,Jammu & Kashmir,Central,Occasional,2024-01-17
2525,Kala Hayre,benjaminbhavsar@example.com,+915456367988,Junagadh,Jammu & Kashmir,Central,New,2024-11-16
2526,Wahab Saini,devika49@example.net,+910632673920,Lucknow,Delhi,North,Regular,2024-09-27
2527,Chaitaly Din,farajchakraborty@example.net,+914743506978,Allahabad,Uttarakhand,Central,Regular,2023-10-12
2528,Yadavi Srinivasan,jagatchandra@example.org,+913829983990,Arrah,Goa,West,Regular,2025-01-22
2529,Jhalak Palla,vrishti61@example.com,0680304005,Bidar,Chhattisgarh,Central,Premium,2026-05-23
2530,Fariq Iyer,mahalsiddharth@example.org,00574321115,Ramgarh,Bihar,East,Premium,2024-10-29
2531,Finn Som,raghavanchampak@example.net,+913641765920,Chapra,Jharkhand,East,Regular,2024-01-10
2532,Mitali Bakshi,bordeosha@example.net,+911153609643,Bharatpur,Assam,East,Regular,2023-11-25
2533,Amara Tailor,jonathanbhargava@example.org,6015353053,Hapur,West Bengal,East,Regular,2025-04-19
2534,Darika Zacharia,mitalwarhi@example.org,06485551693,Ichalkaranji,Andhra Pradesh,South,New,2024-06-13
2535,Shravya Mann,buchsamarth@example.com,+919103891667,Indore,Odisha,East,Occasional,2022-09-30
2536,Mohammed Bora,yamini68@example.net,+914394290088,Khammam,Odisha,East,Premium,2025-04-08
2537,Veda Varkey,chakradevhanda@example.com,+913773120588,Tezpur,Assam,East,Regular,2025-11-25
2538,Zilmil Pant,davidshan@example.com,7813409514,Imphal,Kerala,South,New,2025-05-06
2539,Harrison Kibe,fborde@example.org,+910485412348,Bangalore,Gujarat,West,Premium,2022-11-09
2540,Eshana Gandhi,eta39@example.com,+915561441298,Ghaziabad,Maharashtra,West,Regular,2026-05-01
2541,Rayaan Dayal,nathmadhav@example.net,01761114832,Agra,Uttar Pradesh,North,Regular,2022-11-17
2542,Hemal Deshmukh,ibose@example.org,06948100112,Muzaffarnagar,Goa,West,Regular,2025-02-27
2543,Jason Saini,vraj@example.com,6732383684,Durg,Madhya Pradesh,West,Regular,2025-07-28
2544,Baghyawati Ramaswamy,parthtiwari@example.org,7490538905,Chennai,Maharashtra,West,Regular,2023-08-21
2545,Neel Vohra,sarinvihaan@example.com,+915772108727,Bhilai,Uttarakhand,Central,Premium,2025-03-23
2546,Fariq Palla,vupadhyay@example.net,+915551849552,Bardhaman,Himachal Pradesh,North,New,2022-10-29
2547,Logan Devi,sulerushil@example.org,4248729802,Bhatpara,Haryana,North,Regular,2023-08-30
2548,Tara Gera,xmurthy@example.org,3420457813,Ramagundam,Bihar,East,New,2025-03-27
2549,Laksh Pradhan,darshkamdar@example.org,+914130011314,Barasat,Uttarakhand,Central,Premium,2024-02-26
2550,Qasim Chacko,yuvraj77@example.net,0559227702,Meerut,Chhattisgarh,Central,Premium,2026-02-25
2551,Unnati Ratta,cvasa@example.net,+915696411350,Raebareli,Rajasthan,North,New,2025-10-05
2552,Lajita Seth,sanyarau@example.org,+919680071194,Satara,Andhra Pradesh,South,Occasional,2025-12-15
2553,Qarin Dave,chandrandominic@example.org,00422593323,Avadi,Andhra Pradesh,South,New,2022-10-25
2554,Isaac Ray,sankarnidra@example.net,7446970711,Jabalpur,West Bengal,East,Regular,2023-08-07
2555,Jacob Pingle,isetty@example.org,0371558602,Barasat,Punjab,North,Regular,2025-12-24
2556,Neha Gokhale,harinakshi88@example.net,06937147875,Kadapa,Haryana,North,Regular,2023-03-02
2557,Ishanvi Sharaf,birwidisha@example.net,04400274894,Bally,Punjab,North,New,2025-06-17
2558,Riya Jayaraman,bramakrishnan@example.org,04867118816,Hajipur,Madhya Pradesh,West,Premium,2023-12-01
2559,Ridhi Kannan,sanaya74@example.net,07845273318,Ratlam,Assam,East,New,2023-05-01
2560,Eta Mane,kalagautami@example.com,5579707907,Pimpri-Chinchwad,West Bengal,East,New,2024-05-18
2561,Kashvi Nazareth,avibahri@example.org,03141272592,South Dumdum,Goa,West,Occasional,2026-02-25
2562,Lavanya Sem,aarnaben@example.com,05251774856,Bhatpara,Chhattisgarh,Central,Regular,2025-01-20
2563,Darika Dugal,tarak74@example.org,2202204106,Aurangabad,Himachal Pradesh,North,Regular,2026-07-15
2564,Tanvi Edwin,koak@example.net,+911487609673,Tirunelveli,Himachal Pradesh,North,Regular,2024-05-03
2565,Christopher Khare,jacoboommen@example.com,9320506506,Raipur,Uttarakhand,Central,Regular,2024-03-14
2566,Zinal Kulkarni,indali23@example.com,09411002089,Pallavaram,Bihar,East,Regular,2025-06-22
2567,Chameli Bhardwaj,pdhawan@example.org,+915175196792,Bhopal,Maharashtra,West,Regular,2024-04-30
2568,Irya Kaur,madansiddharth@example.com,+912070431077,Dehradun,Karnataka,South,Regular,2024-01-18
2569,Zehaan Natarajan,mugdhasur@example.com,+918601767873,Kochi,Goa,West,Premium,2023-03-22
2570,Samuel Bali,orinder92@example.org,3522377504,Loni,Tamil Nadu,South,Regular,2023-01-20
2571,Mitali Khurana,aishanimallick@example.net,9684604126,Tenali,Goa,West,Occasional,2026-01-08
2572,Ekta Mukhopadhyay,unnikota@example.org,9970214616,Bijapur,Chhattisgarh,Central,Regular,2025-09-09
2573,Elijah Bedi,prishaperi@example.com,01904377029,Berhampore,Haryana,North,Premium,2024-08-16
2574,Ganga Anne,ekantasachdev@example.org,+917246456048,Chandigarh,Madhya Pradesh,West,New,2026-07-18
2575,Nidhi Nagarajan,lkeer@example.org,6791117851,Sri Ganganagar,Goa,West,Premium,2022-12-22
2576,Suhani Gokhale,ravibishakha@example.org,+912925384187,Morena,Maharashtra,West,New,2025-03-05
2577,Gabriel Suri,rprasad@example.com,+912458836607,Noida,Assam,East,Regular,2026-07-24
2578,Champak Varkey,robertsodhi@example.net,+916159266866,Hosur,Maharashtra,West,Regular,2025-06-06
2579,Kala Sahni,william00@example.org,+912750936047,Tadipatri,Jharkhand,East,New,2022-09-15
2580,Wahab Kapadia,qchahal@example.org,1374727939,Asansol,Andhra Pradesh,South,Premium,2023-04-10
2581,Yahvi Mallick,abha27@example.com,2933698324,Chittoor,Chhattisgarh,Central,Regular,2025-07-11
2582,Hemani Thakkar,sahafaqid@example.net,0980988040,Ahmednagar,Maharashtra,West,Occasional,2023-05-09
2583,Raksha Din,chasmum52@example.org,05942673272,Siliguri,Goa,West,Regular,2024-04-15
2584,Ijaya Khanna,ekajabedi@example.org,09932974511,Sonipat,Kerala,South,New,2023-01-17
2585,Pahal Agrawal,xghose@example.com,5133966057,Jalgaon,Uttarakhand,Central,Regular,2026-01-28
2586,Megha Mody,rbhatti@example.org,1320723919,Siwan,Rajasthan,North,Regular,2025-05-04
2587,Forum Patla,royteerth@example.com,8516765599,Kavali,Rajasthan,North,Regular,2023-09-24
2588,Saanvi Ravi,gourlakshit@example.org,04499514370,Thiruvananthapuram,Madhya Pradesh,West,Regular,2024-03-22
2589,Mohammed Minhas,sahotanachiket@example.com,+911777442221,Barasat,Uttarakhand,Central,Regular,2026-05-21
2590,Varsha Handa,balaviraj@example.com,03175102958,Karaikudi,Chhattisgarh,Central,New,2023-03-03
2591,Yashawini Jha,omsom@example.org,+914535135634,Amritsar,Delhi,North,New,2024-01-01
2592,Faras Bhattacharyya,zkarpe@example.org,04715433825,Moradabad,Gujarat,West,New,2025-07-29
2593,Lohit Din,raokiaan@example.net,9458028457,Proddatur,Maharashtra,West,Regular,2024-09-03
2594,Yoshita Chada,xgoda@example.com,9314536513,Hazaribagh,Odisha,East,Premium,2024-05-21
2595,Udant Sachdeva,ymannan@example.org,01605433707,Eluru,Madhya Pradesh,West,Premium,2024-06-15
2596,Joshua Tara,veda06@example.net,03121789406,Kolhapur,Odisha,East,Occasional,2024-08-10
2597,Sanya Dhaliwal,mahajangaurav@example.net,02931916787,Proddatur,Karnataka,South,Regular,2025-02-19
2598,Vyanjana Kuruvilla,dadamaanas@example.net,05317550461,Gorakhpur,Uttarakhand,Central,New,2024-04-01
2599,Anita Bawa,unnatidass@example.com,05457690941,Bikaner,Punjab,North,Premium,2023-11-13
2600,Ira Ramanathan,nilimabhalla@example.org,5528823132,Shivpuri,Punjab,North,Regular,2024-02-15
2601,Dayamai Jain,janya99@example.org,7763858692,Thanjavur,Andhra Pradesh,South,Premium,2024-10-14
2602,Utkarsh Sura,ahayre@example.com,+918711716535,Sri Ganganagar,Madhya Pradesh,West,Regular,2025-08-23
2603,Kala Batta,nverma@example.com,2948630997,Saharsa,Uttarakhand,Central,New,2023-06-11
2604,Aradhana Dara,sjayaraman@example.net,03149142154,Patna,Goa,West,Regular,2024-01-12
2605,Turvi Ramachandran,deepadhar@example.net,07404052770,Arrah,Tamil Nadu,South,Regular,2025-01-28
2606,Raagini Rai,chandreshsethi@example.net,09975109065,Ichalkaranji,Himachal Pradesh,North,Occasional,2023-09-06
2607,Omkaar Kari,nikita15@example.net,+914117082922,Dharmavaram,Uttar Pradesh,North,Premium,2022-09-16
2608,Gaurang Kade,agrawalpraneel@example.net,5011474729,Sri Ganganagar,Karnataka,South,Regular,2023-03-22
2609,Jonathan Khosla,mthaman@example.net,0497574568,Anantapuram,Chhattisgarh,Central,Regular,2024-03-08
2610,Vincent Hayre,yatanmohanty@example.net,05190348308,Durg,Gujarat,West,Premium,2023-03-11
2611,Benjamin Dalal,zbawa@example.net,04903593417,Jammu,Delhi,North,Regular,2022-12-28
2612,Vivaan Basak,jchoudhry@example.net,+911821606392,Jabalpur,Andhra Pradesh,South,Occasional,2023-06-24
2613,Triya Verma,chadavi@example.net,+912388369702,Hospet,Maharashtra,West,New,2024-11-09
2614,Wriddhish Parmar,rmukherjee@example.net,+911935472863,Ujjain,Chhattisgarh,Central,Regular,2025-03-13
2615,Naksh Kata,maanas03@example.org,05914509090,Bharatpur,Uttarakhand,Central,Regular,2023-11-30
2616,Lakshit Verma,nkhurana@example.com,+919106733382,Yamunanagar,Delhi,North,Premium,2025-11-15
2617,Chakrika Zachariah,gokhalecharita@example.net,06899238585,South Dumdum,Madhya Pradesh,West,New,2023-12-22
2618,Aarav Choudhury,dayita44@example.net,07920740518,Kanpur,Jammu & Kashmir,Central,New,2022-09-23
2619,Onkar Chauhan,vshan@example.net,0254983910,Belgaum,West Bengal,East,Premium,2023-06-01
2620,Hitesh Ben,vidhideep@example.net,+910297295755,Bhatpara,Madhya Pradesh,West,Regular,2022-08-21
2621,Ubika Bhalla,takpooja@example.net,3302251766,Katihar,Rajasthan,North,Regular,2024-06-12
2622,Jacob Gala,amangal@example.org,+913345958295,Etawah,Uttarakhand,Central,Premium,2025-04-05
2623,Devansh Garg,bachittar99@example.com,01475376378,Karnal,Jharkhand,East,New,2024-04-20
2624,Yashoda Pandya,fmuni@example.com,09557705186,Faridabad,Punjab,North,Premium,2024-05-21
2625,Odika Mammen,ekalinga15@example.net,0592568704,Khandwa,Jharkhand,East,New,2024-04-18
2626,Xalak Parikh,battachandani@example.net,06063828504,Erode,Uttar Pradesh,North,Regular,2023-09-23
2627,Ganga Acharya,ayaandugar@example.org,02123802944,Guntur,Andhra Pradesh,South,Regular,2023-03-20
2628,Kritika Kohli,gopal48@example.com,09715129545,Bongaigaon,Telangana,South,Regular,2026-06-07
2629,Utkarsh Narula,ekalinga69@example.com,+915952287512,Aurangabad,Assam,East,New,2023-12-11
2630,Dominic Chakraborty,wmittal@example.net,03111496336,Buxar,Gujarat,West,New,2025-07-23
2631,Chatura Murty,mandaekanta@example.net,01974005975,Firozabad,Madhya Pradesh,West,New,2024-12-02
2632,Ishita Mahajan,gauravbabu@example.net,02084182865,Jehanabad,Jharkhand,East,New,2026-06-27
2633,Saanvi Ghosh,falguni05@example.com,+915190937577,Mango,Telangana,South,Regular,2022-10-06
2634,Ayushman Ratti,sampathanya@example.org,+915128483695,Giridih,Himachal Pradesh,North,Premium,2026-02-18
2635,Nathaniel Sundaram,sbhatia@example.com,9226915694,Raebareli,Karnataka,South,Regular,2026-02-21
2636,Pranav Tank,bdash@example.org,+913512094596,Thanjavur,Maharashtra,West,New,2026-05-20
2637,Samesh Lal,robert85@example.net,6337598491,Panvel,Goa,West,Regular,2025-12-07
2638,Widisha Agate,vartygaurang@example.net,1133795233,Shimoga,Chhattisgarh,Central,Occasional,2025-09-27
2639,Anya Bumb,qarora@example.com,+912787963387,Anand,Odisha,East,Regular,2023-08-12
2640,Rehaan Gera,chandreshtripathi@example.org,+910448435197,Vijayanagaram,Karnataka,South,New,2025-09-10
2641,Ira Soni,banerjeebina@example.org,5990028422,Jalandhar,Chhattisgarh,Central,New,2026-05-11
2642,Jeet Zacharia,girishkhare@example.com,04340305792,Mysore,Jharkhand,East,Regular,2024-09-24
2643,Udant Korpal,ishwar36@example.net,+912015297968,Tumkur,Tamil Nadu,South,Premium,2024-09-23
2644,Finn Chanda,aseth@example.net,+916208212407,Bhiwani,Goa,West,Occasional,2024-04-30
2645,Tanay Ramachandran,joshuadada@example.net,+915011344968,Indore,West Bengal,East,New,2023-10-27
2646,Fitan Vyas,yashoda99@example.com,04949725472,Tumkur,Uttarakhand,Central,New,2025-02-13
2647,Damini Dass,semjalsa@example.com,+919490465144,Farrukhabad,Jammu & Kashmir,Central,New,2024-09-10
2648,Vedhika More,mastereesha@example.org,02888646508,Nagpur,Punjab,North,New,2024-05-26
2649,Fitan Soni,mohammed13@example.net,+913699754839,Morbi,Delhi,North,New,2023-09-04
2650,Kevin Sastry,pathakzayan@example.org,+914125038341,Tumkur,Chhattisgarh,Central,New,2024-09-03
2651,Pranit Karpe,cdhingra@example.com,01975370063,Noida,Rajasthan,North,Regular,2024-08-18
2652,Tamanna Kadakia,kashishdutta@example.org,+918583755826,Kozhikode,Uttar Pradesh,North,Occasional,2025-02-22
2653,Kala Chaudhry,virkhiral@example.net,9818119942,Mehsana,Kerala,South,New,2022-12-26
2654,Bhavika Deshmukh,sabharwalaadhya@example.org,+919553433497,Kavali,Uttarakhand,Central,New,2026-02-02
2655,Advik Madan,kaleqasim@example.com,+914300917316,Korba,Uttar Pradesh,North,Premium,2024-07-02
2656,Utkarsh Aggarwal,tgarde@example.com,08390712125,Udupi,Bihar,East,Regular,2023-03-07
2657,Faras Bedi,chavvichoudhury@example.net,2724495207,Aurangabad,Andhra Pradesh,South,Occasional,2026-01-23
2658,Ishani Dhar,frederickchana@example.net,07895166501,Faridabad,Uttar Pradesh,North,New,2025-02-02
2659,Chaman Bail,unnatisarma@example.com,+911231625751,Visakhapatnam,Goa,West,Regular,2024-03-12
2660,Libni Roy,urishilla43@example.net,03847184581,Ambattur,Tamil Nadu,South,Regular,2022-09-11
2661,Patrick Chhabra,faraswason@example.org,+916372511298,Tiruppur,Goa,West,Premium,2026-04-10
2662,Charles Dube,odua@example.com,+915067482522,Anantapur,Karnataka,South,New,2025-10-27
2663,Gayathri Mallick,opuri@example.org,09145590365,Raichur,Uttarakhand,Central,New,2023-10-23
2664,Nathan Jani,qdutta@example.com,07622676174,Giridih,Andhra Pradesh,South,Regular,2025-10-16
2665,Ishani Nayak,lukemenon@example.net,+910596425497,Gandhinagar,Madhya Pradesh,West,Occasional,2022-08-30
2666,Vasatika Chacko,sbaral@example.net,+914897311601,Nadiad,Jammu & Kashmir,Central,Regular,2023-10-08
2667,Wahab Prabhakar,georgechar@example.net,5424015043,Phagwara,Punjab,North,Regular,2026-03-18
2668,Ojasvi Bala,hamsinivyas@example.net,5583645487,Pudukkottai,Himachal Pradesh,North,New,2025-12-19
2669,Abha Deol,brinda29@example.net,+914368275684,Dehri,Delhi,North,Regular,2024-07-09
2670,Sneha Virk,lsrivastava@example.com,+910815808678,Dindigul,Gujarat,West,Regular,2024-01-03
2671,Tristan Dutt,nitara71@example.net,9992752371,Bangalore,Maharashtra,West,New,2023-01-27
2672,Jhalak Rajan,eeshaborah@example.net,05705320936,Korba,Telangana,South,Regular,2025-09-09
2673,Dhruv Mani,nikita41@example.net,02941036758,Munger,Uttarakhand,Central,Regular,2025-07-09
2674,Mitesh Viswanathan,balveer11@example.com,+913037097184,Berhampore,Uttarakhand,Central,New,2025-01-10
2675,Udyati Soni,vamakshikalita@example.net,+916927592746,Guwahati,Odisha,East,Regular,2025-02-15
2676,Mugdha Savant,dmaster@example.org,7018325661,Burhanpur,Assam,East,Premium,2022-10-18
2677,Hamsini Kohli,abaria@example.com,+910102221268,Srikakulam,Andhra Pradesh,South,Regular,2023-01-04
2678,Gopal Banik,boseekansh@example.net,09349106769,Amritsar,Telangana,South,Premium,2022-10-15
2679,Baghyawati Mody,bumbpavani@example.org,+918225196429,Guna,Jammu & Kashmir,Central,Regular,2022-10-12
2680,Jairaj Sant,gdhingra@example.org,00254496550,Bally,Jharkhand,East,New,2025-04-18
2681,Fiyaz Vasa,eshanalall@example.net,0575950242,Durgapur,West Bengal,East,Regular,2026-07-16
2682,Yash Prasad,utkarshdalia@example.net,05487713202,Rewa,Jharkhand,East,New,2024-05-23
2683,Kalpit Atwal,hiteshviswanathan@example.com,06744822878,Panchkula,Telangana,South,Occasional,2022-12-29
2684,David Bassi,rachana30@example.net,6667629602,Bijapur,Bihar,East,Regular,2026-06-28
2685,Benjamin Kurian,adas@example.com,5458446577,Sambalpur,Uttarakhand,Central,Premium,2026-03-15
2686,Indrajit Padmanabhan,aachalganesh@example.com,9328732276,Pondicherry,Tamil Nadu,South,Regular,2025-07-15
2687,Kabir Tata,bimala64@example.com,4030021436,Khammam,Jammu & Kashmir,Central,Regular,2023-09-15
2688,Jagrati Jaggi,tanveerdeshpande@example.org,05335668228,Bharatpur,Jharkhand,East,Occasional,2025-10-30
2689,Jyoti Mitter,abdulkant@example.net,8013376191,Sirsa,Himachal Pradesh,North,Regular,2025-11-20
2690,Hardik Mukhopadhyay,contractorfarhan@example.com,8162315394,Motihari,Odisha,East,Premium,2024-08-29
2691,Ishita Shere,cnazareth@example.net,+916397505792,Uluberia,West Bengal,East,Regular,2022-12-03
2692,George Bhatia,lankachaitaly@example.org,+910277320656,Ulhasnagar,Punjab,North,Regular,2022-11-19
2693,Ranbir Anand,lavanyahora@example.org,07631143107,Berhampur,Punjab,North,Regular,2024-07-05
2694,Farhan Majumdar,lataquincy@example.com,4293064614,Guna,Telangana,South,Premium,2026-04-08
2695,Yashawini Bhatnagar,ttank@example.net,2895405847,Shahjahanpur,Jammu & Kashmir,Central,Regular,2025-09-24
2696,Vrinda Nayar,yashodasule@example.org,4597989822,Mau,Odisha,East,New,2024-12-25
2697,Avi Mammen,jasonbail@example.org,+914996117785,Serampore,Jammu & Kashmir,Central,Regular,2024-01-29
2698,Hiral Sarraf,irajagopalan@example.net,09233953002,Etawah,Gujarat,West,Regular,2023-07-02
2699,Qadim Pingle,djhaveri@example.com,3125245870,Korba,Jammu & Kashmir,Central,Regular,2023-06-11
2700,Dev Saxena,jairaj73@example.net,+915836249215,Sonipat,Jharkhand,East,Regular,2023-01-06
2701,Deepa Kannan,esoni@example.com,+913593589105,Siwan,Madhya Pradesh,West,Regular,2024-06-08
2702,Ganga Sant,vedakala@example.net,04331612099,Jamalpur,Punjab,North,New,2026-06-04
2703,Chaaya Dua,vsrivastava@example.org,03672097506,Tadepalligudem,Gujarat,West,Regular,2024-05-26
2704,Kabir Murthy,vvasa@example.net,04164933111,Eluru,Assam,East,Regular,2025-02-17
2705,Devika Balakrishnan,liladass@example.org,0603632351,Tirunelveli,Jammu & Kashmir,Central,New,2025-10-30
2706,Prisha Pandya,mchander@example.net,+917398714845,Aizawl,Assam,East,Premium,2023-03-24
2707,Ayushman Agrawal,ymaster@example.com,7774146518,Jalandhar,Madhya Pradesh,West,New,2026-07-16
2708,Sai Gill,tristan36@example.org,+915757866070,Naihati,Madhya Pradesh,West,New,2024-04-26
2709,Lakshmi Sane,ybasu@example.net,5085261068,Serampore,Telangana,South,Regular,2022-09-17
2710,Laban Rajan,watika41@example.net,4124043968,Kottayam,Gujarat,West,Occasional,2024-01-31
2711,Eesha Rama,ambleabdul@example.org,2087163881,Amaravati,Jammu & Kashmir,Central,Regular,2026-03-14
2712,Vansha Bumb,toorthomas@example.net,+919879216501,Kirari Suleman Nagar,Andhra Pradesh,South,Premium,2025-04-18
2713,Tanmayi Sama,chauhanyasti@example.org,6752262491,Warangal,Telangana,South,Regular,2025-09-29
2714,Om Uppal,ravalrajata@example.com,1773131974,Bhiwandi,Rajasthan,North,New,2025-07-12
2715,Laksh Suresh,ygopal@example.com,09376511825,Khandwa,Delhi,North,Regular,2023-08-18
2716,Imaran Rajagopal,imaranshah@example.org,01548362813,Bhilai,West Bengal,East,Premium,2025-04-10
2717,Arjun Guha,bhanumatiratti@example.org,7496875744,Satna,Haryana,North,Regular,2023-08-10
2718,Lucky Contractor,nkalla@example.net,2125588774,Etawah,Odisha,East,Regular,2023-11-28
2719,Dhruv Oak,johaldayita@example.net,05086569963,Shimoga,Uttar Pradesh,North,Regular,2022-11-10
2720,Vyanjana Brar,darikachadha@example.org,03834106572,Bidar,Uttarakhand,Central,Regular,2023-11-10
2721,Jeevika Sama,brijeshsama@example.com,0393367774,Bareilly,Odisha,East,Regular,2026-03-07
2722,Samaksh Singh,choudhuryzinal@example.org,0034093582,Raipur,Maharashtra,West,Regular,2022-10-02
2723,Rudra Deshmukh,kakarfariq@example.net,+916664651847,Bhind,West Bengal,East,New,2026-07-10
2724,Inaya Tella,dparekh@example.net,7114917946,Pudukkottai,Madhya Pradesh,West,Premium,2024-11-06
2725,Peter Kar,gopal08@example.net,3278668689,Ulhasnagar,Uttarakhand,Central,Occasional,2022-11-04
2726,Veer Grover,dnarayanan@example.net,+910524114207,Dindigul,Madhya Pradesh,West,New,2022-09-08
2727,Udant Kalita,pranav94@example.net,07603961084,Gudivada,Chhattisgarh,Central,New,2026-03-14
2728,Charvi Nadig,paninisawhney@example.com,+912976762135,Pondicherry,Jammu & Kashmir,Central,Premium,2024-08-23
2729,Avni Karan,padmanabhanrudra@example.net,3489953120,Saharsa,Madhya Pradesh,West,Regular,2024-04-30
2730,Brijesh Muni,balanparth@example.com,+917036423733,Kurnool,West Bengal,East,New,2025-11-13
2731,Deepa Bhatnagar,ria18@example.net,06217794292,Visakhapatnam,Uttarakhand,Central,Regular,2023-11-19
2732,Warda Deshpande,iloke@example.org,+915175079631,Asansol,Goa,West,Premium,2026-01-30
2733,Anvi Ramachandran,sainieiravati@example.org,6627145706,Katihar,Goa,West,Premium,2023-10-11
2734,Yashica Sarin,tanishsathe@example.net,07717121999,Mahbubnagar,Tamil Nadu,South,Premium,2026-06-12
2735,Waida Raghavan,qagarwal@example.com,0022796244,South Dumdum,Assam,East,Premium,2025-12-17
2736,Rohan Acharya,kandawatika@example.net,0646594918,Hosur,Chhattisgarh,Central,Regular,2024-06-29
2737,Yasti Sur,rishi20@example.org,9226868703,Ambarnath,Jammu & Kashmir,Central,Premium,2025-05-10
2738,Jhalak Mangat,veda65@example.org,+919246430813,Jalgaon,Rajasthan,North,Premium,2024-03-12
2739,Triveni Prabhakar,kuruvillafaqid@example.org,+916643509455,Ahmednagar,Maharashtra,West,Regular,2023-05-08
2740,Matthew Samra,jgoel@example.net,07760382807,Ghaziabad,Chhattisgarh,Central,Occasional,2023-01-11
2741,Aadhya Mutti,hmahajan@example.net,09399697933,Sambalpur,Bihar,East,Regular,2022-10-27
2742,Rohan Vyas,jsanghvi@example.net,+918689825817,Proddatur,Uttarakhand,Central,Regular,2024-10-05
2743,Harsh Radhakrishnan,pranit23@example.com,+917993787352,Adoni,Jammu & Kashmir,Central,Regular,2026-04-25
2744,Krisha Varty,netra03@example.org,02995086722,Raebareli,Chhattisgarh,Central,Premium,2025-03-06
2745,Daksh Sengupta,dsarraf@example.net,08673971819,Secunderabad,Haryana,North,Regular,2023-05-26
2746,Alka Sani,teerthbali@example.com,+917406242610,New Delhi,Maharashtra,West,New,2025-05-20
2747,Urmi Tara,lopapalla@example.org,8491986613,Amaravati,Jharkhand,East,Regular,2023-04-04
2748,Mugdha Khanna,urmi24@example.com,03985726850,Kirari Suleman Nagar,Delhi,North,Premium,2023-11-22
2749,Utkarsh Trivedi,abhiram09@example.net,8669245051,Tadepalligudem,Bihar,East,Regular,2023-03-17
2750,Yahvi Sibal,hemanisura@example.com,03453649961,Morbi,Uttar Pradesh,North,Regular,2022-09-25
2751,Tanmayi Dhar,naveendhaliwal@example.net,04615330027,Bhavnagar,Gujarat,West,Regular,2024-09-25
2752,Darpan Soni,wsinghal@example.net,09380514538,Hindupur,Bihar,East,Regular,2024-07-26
2753,Jackson Saran,dubeybaljiwan@example.com,00006991558,Jehanabad,Haryana,North,Regular,2025-06-29
2754,Maanas Kuruvilla,eiravati56@example.com,+913221489441,Aurangabad,Bihar,East,Regular,2023-07-18
2755,Frederick Sekhon,nissac@example.org,+918156959070,Raebareli,Odisha,East,Regular,2025-01-20
2756,Dhruv Arya,ajoshi@example.org,1287408117,Nagpur,Delhi,North,Regular,2025-02-25
2757,Veer Wali,ekapadmajumdar@example.com,+918789999628,Chennai,Jammu & Kashmir,Central,Regular,2025-07-13
2758,Bhavini Bhalla,maanas18@example.com,+915608319126,Firozabad,Jammu & Kashmir,Central,Regular,2025-12-06
2759,Oviya Nanda,ekansh84@example.com,+919386547192,Faridabad,Haryana,North,Regular,2025-08-06
2760,Zehaan Uppal,hmohan@example.com,+915662300560,Darbhanga,Madhya Pradesh,West,Regular,2025-07-14
2761,Hritik Patel,chatterjeelakshit@example.net,3506656605,Karnal,Punjab,North,Premium,2025-04-10
2762,Yasti Patel,tanvi65@example.com,9379391947,Kamarhati,Haryana,North,Premium,2025-03-28
2763,Benjamin Halder,michael19@example.net,00910276471,Gaya,Jammu & Kashmir,Central,Regular,2024-07-29
2764,Om Buch,bordechandran@example.org,06237738133,Pudukkottai,Jammu & Kashmir,Central,New,2023-09-06
2765,Guneet Lall,nicholas37@example.net,+913463328742,Erode,Assam,East,Regular,2026-06-19
2766,Maya Sachdev,nathbanjeet@example.org,+915895381575,Tiruchirappalli,Himachal Pradesh,North,Premium,2023-12-21
2767,Anamika Kant,sudiksha81@example.net,0779491488,Sri Ganganagar,Kerala,South,Premium,2026-03-29
2768,Chakrika Madan,fray@example.net,9541710065,Ajmer,Karnataka,South,Premium,2025-06-17
2769,Mahika Sangha,bina55@example.org,6377665995,Gulbarga,Madhya Pradesh,West,Regular,2026-06-26
2770,Anya Manda,virajchaudry@example.com,+912664849186,Bijapur,Goa,West,New,2025-06-06
2771,Zansi Kaur,tkamdar@example.com,0533151313,Chinsurah,Tamil Nadu,South,Regular,2024-03-31
2772,Sachi Agrawal,vedhikatoor@example.com,03447937223,Karawal Nagar,Goa,West,Premium,2023-02-04
2773,Faqid Reddy,onkarpal@example.net,5843135740,Aizawl,Goa,West,New,2025-11-10
2774,Ayaan Seth,vanshadoshi@example.net,6175657799,Kharagpur,Telangana,South,New,2024-07-06
2775,Bimala Lala,falgunidash@example.org,0954551924,Arrah,West Bengal,East,Regular,2023-02-21
2776,Yoshita Sankaran,deepakrishnamurthy@example.org,+916170649144,Rajpur Sonarpur,Jammu & Kashmir,Central,Regular,2026-07-14
2777,Ikshita Gola,charjagvi@example.com,1461641573,Fatehpur,Punjab,North,New,2023-08-28
2778,Abhimanyu Chakrabarti,amarabora@example.net,08109071957,Dewas,Telangana,South,Occasional,2024-06-02
2779,Harsh Muni,hardik49@example.net,5583873680,Akola,Gujarat,West,Premium,2026-06-15
2780,Pooja Brahmbhatt,warrioraarini@example.org,8168482723,Hindupur,Odisha,East,Premium,2025-02-20
2781,Tamanna Badal,lekha44@example.com,+913006045199,Sasaram,Goa,West,Regular,2025-03-07
2782,Vihaan Kakar,balakrishnanpeter@example.com,6327223736,Allahabad,Odisha,East,Regular,2022-12-19
2783,Madhav Raju,narulachanakya@example.com,03535226549,Faridabad,Uttarakhand,Central,Regular,2023-09-22
2784,Shaurya Sidhu,dalajapingle@example.org,+915996426060,Phagwara,Tamil Nadu,South,Premium,2025-12-27
2785,Naksh Sibal,advay51@example.com,3164119913,Ambarnath,Delhi,North,New,2024-12-31
2786,Chandran Dugar,bhavya26@example.org,+916289223843,Surendranagar Dudhrej,Madhya Pradesh,West,New,2024-05-25
2787,Eiravati Mital,oliver25@example.org,7475294977,Sikar,Chhattisgarh,Central,New,2025-03-15
2788,Harsh Gaba,rajata38@example.org,07665703101,Warangal,Rajasthan,North,Regular,2024-03-02
2789,Yatan Kapur,yparekh@example.org,4214483545,Tumkur,Maharashtra,West,Regular,2025-04-12
2790,Pavani Venkatesh,joshuapathak@example.org,04309353521,Rajkot,Goa,West,Regular,2025-01-03
2791,Bhavini Raghavan,ybail@example.com,9924715756,Pune,Delhi,North,Premium,2024-09-11
2792,Faraj Barad,anmolgaba@example.org,+912395512169,Bhavnagar,Andhra Pradesh,South,Regular,2024-12-06
2793,Isha Lad,lalajonathan@example.org,03262144537,Naihati,Haryana,North,New,2023-06-04
2794,Amara Nagy,ramaswamyvrinda@example.net,07880115913,Bhusawal,Bihar,East,Regular,2025-05-11
2795,Quincy Hayre,mayagupta@example.com,04690336931,Mau,Jammu & Kashmir,Central,Regular,2024-11-22
2796,Suhani Kota,saichaudhry@example.com,05527876260,Thrissur,Karnataka,South,Occasional,2024-07-02
2797,Bhavani Bains,akshaywalla@example.com,9195078679,Jehanabad,West Bengal,East,Regular,2024-01-06
2798,Hritik Dasgupta,triveni46@example.org,+913190024155,Shimla,Chhattisgarh,Central,Regular,2025-01-15
2799,Zinal Randhawa,snehakade@example.com,+913270289966,Orai,Maharashtra,West,New,2026-03-21
2800,Amruta Kala,chakrabortylekha@example.org,+910651494739,Bharatpur,Jammu & Kashmir,Central,Premium,2024-06-14
2801,Sai Brar,oakirya@example.com,01030275960,Motihari,Chhattisgarh,Central,New,2025-07-10
2802,Ranbir Narula,samar42@example.org,+914945212586,Khandwa,Jammu & Kashmir,Central,New,2024-03-29
2803,Yauvani Chokshi,mahajanchampak@example.net,9915141405,Proddatur,Chhattisgarh,Central,Regular,2023-03-15
2804,Fariq Khurana,varenya42@example.net,6364122647,Imphal,Tamil Nadu,South,Regular,2024-02-04
2805,Theodore Gokhale,harini39@example.net,00424081744,Arrah,Chhattisgarh,Central,New,2025-07-22
2806,Mugdha Wable,quincy76@example.net,+910918812246,Bhilai,Bihar,East,New,2025-06-21
2807,Nathaniel Yadav,suraaarav@example.org,+919790963515,Aurangabad,Himachal Pradesh,North,New,2026-08-04
2808,Tanay Keer,sarrafchristopher@example.org,5337970860,Noida,Uttarakhand,Central,New,2024-08-09
2809,Hemani Sharma,jhalakissac@example.com,+917201533300,Gaya,Maharashtra,West,Occasional,2024-08-07
2810,Ojasvi Magar,ekrishnamurthy@example.org,+911151968394,Sangli-Miraj & Kupwad,Haryana,North,Regular,2024-01-16
2811,Rachana Hora,pillaichasmum@example.org,+919903491315,Tiruvottiyur,Goa,West,Regular,2023-03-19
2812,Rachana Taneja,johalnandini@example.com,03514522823,Anantapur,Uttarakhand,Central,Premium,2023-06-12
2813,Dayamai Vaidya,rachit97@example.net,3496577583,Sri Ganganagar,Chhattisgarh,Central,New,2025-07-14
2814,Watika Acharya,amenon@example.com,01231540244,Ambala,Tamil Nadu,South,Regular,2023-05-12
2815,Sneha Natt,chhabramugdha@example.org,+917034914105,Nadiad,Madhya Pradesh,West,Regular,2023-06-25
2816,Sai Sachdev,oliver72@example.net,+912645436768,Phagwara,Gujarat,West,Regular,2025-03-09
2817,Damini Ramakrishnan,ygrewal@example.net,6301333279,Bareilly,Chhattisgarh,Central,Occasional,2024-06-15
2818,Aarav Garg,hsule@example.net,6149491851,Jaunpur,Andhra Pradesh,South,Occasional,2026-02-21
2819,Jatin Sagar,joshibarkha@example.net,02606822879,Sambhal,Karnataka,South,Regular,2024-02-13
2820,Frado Apte,eraja@example.net,09293257890,Varanasi,West Bengal,East,Premium,2022-12-01
2821,Rayaan Bhakta,bhavikasubramanian@example.net,1120273023,Chapra,Delhi,North,Premium,2024-05-30
2822,Gunbir Dewan,balendrashetty@example.org,+913033582339,Jabalpur,Rajasthan,North,New,2026-02-25
2823,Wridesh Tank,ikohli@example.net,09278767823,Chennai,Odisha,East,Regular,2023-01-22
2824,Qabil De,vreddy@example.org,04486574306,Lucknow,Gujarat,West,Occasional,2025-04-24
2825,Dayamai Misra,tiwarireva@example.org,+912981130084,Bellary,Haryana,North,Premium,2024-03-27
2826,Bimala Chad,borraraksha@example.net,03305074950,Ichalkaranji,Tamil Nadu,South,New,2025-02-05
2827,Ridhi Chatterjee,abeerdhar@example.net,4416169362,Howrah,Uttarakhand,Central,New,2023-08-18
2828,Ishwar Sangha,kevinkhosla@example.net,+913705741037,Kozhikode,Maharashtra,West,Regular,2024-10-27
2829,Gaurika Loyal,narainkabir@example.com,3851635781,Bulandshahr,Delhi,North,Regular,2023-05-11
2830,Radha Roy,varenya13@example.org,9010291585,Navi Mumbai,Uttar Pradesh,North,Regular,2023-10-25
2831,Finn Dara,chandrabhavika@example.com,+912353596828,Jalandhar,Maharashtra,West,Regular,2024-12-14
2832,Chanakya Yogi,deyxavier@example.com,03167660271,Kishanganj,Maharashtra,West,Regular,2025-12-12
2833,Ubika Wadhwa,upadhriti87@example.org,1938347705,Ahmedabad,Rajasthan,North,Regular,2025-02-02
2834,Urvi Kaul,balasubramanianqasim@example.net,+911311482414,Jaipur,Madhya Pradesh,West,Regular,2025-05-15
2835,Dayamai Raj,owalia@example.net,02596349001,Gurgaon,Gujarat,West,New,2023-10-11
2836,Yatin Malhotra,abhimanyu04@example.org,5113030766,Morena,Chhattisgarh,Central,Premium,2024-11-06
2837,Hitesh Rama,aloyal@example.com,8209872848,Anand,Madhya Pradesh,West,New,2022-08-18
2838,Maya Dey,avnikumar@example.com,+915572477213,Thiruvananthapuram,Chhattisgarh,Central,Regular,2023-01-23
2839,Michael Bal,reddyabhimanyu@example.net,09417231901,Pimpri-Chinchwad,Punjab,North,Premium,2025-05-17
2840,Pallavi Vyas,ckibe@example.org,+918589358404,Thane,Chhattisgarh,Central,Regular,2025-08-01
2841,Tanmayi Chakrabarti,omajanadkarni@example.com,06416566671,Berhampore,Rajasthan,North,New,2025-12-04
2842,Fiyaz Dani,balvantalwar@example.org,+918058935967,Alappuzha,Chhattisgarh,Central,Occasional,2025-11-24
2843,Harinakshi Devan,triveni61@example.com,+913359848086,Dibrugarh,Telangana,South,Regular,2023-05-22
2844,Advaith Krishnan,atidhillon@example.org,9785321013,Ballia,Madhya Pradesh,West,New,2024-06-11
2845,Aditya Atwal,abhimanyu03@example.com,05849014056,Mumbai,Gujarat,West,Regular,2024-12-04
2846,Shivani Suresh,batraekta@example.net,+912799046369,Hindupur,Delhi,North,Regular,2023-03-29
2847,Zaitra Hans,hloke@example.net,+916269616367,Jabalpur,Uttarakhand,Central,Premium,2025-11-08
2848,Eesha Goyal,rmistry@example.org,6915489788,Bilaspur,Odisha,East,Premium,2024-07-19
2849,Aarna Narang,saisodhi@example.org,00875505624,Deoghar,Chhattisgarh,Central,Regular,2023-01-08
2850,Riya Varty,aryan13@example.net,+919387074142,Salem,Assam,East,Regular,2022-12-14
2851,Dayita Kakar,falanmukhopadhyay@example.org,06247863572,Bulandshahr,West Bengal,East,Premium,2023-08-21
2852,Vasatika Karan,champakthaker@example.net,0345446843,Rajkot,Tamil Nadu,South,Regular,2025-06-07
2853,Ekanta Minhas,gsahota@example.com,03079099199,Sikar,Chhattisgarh,Central,Regular,2025-10-15
2854,Ekansh Shroff,pradhanjacob@example.org,+913562576210,Ajmer,Karnataka,South,Premium,2024-07-04
2855,Hiral Setty,kashvi00@example.org,04415663057,Mehsana,Tamil Nadu,South,Regular,2024-11-07
2856,Mohammed Grover,gadeishaan@example.com,08928390537,Kochi,Madhya Pradesh,West,Premium,2024-03-13
2857,Vanya Ramanathan,shanqasim@example.org,3248932377,Bidar,Assam,East,Premium,2025-10-11
2858,Anika Prashad,nnair@example.org,01484268988,Morbi,Assam,East,Regular,2024-09-13
2859,Vamakshi Mangal,hpadmanabhan@example.com,7856451924,Sultan Pur Majra,Bihar,East,Regular,2024-06-27
2860,Alka Raju,jananichand@example.com,02287351187,Bettiah,Punjab,North,Regular,2025-01-10
2861,Aashi Bir,bhavani87@example.net,07476397103,Loni,Himachal Pradesh,North,Regular,2024-04-13
2862,Praneel Tank,dsahota@example.com,8886742050,Nandyal,Andhra Pradesh,South,Premium,2024-11-23
2863,Netra Gill,ekarajravel@example.org,06518651531,Rajkot,Andhra Pradesh,South,New,2024-11-20
2864,Vivaan Verma,yachanasule@example.net,+918686514660,Shimla,Jharkhand,East,Regular,2023-11-10
2865,Warjas Sachdeva,gbansal@example.net,05226412465,Jamnagar,Tamil Nadu,South,Regular,2022-09-02
2866,Vedika Sethi,edhithacontractor@example.com,3202271131,Allahabad,Haryana,North,Regular,2025-07-16
2867,Arunima Venkataraman,balayaachal@example.com,5557734328,Berhampur,Uttar Pradesh,North,Regular,2023-03-22
2868,Raghav Datta,khoslaojasvi@example.com,4983598084,Ghaziabad,Telangana,South,Occasional,2026-05-15
2869,Samuel Devi,gmutti@example.com,06271370244,Phagwara,West Bengal,East,Occasional,2024-10-21
2870,Ijaya Balakrishnan,raghavanmohini@example.org,4783062646,Ambala,Karnataka,South,Regular,2024-11-04
2871,Peter Loyal,charita63@example.org,+918420927493,Giridih,Kerala,South,New,2026-06-03
2872,Fariq Dhar,baljiwangopal@example.org,01285136840,Ramagundam,Assam,East,Regular,2024-10-21
2873,Lipika Narula,victorsuresh@example.org,+918777519003,Kozhikode,Tamil Nadu,South,Regular,2026-03-09
2874,Avi Soni,bhavinishetty@example.net,4326748464,Solapur,West Bengal,East,Regular,2025-09-11
2875,Sathvik Dey,vincentpandya@example.com,+917673058582,Udupi,Andhra Pradesh,South,New,2025-11-30
2876,Harita Saini,lakshitmadan@example.org,+912125588983,Tiruppur,Haryana,North,Occasional,2024-05-29
2877,Jagdish Loke,dattaforum@example.com,+916707792445,Nandyal,Jharkhand,East,Regular,2022-09-13
2878,Ekaraj Chauhan,imaranprakash@example.net,08731024264,Ghaziabad,Bihar,East,Occasional,2023-12-31
2879,Vihaan Mammen,swadhwa@example.com,3109035858,Bhavnagar,Uttarakhand,Central,New,2025-09-11
2880,Rachit Solanki,bakhshi27@example.net,+919264210238,Ujjain,Delhi,North,Regular,2024-03-21
2881,Vrinda Krish,vsachdeva@example.net,4970695990,Phusro,Karnataka,South,Regular,2026-07-25
2882,Amara Kannan,hemanisachdev@example.org,+919502111870,Kolkata,Goa,West,Regular,2026-02-08
2883,Praneel Datta,parmerwarinder@example.org,2089395608,Jalna,Gujarat,West,Occasional,2022-10-13
2884,Ekavir Sekhon,aurorageorge@example.com,08247599117,Tezpur,Jammu & Kashmir,Central,Regular,2024-06-01
2885,Omya Naik,rauyutika@example.net,8576027316,Mathura,Uttarakhand,Central,New,2022-10-19
2886,Chatresh Dube,harini06@example.org,+917052416945,Dewas,Bihar,East,Regular,2026-02-20
2887,Kritika Sibal,akumar@example.net,+914284000013,Firozabad,Bihar,East,New,2024-03-26
2888,Yashvi Madan,bchatterjee@example.com,+918232258337,Dehradun,Uttarakhand,Central,Regular,2023-06-05
2889,Shaurya Keer,forum01@example.com,01776578661,Dhanbad,Punjab,North,New,2025-05-05
2890,Indali Chadha,waglelakshmi@example.org,4793933489,Baranagar,Chhattisgarh,Central,Regular,2022-10-06
2891,Megha Ramachandran,gabrielnagarajan@example.net,05800875757,Navi Mumbai,Goa,West,Premium,2022-11-07
2892,Imaran Upadhyay,labanhans@example.com,+918444685013,Sambalpur,Gujarat,West,Regular,2025-07-18
2893,Chanchal Chopra,peter93@example.org,04570177337,Jabalpur,Assam,East,New,2024-10-06
2894,Janaki Hans,wbasu@example.com,9712793108,Munger,Madhya Pradesh,West,Regular,2022-10-24
2895,Upadhriti Murthy,bacharya@example.net,+914186960956,Salem,Maharashtra,West,Regular,2023-04-25
2896,Kai Chahal,srivastavadhriti@example.net,04358309753,Burhanpur,Andhra Pradesh,South,New,2022-12-21
2897,Adweta Desai,hchandra@example.net,01756863454,Parbhani,Gujarat,West,Regular,2023-06-15
2898,Orinder Balakrishnan,vdua@example.com,3003580875,Sambalpur,Gujarat,West,Occasional,2025-06-13
2899,Gunbir Baral,viraj48@example.net,+911927277834,Mehsana,Odisha,East,Premium,2023-09-10
2900,Laksh Thaker,chakrabortylibni@example.net,01771103402,Pallavaram,Tamil Nadu,South,Regular,2025-02-02
2901,Rajeshri Bhatti,umukhopadhyay@example.com,01791848000,Kanpur,Uttarakhand,Central,Regular,2026-04-27
2902,Vedant Khare,gangulyjacob@example.com,9040113921,Proddatur,Punjab,North,Premium,2026-05-04
2903,Mason Shukla,rdin@example.com,+917645618468,Dindigul,Jharkhand,East,Premium,2026-04-15
2904,Samuel Ranganathan,saanvi47@example.org,9148719290,Rajahmundry,Madhya Pradesh,West,Regular,2026-06-16
2905,Keya Palan,kdara@example.com,9681266699,Kharagpur,Goa,West,Regular,2024-10-31
2906,Tanvi Sethi,thakkarpanini@example.net,05748659775,Pallavaram,Uttar Pradesh,North,Regular,2025-09-18
2907,Tanish Tripathi,baralturvi@example.com,+916823373393,Bhind,West Bengal,East,Regular,2024-06-15
2908,Girik Gill,jtara@example.net,05707385460,Bhatpara,Haryana,North,New,2025-11-23
2909,Shivansh Deshmukh,kotharitejas@example.org,5878928802,Giridih,Jammu & Kashmir,Central,Premium,2022-12-16
2910,Gauri Tata,dkamdar@example.net,8370799190,Warangal,Bihar,East,Regular,2025-05-27
2911,Hiral Manda,daminimemon@example.net,+919747084867,Gorakhpur,Haryana,North,Regular,2023-05-31
2912,Nathan Memon,krishna34@example.org,05094162672,Hyderabad,Kerala,South,Regular,2025-08-08
2913,Nihal Tailor,chackoyatin@example.org,+915667019187,Madhyamgram,Odisha,East,Regular,2024-10-05
2914,Amrita Nath,chakradevsoni@example.org,9802213189,Patna,Bihar,East,New,2023-01-31
2915,Rayaan Muni,ochopra@example.org,03417414655,Khammam,Telangana,South,Occasional,2023-12-11
2916,Yug Jhaveri,januja91@example.com,09156630363,Anand,Haryana,North,Regular,2022-12-23
2917,Yashodhara Ratta,anirudh07@example.com,03525019165,Sikar,Jharkhand,East,Occasional,2024-05-13
2918,Anmol Ramaswamy,zsane@example.net,7781341452,Bally,Jammu & Kashmir,Central,Regular,2023-09-19
2919,Anvi Bhattacharyya,tarak50@example.net,+914351840639,Ghaziabad,Chhattisgarh,Central,New,2024-12-09
2920,Netra Patla,jayaramanmaanav@example.com,+910049912643,Chittoor,Karnataka,South,New,2025-08-20
2921,Guneet Dutt,patilchanakya@example.net,+916339236259,Guntur,Andhra Pradesh,South,Regular,2025-08-21
2922,Jalsa Suri,choudhryom@example.net,09128300623,Anand,Jammu & Kashmir,Central,New,2026-04-26
2923,Amrita Patla,sachdevawakeeta@example.net,+917761960791,Chittoor,Goa,West,New,2023-07-07
2924,Warjas Kari,jason33@example.com,+911535628724,Lucknow,Bihar,East,Regular,2023-03-18
2925,Ayaan Kulkarni,latasanya@example.net,01682898218,Ramagundam,Gujarat,West,Regular,2025-11-22
2926,Naveen Chatterjee,yhayer@example.org,7038647322,Kolhapur,Chhattisgarh,Central,Regular,2023-10-29
2927,Nathan Sant,snehakala@example.com,1254145287,Morena,Chhattisgarh,Central,Regular,2023-03-14
2928,Arunima Kuruvilla,smandal@example.org,06434410579,Visakhapatnam,Punjab,North,New,2024-02-02
2929,Qabil Palla,patrickkoshy@example.net,+914448345199,Imphal,Odisha,East,Regular,2024-04-03
2930,Shivani Subramanian,aishani72@example.net,1570662501,Malegaon,Madhya Pradesh,West,New,2026-07-09
2931,Charita Hayer,hsawhney@example.com,4872484926,Karnal,Uttarakhand,Central,Regular,2023-05-29
2932,Abdul Naidu,udeol@example.org,0820780988,Tirunelveli,Rajasthan,North,New,2023-05-06
2933,Ishani Goel,agrawalanusha@example.org,+915479130279,Dharmavaram,Karnataka,South,Occasional,2022-10-06
2934,Oliver Murty,bajajalexander@example.net,+912798257998,Thoothukudi,Assam,East,Premium,2026-03-18
2935,Siddharth Ganguly,obandi@example.org,+914080770037,Pallavaram,Jammu & Kashmir,Central,Premium,2025-12-19
2936,Chandran Raghavan,manbir46@example.org,8895920851,Guwahati,Madhya Pradesh,West,Regular,2023-01-23
2937,Logan Uppal,crajagopal@example.org,9974941171,Ballia,Maharashtra,West,Premium,2025-12-06
2938,Wahab Ravi,xiti73@example.com,+915901259968,Saharsa,Andhra Pradesh,South,Regular,2026-06-07
2939,Amruta Karnik,riyazachariah@example.net,07154295995,Jodhpur,Uttarakhand,Central,Premium,2025-07-18
2940,Reva Taneja,basuunni@example.org,1035336359,Raipur,West Bengal,East,Regular,2025-12-17
2941,Praneel Jaggi,advay51@example.com,08866314387,Gandhinagar,Chhattisgarh,Central,Regular,2025-04-09
2942,Hemal Modi,jackchowdhury@example.net,8959491926,Amaravati,Uttarakhand,Central,Regular,2023-01-29
2943,Vamakshi Jha,meeraramakrishnan@example.com,08143137400,Tezpur,Tamil Nadu,South,Occasional,2024-01-15
2944,Jackson Chokshi,routyug@example.net,+912443265495,Kottayam,Goa,West,Regular,2024-12-08
2945,Vidhi Tella,eshana17@example.net,+915436980345,Deoghar,Assam,East,Regular,2025-03-13
2946,Ayush Mander,chandran80@example.net,+910069569819,Maheshtala,Haryana,North,Premium,2025-02-20
2947,Frederick Rao,yganguly@example.com,00307505999,Chinsurah,Kerala,South,New,2026-08-02
2948,Zaitra D’Alia,prashadsara@example.org,+919179651059,Indore,Madhya Pradesh,West,Regular,2023-10-17
2949,Falguni Kale,lmann@example.com,05839318566,Bardhaman,Uttar Pradesh,North,Premium,2024-11-28
2950,Aadhya Shere,divannirja@example.net,8107863201,Thane,Maharashtra,West,Regular,2026-05-16
2951,Arin Swaminathan,shettypallavi@example.org,+912558811912,Madhyamgram,Karnataka,South,New,2025-04-13
2952,Janani Chandran,senguptayadavi@example.com,02467600425,Bulandshahr,Jharkhand,East,New,2024-05-23
2953,George Gour,aahana45@example.net,07951961499,Jabalpur,Gujarat,West,Premium,2023-12-15
2954,Ayaan Bail,chavvi44@example.net,02521653897,Ballia,Assam,East,Regular,2026-02-21
2955,Tanvi Raval,fratti@example.com,2442031579,Bangalore,Goa,West,Regular,2026-05-17
2956,Dominic Chaudry,arunimapillay@example.org,07836350968,Kota,Andhra Pradesh,South,Regular,2024-05-01
2957,Madhav Sharaf,sahotaojasvi@example.org,+919352601772,Tiruvottiyur,Gujarat,West,Premium,2025-01-11
2958,Samar Datta,mchaudhari@example.com,4270182332,Faridabad,Uttarakhand,Central,Premium,2024-01-15
2959,Udant Bassi,mohini74@example.org,01853311564,North Dumdum,Chhattisgarh,Central,New,2023-04-26
2960,Peter Sharma,reyansh18@example.com,3364921529,Nizamabad,Jharkhand,East,Regular,2026-03-24
2961,Dev Radhakrishnan,phari@example.net,+910322168807,Bareilly,Jharkhand,East,Premium,2024-02-28
2962,Fiyaz Natt,vrishti41@example.org,01218833401,Ramgarh,Andhra Pradesh,South,Regular,2024-10-15
2963,Daksha Lata,jasmit76@example.net,09625367117,Bhavnagar,Jammu & Kashmir,Central,Regular,2025-08-24
2964,Dalaja Peri,hloyal@example.net,05659230022,Mangalore,Gujarat,West,New,2022-10-18
2965,Shivani Chand,trajan@example.org,+913519997211,Ratlam,Punjab,North,New,2023-02-28
2966,Riya Anand,christophersama@example.com,04201173101,Pudukkottai,Uttar Pradesh,North,New,2023-03-07
2967,Azaan Lala,dbanik@example.com,+910495668651,Kollam,Kerala,South,New,2026-04-22
2968,Shivansh Sodhi,krishnasharaf@example.net,3929025324,Dehri,Uttarakhand,Central,New,2024-12-10
2969,Vyanjana Rout,dparikh@example.com,05439592891,Bhusawal,Himachal Pradesh,North,New,2024-12-03
2970,Ojas Merchant,warjas47@example.com,1160847818,Ulhasnagar,Andhra Pradesh,South,Regular,2023-08-13
2971,Amaira Madan,arya74@example.net,08569445142,Arrah,Chhattisgarh,Central,Occasional,2023-04-22
2972,Girik Kunda,ladlibhakta@example.com,+913391438276,Sikar,Delhi,North,Premium,2024-07-31
2973,Siddharth Pandey,aishani52@example.com,9137206773,Udupi,Jharkhand,East,Premium,2023-02-07
2974,Avi Khosla,aadhyaratta@example.net,02075391919,Jamalpur,Bihar,East,Premium,2025-06-27
2975,Zansi Chacko,ekaniarya@example.com,+919848550506,Sri Ganganagar,Maharashtra,West,Regular,2026-07-30
2976,Alka Sachdeva,trivenithakkar@example.com,06217627243,Farrukhabad,Madhya Pradesh,West,Regular,2023-01-04
2977,Nimrat Panchal,loyalsneha@example.com,+910144633845,Anantapuram,Gujarat,West,Regular,2023-10-04
2978,Gaurav Dass,loganborah@example.net,8848131205,Pimpri-Chinchwad,Haryana,North,Regular,2024-01-12
2979,Arjun Doshi,maxbaral@example.org,4176697068,Motihari,Kerala,South,New,2024-12-19
2980,Kritika Rege,dmann@example.net,+910977354962,Khora ,Madhya Pradesh,West,Premium,2023-04-15
2981,Jack Dhaliwal,kallajanuja@example.com,+910125343646,Amaravati,Rajasthan,North,New,2024-02-06
2982,David Sandhu,bnarasimhan@example.com,00314822119,Bathinda,Gujarat,West,Premium,2023-07-23
2983,Pranit Bahl,kavya53@example.org,+916855502694,Kanpur,Bihar,East,Regular,2025-10-27
2984,Manya Bhagat,jdutt@example.net,4993928866,Navi Mumbai,Rajasthan,North,Regular,2024-02-10
2985,Harini Gole,bhavani43@example.org,02361416370,Nanded,West Bengal,East,Premium,2022-09-29
2986,Liam Balakrishnan,pallachatresh@example.org,9407993977,Nashik,Gujarat,West,Regular,2024-09-21
2987,Yashoda Pingle,pallaryan@example.net,04248784041,Panchkula,Himachal Pradesh,North,Regular,2026-07-28
2988,Abeer Vala,ksura@example.com,+915699229137,Rajkot,Goa,West,Regular,2023-01-21
2989,Akshay Morar,sraval@example.org,+910994791415,Orai,Himachal Pradesh,North,Premium,2024-04-21
2990,Unni Rai,rshan@example.org,05374667856,Mango,Maharashtra,West,New,2023-11-24
2991,Chaman Khalsa,pbir@example.net,+911685952417,Chinsurah,Jammu & Kashmir,Central,New,2023-01-16
2992,Charvi Swaminathan,divyaray@example.net,+914325101102,Kochi,Punjab,North,New,2024-10-31
2993,Ekansh Madan,berafrado@example.org,2017474815,Jehanabad,Maharashtra,West,Premium,2025-12-13
2994,Anusha Dayal,xitibhalla@example.org,1245824708,Panchkula,Punjab,North,New,2024-06-19
2995,Triya Varughese,saumya43@example.com,4254247026,Imphal,Kerala,South,Occasional,2022-10-18
2996,Mohini Ravi,adeep@example.com,2972231870,New Delhi,Tamil Nadu,South,Regular,2026-02-11
2997,Aradhana Palla,riaparsa@example.org,2903856980,Proddatur,Delhi,North,Regular,2023-07-01
2998,Aarav Dube,mvarughese@example.com,2684941479,Bilaspur,Tamil Nadu,South,Regular,2023-11-25
2999,Eta Bumb,wahab79@example.org,00608238200,Malegaon,Himachal Pradesh,North,Regular,2023-10-30
3000,Abhiram Sama,odewan@example.com,05530922221,Kottayam,Tamil Nadu,South,Regular,2025-02-19
3001,Mohini Bail,ekajayadav@example.org,+912327234424,Katni,Haryana,North,Regular,2024-12-09
3002,Zaitra Kala,kumaranika@example.net,2233228466,Madanapalle,Telangana,South,Regular,2026-03-23
3003,Finn Bath,upadhyaymugdha@example.org,+911337521455,Bardhaman,Uttarakhand,Central,Occasional,2025-02-03
3004,Mohammed Sridhar,behlaishani@example.net,9744225973,Bellary,Uttar Pradesh,North,Regular,2024-07-05
3005,Yutika Patla,vohrasimon@example.com,03200608307,Latur,Odisha,East,Regular,2024-09-13
3006,Vasudha Patla,zilmil77@example.org,5733353837,Udaipur,Goa,West,Regular,2024-06-17
3007,Daksh Narain,rmann@example.com,01927812079,Bhatpara,Andhra Pradesh,South,Regular,2023-08-30
3008,Ira Dutt,adwetadeol@example.com,06173720170,Gorakhpur,Assam,East,Regular,2023-10-20
3009,Ganga Natarajan,dsha@example.com,03510674449,Pallavaram,Uttar Pradesh,North,Regular,2024-07-05
3010,Vinaya Swamy,keerandrew@example.org,09230083341,Jamshedpur,Uttarakhand,Central,Occasional,2023-02-21
3011,Dhriti Badami,rishibhakta@example.org,0354313731,Aurangabad,Himachal Pradesh,North,Premium,2025-12-04
3012,Anika Varma,tarajanya@example.net,7322927809,Nagaon,Chhattisgarh,Central,Regular,2024-03-07
3013,Shivansh Chandra,sainipranav@example.org,06786303816,Aurangabad,Rajasthan,North,Regular,2023-08-12
3014,Maya Srinivasan,siballadli@example.net,8644491185,Kalyan-Dombivli,Gujarat,West,Regular,2025-10-27
3015,Adya Ganesan,ugill@example.com,03018087258,Akola,Jharkhand,East,Regular,2023-01-23
3016,Amol Deep,vaishnavigole@example.com,5215272311,Korba,Rajasthan,North,Occasional,2026-03-31
3017,Libni Rajagopal,nathansahni@example.com,05972777198,Vellore,Madhya Pradesh,West,Premium,2023-11-01
3018,Ranbir Mitra,onarula@example.com,00968348698,Bareilly,Telangana,South,Premium,2022-09-22
3019,Nandini Dutt,giriktank@example.com,+916053908110,Patna,Uttar Pradesh,North,Regular,2024-06-05
3020,Warjas Dada,nilimajani@example.com,4198703225,Kottayam,Haryana,North,Regular,2024-08-29
3021,Vihaan Doctor,vaishnavikuruvilla@example.net,05454472787,Ramagundam,Gujarat,West,Premium,2022-12-27
3022,Tripti Borra,bmuni@example.com,08679942061,Chittoor,Uttar Pradesh,North,Regular,2023-10-25
3023,Rayaan Sethi,jchada@example.org,09308787909,Belgaum,Bihar,East,Regular,2024-06-08
3024,Patrick Butala,nidrakalla@example.com,8156710262,Anantapur,Tamil Nadu,South,Regular,2024-09-27
3025,Ryan Handa,oni28@example.com,03728284012,Mira-Bhayandar,Uttarakhand,Central,New,2025-10-29
3026,Alka Korpal,chakradharboase@example.net,+918124796667,Indore,Bihar,East,Regular,2022-11-10
3027,Vrishti Gara,chandresh99@example.org,05137684814,Hindupur,Rajasthan,North,New,2023-06-07
3028,Warda Chaudhry,eta19@example.org,+918496538519,Thane,Goa,West,New,2025-09-28
3029,Bimala Palan,zayyanbhagat@example.org,+917528799722,Chittoor,Kerala,South,Regular,2024-03-13
3030,Champak Dave,gayathrikothari@example.net,+912272544955,Shahjahanpur,Telangana,South,Regular,2025-12-14
3031,Sneha Nadig,gangakrishnamurthy@example.com,07239677839,Raiganj,Karnataka,South,Premium,2025-07-04
3032,Niharika Jaggi,rattanpooja@example.org,07940990737,Gulbarga,Goa,West,Regular,2023-12-21
3033,Xalak Ramakrishnan,alexander36@example.org,05440291956,Surat,Delhi,North,New,2025-03-27
3034,Avni Mital,madanpraneel@example.org,3560229351,Morbi,Uttar Pradesh,North,Regular,2025-06-10
3035,Yasti Ravi,ojasvikibe@example.net,0584607043,Vasai-Virar,Karnataka,South,Regular,2025-11-25
3036,Rehaan Buch,bdyal@example.org,+918456314796,Mangalore,Telangana,South,Premium,2024-09-06
3037,Chandresh Wable,vparsa@example.net,03799788166,Machilipatnam,Karnataka,South,Premium,2024-05-28
3038,Henry Tripathi,pmangal@example.com,7321778545,Baranagar,Madhya Pradesh,West,Regular,2024-01-06
3039,Turvi Bajaj,hbaral@example.net,05883485643,Kirari Suleman Nagar,Karnataka,South,Regular,2026-06-02
3040,Darika Butala,nagypooja@example.com,+917701562669,Panvel,Chhattisgarh,Central,Regular,2025-08-12
3041,Jeremiah Seshadri,avibath@example.net,04631646066,Phusro,Uttarakhand,Central,Occasional,2022-11-08
3042,Naveen Khare,vnatt@example.net,3883331493,Secunderabad,Kerala,South,New,2025-12-04
3043,Yasti Nair,yachanaghosh@example.net,+916665347971,Tezpur,Maharashtra,West,Occasional,2026-03-25
3044,Max Yadav,acharyabalveer@example.org,+912666178088,Bardhaman,Jharkhand,East,Regular,2022-09-14
3045,Mahika Dhawan,xsunder@example.com,00294250122,Mirzapur,Madhya Pradesh,West,Regular,2023-12-04
3046,Samaksh Shan,naksh71@example.net,06616242933,Bhubaneswar,Jammu & Kashmir,Central,Regular,2023-06-20
3047,Urvi Basu,sarnatriya@example.com,06083486491,North Dumdum,Andhra Pradesh,South,Regular,2026-02-06
3048,Samaksh Chandran,samarthkapadia@example.org,03497621741,Korba,Madhya Pradesh,West,New,2022-08-26
3049,Henry Misra,raghavanati@example.net,6689823973,Raiganj,Assam,East,Premium,2024-07-14
3050,Azad Dutta,odika35@example.com,00121991499,Bikaner,Jammu & Kashmir,Central,Regular,2024-11-11
3051,Gayathri Pau,abhimanyuchacko@example.net,05497059445,Bhilwara,Madhya Pradesh,West,Regular,2023-12-24
3052,Ekavir Agrawal,baljiwanjayaraman@example.net,7071360421,Navi Mumbai,Jharkhand,East,Premium,2023-12-11
3053,Bahadurjit Mangat,msundaram@example.com,02100848654,Sri Ganganagar,Maharashtra,West,Regular,2026-01-12
3054,Rachita Varughese,ldhar@example.org,0544171056,Kakinada,Gujarat,West,Regular,2025-06-29
3055,Tarak Sabharwal,shroffaditya@example.com,08723583895,Surendranagar Dudhrej,Tamil Nadu,South,Regular,2025-03-01
3056,Liam Bhagat,ucchal70@example.org,08307627325,Kakinada,Jammu & Kashmir,Central,New,2026-05-04
3057,Triveni Mohanty,vivaandugal@example.net,02250634837,Durgapur,Madhya Pradesh,West,Occasional,2024-12-07
3058,Aarnav Bora,nirja46@example.com,00380954185,Ghaziabad,Goa,West,Regular,2026-06-02
3059,Henry Bassi,bahrianya@example.com,+913050980993,Kalyan-Dombivli,Assam,East,Regular,2023-07-07
3060,Anmol Bhakta,graval@example.com,8655842252,Gandhidham,Delhi,North,Regular,2025-06-07
3061,Unni Nayak,radhika44@example.org,2775019325,Vellore,Chhattisgarh,Central,Regular,2024-04-09
3062,Devika Mammen,rachitghose@example.org,06095238149,Aurangabad,Goa,West,New,2026-02-13
3063,Pratyush Bains,eeshashan@example.com,09312404938,Kakinada,Assam,East,New,2025-07-17
3064,Veer Bir,onigam@example.com,+913734776306,Jorhat,West Bengal,East,New,2024-03-16
3065,Sudiksha Sankar,charita69@example.net,+915897303785,Agartala,Gujarat,West,Regular,2024-02-16
3066,Jonathan Viswanathan,nilimawali@example.com,01907505611,Nagercoil,Haryana,North,Premium,2025-06-16
3067,Caleb Tak,jason88@example.com,6115889017,Ambala,Himachal Pradesh,North,New,2024-02-28
3068,Tanmayi Anand,grewaloeshi@example.net,+911562420605,Jalandhar,Kerala,South,Premium,2024-06-22
3069,Omisha Anne,amaira35@example.org,08219471902,Malegaon,Kerala,South,Regular,2024-04-30
3070,Azad Som,jonathanoak@example.com,09212303489,Anantapur,Jammu & Kashmir,Central,New,2024-09-21
3071,Samarth Bumb,xdevan@example.org,0463118670,Buxar,Delhi,North,New,2024-05-09
3072,Shaurya Palla,nagarajancharvi@example.com,09318131254,Delhi,Madhya Pradesh,West,New,2024-11-23
3073,Reyansh Kunda,keerishita@example.net,+915407647186,Dharmavaram,Rajasthan,North,Occasional,2026-07-27
3074,Nilima Choudhry,gaurangmerchant@example.com,+919480720784,Kadapa,Gujarat,West,New,2023-10-05
3075,Charvi Bhagat,kevinedwin@example.com,7602180667,Thanjavur,Odisha,East,Premium,2023-10-16
3076,Rehaan Mander,anika51@example.net,0677421083,Vijayanagaram,Jammu & Kashmir,Central,New,2023-05-13
3077,Chakrika Iyengar,bchauhan@example.net,8425754237,Naihati,Uttarakhand,Central,New,2023-07-02
3078,Tanmayi Dass,oni89@example.net,3225350227,Bhilwara,Delhi,North,Premium,2023-07-05
3079,Abhimanyu Hans,zarnakumar@example.com,+913705877522,Gwalior,Bihar,East,Regular,2025-05-19
3080,Chakradev Bandi,advik23@example.net,02033873845,Secunderabad,Andhra Pradesh,South,New,2026-03-23
3081,Chatura Dass,murthynisha@example.org,3666943658,Avadi,Uttar Pradesh,North,New,2026-03-02
3082,Varsha Nagi,kannandayita@example.com,05329677375,Bhatpara,Delhi,North,Regular,2025-03-26
3083,Gaurang Thakur,zchopra@example.com,03342809115,Gorakhpur,Madhya Pradesh,West,New,2024-11-30
3084,Chakrika Shetty,wahluwalia@example.com,4911406547,Nagercoil,Gujarat,West,Regular,2024-03-22
3085,Panini Subramanian,anay75@example.org,01383456293,Barasat,Karnataka,South,Regular,2023-01-07
3086,Pahal Narayanan,nattmitesh@example.org,3094760596,Alappuzha,Telangana,South,Occasional,2025-06-12
3087,Rachita Chacko,anjalikamdar@example.org,04146796938,Serampore,Gujarat,West,Regular,2025-10-03
3088,Harrison Mangat,urvashikala@example.com,2908311686,Bilaspur,Himachal Pradesh,North,Regular,2025-06-21
3089,Sara Viswanathan,cvora@example.org,+910718116944,Motihari,Kerala,South,Occasional,2026-05-18
3090,Wishi Butala,tbhandari@example.org,03987405419,Ballia,Madhya Pradesh,West,Premium,2023-03-22
3091,Eiravati Dara,srivastavabhavya@example.org,01422740451,Rourkela,Chhattisgarh,Central,New,2026-01-15
3092,Yachana Kamdar,jbalan@example.org,+913574318910,Bijapur,Tamil Nadu,South,Regular,2024-11-02
3093,Aadhya Ratti,daramatthew@example.net,5499726315,Anand,Maharashtra,West,Regular,2025-05-11
3094,Radhika Sarkar,rbera@example.net,+919579035406,Jalgaon,West Bengal,East,Premium,2022-11-30
3095,Tristan Parsa,yadavi76@example.net,1864841212,Ichalkaranji,Madhya Pradesh,West,New,2025-10-13
3096,Bakhshi Palla,xalakbasak@example.net,02723526436,Bhubaneswar,Delhi,North,Regular,2025-01-12
3097,Dalbir Nagi,bchauhan@example.org,8475487009,Rohtak,Himachal Pradesh,North,Premium,2023-08-28
3098,Amara Prashad,yoshita38@example.net,06016685867,Hajipur,Delhi,North,Regular,2024-05-12
3099,Vihaan Devan,shravya53@example.net,+910361999326,Shahjahanpur,Punjab,North,Premium,2025-03-06
3100,Isaac Prabhu,imangal@example.net,+916837803717,Jamalpur,Jharkhand,East,Premium,2025-12-12
3101,Ansh Shan,neha12@example.org,06545656636,Katni,Assam,East,Regular,2024-06-15
3102,Sathvik Dhar,patrickkade@example.org,02103799820,Siwan,Odisha,East,Occasional,2023-06-10
3103,Wishi Batra,ghoshvincent@example.org,07937759012,Giridih,Kerala,South,New,2024-07-04
3104,Mohammed Bajwa,kaurshaurya@example.com,+914574085074,Jodhpur,Maharashtra,West,Occasional,2026-02-25
3105,Krish Hegde,vsami@example.com,3826831380,Bellary,West Bengal,East,Regular,2023-07-28
3106,Rudra Keer,vshah@example.org,6140476194,Bidar,Gujarat,West,Regular,2026-08-10
3107,Hritik Tiwari,bordeadvay@example.com,9942922319,Dibrugarh,Rajasthan,North,Regular,2022-12-25
3108,Shivansh Din,bhattbalvan@example.net,9810723227,Gandhidham,Kerala,South,Premium,2025-01-28
3109,Bakhshi Chana,amara10@example.net,3444253742,Khora ,Madhya Pradesh,West,New,2024-10-25
3110,George Tandon,adya77@example.org,+913928310915,Coimbatore,Himachal Pradesh,North,Occasional,2025-11-01
3111,Advaith Master,saigill@example.org,01024250596,Aligarh,West Bengal,East,Premium,2025-02-24
3112,Nakul Sampath,baghyawati18@example.com,06896176872,Cuttack,Himachal Pradesh,North,Regular,2022-11-06
3113,Charvi Garde,yperi@example.net,1014100825,Rajpur Sonarpur,Gujarat,West,Premium,2025-09-09
3114,Hemangini Chatterjee,srinivasodika@example.net,+915152880049,Nagpur,Maharashtra,West,Regular,2022-10-24
3115,Anusha Sahota,prakashcaleb@example.net,09517042047,Lucknow,Maharashtra,West,New,2026-02-12
3116,Ridhi Narula,libnikapur@example.org,+918441333580,Srinagar,Assam,East,Regular,2026-05-25
3117,Varsha Sood,balalucky@example.org,+915823506274,Uluberia,Telangana,South,New,2022-11-12
3118,Yashoda Wali,olivertripathi@example.com,+914161435434,Ambala,Chhattisgarh,Central,Regular,2024-08-16
3119,Damyanti Pal,sneha46@example.net,03330403058,Orai,Haryana,North,New,2025-01-17
3120,Yochana Palla,hemalaggarwal@example.com,+919258099491,Mathura,Uttarakhand,Central,Regular,2023-02-11
3121,Wazir Kala,godasamarth@example.net,6556850220,Dindigul,Maharashtra,West,Premium,2024-06-30
3122,Warhi Dua,epingle@example.org,+914651835914,Raipur,Chhattisgarh,Central,Regular,2023-06-03
3123,Chaitanya Contractor,banjeet79@example.net,+914007716010,Bhubaneswar,Tamil Nadu,South,Regular,2025-04-15
3124,Wyatt More,ljain@example.org,05339753175,Bongaigaon,Uttar Pradesh,North,Occasional,2026-03-31
3125,Qasim Dutt,arin00@example.org,09375818350,Udaipur,Jharkhand,East,New,2024-03-17
3126,Amara Arya,pprabhu@example.com,8423518026,Bokaro,Kerala,South,New,2023-03-25
3127,Liam Walia,elijah63@example.net,04779279693,Kolkata,Himachal Pradesh,North,Regular,2023-01-30
3128,Faris Peri,yahluwalia@example.com,03304349481,Tezpur,Jammu & Kashmir,Central,New,2024-01-31
3129,Lopa Varty,smaster@example.org,+917314029030,Bongaigaon,Himachal Pradesh,North,Regular,2025-01-01
3130,Tristan Chana,daliachandani@example.org,05597862163,Guna,Telangana,South,New,2023-01-24
3131,Vivaan Bhargava,tanay44@example.net,05508238288,Singrauli,Chhattisgarh,Central,Premium,2023-11-29
3132,Tanvi Chada,yutika80@example.com,+912714635542,Raebareli,Madhya Pradesh,West,New,2022-12-14
3133,Tanish Sawhney,charleskadakia@example.org,+918322704943,Morena,Uttarakhand,Central,New,2026-01-28
3134,Ayush Dutta,vpandit@example.net,09245802331,Guna,Kerala,South,Regular,2025-07-25
3135,Ati Yadav,nandagirik@example.com,+918827374909,Parbhani,Delhi,North,Regular,2023-01-13
3136,Dominic Jaggi,chamanbarad@example.com,+911461335473,Chittoor,Chhattisgarh,Central,New,2024-09-22
3137,Ekanta Nagy,mahika34@example.net,1415771807,Buxar,Rajasthan,North,Regular,2022-11-11
3138,Ranbir Sanghvi,ipatel@example.net,5141908274,Bidhannagar,Jharkhand,East,Premium,2023-03-09
3139,Nisha Palla,kamyabadami@example.com,03373643537,Bokaro,Haryana,North,Regular,2023-10-13
3140,Meera Kohli,tatadarpan@example.net,+919583042863,Mathura,Chhattisgarh,Central,New,2023-01-11
3141,Peter Raval,ekaja74@example.com,04936673521,Pune,Goa,West,New,2022-11-22
3142,Chanchal Batra,yashicashan@example.com,+919393496479,Bharatpur,Telangana,South,New,2024-10-28
3143,Lopa Gade,nairbishakha@example.org,6267188926,Ghaziabad,Chhattisgarh,Central,Regular,2023-07-18
3144,Raagini Bhattacharyya,sacharlila@example.com,+912217759414,Morbi,Rajasthan,North,New,2022-12-29
3145,Arjun Mammen,umang37@example.net,09791627624,Ramgarh,Bihar,East,New,2024-08-25
3146,Nandini Kant,baradudyati@example.net,2338917873,Gurgaon,Bihar,East,Premium,2024-05-08
3147,Falan Chopra,vchauhan@example.com,+916987735105,Rajpur Sonarpur,Gujarat,West,Premium,2023-07-21
3148,Nisha Virk,aarnav09@example.com,09479293616,Jamnagar,Tamil Nadu,South,Premium,2023-11-19
3149,Sai Deo,yzacharia@example.org,6776396635,Fatehpur,Assam,East,Occasional,2026-06-22
3150,Advay Badami,xpatel@example.org,00841383890,Amritsar,Haryana,North,Occasional,2023-08-17
3151,Manthan Deep,singhadvik@example.com,09886182561,Purnia,Uttarakhand,Central,Premium,2024-07-25
3152,Onveer Aggarwal,atharvdhillon@example.org,+914466165175,Sikar,Andhra Pradesh,South,Regular,2023-09-21
3153,Netra Pant,tben@example.org,8339238409,Gaya,Maharashtra,West,Occasional,2024-05-08
3154,Faras Shah,kkumar@example.net,07742735984,Sirsa,Bihar,East,New,2025-11-26
3155,Charita Sidhu,chanakyadeol@example.com,06529679471,Haldia,Karnataka,South,New,2022-09-21
3156,Vrishti Kata,batraayush@example.org,09776600220,Kulti,Uttar Pradesh,North,New,2024-05-09
3157,Darika De,yastiganesan@example.org,+915522094124,Rewa,Goa,West,Occasional,2025-07-17
3158,Manbir Bajaj,jalsakuruvilla@example.net,+919411396545,Ozhukarai,Tamil Nadu,South,Premium,2023-05-27
3159,Gunbir Saxena,anagarajan@example.net,8364950926,Sasaram,Jharkhand,East,New,2025-07-25
3160,Kamala Swaminathan,danielhanda@example.net,+914306143288,Dehri,Jharkhand,East,Regular,2026-07-23
3161,Sneha Baral,sachdevaishaan@example.net,2371044907,Vasai-Virar,Jammu & Kashmir,Central,Regular,2025-01-25
3162,Zehaan Samra,rajanunni@example.net,08039127790,Jhansi,Telangana,South,Regular,2023-07-25
3163,Gaurangi Borra,simon42@example.net,00397733800,Mysore,Kerala,South,New,2025-06-19
3164,Nitesh Sahni,charvi10@example.com,+913200865862,Rajahmundry,Chhattisgarh,Central,New,2023-09-13
3165,Ekalinga Karnik,oliver11@example.com,04675732514,Thoothukudi,Jharkhand,East,New,2023-09-19
3166,Ekaraj Shan,gabrielgoel@example.com,+912197924761,Panipat,Chhattisgarh,Central,Regular,2026-05-14
3167,Falak Jayaraman,baralgaurangi@example.com,4172734069,Ozhukarai,Goa,West,New,2022-10-26
3168,Utkarsh Gopal,thari@example.net,+911508922983,Gudivada,Karnataka,South,New,2023-09-24
3169,Faqid Kapur,ucchalbalasubramanian@example.com,5038607294,Visakhapatnam,Tamil Nadu,South,Regular,2023-04-04
3170,Yahvi Shankar,anushanayak@example.org,+919519728558,Panchkula,Chhattisgarh,Central,New,2024-05-10
3171,Jagdish Raghavan,dubeyurvashi@example.net,03487656128,Alappuzha,Andhra Pradesh,South,Occasional,2025-04-08
3172,Eesha Dugar,cheemabalendra@example.net,5316156678,Srikakulam,Gujarat,West,Occasional,2025-03-10
3173,Siddharth Loyal,comarkalpit@example.net,+918810423852,Hospet,Haryana,North,Occasional,2024-07-01
3174,Ekaja Parmar,isha08@example.com,04885980690,New Delhi,Tamil Nadu,South,Regular,2025-04-01
3175,Yutika Wable,daksha40@example.com,+912690959405,Vasai-Virar,Jammu & Kashmir,Central,Regular,2025-01-28
3176,Rachit Acharya,fshroff@example.org,+918815302933,Munger,Gujarat,West,Premium,2025-01-06
3177,Saumya Bhat,lohit97@example.net,+915384127913,Dindigul,Gujarat,West,Regular,2026-01-01
3178,Logan Parmar,anay41@example.com,+917422121154,Tirupati,Andhra Pradesh,South,Premium,2023-07-20
3179,Alexander Dhingra,nikita10@example.net,1681071377,Ahmednagar,Chhattisgarh,Central,New,2025-05-13
3180,Girish Mitter,canne@example.org,02040324044,Kota,Maharashtra,West,New,2022-09-03
3181,Sai Oommen,pjha@example.com,+916145501290,Mathura,Goa,West,Premium,2023-04-14
3182,Radhika Yadav,dsangha@example.com,06469836332,Jehanabad,Goa,West,Regular,2022-12-18
3183,Niharika Tripathi,rayaan19@example.net,9087014618,Howrah,Delhi,North,Regular,2023-10-24
3184,Vamakshi Kari,amairaramakrishnan@example.com,3146425088,Patiala,Chhattisgarh,Central,Regular,2025-12-11
3185,Rushil Roy,tmody@example.net,07323724929,Chandigarh,Jammu & Kashmir,Central,Premium,2023-03-19
3186,Lakshit Mohan,ramaswamyekbal@example.net,09460569274,Indore,Rajasthan,North,Regular,2023-08-30
3187,Niharika Parmer,lavanyachacko@example.com,9134381258,Udaipur,Madhya Pradesh,West,Regular,2026-07-17
3188,Omkaar Chacko,emadan@example.com,+914404241426,Gandhinagar,Tamil Nadu,South,Regular,2023-12-22
3189,Ekavir Rana,kundanetra@example.com,+910072476605,Madurai,Chhattisgarh,Central,Regular,2023-04-09
3190,Vasana Wadhwa,turvimander@example.com,06937772424,Karawal Nagar,Punjab,North,Premium,2026-03-09
3191,Ekbal Goda,xsachar@example.org,+918261249987,Narasaraopet,Jammu & Kashmir,Central,Premium,2024-10-12
3192,Yashasvi Borah,baljiwan68@example.org,+917561040867,Asansol,Jammu & Kashmir,Central,Premium,2025-01-09
3193,Yahvi Lata,balankritika@example.org,07165693865,South Dumdum,Uttar Pradesh,North,Occasional,2023-12-27
3194,Adya Choudhry,kabir80@example.net,08647701696,Pune,Uttar Pradesh,North,New,2022-09-20
3195,Wriddhish Hans,fdass@example.org,05381378956,Panihati,Tamil Nadu,South,Premium,2026-05-17
3196,Upkaar Pau,gabaanirudh@example.com,08963859524,Sonipat,West Bengal,East,Regular,2024-01-03
3197,Dakshesh Mall,gagan06@example.net,06058809592,Rajpur Sonarpur,Chhattisgarh,Central,New,2026-03-24
3198,Gayathri Vyas,nicholasdubey@example.com,00211686602,Loni,Rajasthan,North,Regular,2025-01-27
3199,Aarini Toor,bpalla@example.net,1781548361,Satna,Delhi,North,Occasional,2026-05-07
3200,Tristan Purohit,smody@example.net,+914743034267,Mau,Uttarakhand,Central,Regular,2023-08-21
3201,Radha Bhattacharyya,narasimhaninaya@example.com,1609640578,Haldia,Chhattisgarh,Central,Regular,2026-01-07
3202,Faqid Sinha,lakshmichar@example.com,7307480279,Guntur,Uttar Pradesh,North,Regular,2024-05-21
3203,Samaksh Arora,sanedalaja@example.com,02174565898,Thiruvananthapuram,Uttarakhand,Central,New,2026-06-13
3204,Chakrika Mitter,arinramanathan@example.net,01457955738,Tiruvottiyur,Gujarat,West,Premium,2026-01-10
3205,Siya Singh,farispadmanabhan@example.com,+913023276391,Udupi,Assam,East,Occasional,2025-04-21
3206,Samuel Seshadri,dvirk@example.net,6596471817,Ambattur,Assam,East,Premium,2023-10-27
3207,Rachana Chokshi,hpadmanabhan@example.org,05634406021,Giridih,Tamil Nadu,South,New,2023-09-29
3208,Qabil Sant,esaini@example.org,08332263731,Hazaribagh,Uttar Pradesh,North,Regular,2023-01-16
3209,Rishi Salvi,datechakradhar@example.org,07897267156,Barasat,Kerala,South,New,2023-05-09
3210,Alexander Bora,siddharthkumer@example.net,04164607150,Chinsurah,Karnataka,South,Premium,2025-09-10
3211,Idika Gandhi,sai00@example.com,05786859222,Faridabad,Telangana,South,Regular,2025-05-02
3212,Hiral Sridhar,pmohan@example.org,04201803420,Jamalpur,Telangana,South,Regular,2022-09-09
3213,Ekansh Tata,mandpushti@example.com,7081796211,Karawal Nagar,Uttarakhand,Central,Regular,2024-08-06
3214,Wahab Baria,lopa58@example.org,05998016658,Kamarhati,Andhra Pradesh,South,Premium,2023-01-27
3215,Nihal Ganesh,balvanpuri@example.org,0213050963,Shivpuri,Jharkhand,East,Occasional,2024-05-28
3216,Chaitaly Wagle,latamekhala@example.org,8247407943,Bijapur,Telangana,South,Regular,2024-12-14
3217,Unni Pillay,ysanghvi@example.org,6213239295,Raipur,Bihar,East,New,2023-10-28
3218,Leena Butala,harikrish@example.org,05808726705,Raipur,Jammu & Kashmir,Central,Premium,2026-07-06
3219,Tanish Bhatia,madanharita@example.net,1672919304,Patna,Jammu & Kashmir,Central,Regular,2025-04-01
3220,Darsh Palla,vanyakaran@example.org,+918765672241,Sasaram,Kerala,South,Occasional,2022-12-25
3221,Arjun Kothari,jeet01@example.net,5992224924,Firozabad,Madhya Pradesh,West,Regular,2024-04-08
3222,Rachana Chada,peter22@example.org,7648618382,Naihati,Chhattisgarh,Central,Regular,2022-09-23
3223,Chaitaly Kanda,falancontractor@example.net,02456051820,Suryapet,Rajasthan,North,Regular,2025-07-16
3224,Siya Varghese,vorawarda@example.org,+915384732420,Madhyamgram,Uttarakhand,Central,Regular,2024-05-15
3225,Raagini Patla,rachit57@example.org,02792904699,Coimbatore,Haryana,North,Occasional,2022-11-11
3226,Luke Chada,varshabehl@example.org,6167167270,Ulhasnagar,Bihar,East,New,2025-09-16
3227,Fariq Barad,omishaedwin@example.org,+918308320914,Bhilai,Kerala,South,Regular,2025-09-19
3228,Aadhya Bhavsar,yug11@example.net,9230731397,Tezpur,Gujarat,West,Regular,2026-03-04
3229,Praneel Wadhwa,eshenoy@example.org,0423876809,Kanpur,Delhi,North,Regular,2024-11-29
3230,Tara Sane,nakul77@example.net,+919785253991,Loni,Assam,East,New,2025-10-06
3231,Ekansh Kara,sharmaadvika@example.com,5195442334,Kalyan-Dombivli,Maharashtra,West,Premium,2023-12-26
3232,Yashawini Patil,devansh08@example.net,2171087485,Jodhpur,Uttarakhand,Central,Premium,2023-05-11
3233,Bhavna Ranganathan,senkrish@example.com,07775388176,Arrah,Chhattisgarh,Central,New,2024-01-21
3234,Anvi Sinha,choudhuryadvay@example.net,+916219897446,Mysore,Kerala,South,Occasional,2023-06-02
3235,Hemani Borah,nmani@example.org,9070445196,Ramgarh,Gujarat,West,Regular,2024-05-23
3236,William Bakshi,esandal@example.net,+911748425246,Jamshedpur,Jammu & Kashmir,Central,Premium,2026-04-28
3237,David Raja,vinaya39@example.org,7535898324,Ozhukarai,Madhya Pradesh,West,Premium,2025-02-28
3238,Ishaan Keer,upkaarbiswas@example.net,09543232469,Etawah,West Bengal,East,New,2025-06-12
3239,Omya Taneja,watikasolanki@example.com,+910439718884,Kirari Suleman Nagar,Karnataka,South,Regular,2024-02-15
3240,Keya Sandal,omaja45@example.com,3928403476,Dewas,Jammu & Kashmir,Central,Regular,2026-03-17
3241,Amaira Mohan,sahnimaya@example.net,9425328369,Kolkata,Bihar,East,New,2025-10-06
3242,Ethan Chaudhari,hgill@example.net,+919830200565,Dehradun,Madhya Pradesh,West,Regular,2026-04-21
3243,Pushti Dasgupta,ebatta@example.net,01913640695,Karimnagar,Jharkhand,East,Premium,2025-06-10
3244,Yauvani Mukherjee,minhaswakeeta@example.com,+915031884974,Munger,Jharkhand,East,Premium,2025-10-12
3245,Nitesh Vyas,isha63@example.org,06023521792,Kochi,Kerala,South,Premium,2023-07-25
3246,Ekaraj Kota,naiduethan@example.org,+917190581479,Faridabad,Haryana,North,Regular,2026-03-29
3247,Krishna Dey,teerthbanik@example.net,07976885434,Panipat,West Bengal,East,Premium,2025-08-16
3248,Ekiya Kuruvilla,ejha@example.org,+913003047166,Noida,Himachal Pradesh,North,Regular,2023-12-29
3249,Jasmit Kota,darajeremiah@example.net,1940011295,Faridabad,Uttar Pradesh,North,Premium,2023-10-27
3250,Warda Master,mitterlibni@example.com,06370704373,Arrah,Himachal Pradesh,North,Regular,2024-09-08
3251,Warinder Prakash,ekanipanchal@example.net,06222847660,Phagwara,Maharashtra,West,Occasional,2022-12-15
3252,Aarav Chand,lajitachokshi@example.net,+915815141859,Howrah,Gujarat,West,Premium,2024-09-06
3253,Yashodhara Ratti,radhika08@example.com,09544956977,Arrah,Jammu & Kashmir,Central,Occasional,2022-11-09
3254,Naveen Korpal,anay01@example.net,02290401507,Dehradun,Jammu & Kashmir,Central,Regular,2024-06-07
3255,Onkar Bajaj,divanikbal@example.com,+912094342208,Bihar Sharif,Rajasthan,North,Regular,2025-02-19
3256,Jagvi Sheth,evala@example.org,01372307357,Rajpur Sonarpur,Himachal Pradesh,North,Regular,2026-04-16
3257,Yachana Saxena,kkumar@example.com,9535258535,Tadipatri,Jammu & Kashmir,Central,Regular,2024-04-09
3258,Jagdish Murty,henry43@example.com,+914387243088,Proddatur,Jammu & Kashmir,Central,Premium,2025-01-14
3259,Bachittar Sandhu,jagat44@example.net,+915096933757,Salem,Uttarakhand,Central,Occasional,2025-10-30
3260,Anay Wadhwa,sanghasaksham@example.net,08454505296,Mathura,Chhattisgarh,Central,Regular,2024-01-01
3261,Aachal Som,dthakkar@example.net,5683505183,Aizawl,Bihar,East,Premium,2024-08-30
3262,Tanvi Patil,adweta70@example.org,02950336936,Dewas,Punjab,North,Premium,2022-09-27
3263,Harshil Dasgupta,luthrahiral@example.com,8046065349,Jaipur,Kerala,South,Occasional,2022-10-06
3264,Nirja Sarkar,dayitadash@example.com,00557739045,Sagar,Bihar,East,New,2025-04-01
3265,Quincy Kapadia,fariskakar@example.org,2108110387,Jhansi,Haryana,North,Regular,2023-06-06
3266,Bahadurjit Sehgal,gvarty@example.net,6870666884,Thiruvananthapuram,Odisha,East,Regular,2026-07-24
3267,Rachita Nagi,kalaumang@example.net,+912724901405,Kollam,Uttarakhand,Central,Regular,2026-08-08
3268,Ati Puri,vanya38@example.com,+919537258015,Arrah,Assam,East,New,2025-02-22
3269,Odika Dua,baniksamarth@example.org,+910201926860,Pallavaram,Punjab,North,New,2024-10-29
3270,Ekiya Patla,irya05@example.org,8176142662,Farrukhabad,Maharashtra,West,Regular,2023-08-02
3271,Warda Sood,kuriangaurav@example.org,+918002649135,Rampur,Uttarakhand,Central,Regular,2023-07-30
3272,Nidhi Lata,kamyadoctor@example.com,03177910537,Secunderabad,West Bengal,East,Regular,2026-03-16
3273,Lekha Kapur,watikahora@example.com,+914889190000,Chandrapur,Andhra Pradesh,South,Regular,2024-05-10
3274,Ekbal Deo,yshere@example.org,06259578744,Jalandhar,Punjab,North,Premium,2023-05-13
3275,Yachana Mangat,giriksule@example.net,+917421940478,Panihati,Rajasthan,North,Premium,2023-02-28
3276,Indrajit Sarkar,sahnichaitaly@example.net,8991263827,Chandigarh,Andhra Pradesh,South,Regular,2024-06-13
3277,Hemangini Aggarwal,wkhare@example.org,+910987038242,Bhatpara,Maharashtra,West,Regular,2023-12-01
3278,Brinda Sehgal,arunimamohan@example.com,03464749659,Kulti,Bihar,East,Premium,2024-09-20
3279,Akshay Bobal,joshua21@example.net,1595881236,Yamunanagar,Odisha,East,Regular,2023-01-12
3280,Vincent Divan,kamyachaudhuri@example.org,+919522549457,Bhagalpur,Telangana,South,New,2022-10-02
3281,Neelima Chauhan,chadhatanish@example.org,07073081414,Rajahmundry,Punjab,North,New,2022-12-14
3282,Raksha Majumdar,anusha51@example.com,+913016548765,Bettiah,Gujarat,West,Regular,2024-06-23
3283,Ethan Salvi,vpandit@example.net,1728642136,Raipur,Maharashtra,West,Regular,2022-12-30
3284,Daksha Sule,oscardass@example.net,4531965164,Navi Mumbai,Tamil Nadu,South,Regular,2024-08-26
3285,Gauri Loyal,balazilmil@example.com,3809420796,Srikakulam,Uttar Pradesh,North,Regular,2024-12-09
3286,Ubika Sandhu,fariq31@example.org,7087815749,Bhusawal,West Bengal,East,Regular,2025-02-15
3287,Ekalinga Sampath,rachita70@example.net,8667885168,Lucknow,Andhra Pradesh,South,Occasional,2026-03-20
3288,Madhav Varty,upadhriti94@example.org,+915415068985,Aligarh,West Bengal,East,Regular,2023-06-20
3289,Faris Rai,fwarrior@example.org,08085149667,Berhampore,Uttarakhand,Central,New,2024-12-02
3290,Lajita Nadig,arjun23@example.org,+914268396995,Bareilly,Kerala,South,New,2025-05-31
3291,Ucchal Bains,cherianpahal@example.net,05122402387,Varanasi,Madhya Pradesh,West,Regular,2023-07-19
3292,Chakrika Shroff,rbehl@example.org,6262922595,Mango,Delhi,North,Regular,2023-06-23
3293,Jagat Ahluwalia,ryan27@example.org,02066754905,Kakinada,Assam,East,Regular,2024-06-03
3294,Tanmayi Naik,urmikumer@example.com,0883068294,Mango,Tamil Nadu,South,New,2022-09-06
3295,Arunima Saini,ldixit@example.com,+917919163798,Vadodara,Jharkhand,East,Occasional,2026-07-16
3296,Madhav Agarwal,omkala@example.net,09708770152,Malegaon,Punjab,North,Premium,2023-10-04
3297,Yuvraj Chahal,dateteerth@example.org,+910367400925,Siliguri,Jharkhand,East,Regular,2023-10-01
3298,Yutika Kale,varkeyjairaj@example.net,+913430714883,Bathinda,Gujarat,West,Premium,2024-09-21
3299,Hemani Bakshi,wakeetaparmar@example.net,8685819748,Erode,Chhattisgarh,Central,Regular,2025-10-15
3300,Aarna Dugal,ranveergarg@example.net,04250464717,Kolhapur,Haryana,North,Occasional,2025-05-26
3301,Chanchal Bera,ysaran@example.org,+914501160124,Begusarai,Andhra Pradesh,South,Regular,2024-04-03
3302,Nimrat Bera,lranganathan@example.net,+910969262168,Nandyal,Himachal Pradesh,North,New,2023-01-22
3303,Naksh Batta,ehayer@example.com,+910924432954,Hapur,Chhattisgarh,Central,Regular,2023-05-19
3304,Madhavi Mangal,meeradasgupta@example.net,02472731889,Vadodara,Jammu & Kashmir,Central,Premium,2026-01-01
3305,Dayamai Loke,bdhar@example.org,04457199167,Ichalkaranji,Tamil Nadu,South,Regular,2024-06-16
3306,Ethan Kumar,gavinchaudhary@example.com,+917813664929,Shimla,Haryana,North,Occasional,2025-07-31
3307,Zarna Kapadia,oscar71@example.net,+914247064922,Satna,Andhra Pradesh,South,Regular,2022-11-09
3308,Gunbir Sama,chandran04@example.net,9524143456,Alappuzha,Tamil Nadu,South,New,2025-07-26
3309,Tejas Srivastava,tellabrijesh@example.org,+910633575997,Kavali,Madhya Pradesh,West,Premium,2026-07-05
3310,Nidhi Sharma,omya46@example.net,07667491348,Singrauli,Karnataka,South,Regular,2024-08-07
3311,Advik Kala,charvidhar@example.org,+916453244214,Bareilly,Maharashtra,West,Premium,2026-07-06
3312,Bhanumati Varkey,divyabasak@example.org,08198365146,North Dumdum,Haryana,North,Regular,2022-09-01
3313,Utkarsh Srivastava,npandit@example.net,09005783410,Mehsana,Odisha,East,Occasional,2025-02-21
3314,Garima Bhargava,ekiyamagar@example.com,+913640294220,Bhimavaram,Gujarat,West,Regular,2024-02-19
3315,Rayaan Chaudhry,gunbirparsa@example.com,5995924197,Bhiwani,Uttar Pradesh,North,Regular,2023-12-24
3316,Ekantika Kalita,hbatra@example.net,+911703280325,Siwan,Himachal Pradesh,North,New,2024-04-11
3317,Ekavir Mangat,jairaj79@example.org,+916514811146,Mangalore,Kerala,South,Premium,2023-06-18
3318,Jagat Tak,vanyaatwal@example.org,+915384503559,Surendranagar Dudhrej,Chhattisgarh,Central,Regular,2024-03-23
3319,Rushil Chhabra,jacobjain@example.org,2434666291,Burhanpur,Jharkhand,East,Regular,2023-07-25
3320,Gaurika Karan,aarna06@example.org,+914612058498,Bardhaman,West Bengal,East,Regular,2023-05-16
3321,Kashish Kannan,pavanibhatia@example.org,04813353336,Rajkot,Himachal Pradesh,North,Premium,2026-08-01
3322,Inaya Choudhry,aggarwalsaumya@example.net,06582554838,Proddatur,Kerala,South,Regular,2026-04-26
3323,Gaurang Dhaliwal,hariniverma@example.com,0507309072,Dehri,Assam,East,Premium,2025-10-13
3324,Yuvraj Ram,craval@example.org,+913962863389,Thanjavur,Bihar,East,New,2023-12-12
3325,Arin Dalal,gollafiyaz@example.com,+915939394272,Katihar,Telangana,South,Regular,2023-12-03
3326,Indali Saha,lavanya04@example.org,+918744770648,Tiruppur,Uttar Pradesh,North,Premium,2026-05-20
3327,Xalak Virk,mohammedloyal@example.net,02350688439,Gudivada,Chhattisgarh,Central,Regular,2023-08-19
3328,Lopa Bala,bdhillon@example.org,2391929478,Alwar,Karnataka,South,New,2026-01-04
3329,Jagvi Saini,handajairaj@example.net,8686592799,Hazaribagh,Delhi,North,Occasional,2024-02-14
3330,Nitara Menon,bhavani82@example.com,01959119941,Silchar,Uttarakhand,Central,Regular,2023-02-05
3331,Sanaya Sinha,gopaldar@example.net,4401470823,Gudivada,Gujarat,West,Premium,2023-11-17
3332,Imaran Sodhi,iravala@example.net,+918442718045,Pudukkottai,Tamil Nadu,South,Regular,2025-12-14
3333,Parth Pradhan,edwinikbal@example.net,7447563651,Nandyal,Goa,West,New,2026-08-03
3334,Tara Basak,reyanshsetty@example.org,2506821203,Kottayam,Uttarakhand,Central,New,2022-09-17
3335,Sai Narayanan,sankaranqabil@example.net,05240558972,Mirzapur,Maharashtra,West,Occasional,2023-02-14
3336,Yochana Varughese,ishita22@example.net,+919770259845,Satara,Punjab,North,Regular,2025-02-21
3337,Laban Dugar,nagychaitaly@example.net,7291298967,Kulti,Chhattisgarh,Central,Regular,2026-03-12
3338,Warinder Shah,sanghatanveer@example.org,+910017195576,Mira-Bhayandar,Bihar,East,Regular,2025-05-20
3339,Jagdish Ramaswamy,edate@example.com,6748637470,Pune,Chhattisgarh,Central,New,2025-02-21
3340,Maya Kohli,ibhagat@example.com,8717584053,Katihar,Andhra Pradesh,South,Premium,2023-07-08
3341,Garima Nanda,quincytripathi@example.net,7617274600,Durg,Jammu & Kashmir,Central,Occasional,2025-04-11
3342,Kashvi Gera,pbala@example.com,+917199497450,Mahbubnagar,Andhra Pradesh,South,New,2022-12-29
3343,Prisha Loke,chandresh71@example.net,+915346115552,Ludhiana,Madhya Pradesh,West,Regular,2024-08-21
3344,Reva Gour,comarjanaki@example.net,+911308395311,Udupi,Bihar,East,Regular,2025-12-22
3345,Indira Datta,sameshlall@example.com,+918960713766,Ahmedabad,Telangana,South,Regular,2023-12-27
3346,Leena Anne,vbera@example.net,+916405118328,Lucknow,Rajasthan,North,Premium,2025-05-29
3347,Chaaya Mand,shaanmol@example.com,+918935317324,Moradabad,Uttarakhand,Central,Regular,2026-02-17
3348,Naksh Dubey,faris13@example.com,+914812689265,Khammam,Kerala,South,New,2024-02-08
3349,Urmi Khatri,nimrattella@example.net,06069456847,Medininagar,Chhattisgarh,Central,Regular,2025-04-26
3350,Faris Prasad,vsanghvi@example.net,+912394494930,Begusarai,Rajasthan,North,Regular,2026-03-27
3351,Suhani Thakkar,zashil90@example.net,+913077146502,Ahmedabad,Himachal Pradesh,North,Regular,2023-12-04
3352,Faraj Tripathi,sairege@example.net,+910818981378,Gorakhpur,Bihar,East,Regular,2026-03-08
3353,Bhavani Sharaf,trivediamrita@example.com,4453256721,Phusro,Himachal Pradesh,North,Occasional,2023-01-31
3354,Faqid Chadha,mahajanjanaki@example.net,2658216551,Raebareli,Telangana,South,Regular,2025-07-03
3355,Aadi Amble,tsama@example.net,+914377222855,Adoni,Assam,East,Occasional,2023-05-07
3356,Farhan Mallick,ishamani@example.net,1073276199,Patiala,West Bengal,East,Occasional,2025-09-11
3357,Siya Koshy,chatterjeeaditya@example.org,03759335851,Jabalpur,Uttarakhand,Central,New,2024-07-07
3358,Anusha Baral,talwaralka@example.com,02397988118,Jalandhar,Goa,West,Regular,2025-04-10
3359,Reva Purohit,naikjanuja@example.com,7042537769,Morena,Himachal Pradesh,North,New,2025-10-30
3360,Karan Prakash,manya60@example.com,+912873723805,Bhiwandi,Bihar,East,New,2025-08-27
3361,Neha Sarin,leenaraju@example.net,2734289042,Hosur,Bihar,East,Regular,2023-04-11
3362,Bina Ramesh,rauyashawini@example.net,5899321913,Patna,Rajasthan,North,New,2023-12-29
3363,Chameli Date,sridhareshana@example.org,08564504462,Nagpur,Chhattisgarh,Central,New,2026-07-12
3364,Bishakha Char,fkale@example.com,6417000337,Bardhaman,Goa,West,New,2026-04-03
3365,Amaira Dass,deobalveer@example.com,6058085690,Karaikudi,Jammu & Kashmir,Central,Regular,2026-03-02
3366,Widisha Ben,sarnalohit@example.com,+910753087722,Khora ,Gujarat,West,Regular,2025-06-12
3367,Sai Kara,divya86@example.org,+915008585491,Pali,Telangana,South,Premium,2024-05-31
3368,Rajeshri Taneja,indrajitdhar@example.com,+919526171867,Bhimavaram,Gujarat,West,Regular,2024-02-06
3369,Urvi Dey,birrajeshri@example.com,5471332581,Dhule,Goa,West,Regular,2024-06-10
3370,Vedant Badami,mitterwyatt@example.com,+915691539305,Siwan,Maharashtra,West,Premium,2023-09-10
3371,Noah Manda,mandpriya@example.com,+910106195816,Dehri,Gujarat,West,New,2024-09-26
3372,Manthan Sankar,reyansh66@example.org,05018187850,Madhyamgram,Karnataka,South,Premium,2025-03-20
3373,Lekha Borde,harinakshibhatti@example.com,+916189124152,Bhatpara,Kerala,South,Regular,2023-11-22
3374,Simon Sha,anaybath@example.net,00328979573,Surendranagar Dudhrej,Karnataka,South,New,2022-12-15
3375,Chaman Chauhan,morarkala@example.org,+917259403764,Vijayawada,Chhattisgarh,Central,Regular,2024-03-04
3376,Arin Vala,ekaja52@example.net,+915549422851,Mysore,Punjab,North,Regular,2023-06-08
3377,Manya Jain,indalimurty@example.net,01333305613,Solapur,Maharashtra,West,New,2026-05-29
3378,Waida Dey,oshasingh@example.net,9082135221,Solapur,Tamil Nadu,South,Premium,2023-02-20
3379,Tarak Bawa,okala@example.org,+919138919860,Surat,Madhya Pradesh,West,Regular,2023-01-20
3380,Niharika Toor,daramaira@example.org,+915862835880,Hosur,Himachal Pradesh,North,Occasional,2026-04-06
3381,Vedika Sarin,shankarnikita@example.net,09024464423,Ramgarh,Karnataka,South,New,2024-11-04
3382,Anita Varkey,ayaan92@example.net,00290754224,Mysore,Bihar,East,Occasional,2024-11-11
3383,Lila Zachariah,neelimagupta@example.net,9159658668,Darbhanga,Chhattisgarh,Central,New,2023-11-22
3384,Anika Yohannan,harini45@example.org,07932633457,Guna,Delhi,North,Premium,2022-11-03
3385,Ekbal Som,krishna61@example.net,04665849089,Nandyal,West Bengal,East,Regular,2025-06-17
3386,Vasudha Bassi,gdada@example.com,+912235960658,Nagercoil,Madhya Pradesh,West,New,2023-02-18
3387,Janaki Bajaj,bhavya36@example.org,4884861817,North Dumdum,Odisha,East,Premium,2023-05-08
3388,Ridhi Rau,rachanakala@example.com,0089730365,Kirari Suleman Nagar,Tamil Nadu,South,Premium,2024-06-24
3389,Pallavi Sarma,tanveer34@example.org,7055501333,Ambattur,Assam,East,Regular,2024-08-08
3390,Upma Desai,nmani@example.com,3188534026,Nashik,Delhi,North,Premium,2025-10-14
3391,Ekaja Doshi,kjohal@example.org,+910785778846,Patna,Rajasthan,North,New,2023-02-18
3392,Krish Badami,chanazarna@example.com,08272634018,Ichalkaranji,Gujarat,West,Regular,2024-03-11
3393,Ria Kunda,bordeyahvi@example.net,+917151319482,Bhind,Tamil Nadu,South,Regular,2025-01-06
3394,Anamika Kadakia,rachana35@example.com,1886835473,Baranagar,Gujarat,West,Regular,2024-05-17
3395,Indrajit Mukhopadhyay,cgoyal@example.com,7931980712,Jhansi,Bihar,East,Occasional,2024-01-11
3396,Yochana Chauhan,hritiknarula@example.com,02373997704,Chandrapur,Maharashtra,West,Premium,2024-05-31
3397,Odika Chacko,meghamadan@example.org,+913590632877,Sonipat,Uttar Pradesh,North,Regular,2026-02-24
3398,Baljiwan Aurora,mason10@example.net,9798857601,Erode,Odisha,East,Regular,2023-09-19
3399,Riya Jayaraman,wakeetayogi@example.net,+916079890978,Pune,West Bengal,East,Regular,2026-07-01
3400,Yagnesh Venkatesh,aryahritik@example.org,02408319526,Tenali,Delhi,North,Premium,2024-09-26
3401,Zayyan Nagy,uhans@example.net,+912505467884,Dindigul,Andhra Pradesh,South,Premium,2024-08-29
3402,Adweta Srinivas,pratyush00@example.org,9234371424,Ambala,Chhattisgarh,Central,New,2025-01-26
3403,Jason Korpal,qgokhale@example.com,2884096965,Rajahmundry,Kerala,South,Premium,2025-06-01
3404,Vivaan Shroff,ikbal22@example.org,02159805602,Jalgaon,Odisha,East,New,2024-11-10
3405,Balendra Kashyap,fradokhalsa@example.net,+917800684096,Siliguri,Jharkhand,East,New,2023-10-03
3406,Janaki Narain,balveer79@example.org,+910082244913,Yamunanagar,West Bengal,East,New,2025-01-17
3407,Aadi Vala,eesha70@example.com,+919364064151,Danapur,Karnataka,South,Regular,2026-03-14
3408,Onkar Mani,kapurnoah@example.net,9501023232,Bellary,Madhya Pradesh,West,New,2023-03-12
3409,Divya Tripathi,mandalrachit@example.com,+915022149161,Guwahati,Maharashtra,West,Regular,2025-01-12
3410,Udarsh Dhar,acharyafalguni@example.net,08428143519,Bhilai,Goa,West,Regular,2025-02-28
3411,Gabriel Sunder,bkhurana@example.net,+919115431670,Jalna,Bihar,East,Regular,2025-04-08
3412,Charvi Vig,ayaanray@example.com,5620098327,Bhiwani,Goa,West,Regular,2023-01-29
3413,Maanav Jayaraman,xde@example.net,2056567916,Madurai,Madhya Pradesh,West,New,2025-11-15
3414,Ucchal Mukhopadhyay,anirudh13@example.org,09725332497,Berhampore,Goa,West,Regular,2026-05-31
3415,Amol Randhawa,eupadhyay@example.net,01920228540,Kanpur,Andhra Pradesh,South,Regular,2025-06-14
3416,George Sangha,qvenkatesh@example.com,00156225848,Surat,Madhya Pradesh,West,Premium,2023-03-19
3417,Bina Natarajan,revabhattacharyya@example.com,00564971729,Tirunelveli,Andhra Pradesh,South,Regular,2024-05-05
3418,Dipta Kohli,anikaparmer@example.org,+918430926978,Bhagalpur,Gujarat,West,New,2024-04-24
3419,Patrick Bedi,michael05@example.com,05980344058,Junagadh,Kerala,South,Regular,2023-02-11
3420,Farhan Sinha,yagnesh95@example.org,04492095455,Madanapalle,Haryana,North,Premium,2024-02-16
3421,Shivansh Bora,sethibhavani@example.net,04228329958,Sagar,Tamil Nadu,South,Regular,2022-12-24
3422,Nirja Kanda,mallekani@example.net,00947864163,Guna,Odisha,East,New,2023-04-10
3423,Agastya Nayar,ijayachaudry@example.org,+911894623116,Uluberia,Kerala,South,Premium,2025-06-18
3424,Madhavi Kapoor,akapadia@example.org,4335901564,Berhampore,Uttarakhand,Central,Regular,2026-02-19
3425,Forum Raval,gavin46@example.net,03592839625,Berhampore,Tamil Nadu,South,New,2025-06-12
3426,Maya Das,apatla@example.net,05764063365,Danapur,Himachal Pradesh,North,New,2023-09-23
3427,Sara D’Alia,bhallapahal@example.net,07969392496,Ambattur,Maharashtra,West,New,2024-04-11
3428,Sai Sampath,yahvimutti@example.org,06283794774,Panchkula,Goa,West,Regular,2023-12-08
3429,Udant Kota,hbhalla@example.org,08676053450,Ozhukarai,Himachal Pradesh,North,Premium,2025-09-29
3430,Priya Patil,christopher61@example.net,06487608576,Haldia,Gujarat,West,Regular,2026-07-28
3431,Samar Prashad,omkaarmandal@example.org,6622719217,Alappuzha,Bihar,East,Regular,2026-01-04
3432,Radhika Sahota,mkata@example.org,00727723657,Aurangabad,Delhi,North,Premium,2024-04-04
3433,Rachana Sabharwal,upasna16@example.com,+912261234945,Akola,Gujarat,West,New,2023-09-18
3434,Gagan Shah,imadan@example.net,+916148109957,Kishanganj,Gujarat,West,New,2023-09-30
3435,Zilmil Badal,oarora@example.net,+911566705330,Chandigarh,Jharkhand,East,Regular,2023-08-26
3436,Lekha Bhandari,srau@example.org,09895691103,Hosur,Jharkhand,East,New,2025-02-28
3437,Jagrati Wable,jkala@example.net,0404416166,Panihati,Haryana,North,Regular,2026-02-23
3438,Mekhala Iyer,bhanumati85@example.org,6104808805,Firozabad,Himachal Pradesh,North,Regular,2026-01-05
3439,Jagvi Wagle,chatresh24@example.net,+918713899279,Sonipat,Telangana,South,Regular,2026-04-23
3440,Adya Luthra,arin57@example.org,0199526145,Kadapa,Madhya Pradesh,West,New,2025-06-16
3441,Jhalak Ratti,bkari@example.org,+915128163799,Berhampur,Goa,West,Occasional,2023-05-03
3442,Triveni Kibe,rushilpandey@example.com,3695700150,Gopalpur,Uttarakhand,Central,New,2026-05-08
3443,Priya Dube,sainagy@example.com,+911343357120,Morbi,Gujarat,West,Regular,2023-06-25
3444,Ekapad Kanda,yagate@example.net,+918972870245,Tirupati,Rajasthan,North,Regular,2023-12-06
3445,Viraj Dar,singhalmitali@example.net,0700960896,Farrukhabad,Karnataka,South,Regular,2026-01-03
3446,Ekantika Kara,januja71@example.com,1563360610,Latur,Uttar Pradesh,North,Regular,2023-09-25
3447,Tanay Boase,ranveerbains@example.org,07268473081,Hindupur,Jammu & Kashmir,Central,New,2025-07-11
3448,Hema Balakrishnan,anitadave@example.org,02895804248,Salem,Madhya Pradesh,West,Regular,2022-10-16
3449,Raagini Vora,nathanielbora@example.org,03678587334,Burhanpur,Madhya Pradesh,West,Regular,2025-04-14
3450,Priya Rastogi,sarthakbhagat@example.org,7370387746,Ahmednagar,Jharkhand,East,Regular,2026-08-06
3451,Anay Vohra,kamyaseshadri@example.org,04554283588,Rohtak,Delhi,North,Regular,2024-10-08
3452,Champak Lata,chaitanyapall@example.com,7948983018,Dhanbad,Uttarakhand,Central,Regular,2023-05-06
3453,Upadhriti Pillai,veerpatel@example.com,06004270983,Thanjavur,Bihar,East,Premium,2026-06-26
3454,Ronith Kalita,periteerth@example.com,+914716780478,Hapur,Uttar Pradesh,North,Premium,2023-11-08
3455,Zashil Pall,onveerprabhakar@example.net,+914914808745,Jalandhar,Bihar,East,Premium,2025-04-16
3456,Guneet Baral,vasana68@example.com,4618416571,Vasai-Virar,Uttar Pradesh,North,Regular,2025-05-19
3457,Sneha Muni,balaneta@example.com,03262463025,Hosur,Jammu & Kashmir,Central,Regular,2025-06-05
3458,Geetika Kaul,vasana86@example.com,07360321124,Kishanganj,Maharashtra,West,Regular,2025-09-29
3459,Ishita Maharaj,ttripathi@example.com,1851996832,Gurgaon,Haryana,North,Regular,2024-06-09
3460,Yasti Dhawan,vedhikachoudhary@example.org,09602339804,Sambalpur,Odisha,East,Occasional,2023-03-19
3461,Qadim Dave,ranveer75@example.net,1162596971,Madurai,Chhattisgarh,Central,Regular,2023-04-05
3462,Riya Sathe,ydar@example.org,+915938096278,Bhubaneswar,Goa,West,Occasional,2023-02-12
3463,Nitesh Kashyap,amrita02@example.com,0835889743,Farrukhabad,Haryana,North,Regular,2023-01-04
3464,Bina Dutt,mistryjanani@example.net,09287675675,Saharsa,Chhattisgarh,Central,Premium,2022-11-14
3465,Zansi Bose,hema39@example.org,4133733264,Saharsa,Tamil Nadu,South,Premium,2024-05-08
3466,Dayita Mangat,dhingraarjun@example.net,02735991921,Fatehpur,Madhya Pradesh,West,Premium,2023-01-09
3467,Aarini Majumdar,rachitabuch@example.org,+915287001906,Baranagar,Haryana,North,Regular,2025-06-14
3468,Max Bhatti,maxpandit@example.com,+914437629206,Etawah,Maharashtra,West,New,2024-06-04
3469,Oeshi Salvi,mbhagat@example.com,+917010955753,Tiruvottiyur,Himachal Pradesh,North,Regular,2023-09-20
3470,Aadhya Jha,gchander@example.com,1856911781,Ozhukarai,Karnataka,South,New,2025-11-28
3471,Jagvi Dar,pdewan@example.net,+917840871957,Hapur,Telangana,South,Premium,2026-07-05
3472,Peter Cherian,bawaanirudh@example.com,01940656859,Pimpri-Chinchwad,Jammu & Kashmir,Central,Premium,2026-04-05
3473,Aayush Saha,mittalpallavi@example.org,1027423783,Bhusawal,Jharkhand,East,New,2023-06-08
3474,Indrajit Maharaj,fagrawal@example.org,00562926692,Munger,Odisha,East,Regular,2023-03-14
3475,Girindra Kata,lohit14@example.net,7630298628,Jodhpur,Maharashtra,West,New,2023-03-08
3476,Saksham Dar,iverma@example.com,+915913582637,Amroha,Gujarat,West,Regular,2024-12-14
3477,Chameli Narula,vermawishi@example.net,+913391723288,Kamarhati,Jammu & Kashmir,Central,Regular,2024-11-04
3478,Tanvi Nagarajan,george38@example.com,+915544054755,South Dumdum,Telangana,South,Premium,2025-03-30
3479,Saksham Sama,soodbakhshi@example.org,4991410717,Kottayam,Maharashtra,West,New,2023-11-13
3480,Warhi Parekh,lavanyaanne@example.org,05457942753,Kakinada,Kerala,South,Premium,2025-01-05
3481,Ojas Ranganathan,sai72@example.com,04971226951,New Delhi,Punjab,North,Regular,2024-07-18
3482,Chakradhar Bhasin,dhawanhiral@example.net,5340297089,Noida,Bihar,East,Occasional,2024-05-19
3483,Anthony Saran,bakhshi13@example.com,08967826376,Firozabad,Tamil Nadu,South,Regular,2024-10-08
3484,Abeer Narayanan,isaacbajaj@example.com,4794050515,Mahbubnagar,Odisha,East,Regular,2024-04-20
3485,Darsh Kibe,oni27@example.org,01050091719,Sambalpur,Andhra Pradesh,South,Regular,2022-08-31
3486,Gopal Shenoy,alala@example.net,8847975311,Ramagundam,Goa,West,New,2024-06-26
3487,Oviya Mistry,yagneshwadhwa@example.org,8367009741,Suryapet,Gujarat,West,Occasional,2023-12-25
3488,Vritti Pandit,lchar@example.net,8723075578,Bareilly,Uttarakhand,Central,Regular,2025-12-13
3489,Zayyan Chaudhry,abeerbansal@example.net,3220646206,Morbi,Jharkhand,East,Regular,2024-03-23
3490,Omaja Chad,fitan02@example.net,2963802649,Karaikudi,Jammu & Kashmir,Central,Regular,2023-05-06
3491,Falan Pal,edwinomkaar@example.net,05817729257,Khandwa,Assam,East,New,2022-11-04
3492,Hredhaan Datta,anaynanda@example.net,+912526001181,Sambalpur,Odisha,East,Regular,2023-08-10
3493,Varsha Kala,boselucky@example.org,+912436521010,Darbhanga,Madhya Pradesh,West,Regular,2026-07-07
3494,Champak Pall,banerjeefariq@example.org,7158085111,Lucknow,Rajasthan,North,Occasional,2024-01-10
3495,Hredhaan Gandhi,hemalbhasin@example.org,+912875082670,Buxar,Himachal Pradesh,North,New,2025-06-08
3496,Yatin Anand,schandra@example.net,+917191045141,Eluru,Chhattisgarh,Central,Regular,2022-11-05
3497,Warda Nadkarni,cbhatt@example.net,08348359127,Ambattur,Haryana,North,Regular,2025-08-10
3498,Charvi Solanki,pandyaqadim@example.org,3475091783,Bidar,Uttarakhand,Central,New,2024-05-20
3499,Anamika Banerjee,ganga88@example.org,+918557717077,Chittoor,Andhra Pradesh,South,New,2023-06-05
3500,Karan Shenoy,bhardwajmadhavi@example.org,+914203073538,Dehri,Haryana,North,Premium,2024-06-04
3501,Ekanta Sibal,andraunni@example.net,6169008534,Khammam,Uttarakhand,Central,Regular,2023-03-23
3502,Reva Mishra,kuruvillachandani@example.com,+919446926626,Kavali,Tamil Nadu,South,Occasional,2023-12-13
3503,Gopal Vig,kariviraj@example.org,09415529927,Chittoor,Madhya Pradesh,West,Regular,2026-05-31
3504,Gaurav Gupta,nisha16@example.org,+911311378718,Medininagar,West Bengal,East,Regular,2025-06-30
3505,Noah Khurana,bhandarishravya@example.com,+915840090625,Bhimavaram,Uttarakhand,Central,Regular,2025-12-14
3506,Nilima Rajagopalan,vaggarwal@example.org,08902552889,Davanagere,Maharashtra,West,Regular,2025-11-20
3507,Atharv Sathe,lallishwar@example.net,+912416177237,Berhampur,Rajasthan,North,Regular,2024-07-26
3508,Falguni Kapur,dakshdalia@example.net,2518647048,Ratlam,Gujarat,West,Premium,2022-09-30
3509,Samarth Butala,shivanimemon@example.net,07156503715,Hyderabad,Assam,East,Regular,2022-10-22
3510,Yutika Kant,rajatayogi@example.org,+911202152620,Khandwa,Uttarakhand,Central,Regular,2024-09-02
3511,Janya Tailor,turvi18@example.com,7250069736,Kottayam,Jharkhand,East,Occasional,2025-07-11
3512,Manbir Kade,palhritik@example.org,+918178313571,Gudivada,Tamil Nadu,South,Regular,2024-07-08
3513,Nimrat Sandal,sulenimrat@example.com,8188376061,Solapur,Himachal Pradesh,North,Regular,2025-07-16
3514,Harita Bhakta,ipadmanabhan@example.com,3917826408,Gopalpur,Bihar,East,Regular,2023-03-05
3515,Damyanti Johal,darsh28@example.net,05991087717,Junagadh,Haryana,North,Regular,2026-07-28
3516,Dhriti Suri,hayeryashica@example.org,6832007386,Ramagundam,Jharkhand,East,New,2024-03-21
3517,Aarush Cherian,deomeera@example.net,2897224976,Phagwara,Chhattisgarh,Central,New,2023-08-09
3518,Dayita Warrior,psom@example.net,00131098624,Davanagere,Bihar,East,New,2025-12-04
3519,Dipta Tailor,dewanmadhavi@example.com,+912710684666,Erode,Punjab,North,Regular,2022-12-13
3520,Bachittar Mander,fiyazbhatia@example.org,04973645671,Vijayawada,Bihar,East,Regular,2024-03-02
3521,Chandani Sehgal,emitra@example.com,07213191396,Gudivada,Madhya Pradesh,West,Premium,2025-08-07
3522,Om Thaker,siyasant@example.com,2207113503,Vellore,Andhra Pradesh,South,Regular,2026-04-26
3523,Bhavna Dhaliwal,bjha@example.com,04473245719,Ambarnath,Uttarakhand,Central,New,2024-05-14
3524,Zehaan Soni,tanmayiratti@example.org,01281771716,Darbhanga,Jammu & Kashmir,Central,Regular,2023-10-07
3525,Raghav Radhakrishnan,oscarmagar@example.com,+910429554712,Vadodara,Jammu & Kashmir,Central,Regular,2023-12-06
3526,Gaurang Rajagopal,yadavcaleb@example.com,2423997767,Davanagere,West Bengal,East,Regular,2024-06-27
3527,Harrison Srinivasan,charan58@example.net,01948246411,Ahmednagar,Gujarat,West,Premium,2023-02-25
3528,Nandini Seth,badamipahal@example.org,09384738106,Panchkula,West Bengal,East,New,2025-09-11
3529,Reva Ganguly,pradhanbalhaar@example.net,+912616340546,Pudukkottai,Goa,West,Premium,2026-03-23
3530,Anmol Choudhury,kpalan@example.com,+910175504935,Motihari,Punjab,North,Occasional,2024-10-08
3531,Girik Dora,bsunder@example.org,5338792839,Hindupur,Andhra Pradesh,South,Premium,2023-02-06
3532,Wridesh Thakkar,buchvritti@example.com,0074326284,Rourkela,Chhattisgarh,Central,Regular,2023-02-21
3533,Leena Barman,ekajapurohit@example.com,+919442472226,Nangloi Jat,Andhra Pradesh,South,New,2023-07-25
3534,Yash Kanda,warinder26@example.org,3222756175,Farrukhabad,Telangana,South,Regular,2023-03-31
3535,Ekbal Shan,aryantripathi@example.net,+918192424129,Kamarhati,Bihar,East,Occasional,2025-07-06
3536,Kamala Dyal,yochanatrivedi@example.org,+910939749800,Phagwara,Chhattisgarh,Central,Regular,2024-02-16
3537,Saanvi Sarna,fitan45@example.com,09444429737,Haldia,West Bengal,East,Regular,2023-08-05
3538,Nihal Kashyap,zehaanwalia@example.org,+917557378513,Solapur,Assam,East,New,2025-01-01
3539,Forum Kale,dhillonosha@example.com,06967570571,Tiruchirappalli,Himachal Pradesh,North,Premium,2023-01-25
3540,Udant Karpe,vincentpau@example.com,+915501358410,Bhilwara,Madhya Pradesh,West,Regular,2024-02-24
3541,Viraj Sastry,liambajwa@example.net,2201738226,Sikar,Assam,East,Regular,2022-12-19
3542,Odika Sama,aadisrivastava@example.org,9648863998,Satara,West Bengal,East,Occasional,2024-11-26
3543,Omkaar Narula,chadhaandrew@example.org,8493835093,Mango,Madhya Pradesh,West,Regular,2024-06-08
3544,Kabir Rama,xiti63@example.net,2013065332,Ghaziabad,Jammu & Kashmir,Central,Regular,2024-03-07
3545,Ekavir Chaudhari,trai@example.net,+911516446592,Vijayanagaram,Madhya Pradesh,West,Regular,2025-07-20
3546,Urmi Dora,dbahl@example.net,+910470322600,Jhansi,Goa,West,New,2025-11-30
3547,Saksham Loke,hkorpal@example.org,03888931290,Darbhanga,Delhi,North,New,2026-06-29
3548,Wazir Sama,sankarbahadurjit@example.org,+919728938212,Thane,Delhi,North,Premium,2023-04-19
3549,Hardik Ahluwalia,vbatta@example.net,08497042097,Machilipatnam,Uttarakhand,Central,Regular,2023-01-10
3550,Wridesh Chauhan,bedidayita@example.com,+911942236532,Vijayawada,Jammu & Kashmir,Central,Regular,2026-03-14
3551,Pranav Pal,subramaniamkritika@example.org,+913275094448,Gwalior,Maharashtra,West,New,2023-09-17
3552,Tanish Sagar,borahmitali@example.org,08763073722,Ongole,Gujarat,West,Regular,2024-09-19
3553,Wridesh Rau,jagatsawhney@example.org,+913898810295,Miryalaguda,Madhya Pradesh,West,Regular,2024-03-12
3554,Oscar Joshi,gayathriwagle@example.com,+913422342264,Pune,Maharashtra,West,Regular,2024-10-27
3555,Anvi Dhaliwal,abdulpatil@example.com,05776061251,Rampur,Madhya Pradesh,West,Occasional,2023-02-16
3556,Orinder Dash,mukhopadhyaywahab@example.net,8939031696,Pali,Maharashtra,West,Occasional,2023-08-16
3557,Mason Ramanathan,vmanne@example.net,01176612476,Bhimavaram,Telangana,South,Regular,2024-06-12
3558,Pavani Mittal,bdugar@example.com,0282774694,Thoothukudi,Odisha,East,New,2024-07-20
3559,Dhriti Sidhu,skohli@example.com,08200137683,Kozhikode,Gujarat,West,Regular,2025-08-25
3560,Wahab Sundaram,aishanighose@example.org,06535217057,Burhanpur,Maharashtra,West,Regular,2025-09-18
3561,Suhani Hans,battamaanav@example.net,0304330779,Bhopal,Kerala,South,New,2025-12-29
3562,Kalpit Chakraborty,robert23@example.net,4099555062,Bhilai,Jammu & Kashmir,Central,Premium,2025-04-27
3563,Charan Rajagopalan,ekavirwarrior@example.com,04806676462,Bidar,Bihar,East,Occasional,2024-12-24
3564,Mohini Pall,deonandini@example.com,07370421415,Noida,Gujarat,West,Premium,2023-12-26
3565,Reva Wadhwa,xbhargava@example.org,+919854506935,Silchar,Gujarat,West,Premium,2024-12-21
3566,Yutika Dada,rishinaik@example.com,3360620376,Bikaner,Maharashtra,West,New,2023-08-20
3567,Wishi Balay,ekoshy@example.org,06803169760,Medininagar,Uttarakhand,Central,Regular,2025-04-29
3568,Leena Sankar,basugayathri@example.com,3199493449,Pali,Gujarat,West,Regular,2022-09-02
3569,Caleb Grover,adoshi@example.net,+912555741945,Saharsa,Assam,East,Regular,2022-12-22
3570,Radha Rajagopalan,kataojasvi@example.org,00916169313,Kulti,Tamil Nadu,South,New,2025-04-22
3571,Bishakha Naidu,azaanluthra@example.net,+913264445816,Bhimavaram,Telangana,South,Regular,2024-03-20
3572,Gopal Narasimhan,yaminirout@example.net,+915915674079,Aurangabad,Uttarakhand,Central,New,2023-10-10
3573,Ayush Sampath,chaudharyliam@example.com,00602982248,Jabalpur,Assam,East,Regular,2023-01-07
3574,Charan Rout,mpalla@example.com,00002197976,Raiganj,Bihar,East,Regular,2023-12-09
3575,Nimrat Balakrishnan,ravalharita@example.com,+912466256951,Serampore,Punjab,North,Regular,2022-08-22
3576,Krishna Thaker,gilllavanya@example.org,02284746978,Bhilai,Chhattisgarh,Central,Regular,2022-11-23
3577,Ethan Mahal,maharajamaira@example.net,03580027291,Kota,Chhattisgarh,Central,Premium,2023-07-04
3578,Hitesh Desai,golebanjeet@example.com,8841936263,Korba,Himachal Pradesh,North,New,2023-09-30
3579,Aadhya Samra,shuklayauvani@example.org,8295219385,Guntur,Goa,West,Regular,2025-07-15
3580,Jairaj Bhatti,qasim31@example.org,04797049988,Vijayawada,Kerala,South,Regular,2023-04-27
3581,Anay Radhakrishnan,murthyvictor@example.net,04328451299,Jorhat,Andhra Pradesh,South,New,2025-12-22
3582,Saksham Bose,sarmabrinda@example.net,+914876427300,Faridabad,Haryana,North,Regular,2024-07-23
3583,Vedika Bhat,jhegde@example.net,+914011628016,Madhyamgram,Tamil Nadu,South,Premium,2026-02-26
3584,Zilmil Cheema,operi@example.net,0772188906,Etawah,Chhattisgarh,Central,Regular,2023-08-22
3585,Gaurika Sandal,kamala34@example.org,+912671617277,Muzaffarpur,Chhattisgarh,Central,Regular,2025-05-06
3586,Aashi Kade,sanghagirindra@example.org,6981421859,Tezpur,Odisha,East,New,2025-06-25
3587,Charan Bakshi,anvi92@example.org,4689761661,Jorhat,Delhi,North,Premium,2026-07-26
3588,Balhaar Bawa,bahrinaksh@example.org,03786655719,Bathinda,Bihar,East,Regular,2024-03-12
3589,Brijesh Halder,ekapad38@example.com,01767372725,Sikar,Maharashtra,West,Regular,2024-08-30
3590,Theodore Dara,jacobparsa@example.org,0099912998,Darbhanga,Maharashtra,West,Regular,2023-06-05
3591,Girindra Kamdar,chatterjeeaadi@example.org,08077109120,Mau,Madhya Pradesh,West,New,2024-11-01
3592,Yasti Soni,krisha38@example.net,05354681966,Nellore,Gujarat,West,Regular,2026-03-11
3593,Aditya Halder,zkaul@example.org,05708151807,Panvel,Uttar Pradesh,North,New,2026-05-28
3594,Prisha Vyas,nirjabhatt@example.com,4645575310,Bhavnagar,Chhattisgarh,Central,Regular,2023-07-29
3595,Sachi Mukherjee,urvinagar@example.com,+914891255291,Hapur,Odisha,East,Premium,2024-05-10
3596,Zashil Majumdar,akrishnamurthy@example.org,5866849272,Bardhaman,Jammu & Kashmir,Central,Premium,2023-06-22
3597,Ranbir Dixit,ayush23@example.org,9122943971,Vadodara,Telangana,South,New,2024-01-08
3598,Manthan Koshy,jack42@example.net,9009401774,Tezpur,Uttar Pradesh,North,Premium,2023-01-25
3599,Logan Merchant,gunbir10@example.net,6702491169,Bihar Sharif,Chhattisgarh,Central,Premium,2023-05-10
3600,Sneha Sheth,mdhar@example.com,06793072178,Srinagar,Karnataka,South,New,2025-09-05
3601,Veda Bala,ravelyochana@example.net,06428734576,Ambarnath,Uttar Pradesh,North,Regular,2025-05-14
3602,Reyansh Chatterjee,chadatanveer@example.com,09258674564,Rajahmundry,Karnataka,South,Regular,2024-10-16
3603,Nihal Yadav,prakashlibni@example.org,+916823329046,Hazaribagh,Kerala,South,Regular,2023-02-14
3604,Riya Mishra,singhalkiaan@example.com,0187999717,Panvel,Tamil Nadu,South,Regular,2023-11-09
3605,Finn Nagar,vrishtiseth@example.net,+911527507361,Gaya,Jammu & Kashmir,Central,Regular,2026-01-03
3606,Dakshesh Rao,nicholasgarde@example.org,02819799111,Indore,Madhya Pradesh,West,Premium,2022-10-06
3607,Osha Ram,raveltanvi@example.org,7969781626,Unnao,Gujarat,West,Regular,2024-08-18
3608,Devansh Sant,niharikapatla@example.net,00073212712,Raichur,Kerala,South,Occasional,2023-01-05
3609,Anirudh Rau,tarakanda@example.org,07349928426,Saharsa,Rajasthan,North,New,2023-02-19
3610,Sara Tella,aditya54@example.net,01206126873,Ahmedabad,Uttarakhand,Central,Regular,2024-05-16
3611,Amaira Thakkar,gsule@example.net,5892781259,Thrissur,Andhra Pradesh,South,Regular,2023-01-24
3612,Vyanjana Kala,athaker@example.com,+911511261091,Dehri,Madhya Pradesh,West,Premium,2025-08-31
3613,Varenya Sur,krishna53@example.net,8376732642,Vijayanagaram,Odisha,East,Premium,2025-08-21
3614,Saanvi Kakar,chahaladweta@example.org,+915279434071,Ajmer,Uttarakhand,Central,Regular,2025-11-22
3615,Nandini Sarin,vasana84@example.net,00564131066,Varanasi,Uttarakhand,Central,Regular,2025-11-16
3616,Warhi Dhar,gauri13@example.net,06099014806,Howrah,Punjab,North,Regular,2025-09-09
3617,Hamsini Patla,janimohini@example.org,2623750543,Udaipur,Rajasthan,North,Regular,2026-05-16
3618,Advaith Dutt,ymahal@example.net,+914068375945,Meerut,Goa,West,Premium,2025-09-03
3619,Tanay Badami,cbhattacharyya@example.net,06400674158,Shimla,Uttarakhand,Central,Regular,2026-01-01
3620,Karan Mangat,yadavwarhi@example.net,01550757644,Shahjahanpur,Uttar Pradesh,North,New,2025-03-17
3621,Gopal Modi,rameshdeepa@example.org,00436545191,Dhanbad,Gujarat,West,Regular,2026-04-17
3622,Lakshit Doshi,tnarayanan@example.com,09926624341,Tinsukia,Uttar Pradesh,North,New,2022-10-29
3623,Chasmum Virk,yogilopa@example.com,8614692119,Eluru,Bihar,East,New,2025-05-29
3624,Janani Srinivas,gautam22@example.net,7670444718,Buxar,Delhi,North,Regular,2024-11-25
3625,Utkarsh Ben,balhaar80@example.net,02835571427,Dharmavaram,Himachal Pradesh,North,Regular,2023-11-15
3626,Fiyaz Goswami,doragautami@example.net,5353241266,Mangalore,Goa,West,New,2023-07-16
3627,Pavani Narain,ysachar@example.org,0288541111,Bhopal,Chhattisgarh,Central,Regular,2025-05-28
3628,Bahadurjit Dubey,vchana@example.com,02771410452,Vellore,Chhattisgarh,Central,Premium,2022-12-29
3629,Yashica Vaidya,bakshizayyan@example.net,5260518546,Bareilly,Rajasthan,North,Regular,2023-11-05
3630,Vedika Dhillon,cherianjoshua@example.org,+911448863668,Akola,Jammu & Kashmir,Central,Regular,2026-04-19
3631,Jhalak Loyal,sanya52@example.com,07005628443,Patna,Madhya Pradesh,West,Regular,2025-03-14
3632,Girik Sandhu,roypranav@example.net,3956136151,Chennai,Bihar,East,Regular,2025-08-19
3633,Aarna Divan,doctoraditya@example.net,09860077571,Mirzapur,Madhya Pradesh,West,Regular,2023-06-24
3634,Lekha Devi,bhanumatitaneja@example.com,06914578590,Jamshedpur,Jharkhand,East,Regular,2025-12-15
3635,Dhriti Bhat,krisha03@example.org,06251031530,Visakhapatnam,Gujarat,West,Premium,2025-03-04
3636,Aadi Gaba,nirja77@example.com,9688706410,Amritsar,Uttarakhand,Central,Regular,2023-08-17
3637,Nachiket Saraf,lgarg@example.com,5515703434,Bahraich,Haryana,North,Regular,2022-08-23
3638,Chandresh Bera,hematailor@example.net,+915833494374,Dindigul,Chhattisgarh,Central,Occasional,2026-01-16
3639,Sathvik Ratti,sathvik99@example.net,+918636934115,Raurkela Industrial Township,Bihar,East,New,2022-11-11
3640,Harrison Rastogi,chandran64@example.org,3054069651,Sasaram,Maharashtra,West,New,2024-05-23
3641,Patrick Shan,harinakshiray@example.org,3009224117,Kochi,Chhattisgarh,Central,Regular,2023-03-18
3642,Rehaan Sanghvi,hkhurana@example.net,04211521926,Gurgaon,Delhi,North,Premium,2024-03-05
3643,Balveer Singhal,kamalapatla@example.org,+911039868863,Hindupur,Goa,West,Regular,2022-08-23
3644,Lohit Kar,sodhiishani@example.com,04537709642,Ambarnath,Jharkhand,East,Regular,2023-11-13
3645,Yashoda Patla,saranayush@example.org,+912191442381,Bathinda,Jharkhand,East,Premium,2024-05-15
3646,Dakshesh Konda,vanshamagar@example.org,04642255922,Srinagar,Goa,West,New,2026-03-10
3647,Aditya Singhal,anvi11@example.com,8629783284,Nellore,Madhya Pradesh,West,New,2026-06-11
3648,Noah Dash,zsaraf@example.org,00098936870,Nandyal,Haryana,North,Occasional,2024-10-28
3649,Jhalak Chadha,unnati44@example.org,+910543122264,Korba,Delhi,North,Regular,2023-03-25
3650,Noah Mishra,jagrati03@example.net,3476499523,Imphal,Uttar Pradesh,North,Regular,2023-04-10
3651,Vaishnavi Minhas,nakulsabharwal@example.com,+916484351454,Guntur,Jharkhand,East,Regular,2023-06-17
3652,Ekantika Oza,yahvipatil@example.com,08859918903,Chittoor,Uttar Pradesh,North,New,2024-04-08
3653,Anusha Palla,siddharth91@example.org,+913083212161,Gurgaon,Assam,East,Occasional,2024-07-25
3654,Gavin Shah,harishbalan@example.org,9833126528,Mumbai,Haryana,North,New,2023-03-16
3655,Bhanumati Yohannan,aborra@example.com,08404380086,Bulandshahr,Delhi,North,Regular,2022-11-05
3656,Divya Joshi,kritikadugal@example.org,+913936469549,Chinsurah,West Bengal,East,Regular,2024-01-07
3657,Luke Aurora,charita88@example.net,00732579162,Ongole,Uttarakhand,Central,Regular,2026-07-21
3658,Noah Sagar,janyagrewal@example.org,+910996627250,Hyderabad,Karnataka,South,Premium,2026-06-09
3659,Baljiwan Arora,chakradev75@example.net,2227248599,Rajkot,Uttar Pradesh,North,Regular,2022-11-27
3660,Yashasvi Sinha,rjha@example.org,03867677037,Mango,Telangana,South,New,2024-09-18
3661,Vaishnavi Dhaliwal,jainnilima@example.com,+919994650123,Karawal Nagar,Madhya Pradesh,West,New,2025-01-06
3662,Owen Hegde,triya08@example.org,00626295364,Srinagar,Jammu & Kashmir,Central,Regular,2024-11-06
3663,Vrishti Sarraf,hamsini99@example.com,+918836808988,Dharmavaram,Madhya Pradesh,West,Occasional,2023-10-07
3664,Ojas Bahri,sramakrishnan@example.com,8175525391,Etawah,Jharkhand,East,Regular,2025-11-05
3665,Ekani Bala,hanscharan@example.net,7376027870,Kulti,Odisha,East,New,2023-12-24
3666,Hamsini Tella,netrajoshi@example.org,+919285867436,Jalna,Assam,East,New,2023-03-06
3667,Wyatt Ramanathan,ishaansarna@example.net,00609471888,Pali,Karnataka,South,New,2024-10-02
3668,Ekbal Kaul,daraanya@example.org,6730746863,Sagar,Punjab,North,Regular,2025-06-23
3669,Darsh Shah,gargsiya@example.com,4917655898,Muzaffarnagar,Himachal Pradesh,North,Regular,2024-04-07
3670,Nimrat Dhillon,sbanerjee@example.net,+914185623338,Bhubaneswar,Gujarat,West,Premium,2026-05-28
3671,Praneel Batta,keersneha@example.org,4709419513,Unnao,Bihar,East,New,2024-04-26
3672,Jeevika Din,anandrudra@example.com,2057083922,New Delhi,Jammu & Kashmir,Central,New,2023-11-17
3673,Samesh Bhagat,wthaman@example.org,7164294612,Unnao,Jharkhand,East,New,2026-01-01
3674,Noah Gulati,jacobsama@example.org,+910899256311,Lucknow,Chhattisgarh,Central,Occasional,2025-03-16
3675,Girindra Palla,chandreshupadhyay@example.org,00276177812,Sambalpur,Kerala,South,Regular,2026-04-07
3676,Anya Prakash,laksh23@example.net,1778162142,Vijayanagaram,Gujarat,West,New,2023-03-05
3677,Hamsini Sarma,sridharpanini@example.org,+914163502142,Lucknow,Tamil Nadu,South,Regular,2024-02-27
3678,Jairaj Lall,batramadhavi@example.com,05820094124,Secunderabad,Kerala,South,Occasional,2024-03-20
3679,Gunbir Mohanty,pnatarajan@example.com,+919238798323,Latur,Jammu & Kashmir,Central,Regular,2023-02-21
3680,Ridhi Sarraf,prabhakarsamar@example.com,+915170135881,Jamshedpur,Maharashtra,West,New,2025-08-21
3681,Inaya Desai,zaid08@example.com,+913016188041,Bokaro,Tamil Nadu,South,New,2024-03-14
3682,Kalpit Rajan,bediaayush@example.com,1029674697,Sasaram,Kerala,South,Regular,2026-05-21
3683,Bhavani Hayer,sarinviraj@example.net,3483557490,Gandhidham,Uttarakhand,Central,Regular,2022-09-20
3684,Fiyaz Swaminathan,uchhabra@example.com,04896432246,Muzaffarpur,Rajasthan,North,Regular,2023-11-20
3685,Eshana Walia,lagarwal@example.net,+912634309262,Ichalkaranji,Gujarat,West,Regular,2023-01-24
3686,Zayan Bahri,palanmaanav@example.org,03810189733,Anantapuram,Uttarakhand,Central,Premium,2024-10-15
3687,Guneet Oommen,haritarastogi@example.com,+919031697281,Deoghar,Punjab,North,Regular,2025-12-19
3688,Tanvi Khurana,veer19@example.org,8573469867,Jamalpur,Delhi,North,Premium,2023-09-04
3689,Darsh Chander,bhavini22@example.net,7095577200,Muzaffarpur,Gujarat,West,Regular,2026-01-30
3690,Rachana Mahajan,dhritikorpal@example.net,+910187767129,Nizamabad,Gujarat,West,Premium,2024-05-17
3691,Ekaraj Prabhakar,aarnavchokshi@example.org,7073662062,Cuttack,Jammu & Kashmir,Central,Premium,2025-09-18
3692,Suhani Arora,qsinghal@example.com,+917162392526,Bharatpur,Maharashtra,West,New,2023-09-17
3693,Hamsini Sawhney,hvarkey@example.org,+910056555304,Ongole,Tamil Nadu,South,Regular,2024-01-10
3694,Rushil Jani,qdugar@example.com,+917593359242,Proddatur,Delhi,North,Premium,2026-01-02
3695,Kai Koshy,advikchatterjee@example.net,01063781186,Tinsukia,Tamil Nadu,South,Premium,2023-11-20
3696,Abha Halder,gauri71@example.org,4038405887,Chandrapur,Bihar,East,New,2023-07-05
3697,Rushil Comar,ikanda@example.org,3519509623,Farrukhabad,Madhya Pradesh,West,Regular,2026-04-22
3698,Januja Konda,xavierhegde@example.org,08733580582,Jehanabad,Kerala,South,Premium,2023-10-10
3699,Barkha Varughese,naikgaurika@example.org,05674642273,Agra,Karnataka,South,Regular,2025-10-16
3700,Mahika Memon,rbarad@example.net,00428048919,Udupi,Assam,East,Regular,2024-05-17
3701,Saanvi Sami,rohanshah@example.com,9380470130,Malda,Delhi,North,Regular,2023-11-07
3702,Anamika Chopra,tailorupadhriti@example.org,07973108027,Ambattur,Uttarakhand,Central,New,2024-06-09
3703,Qabil Nadkarni,vedika84@example.org,0322211388,Tadepalligudem,Karnataka,South,Regular,2024-05-28
3704,Nidhi Sant,sodhiakshay@example.net,01957241685,Etawah,Uttar Pradesh,North,Regular,2025-05-03
3705,Madhavi Trivedi,baradikshita@example.org,4053474923,Panvel,Gujarat,West,Occasional,2025-07-30
3706,Urishilla Kata,irya65@example.org,+919072674533,Mira-Bhayandar,Madhya Pradesh,West,Regular,2022-11-22
3707,Ridhi Balan,vasanachaudhari@example.com,+912737226386,Bhind,Kerala,South,New,2023-12-17
3708,Dev Hans,harinakshivora@example.org,08105245035,Jorhat,Tamil Nadu,South,Premium,2023-01-30
3709,Deepa Gokhale,dadaryan@example.net,5796144400,Berhampore,Maharashtra,West,Premium,2023-07-06
3710,Chavvi Kannan,omonveer@example.org,09110746550,Uluberia,Andhra Pradesh,South,Regular,2025-02-04
3711,Aditya Gola,balpallavi@example.net,6523204204,Siliguri,Rajasthan,North,New,2025-11-09
3712,Udyati Andra,naksh84@example.net,00136724508,Ajmer,Bihar,East,Premium,2026-05-18
3713,Anthony Wable,saanvi52@example.org,3269446431,Cuttack,Karnataka,South,New,2025-09-06
3714,Krish Bala,psarin@example.com,3571786208,Berhampore,Haryana,North,New,2025-02-11
3715,Rehaan Krishna,owenkrishnan@example.net,+917426890175,Bareilly,Jharkhand,East,Premium,2025-01-27
3716,Ijaya Mall,cpall@example.org,1681573664,Narasaraopet,Assam,East,Regular,2024-08-05
3717,Abeer D’Alia,atharvbahl@example.org,0819704765,Sagar,Goa,West,Regular,2025-10-01
3718,Baljiwan Zachariah,advay37@example.org,+919304180848,Dharmavaram,Haryana,North,Regular,2026-04-30
3719,Anay Mane,ddugar@example.net,03843221563,Davanagere,Assam,East,New,2025-11-20
3720,Osha Thakur,inayadave@example.org,1547432995,Sultan Pur Majra,Uttarakhand,Central,Regular,2025-03-08
3721,Wazir Wadhwa,jananibalasubramanian@example.com,04139074432,Jehanabad,Jammu & Kashmir,Central,Premium,2024-02-12
3722,Quincy Devan,jatindhawan@example.org,7032288897,Bokaro,Andhra Pradesh,South,New,2023-03-05
3723,Azaan Bhardwaj,liam06@example.org,+918410697775,Kolhapur,Kerala,South,Premium,2025-06-25
3724,Rehaan Sule,zjha@example.net,02178572280,Rajahmundry,Telangana,South,New,2023-08-23
3725,Reva Menon,simonbera@example.net,6919180981,Dewas,Goa,West,Regular,2024-04-18
3726,Karan Sengupta,rushil70@example.org,01023362864,Coimbatore,Uttar Pradesh,North,Occasional,2023-12-20
3727,Vritti Sinha,kohliviraj@example.net,1364903657,Bhusawal,Maharashtra,West,Occasional,2024-04-12
3728,Manbir Kant,balanfaqid@example.org,+918554057448,Lucknow,Uttarakhand,Central,Occasional,2024-11-08
3729,Frederick Taneja,suleamrita@example.com,09079232853,Karawal Nagar,Chhattisgarh,Central,Regular,2026-05-11
3730,Madhav Issac,narayanansai@example.com,+910726693185,Malegaon,Odisha,East,Regular,2023-09-01
3731,Radhika Dhar,tristan95@example.com,+919487422434,Gudivada,Goa,West,Regular,2025-08-08
3732,Aachal Dhar,adugar@example.org,04483041054,Bettiah,Rajasthan,North,Premium,2026-02-25
3733,Advay Boase,sudikshaswaminathan@example.org,6756680734,Jaunpur,Assam,East,Regular,2025-03-18
3734,Arin Shetty,shankeryochana@example.org,05502647223,Bhilwara,Goa,West,Regular,2026-02-24
3735,Chaaya Dube,doshiagastya@example.com,05796675813,Ambattur,Punjab,North,Occasional,2026-05-19
3736,Anika Sheth,vrai@example.org,+916966378612,Bhilwara,Andhra Pradesh,South,New,2025-11-13
3737,Watika Rout,dkrishnan@example.com,5069251911,Dindigul,Uttarakhand,Central,Premium,2024-02-12
3738,Peter Dhaliwal,odash@example.org,02480467793,Miryalaguda,Kerala,South,Premium,2024-06-08
3739,Chatura Dora,qraju@example.org,6314135039,Loni,Haryana,North,Regular,2023-08-14
3740,Finn Mistry,godaamol@example.org,+919067736852,Malda,Uttar Pradesh,North,Regular,2026-03-19
3741,Ucchal Sagar,daliagaurika@example.com,4973840081,Ghaziabad,Chhattisgarh,Central,Regular,2026-07-29
3742,Gavin Ganesh,ansh76@example.net,07861986645,Latur,West Bengal,East,Regular,2024-02-16
3743,Tamanna Karan,jasonbath@example.com,4760310777,Arrah,Delhi,North,Regular,2024-10-22
3744,Nimrat Lalla,madandayamai@example.org,+917579880272,Srikakulam,Odisha,East,New,2023-08-29
3745,Garima Gade,ekbal20@example.net,7554670047,Motihari,Jammu & Kashmir,Central,Occasional,2025-03-15
3746,Hardik Deo,shankerbachittar@example.org,01163861010,Meerut,Chhattisgarh,Central,Occasional,2024-07-25
3747,Rishi Oza,saumyabains@example.org,5608863841,Kolhapur,Bihar,East,Occasional,2023-01-19
3748,Hitesh Lal,reva46@example.net,+915792321839,Ongole,Andhra Pradesh,South,Premium,2026-04-22
3749,Ronith Wadhwa,ranveernarang@example.com,+914195178631,Madhyamgram,Haryana,North,Regular,2024-05-18
3750,Jasmit Sachar,srajagopalan@example.com,3799568808,Khora ,Goa,West,Regular,2024-10-25
3751,Rajata Palla,jagatraj@example.org,4878648010,Bhiwandi,Madhya Pradesh,West,Regular,2025-05-31
3752,Yashasvi Mane,keyamodi@example.org,0220583595,Begusarai,Haryana,North,Occasional,2025-05-17
3753,Udant Pal,krishaghose@example.net,03827606706,Ambarnath,Uttarakhand,Central,Regular,2024-11-01
3754,Urishilla Ganesh,gchaudhari@example.net,8095606993,Sambalpur,Goa,West,New,2022-08-18
3755,Raagini Swaminathan,mugdhaoak@example.net,00197311120,Madhyamgram,Karnataka,South,Regular,2023-03-15
3756,Ishaan Ramesh,ekalingasuresh@example.com,1993892733,Pune,Gujarat,West,Regular,2023-05-01
3757,Megha Konda,bina69@example.org,+912662429966,Gudivada,Haryana,North,Premium,2025-03-10
3758,Aradhana Deep,nsampath@example.org,9122800237,Alappuzha,Gujarat,West,Regular,2022-09-07
3759,Ekbal Mangal,shankeryatan@example.net,+916123933818,Tiruvottiyur,Maharashtra,West,Regular,2022-09-14
3760,Riya Panchal,nayarnakul@example.org,5897250671,Ajmer,Goa,West,Premium,2025-04-19
3761,Shravya Babu,khannahenry@example.org,06443901533,Karaikudi,Jharkhand,East,Regular,2023-03-06
3762,Kiaan Sampath,balveer90@example.org,+918184893645,Shahjahanpur,Madhya Pradesh,West,Occasional,2023-07-26
3763,Dakshesh Ram,pbir@example.org,06806065612,Kumbakonam,Maharashtra,West,Occasional,2026-04-30
3764,Urmi Dewan,lsundaram@example.org,00688772753,Pali,Punjab,North,Regular,2026-03-11
3765,Christopher Saxena,chandanidass@example.org,0893169823,Gangtok,Telangana,South,Occasional,2024-12-12
3766,Yash Mitra,ayushnarayan@example.com,08073526756,Belgaum,Telangana,South,Premium,2025-11-23
3767,Kavya Kibe,hayermekhala@example.org,+910460510019,Delhi,Telangana,South,Premium,2025-04-03
3768,Omkaar Rana,omya27@example.org,07520593541,Mehsana,Uttarakhand,Central,Regular,2022-10-23
3769,Wahab Tandon,qasim47@example.com,+915891995974,Anantapur,Gujarat,West,Regular,2025-09-20
3770,Pallavi Prasad,vkakar@example.org,00328889489,Proddatur,Punjab,North,New,2022-12-29
3771,Henry Tak,qushikara@example.net,5288280823,Bijapur,Uttarakhand,Central,New,2026-02-18
3772,Max Palla,balveerapte@example.net,+919890426980,Tinsukia,Delhi,North,Regular,2023-06-07
3773,Warjas Lal,qtandon@example.org,9785061613,Saharanpur,Haryana,North,Premium,2023-05-08
3774,Tripti Wable,sarafqarin@example.com,06987422338,Avadi,Assam,East,Premium,2026-08-10
3775,Ekapad Chand,tnadig@example.net,5711704944,Bharatpur,West Bengal,East,Regular,2023-12-09
3776,Libni Dara,gaurika18@example.org,+913218167049,Karimnagar,Jammu & Kashmir,Central,Premium,2026-07-30
3777,Advay Bhardwaj,bdatta@example.org,06851640640,Naihati,Himachal Pradesh,North,Regular,2024-04-13
3778,Chaitaly Palan,desaiyadavi@example.org,02942898116,Anantapuram,Telangana,South,New,2024-12-15
3779,Nicholas Madan,mohammedmutti@example.net,07485913375,Rajahmundry,Gujarat,West,Regular,2026-01-22
3780,Rachit Johal,thakkarvrinda@example.org,09467568929,Tirupati,Kerala,South,Premium,2023-09-13
3781,Niharika Venkataraman,sodhilaban@example.com,09751315463,Panchkula,Punjab,North,Premium,2025-05-12
3782,Matthew Chawla,radhaarora@example.com,+919494472724,North Dumdum,Tamil Nadu,South,Regular,2025-05-26
3783,Madhavi Warrior,emunshi@example.org,4893336399,Ludhiana,Telangana,South,New,2025-06-13
3784,Anita Tailor,patlatara@example.com,1944595961,Agra,Chhattisgarh,Central,Regular,2022-11-24
3785,Sudiksha More,trivedibaghyawati@example.org,+916405352932,Surendranagar Dudhrej,Punjab,North,Regular,2026-05-05
3786,Rayaan Bhargava,suhani21@example.net,04532616917,Chapra,Uttarakhand,Central,Regular,2024-05-03
3787,Arunima Pai,ojassekhon@example.net,1805547006,Patiala,Haryana,North,Regular,2025-01-05
3788,Logan Sahni,aryanpai@example.net,03364097628,Mango,Karnataka,South,New,2026-01-09
3789,Patrick Roy,jasonbahri@example.net,6872540774,Vijayanagaram,Uttarakhand,Central,New,2022-12-22
3790,Advaith Mallick,nihalvenkataraman@example.org,+917731774278,Maheshtala,Maharashtra,West,Regular,2026-04-15
3791,Nathaniel Madan,triyapalla@example.net,+914065058095,Moradabad,Uttar Pradesh,North,Regular,2024-08-23
3792,Ridhi Batta,adya88@example.com,03407328456,Asansol,Karnataka,South,Premium,2024-06-06
3793,Varsha Chahal,groverluke@example.net,+919403349775,Rajpur Sonarpur,Chhattisgarh,Central,Premium,2023-03-15
3794,Vincent Parikh,harita49@example.org,8678138231,Pudukkottai,Odisha,East,New,2024-03-30
3795,Mekhala Mand,qmurty@example.net,3356638828,Bokaro,Uttarakhand,Central,Regular,2024-05-05
3796,Mohini Sodhi,fshah@example.org,+918429850770,Rajpur Sonarpur,Jharkhand,East,Regular,2024-07-05
3797,Chatresh Lad,ykashyap@example.net,+912015461214,Akola,Punjab,North,Regular,2024-06-13
3798,Oeshi Sekhon,hemanglad@example.net,+919492651185,Belgaum,Gujarat,West,Regular,2025-05-01
3799,Simon Chanda,ojas18@example.org,6124920184,Anantapur,Maharashtra,West,Premium,2022-08-21
3800,Udarsh Arora,routekaja@example.com,+917380165845,Jammu,Rajasthan,North,Regular,2025-09-25
3801,Hiral Mani,parsaupkaar@example.com,+916568154098,Sangli-Miraj & Kupwad,Uttarakhand,Central,Regular,2023-05-22
3802,Urmi Gopal,jde@example.net,+913467184461,Jhansi,Bihar,East,Premium,2023-01-08
3803,Chameli Kohli,sawhneymeera@example.net,6740018476,Bhimavaram,Goa,West,Regular,2023-03-17
3804,Rayaan Padmanabhan,cbajwa@example.org,+914084765205,Akola,Kerala,South,Premium,2025-02-26
3805,Sudiksha Dash,guhazaitra@example.net,+914371045826,Gudivada,Chhattisgarh,Central,Regular,2023-05-25
3806,Atharv Sha,christopher79@example.com,02217806677,Orai,Uttarakhand,Central,Premium,2024-04-27
3807,Advay Bhavsar,sjain@example.net,08426336189,Patiala,Karnataka,South,Regular,2022-11-29
3808,Radhika Patla,dgaba@example.org,7818414762,Danapur,Uttarakhand,Central,Premium,2023-12-16
3809,Maya Suresh,mannniharika@example.org,6771641814,Faridabad,Kerala,South,New,2022-10-08
3810,Matthew Kapadia,xiyengar@example.org,+918029798013,Shivpuri,Jharkhand,East,Regular,2023-09-13
3811,Radha Suri,pahalram@example.com,01965376703,Ongole,Madhya Pradesh,West,Occasional,2023-04-03
3812,Chameli Kata,saanvinagar@example.org,03083360146,Gorakhpur,Jammu & Kashmir,Central,Regular,2023-11-23
3813,Fitan Zacharia,vinayaben@example.org,+912489136043,Agartala,Jammu & Kashmir,Central,Premium,2024-02-07
3814,Saumya Rana,kkota@example.com,+918192758482,Gandhidham,Kerala,South,Premium,2024-01-28
3815,Siya Grewal,ucchalben@example.org,2467595796,Sambalpur,Uttarakhand,Central,Premium,2024-03-07
3816,Ekbal Iyer,jagat70@example.net,01650817037,Jabalpur,Maharashtra,West,Regular,2024-08-18
3817,Nicholas Mani,harshilsangha@example.net,05384554272,Darbhanga,Karnataka,South,Regular,2023-07-15
3818,Hiral Jain,qdeol@example.org,+914829237925,Deoghar,Punjab,North,Occasional,2025-05-01
3819,Abhiram Raghavan,hbal@example.org,05586511503,Bharatpur,Goa,West,New,2024-05-10
3820,Daksh Behl,pratta@example.org,06772136008,Kakinada,Tamil Nadu,South,New,2024-03-08
3821,Arjun Sandal,vivaantak@example.net,+913691099787,Amritsar,Andhra Pradesh,South,New,2024-11-27
3822,Leela Hora,choudharyrachana@example.com,+916800472153,Chittoor,Maharashtra,West,Regular,2025-01-23
3823,Anmol Johal,yashoda71@example.com,+912005550187,Howrah,West Bengal,East,Regular,2026-05-25
3824,Rachit Lall,umangdeep@example.com,04334923212,Davanagere,Punjab,North,New,2025-05-21
3825,Lohit Narayanan,yatinbabu@example.org,01322769047,Bihar Sharif,Jammu & Kashmir,Central,New,2025-12-29
3826,Advik Varghese,daraazaan@example.net,08087667845,Davanagere,Kerala,South,Regular,2024-09-21
3827,Xavier Panchal,tvala@example.org,00118033613,Rajpur Sonarpur,Madhya Pradesh,West,Regular,2023-11-05
3828,Arjun Sama,munshidarpan@example.org,+915116378457,Haridwar,Jammu & Kashmir,Central,Regular,2024-08-27
3829,Indali Khosla,kondaamara@example.net,2602732269,Hospet,Jharkhand,East,Regular,2026-01-24
3830,Atharv De,chasmumatwal@example.org,7511029394,Ramgarh,Bihar,East,Regular,2023-03-09
3831,Indira Sahota,oparmar@example.com,05981713032,Kishanganj,Andhra Pradesh,South,New,2025-12-03
3832,Oscar Ganesan,kalabrinda@example.net,+913213300042,Gandhinagar,Tamil Nadu,South,Premium,2023-11-08
3833,Ayush Dayal,aaravnigam@example.net,02020752002,Raurkela Industrial Township,Uttar Pradesh,North,Regular,2022-08-14
3834,Fiyaz Vaidya,bamble@example.net,+913143874437,Chennai,Tamil Nadu,South,Regular,2024-04-13
3835,Indira Saini,vinayasachdev@example.org,+910976325273,Kharagpur,Maharashtra,West,Regular,2024-02-07
3836,Gaurang Kata,mahalmadhav@example.org,+917569414314,Kota,Uttarakhand,Central,Regular,2024-09-04
3837,Dayamai Edwin,wridesh37@example.org,9428408885,Korba,Telangana,South,New,2023-08-11
3838,Qadim Nayak,ekapaddoshi@example.org,+914164851559,Bhilwara,Uttarakhand,Central,Regular,2024-09-29
3839,Azad Guha,jaivasa@example.com,+913950888842,Mirzapur,Chhattisgarh,Central,New,2024-11-28
3840,Abhiram Deshmukh,sabharwalchakradev@example.com,1356362244,Udaipur,Madhya Pradesh,West,Premium,2025-03-28
3841,Januja Sabharwal,patlavritti@example.net,02355172748,Sirsa,Rajasthan,North,Regular,2024-06-08
3842,Unni Basak,alka46@example.org,03536068447,Bhusawal,Uttarakhand,Central,Regular,2026-07-23
3843,Damyanti Agrawal,dugarlekha@example.org,+918700711064,Ulhasnagar,Gujarat,West,Regular,2025-09-08
3844,Maanav Parikh,buppal@example.org,8148489465,Srinagar,Uttarakhand,Central,Regular,2025-11-30
3845,Pranit Malhotra,maanassabharwal@example.org,09138217295,Solapur,Odisha,East,Regular,2025-08-02
3846,Qushi Sawhney,siddharthray@example.com,06765948637,Bettiah,West Bengal,East,New,2024-12-26
3847,Sai Choudhary,vigvasana@example.net,+914818706337,Bhilwara,Kerala,South,Regular,2024-02-06
3848,Nisha Savant,niteshrajan@example.net,1361593640,Katni,Chhattisgarh,Central,New,2024-07-02
3849,Patrick Yohannan,ayushsubramaniam@example.com,9596241324,Ghaziabad,Jammu & Kashmir,Central,Regular,2023-03-07
3850,Kai Khatri,mangalfiyaz@example.com,+911582545143,Bellary,Chhattisgarh,Central,Premium,2026-07-12
3851,Hemani Bhat,vyaslavanya@example.net,9205103415,Udupi,Rajasthan,North,Premium,2024-11-30
3852,Raghav Mandal,max83@example.com,+917060771497,Jalna,West Bengal,East,Regular,2025-12-07
3853,Meghana Chhabra,pbatra@example.org,02234177921,Berhampore,Goa,West,Regular,2023-03-21
3854,Janya Gaba,dipta96@example.org,0127172098,Pune,Uttar Pradesh,North,Regular,2022-11-12
3855,Bakhshi Madan,gavinpanchal@example.org,+911997178625,Mysore,West Bengal,East,Regular,2023-04-11
3856,Wridesh Sami,qmahajan@example.com,5045696062,Ambattur,Rajasthan,North,Occasional,2024-03-05
3857,Dayamai Garde,wadhwaupma@example.org,+913635431331,Ajmer,Haryana,North,Occasional,2024-04-02
3858,Charles Sarkar,ekaja47@example.net,+919904979103,Bhagalpur,Maharashtra,West,New,2025-07-13
3859,Jack Ravel,varghesegaurika@example.net,+912976706440,Ludhiana,Gujarat,West,Regular,2023-07-28
3860,Vasana Sarraf,schadha@example.org,09260054286,Sri Ganganagar,Delhi,North,Regular,2025-08-06
3861,Balvan Thakur,hredhaan74@example.com,04138825823,Tiruvottiyur,Chhattisgarh,Central,New,2024-09-08
3862,Vedant Sharaf,yatanwason@example.org,01779989043,Meerut,Madhya Pradesh,West,Regular,2023-03-24
3863,Tanveer Chokshi,murtyindira@example.org,06140486871,Kavali,Tamil Nadu,South,Occasional,2022-08-28
3864,Wyatt Kar,hredhaanbhandari@example.net,+910091149892,Eluru,Uttar Pradesh,North,Premium,2022-11-12
3865,Arin Vaidya,turvi93@example.net,3646906109,Vadodara,Maharashtra,West,Premium,2024-12-20
3866,Zinal Dubey,shauryagandhi@example.org,+915375572705,Ratlam,Punjab,North,New,2023-07-21
3867,Sachi Doshi,routneelima@example.com,07677887130,Ambala,Andhra Pradesh,South,New,2022-09-24
3868,Karan Agarwal,ramanathanpavani@example.org,+919568986574,Rewa,Chhattisgarh,Central,Regular,2023-07-05
3869,Raagini Bhatti,aparmar@example.org,+918140438801,Kurnool,Rajasthan,North,Occasional,2024-08-03
3870,Abeer Anne,shivansh53@example.com,8584255614,Mango,Odisha,East,Regular,2022-11-28
3871,Tejas Seth,gbala@example.net,3257981695,Ambarnath,Maharashtra,West,Regular,2024-10-28
3872,Niharika Gupta,qbehl@example.net,+915990401939,Karaikudi,Rajasthan,North,Regular,2023-04-01
3873,Yashodhara Mannan,quincymammen@example.com,07434259512,Proddatur,Maharashtra,West,Occasional,2025-01-20
3874,Lucky Kapadia,harshilbawa@example.com,+918685210073,Kavali,Himachal Pradesh,North,Regular,2024-04-28
3875,Samaksh Goswami,triya04@example.com,+914822430259,Dibrugarh,Delhi,North,Regular,2022-10-01
3876,Eshana Sawhney,thomassuresh@example.com,+916085502625,Shimoga,Gujarat,West,Regular,2024-10-31
3877,Edhitha Kalla,eiravati69@example.org,02070367988,Bhalswa Jahangir Pur,Odisha,East,Premium,2025-11-03
3878,Thomas Bava,paiqadim@example.com,03748118448,Deoghar,Kerala,South,Regular,2023-06-09
3879,Ishanvi Doctor,manderbimala@example.org,0025587825,Davanagere,Madhya Pradesh,West,New,2025-01-28
3880,Anthony Gola,azaankata@example.com,+915405334016,Jaunpur,Delhi,North,Regular,2023-01-28
3881,Darsh Saha,karnikrudra@example.com,+919865851021,Rewa,Chhattisgarh,Central,Premium,2024-12-02
3882,Henry Jha,ojasbains@example.com,+915250191779,Phusro,Bihar,East,Regular,2023-12-26
3883,Chandani Shukla,aptemugdha@example.org,+915017759174,Ghaziabad,Odisha,East,New,2023-12-12
3884,Rushil Kant,sbadal@example.com,4707066057,Pondicherry,Bihar,East,Premium,2026-07-24
3885,Samesh Koshy,chandrannathaniel@example.net,09822189870,Bhiwani,Odisha,East,New,2023-02-26
3886,Aachal Luthra,ekavir69@example.com,+913703408497,Kamarhati,Chhattisgarh,Central,Regular,2023-04-11
3887,Chaitanya Dewan,pmanne@example.net,+919191654594,Bulandshahr,Madhya Pradesh,West,Regular,2023-02-17
3888,Diya Deep,gnatt@example.net,00725093330,Dhanbad,Karnataka,South,New,2023-03-09
3889,Quincy Dhar,nagitanish@example.net,05281349785,Imphal,Chhattisgarh,Central,Regular,2026-01-23
3890,Udant Dhillon,fpuri@example.org,+918211862050,Serampore,Chhattisgarh,Central,Regular,2026-04-17
3891,Dominic Kibe,ramanathanorinder@example.net,02649770703,Naihati,Tamil Nadu,South,Occasional,2025-12-26
3892,Ekbal Parekh,ganga27@example.com,+911691957594,Tezpur,Madhya Pradesh,West,Occasional,2024-03-20
3893,Zashil Naidu,chandran65@example.com,7829240988,Purnia,Punjab,North,New,2025-09-18
3894,Hritik Wable,abhandari@example.com,09890061802,Jhansi,Odisha,East,Premium,2024-04-29
3895,Kala Sankaran,zshenoy@example.com,+911635924445,Hospet,West Bengal,East,Regular,2023-02-06
3896,Damini Shan,nadigkamya@example.net,+919897751425,Mehsana,Uttarakhand,Central,Premium,2024-06-16
3897,Maanav Dutt,edwinaarav@example.org,03600145232,Mira-Bhayandar,Madhya Pradesh,West,Regular,2025-10-10
3898,Bhavya Deol,lallaharish@example.com,3953843071,Bulandshahr,Karnataka,South,Regular,2025-11-07
3899,Atharv Kohli,imaran49@example.org,3331393605,Siliguri,Maharashtra,West,New,2024-06-11
3900,Shravya Jaggi,bobaljalsa@example.net,6762386582,Muzaffarpur,Rajasthan,North,New,2025-09-20
3901,Krisha Brahmbhatt,gulatibakhshi@example.net,+918794263405,Kumbakonam,Rajasthan,North,New,2022-09-21
3902,Elijah Natarajan,ovenkatesh@example.org,+919918128091,Bhind,Odisha,East,New,2024-02-18
3903,Faris Vora,vinayasheth@example.net,+917956785876,Bhilai,Chhattisgarh,Central,New,2024-08-10
3904,Shravya Suri,aarna41@example.com,05743759824,Thrissur,Assam,East,Regular,2023-04-09
3905,Yashasvi Atwal,gollajasmit@example.com,4457352640,Moradabad,Maharashtra,West,New,2023-03-25
3906,Fiyaz Hora,barmanalka@example.com,5274045645,Rajpur Sonarpur,Uttarakhand,Central,Occasional,2025-07-31
3907,Daksh Khanna,pahalnagar@example.org,+919472992633,Patna,Assam,East,Premium,2022-11-24
3908,Ikshita Dara,kamdarfiyaz@example.net,+912276158425,Chandigarh,Jammu & Kashmir,Central,Premium,2026-06-14
3909,Chaman Golla,williamdar@example.net,08313297570,Jalna,Uttarakhand,Central,Regular,2026-06-25
3910,Saanvi Dalal,loyalkala@example.com,+916274818731,Begusarai,Madhya Pradesh,West,New,2026-07-12
3911,Krishna Srinivas,kmannan@example.net,06851926175,Ghaziabad,Karnataka,South,Occasional,2026-05-01
3912,Bhanumati Dyal,beraudarsh@example.net,+916102811117,Dewas,Odisha,East,Regular,2023-03-30
3913,Watika Singh,vamakshimistry@example.net,+915217020739,Pimpri-Chinchwad,Telangana,South,Regular,2022-09-12
3914,Omaja Karan,sampathkai@example.net,08107719676,Bardhaman,Uttarakhand,Central,Regular,2025-04-14
3915,Leena Behl,jlata@example.com,8844424504,Jalna,Odisha,East,Regular,2022-11-22
3916,Tristan Thakkar,umaster@example.org,+916527667315,Malegaon,Assam,East,Regular,2026-03-27
3917,George Shukla,qabilchakrabarti@example.org,+916818685063,Anantapur,Assam,East,New,2023-12-15
3918,Omaja Swamy,abhatnagar@example.com,06882634242,Karimnagar,Bihar,East,Regular,2024-11-08
3919,Zinal Som,babugarima@example.org,01362725861,Navi Mumbai,Punjab,North,Regular,2025-03-26
3920,Advaith Mahajan,jkuruvilla@example.com,+915471216275,Nellore,Haryana,North,Premium,2022-11-21
3921,Bachittar Bakshi,hchandran@example.net,9368952974,Gulbarga,Chhattisgarh,Central,Regular,2023-08-21
3922,Vihaan Parmer,wriddhishnagar@example.net,4596383846,Hospet,Chhattisgarh,Central,Regular,2026-04-16
3923,Maya Vig,nadigeta@example.com,01396047510,Udaipur,Jammu & Kashmir,Central,Regular,2023-11-03
3924,Ekani Lad,hprasad@example.net,3335717685,Guna,Punjab,North,Regular,2023-10-03
3925,Anamika Bains,sneha72@example.com,7280927714,Nagpur,Odisha,East,New,2026-02-12
3926,Krisha Kunda,wablewidisha@example.net,1736188575,Gopalpur,Karnataka,South,Premium,2026-04-07
3927,Neel Contractor,kmaster@example.net,+911180829548,Guntur,Telangana,South,New,2026-05-19
3928,Laksh Chowdhury,deepa63@example.org,+918179842769,Salem,Tamil Nadu,South,New,2022-12-20
3929,Atharv Prashad,narayanveer@example.org,00193639986,Rajkot,Telangana,South,New,2024-08-06
3930,Tarak Reddy,qushi29@example.com,9054521909,Tenali,Uttarakhand,Central,Regular,2026-05-29
3931,Rachit Nagar,advay47@example.com,+918307354600,Amaravati,Tamil Nadu,South,Occasional,2024-08-17
3932,Daniel Sinha,wvarty@example.com,04925593348,Tezpur,Odisha,East,Regular,2024-07-26
3933,Niharika Bhasin,dasspeter@example.org,9764653175,Buxar,Assam,East,New,2023-12-20
3934,Urvashi Lalla,tarakkata@example.com,1283437037,Gaya,Chhattisgarh,Central,Regular,2024-05-23
3935,Yauvani Prasad,oparekh@example.net,+916913946893,Warangal,Rajasthan,North,Regular,2024-04-12
3936,Mekhala Chakrabarti,nkalla@example.net,08117225125,Farrukhabad,Chhattisgarh,Central,Regular,2024-09-02
3937,Ikshita Joshi,darikasant@example.net,+916398180855,Malegaon,Assam,East,Regular,2024-10-25
3938,Aarnav Krish,dbera@example.net,08949350617,Bokaro,Maharashtra,West,Premium,2022-10-05
3939,Yasti Desai,shahindali@example.org,+913486579681,Latur,Bihar,East,Regular,2026-08-10
3940,Laksh Gade,aarush17@example.org,2815954312,Vellore,Uttarakhand,Central,Regular,2023-05-28
3941,Aditya Agrawal,abeer43@example.com,1411958736,Haridwar,Goa,West,Premium,2024-09-08
3942,Aishani Baral,fariq30@example.org,07239532791,Ambattur,Assam,East,Regular,2025-07-31
3943,Nilima Sunder,sahotalaksh@example.net,6817548144,Shahjahanpur,West Bengal,East,Regular,2023-07-20
3944,Nachiket Chaudhari,nidra02@example.org,2474687927,Suryapet,Telangana,South,Regular,2023-07-19
3945,Ekbal Karpe,nbhagat@example.net,09797808784,Berhampore,Chhattisgarh,Central,New,2024-02-06
3946,Urishilla Kapur,radhikakannan@example.net,09957202035,Bhilai,Jammu & Kashmir,Central,New,2024-10-15
3947,Gopal Dani,omisha81@example.org,9331386349,Thrissur,Jammu & Kashmir,Central,New,2022-11-16
3948,Krish Mallick,vinayachoudhury@example.org,01762851030,Bulandshahr,Andhra Pradesh,South,New,2025-12-25
3949,Amara Bal,upadhritiratta@example.org,+911880690438,Moradabad,Himachal Pradesh,North,New,2023-10-12
3950,Ekaraj Choudhury,aadiprashad@example.org,04185016641,Surat,Maharashtra,West,Occasional,2023-11-27
3951,Warda Narayanan,fvyas@example.org,3431532931,Bhimavaram,Telangana,South,Premium,2025-03-09
3952,Zansi Dubey,sarthakperi@example.net,6347262471,Aurangabad,Jammu & Kashmir,Central,Premium,2023-08-07
3953,Eesha Ganesan,vsathe@example.org,+918724036480,Dehradun,Maharashtra,West,New,2023-01-05
3954,Bhavna Andra,vluthra@example.net,6765172775,Sangli-Miraj & Kupwad,Chhattisgarh,Central,Premium,2025-06-09
3955,Karan Jani,vnair@example.com,04414930015,Bellary,Jammu & Kashmir,Central,Regular,2025-01-26
3956,Aachal Arora,champakgala@example.org,8343644566,Lucknow,Bihar,East,New,2026-07-23
3957,Kritika Sandhu,chatresh49@example.com,+916644651571,Gangtok,Bihar,East,Regular,2025-02-18
3958,Chandresh Arora,yahvijain@example.com,2844550742,Tinsukia,Bihar,East,Premium,2023-04-05
3959,Vinaya Mahal,ayushman00@example.org,+915689779036,Narasaraopet,Himachal Pradesh,North,Regular,2022-09-12
3960,Charvi Desai,ishwarrau@example.net,08928697979,Durg,Goa,West,Regular,2024-03-19
3961,Rachana Guha,urvi22@example.net,+911526057948,Satara,Jammu & Kashmir,Central,Regular,2024-09-26
3962,Jagdish Bajwa,brahmbhattjyoti@example.com,07512457379,Sasaram,Jharkhand,East,Premium,2024-07-22
3963,Dakshesh Din,kapoorom@example.net,00789617832,Dindigul,Madhya Pradesh,West,Regular,2026-02-04
3964,Hemang Pillay,sneha32@example.org,+912326017542,Bettiah,Telangana,South,Regular,2025-06-10
3965,Oliver Bhasin,deshpandeanjali@example.org,+914839061845,Karawal Nagar,Gujarat,West,Premium,2024-10-28
3966,Yasti Palla,bhegde@example.org,3948477146,Muzaffarpur,Odisha,East,Regular,2023-03-23
3967,Mitesh Das,saanvibaral@example.org,3274031694,Agartala,Punjab,North,Regular,2023-06-27
3968,Frederick Yohannan,patelsanya@example.net,05150218645,Chandigarh,Telangana,South,Premium,2023-08-22
3969,Jackson Patla,somannilima@example.org,6189085403,Jammu,Karnataka,South,New,2025-01-21
3970,Tristan Pingle,forum99@example.net,03972056006,Kolhapur,Uttar Pradesh,North,Regular,2023-03-22
3971,Lucky Patil,nkoshy@example.com,00710601130,Bhavnagar,Assam,East,New,2022-08-15
3972,Nathaniel Krish,dalaja33@example.net,04536560267,Salem,Maharashtra,West,Regular,2023-04-20
3973,Faris Rana,yashodagandhi@example.com,09622397248,Bellary,Punjab,North,Regular,2026-03-30
3974,Chandran Rai,shankerranveer@example.net,+910515071081,Uluberia,Tamil Nadu,South,Regular,2025-01-16
3975,Janaki Bhatnagar,sai20@example.net,2835342495,Vijayawada,Uttarakhand,Central,Occasional,2023-06-18
3976,Akshay Bera,hlall@example.com,+915779932469,Shimoga,Bihar,East,Regular,2023-12-20
3977,Rachita Iyer,aupadhyay@example.org,+916699300547,Parbhani,Chhattisgarh,Central,New,2025-03-08
3978,Bhavna Magar,lucky82@example.net,+918325512669,Karawal Nagar,Haryana,North,New,2026-06-16
3979,Reva Dugar,hgoyal@example.org,09086602296,Srinagar,Assam,East,Premium,2025-05-15
3980,Chanakya Dada,anvibhasin@example.com,0341760971,Panchkula,Himachal Pradesh,North,Regular,2024-05-10
3981,Tarak Venkatesh,bmishra@example.com,00420866478,Maheshtala,Jharkhand,East,Occasional,2024-08-22
3982,Zaid Atwal,dixitkai@example.com,4153543187,Sri Ganganagar,Madhya Pradesh,West,Regular,2024-02-28
3983,Nicholas Din,rayliam@example.net,09322408407,Chapra,Gujarat,West,New,2025-10-23
3984,Alka Buch,pdey@example.org,02874402913,Bhavnagar,Jammu & Kashmir,Central,Regular,2023-06-17
3985,Pallavi Bahri,pranitdasgupta@example.net,+916580643855,Kolhapur,Rajasthan,North,Premium,2023-04-04
3986,Netra Keer,varugheseayushman@example.com,3097690463,Lucknow,Madhya Pradesh,West,Regular,2025-03-21
3987,Viraj Chopra,warinder77@example.com,+913594095332,Shahjahanpur,Telangana,South,New,2024-09-23
3988,Anirudh Ramaswamy,daksha33@example.net,9025471278,Singrauli,West Bengal,East,Regular,2023-06-14
3989,Dayamai Patla,ysubramanian@example.net,6892685512,Meerut,Goa,West,Regular,2024-03-20
3990,Harshil Wable,oviyabhalla@example.com,+917055456515,Hubli–Dharwad,Jammu & Kashmir,Central,Premium,2025-10-04
3991,Patrick Kannan,tborra@example.com,+919413822581,Visakhapatnam,Goa,West,Regular,2026-03-04
3992,Ikbal Dara,padmanabhanbakhshi@example.net,04281645808,Visakhapatnam,Bihar,East,Occasional,2022-12-21
3993,Upkaar Narula,harrison97@example.org,03445565824,Erode,Himachal Pradesh,North,New,2025-04-21
3994,Diya Warrior,ishanvi97@example.org,+910501160026,Bhimavaram,Andhra Pradesh,South,Premium,2024-12-24
3995,Tara Talwar,ldara@example.org,+912976377555,Bihar Sharif,Jammu & Kashmir,Central,Regular,2024-06-19
3996,Hemang Gulati,craja@example.org,+916253522938,Rourkela,Odisha,East,Regular,2025-09-09
3997,Vamakshi Iyer,moak@example.org,7275131586,Lucknow,Odisha,East,Premium,2026-04-12
3998,Samesh Viswanathan,vamakshi78@example.com,00794539341,Udaipur,Karnataka,South,Regular,2024-08-13
3999,Chandani Ray,ekiyabawa@example.com,6720647405,Pune,Assam,East,New,2023-07-17
4000,Diya Arora,routaadi@example.com,07047871237,Miryalaguda,Kerala,South,Regular,2023-07-25
4001,Janaki Suresh,wvenkataraman@example.com,02965399909,Anantapuram,Telangana,South,New,2024-08-09
4002,Watika Sarna,gopal68@example.com,04489961516,Pune,Tamil Nadu,South,Premium,2024-08-13
4003,Aachal Mander,janujawason@example.org,01006707603,Ambarnath,Rajasthan,North,Premium,2024-12-23
4004,Azad Shanker,avnichahal@example.com,+917421281330,New Delhi,Tamil Nadu,South,Premium,2023-07-23
4005,Jagdish Bhakta,xpandey@example.org,04126002674,Anand,Haryana,North,Regular,2025-12-20
4006,Aarini De,rajagopalmatthew@example.com,8782028253,Karnal,Uttarakhand,Central,New,2024-04-02
4007,Manthan Dubey,murthyranbir@example.net,08030251571,Rajkot,Chhattisgarh,Central,New,2025-12-29
4008,Chameli Rout,mdoshi@example.net,+914418507113,Hapur,West Bengal,East,New,2025-03-04
4009,Rajata Koshy,bina76@example.com,4885476206,Anantapuram,Punjab,North,New,2022-11-23
4010,Vedhika Kala,rbadal@example.org,+919761743264,Ongole,Goa,West,Regular,2025-12-05
4011,Jagvi Patil,masterikshita@example.net,5018299909,Hyderabad,Kerala,South,New,2023-04-17
4012,Daksh Garde,lkorpal@example.net,+910199073948,Farrukhabad,Haryana,North,New,2026-07-27
4013,Balhaar Sampath,sethivaishnavi@example.org,7297034505,Varanasi,Tamil Nadu,South,Regular,2022-08-12
4014,Zayyan Ratta,sarthak97@example.com,+912577983042,Panipat,Uttarakhand,Central,Regular,2023-05-05
4015,Yashoda Dyal,wriddhishganguly@example.org,+910193868226,Malegaon,Jammu & Kashmir,Central,New,2023-12-24
4016,Osha Chaudhry,manirehaan@example.com,+914756297882,Raurkela Industrial Township,West Bengal,East,Regular,2023-08-30
4017,Ekavir Wali,brinda46@example.net,+914883563471,Begusarai,Uttarakhand,Central,Regular,2024-01-20
4018,Hitesh Sodhi,dchadha@example.net,6965406500,Davanagere,Jammu & Kashmir,Central,New,2025-05-08
4019,Chavvi Chacko,bahadurjit77@example.org,02105435137,Guna,Himachal Pradesh,North,Premium,2024-03-08
4020,Vritti Dixit,harshbhargava@example.net,0778585991,Kottayam,Karnataka,South,Premium,2023-08-10
4021,Jacob Shere,zsanghvi@example.org,+918347862646,Tenali,Karnataka,South,Regular,2025-02-12
4022,Charles Bhavsar,vbains@example.org,+915090786114,Madhyamgram,Andhra Pradesh,South,New,2023-02-12
4023,Anmol Kashyap,ucchal00@example.net,+916374646225,Sultan Pur Majra,Goa,West,Regular,2024-06-11
4024,Radhika Ganesh,kibetarak@example.net,5930168497,Mango,Rajasthan,North,New,2023-09-20
4025,Janaki Subramanian,jagdish17@example.org,04034287567,Gorakhpur,Tamil Nadu,South,Regular,2022-11-22
4026,Champak Dash,yrajagopalan@example.org,+917912615409,Rewa,Gujarat,West,New,2025-09-19
4027,Abdul Karnik,chanchaldara@example.org,+913345393174,Asansol,Punjab,North,New,2025-03-04
4028,Janaki Thaker,chadjalsa@example.net,7913678953,Medininagar,Uttarakhand,Central,Premium,2023-01-03
4029,Madhavi Khosla,qdeol@example.net,+917297131158,Khammam,Kerala,South,Premium,2023-03-25
4030,Simon Mallick,girikdalal@example.org,+918288291454,Varanasi,Kerala,South,New,2022-10-28
4031,Barkha Kothari,peterchander@example.org,09543244392,Allahabad,Jharkhand,East,Premium,2025-05-10
4032,Aryan Narayanan,madancharles@example.net,1672336935,Varanasi,Goa,West,Premium,2024-08-05
4033,Yochana Prakash,nadigtejas@example.com,3567941540,Gurgaon,West Bengal,East,Regular,2024-08-01
4034,Aradhana Pillai,nimrat37@example.net,+911871513006,Sagar,Jharkhand,East,Occasional,2023-01-07
4035,Gopal Gill,krishnadixit@example.net,+916181579776,Mira-Bhayandar,Bihar,East,New,2022-10-06
4036,Yachana Mutti,sethiayushman@example.net,4755230335,Vasai-Virar,Uttar Pradesh,North,Premium,2023-06-21
4037,Oliver Ahluwalia,chauhanjackson@example.net,+914934158221,Gwalior,West Bengal,East,Regular,2023-05-15
4038,Faqid Chauhan,zachariahaadi@example.net,8950665935,Bareilly,Gujarat,West,New,2025-10-24
4039,Dalbir Bajwa,mitrainaya@example.org,8606892174,Pallavaram,Madhya Pradesh,West,Premium,2025-08-20
4040,Vasana Krishnamurthy,oscar24@example.net,4989763916,Nashik,Tamil Nadu,South,Regular,2025-09-08
4041,Bhavya Butala,rnanda@example.net,00152950635,Bhubaneswar,Chhattisgarh,Central,New,2024-07-09
4042,Sachi Vora,tristan04@example.com,06759818632,Bhagalpur,Maharashtra,West,Premium,2025-04-24
4043,Abhiram Yadav,gaurav12@example.com,08162698520,Purnia,Odisha,East,New,2023-06-16
4044,Abhimanyu Nath,madhavbhatt@example.net,04656382569,Sangli-Miraj & Kupwad,Madhya Pradesh,West,New,2025-06-11
4045,Maya Chand,ysachdev@example.net,+913891020874,Akola,Madhya Pradesh,West,Regular,2025-11-25
4046,Oni Natarajan,basakzaid@example.org,0857882584,Udaipur,Haryana,North,Premium,2024-11-16
4047,Ishani Date,settywishi@example.com,6025637811,Giridih,Kerala,South,Premium,2022-09-10
4048,Manthan Sathe,orindertella@example.com,07797484085,Bokaro,Haryana,North,Regular,2022-11-02
4049,Gabriel Wable,revadin@example.com,+916576829967,Nagaon,Telangana,South,New,2024-11-03
4050,Henry Shenoy,ctoor@example.com,+918878925986,Bhatpara,Chhattisgarh,Central,New,2023-05-15
4051,Jairaj Parmar,jatin57@example.org,06269672892,Shivpuri,Rajasthan,North,Premium,2025-07-24
4052,Gaurangi Nayar,lallraagini@example.com,9831430995,Kozhikode,Telangana,South,Premium,2024-06-06
4053,Hitesh Patil,chakradharnarain@example.net,6548338806,Moradabad,Punjab,North,Regular,2023-01-18
4054,Waida Mane,janujabutala@example.net,6975667175,Dewas,Odisha,East,New,2025-03-07
4055,Tanmayi Panchal,ychokshi@example.org,9347495004,Rajkot,Chhattisgarh,Central,New,2026-04-02
4056,Daksh Andra,mbansal@example.org,09843634861,Haldia,Chhattisgarh,Central,Regular,2024-11-27
4057,Reyansh Master,kundamaya@example.net,3841370787,Berhampur,Karnataka,South,New,2023-12-21
4058,Charan Chahal,dominic18@example.org,00606821797,Darbhanga,Gujarat,West,Regular,2026-04-15
4059,Xalak Bahri,widisha42@example.org,00080001826,Silchar,Kerala,South,Regular,2026-02-27
4060,Jacob Dara,rajagopalvarsha@example.org,9090423266,Parbhani,Telangana,South,New,2023-05-26
4061,Dayamai Nigam,lankabahadurjit@example.net,09425922021,Khammam,Delhi,North,New,2024-02-05
4062,Atharv Sodhi,rlala@example.org,09325618370,Tiruvottiyur,Chhattisgarh,Central,Premium,2025-12-10
4063,Damini Mukhopadhyay,samapallavi@example.org,+914598484716,Bidar,Maharashtra,West,Regular,2024-07-17
4064,Wakeeta Nagy,rgarde@example.net,08141550145,Kanpur,West Bengal,East,Regular,2025-09-16
4065,Amol Chandra,pgupta@example.org,05911286131,Phagwara,Tamil Nadu,South,Regular,2022-08-30
4066,Sara Banik,salviayush@example.org,01995942535,Karimnagar,Punjab,North,New,2024-01-20
4067,Akshay Mital,ayushrama@example.com,9954408099,Karaikudi,Kerala,South,New,2023-08-15
4068,Zarna Dey,nattdamini@example.net,6308397725,Hosur,Delhi,North,Premium,2025-03-11
4069,Rishi Nayak,chasmumbrar@example.org,+916398649354,Guntakal,Maharashtra,West,Regular,2026-06-26
4070,Advik Sem,eiravati45@example.org,8223409170,Shivpuri,Jammu & Kashmir,Central,Occasional,2025-03-30
4071,Simon Vora,priyatank@example.net,+918275987680,Ramgarh,Himachal Pradesh,North,Premium,2026-04-04
4072,Chakradev Parekh,kashyapikbal@example.com,09299338634,Dibrugarh,Gujarat,West,New,2024-12-20
4073,Udarsh Rajagopalan,keyadoctor@example.net,08498114575,Rajahmundry,Odisha,East,Regular,2024-09-04
4074,Ayushman Peri,shankercharvi@example.com,+911524718710,Nagpur,Haryana,North,Regular,2026-06-02
4075,Aarav Ben,haritadeol@example.net,05172863249,Jamalpur,Tamil Nadu,South,Regular,2025-11-02
4076,Panini Barad,divanyashasvi@example.com,5582814617,Nandyal,Uttarakhand,Central,Regular,2024-09-14
4077,Jackson Kadakia,hdass@example.com,2836069668,Chandrapur,Maharashtra,West,Regular,2022-09-29
4078,Bhavna Kibe,sethrishi@example.org,+912062480727,Bellary,Goa,West,Premium,2024-12-06
4079,Leena Kakar,yadavisuresh@example.net,03420502409,Nagercoil,Jammu & Kashmir,Central,Regular,2024-01-15
4080,Bhavani Pall,hayresiya@example.org,00926925261,Serampore,Punjab,North,New,2022-10-14
4081,Aadhya Chadha,pranavtripathi@example.com,+910213613999,Dhule,Assam,East,New,2022-12-19
4082,Yamini Sawhney,bimala51@example.org,+917607866076,Tumkur,Gujarat,West,Premium,2023-04-09
4083,Aarush Setty,takvrinda@example.org,+915992331289,Bhiwandi,Punjab,North,New,2025-05-15
4084,Aarnav Palan,joshua31@example.org,2625748946,Shimla,Goa,West,Premium,2022-12-27
4085,Eshana Oommen,patilsiya@example.com,1943425482,Bangalore,Himachal Pradesh,North,Regular,2023-11-29
4086,Dev Buch,damini94@example.com,5046534254,Saharanpur,Tamil Nadu,South,Regular,2024-11-21
4087,Vedant Dua,kagate@example.net,04805796873,Hapur,Karnataka,South,New,2025-11-04
4088,Harish Venkatesh,frana@example.org,+919763028665,Bharatpur,Gujarat,West,Regular,2023-04-22
4089,Irya Shetty,savantnathan@example.org,08688238551,Kota,Madhya Pradesh,West,Premium,2025-08-07
4090,Zayyan Raval,psarma@example.org,8048081272,Alwar,Chhattisgarh,Central,Regular,2022-09-26
4091,Benjamin Buch,chakrabortyjasmit@example.com,03110848557,Madanapalle,Goa,West,Regular,2024-06-10
4092,Zarna Chaudhuri,zashilbahl@example.org,07669648461,Srikakulam,Bihar,East,Regular,2025-07-12
4093,Ishaan Mistry,om97@example.net,+917304311387,Chennai,Jammu & Kashmir,Central,Regular,2023-01-24
4094,Elijah Agate,echeema@example.org,05997177721,Eluru,Haryana,North,New,2026-06-21
4095,Farhan Ramachandran,ekanioommen@example.org,05479728089,Shimla,Uttarakhand,Central,Premium,2023-11-03
4096,Ijaya Sanghvi,ramanathansai@example.com,5014810270,Sikar,Bihar,East,Regular,2023-04-09
4097,Nidra Pandey,erao@example.net,0527237543,Farrukhabad,Maharashtra,West,Occasional,2026-04-30
4098,Daksh Dani,orinder60@example.com,08699358839,Suryapet,Maharashtra,West,Regular,2024-08-14
4099,Sara Choudhury,uratta@example.net,1444503231,Firozabad,Uttar Pradesh,North,Premium,2025-10-28
4100,Aadhya Dutt,ilalla@example.net,08915965458,Ongole,Uttar Pradesh,North,Regular,2025-04-23
4101,Qarin Bajaj,ishwar68@example.net,+919424185048,Hyderabad,Delhi,North,New,2023-07-15
4102,Megha Tailor,vorawarda@example.com,+914082833009,Nandyal,Gujarat,West,Premium,2024-04-05
4103,Ekanta Dua,edhithatak@example.org,+916721825715,Pallavaram,Uttarakhand,Central,Regular,2023-07-17
4104,Varsha Narasimhan,nidrakaran@example.net,08690361843,Jorhat,Uttarakhand,Central,Regular,2023-08-07
4105,Yutika Guha,nishaborah@example.net,07178300305,Tirupati,West Bengal,East,Regular,2023-04-26
4106,Ekanta Raval,hmohan@example.org,8758331839,Bikaner,Odisha,East,Premium,2023-09-06
4107,Eta Swamy,mohammedahuja@example.net,+916162287947,Chandigarh,Uttarakhand,Central,Premium,2026-06-20
4108,Yashasvi Dave,menonisaac@example.com,+911336288570,Serampore,Karnataka,South,Regular,2022-11-19
4109,Urmi Chokshi,kpall@example.net,03026698032,Bhagalpur,Telangana,South,Occasional,2024-12-03
4110,Radha Rajagopalan,anshbir@example.org,04128391756,Kakinada,Assam,East,Premium,2025-01-02
4111,Chakradhar Walla,kalpitanne@example.net,07301924907,Sasaram,Madhya Pradesh,West,Regular,2025-10-22
4112,Arunima Chaudhary,tarakpandit@example.com,02071901473,Kolhapur,Bihar,East,Regular,2024-11-13
4113,Oscar Bawa,advaith90@example.net,+915174898622,Vellore,Maharashtra,West,Regular,2024-08-07
4114,Vasana Konda,pmaharaj@example.net,9415235982,Bhavnagar,Karnataka,South,Premium,2024-11-22
4115,Ekaraj Ramesh,gpillay@example.com,+917477234366,Ichalkaranji,Haryana,North,New,2026-03-23
4116,Raagini Nayak,kallawridesh@example.com,+914680152765,Singrauli,Tamil Nadu,South,Premium,2024-06-22
4117,Balhaar Sha,yachana56@example.net,3963229919,Naihati,West Bengal,East,Regular,2022-10-03
4118,Krisha Keer,tejas39@example.net,01236306193,Bhind,Gujarat,West,Regular,2025-07-21
4119,Meghana Dar,uwarrior@example.org,1871669934,Pimpri-Chinchwad,Chhattisgarh,Central,Regular,2025-05-10
4120,Lavanya Sura,aishanidave@example.com,02078427171,Bahraich,Uttar Pradesh,North,Regular,2024-01-06
4121,Mugdha Mody,vsastry@example.org,03648936175,Orai,Goa,West,Regular,2026-03-15
4122,Agastya Bhargava,jyotichokshi@example.net,2816025334,Coimbatore,Goa,West,Premium,2024-10-16
4123,Aarav Garg,bahadurjitborah@example.org,2160922893,Mumbai,Tamil Nadu,South,Premium,2026-03-25
4124,Owen Sahota,wrideshdixit@example.net,+913002328521,Agartala,Himachal Pradesh,North,Regular,2025-10-06
4125,Lopa Devi,anikachandra@example.com,08600649882,Malda,Kerala,South,Premium,2022-08-24
4126,Aryan Gara,gillubika@example.com,9904508202,Mira-Bhayandar,Telangana,South,Premium,2025-07-20
4127,Vritti Edwin,tanay98@example.org,7453740126,Pudukkottai,Goa,West,Premium,2024-07-22
4128,Omaja Master,lukeandra@example.com,09312483827,Pali,Jammu & Kashmir,Central,Regular,2022-10-07
4129,Daksha Nazareth,qkhanna@example.net,5413236616,Arrah,Jammu & Kashmir,Central,Occasional,2025-04-17
4130,Azad Bir,rkalla@example.net,+914945204524,Allahabad,Karnataka,South,Regular,2023-05-22
4131,Odika Swamy,zarnauppal@example.net,+917613187639,Ramagundam,Karnataka,South,Regular,2024-02-13
4132,Arjun Garg,abhiramdutt@example.net,07886951270,Unnao,Chhattisgarh,Central,Regular,2025-08-30
4133,Vasudha Halder,kaulzilmil@example.org,+910003901108,Dhanbad,Maharashtra,West,Regular,2022-09-25
4134,Om Chowdhury,horavasana@example.net,+915141789265,Pimpri-Chinchwad,Uttar Pradesh,North,Premium,2025-01-09
4135,Meera Goda,liam95@example.net,05387097915,Kozhikode,Madhya Pradesh,West,New,2026-01-03
4136,Jagvi Iyengar,zinalkaran@example.com,+915875449632,Saharanpur,Odisha,East,Premium,2023-05-10
4137,Nidhi Bhardwaj,vedhika29@example.com,4220900143,Thane,Uttar Pradesh,North,Premium,2023-11-07
4138,Darsh Sathe,sankartripti@example.net,+914302419350,Uluberia,Madhya Pradesh,West,New,2022-11-24
4139,Samarth Kannan,xalak41@example.com,+918134288151,Mango,Odisha,East,New,2023-09-30
4140,Aditya Nanda,ucchalcherian@example.net,05728768418,Bhusawal,Assam,East,Regular,2025-09-25
4141,Lipika Contractor,meeradhar@example.com,+914191739593,Guntakal,Chhattisgarh,Central,Occasional,2023-02-25
4142,Amaira Bala,ekaja46@example.org,2182700626,Bareilly,Bihar,East,New,2024-02-22
4143,Chandani Mishra,csahota@example.net,07989896286,Jalna,Uttarakhand,Central,Premium,2026-03-07
4144,Rudra Verma,nachiket58@example.net,+914962525580,Gorakhpur,West Bengal,East,Premium,2023-07-16
4145,Timothy Nayak,dhruvhayer@example.org,+915214857517,Noida,Goa,West,Regular,2025-12-12
4146,Qasim Roy,farhansem@example.net,+911457265425,Singrauli,Jharkhand,East,New,2025-11-20
4147,Adya Rattan,darapallavi@example.org,1074525486,Ozhukarai,Jharkhand,East,Regular,2022-08-16
4148,Eta Choudhry,bawaandrew@example.org,+916154710578,Ghaziabad,Chhattisgarh,Central,Regular,2022-10-15
4149,Henry Jha,chakrabartidayamai@example.net,+917100366606,Saharanpur,Tamil Nadu,South,Regular,2023-08-31
4150,Dhruv Panchal,gayathri60@example.com,5599152427,Allahabad,Assam,East,Regular,2024-12-22
4151,Harsh Puri,nayarronith@example.net,6443162300,Chennai,Uttarakhand,Central,Regular,2025-03-13
4152,Indali Garde,vyasnathan@example.org,00968888311,Guntakal,Odisha,East,Premium,2022-09-27
4153,Yashodhara Sabharwal,ireddy@example.com,04121917062,Bhubaneswar,Rajasthan,North,Regular,2024-05-03
4154,Jonathan Sachar,hegdematthew@example.org,+913902915425,Jamnagar,Jharkhand,East,Regular,2024-09-26
4155,Harsh Choudhary,ishwarbali@example.com,7012442360,Imphal,Odisha,East,Premium,2024-10-07
4156,Wahab Gola,jasonseth@example.org,+913209554093,Berhampur,Chhattisgarh,Central,New,2024-05-17
4157,Yashvi Zachariah,rcherian@example.net,+913066569300,Shahjahanpur,Madhya Pradesh,West,Premium,2026-06-10
4158,Ekaja Narula,ysengupta@example.org,+914282334430,Fatehpur,Maharashtra,West,Regular,2024-10-09
4159,Orinder Sundaram,advaypalan@example.org,3954149161,Vijayawada,Rajasthan,North,New,2022-12-29
4160,Manan Nagar,mchana@example.com,+913268625137,Asansol,Karnataka,South,New,2023-04-01
4161,Aayush Pant,ishita90@example.net,08310344694,Howrah,Tamil Nadu,South,Regular,2024-08-17
4162,Baghyawati Thakkar,champaksom@example.net,08127888901,Siliguri,Delhi,North,Regular,2026-07-03
4163,Gaurang Behl,mgara@example.com,02052030657,Ulhasnagar,Haryana,North,Regular,2024-05-02
4164,Irya Johal,bhavyatoor@example.org,8013604947,Bikaner,Uttarakhand,Central,Occasional,2024-12-28
4165,Patrick Nayar,pratyush71@example.net,8045769229,Sangli-Miraj & Kupwad,Telangana,South,New,2023-02-14
4166,Vaishnavi Bahl,hdugal@example.com,09995905304,Korba,Odisha,East,New,2024-02-16
4167,Upadhriti Mital,ramaswamyyug@example.net,5907009740,Sambalpur,Telangana,South,New,2025-11-19
4168,Teerth Narain,bakshiabhimanyu@example.net,+913186839859,Rohtak,Assam,East,Regular,2023-08-19
4169,Yagnesh Ramaswamy,oramachandran@example.net,+918900918073,Bareilly,Madhya Pradesh,West,New,2025-07-20
4170,Jatin Magar,surisamarth@example.com,6071775450,Mirzapur,Delhi,North,Regular,2024-10-26
4171,Yahvi Sane,menonvrishti@example.com,9001388597,Madurai,Chhattisgarh,Central,New,2026-07-29
4172,Zaid Grover,dalalvinaya@example.org,5946696147,Buxar,Uttar Pradesh,North,Regular,2025-01-26
4173,Mahika Loke,karayug@example.net,02954005453,Tirupati,Assam,East,Regular,2023-06-16
4174,Bhavika Khosla,sahotanimrat@example.com,+918999403640,Adoni,Uttarakhand,Central,Regular,2023-03-08
4175,Rachita Toor,nkamdar@example.org,02100385894,Bikaner,Haryana,North,Regular,2024-11-29
4176,Garima Prabhakar,nagioscar@example.org,8362308172,Pune,West Bengal,East,Regular,2025-01-06
4177,Qushi Chakrabarti,anyadave@example.org,04156820727,Aurangabad,Jammu & Kashmir,Central,Regular,2026-08-08
4178,Christopher Dara,lekhasamra@example.org,3674086560,Dehradun,Maharashtra,West,Regular,2025-07-21
4179,Hema Swaminathan,kapoorchanchal@example.net,+915534176079,Singrauli,Uttar Pradesh,North,New,2026-04-21
4180,Omya Dasgupta,rachit09@example.net,06347774154,Thiruvananthapuram,Kerala,South,Premium,2024-08-19
4181,Chasmum Mishra,bansalgagan@example.org,0291439420,Rampur,Uttar Pradesh,North,New,2025-04-09
4182,Ekansh Nayak,tanvi20@example.com,05227192680,Serampore,Kerala,South,Premium,2024-09-28
4183,Lila Shankar,varghesewarinder@example.org,8806973382,Danapur,Kerala,South,New,2022-10-06
4184,Riya Dora,hamsinigopal@example.net,8151369928,Navi Mumbai,Karnataka,South,Regular,2025-07-14
4185,Arjun Gola,urishillasethi@example.org,03134551638,Mangalore,Goa,West,Regular,2025-08-10
4186,Ishwar Baria,ubika54@example.net,8111809816,Bangalore,Telangana,South,Regular,2024-10-02
4187,Jacob Dugal,mistryveda@example.org,03840115403,Mau,Karnataka,South,Regular,2025-09-09
4188,Christopher Bhat,vbaral@example.com,+910962771869,Jorhat,Karnataka,South,Occasional,2025-03-20
4189,Daniel Choudhry,btalwar@example.org,00949274537,Rewa,Jharkhand,East,Regular,2026-05-08
4190,Noah Randhawa,raumaanas@example.net,+914179588303,Mau,Goa,West,Premium,2025-03-29
4191,Tanveer Sawhney,cramaswamy@example.org,+918550384710,Hazaribagh,Assam,East,Regular,2022-10-30
4192,Rishi Borde,bkota@example.com,+913101094597,Vasai-Virar,Tamil Nadu,South,Occasional,2025-05-17
4193,Ikbal Gandhi,tataudant@example.org,1634811050,Surendranagar Dudhrej,Uttarakhand,Central,Regular,2023-09-03
4194,Ganga Sarma,bgera@example.org,5843612735,Tinsukia,Chhattisgarh,Central,Occasional,2025-11-12
4195,Bina Hayer,michael28@example.org,5762362391,Vasai-Virar,Goa,West,Premium,2025-05-28
4196,Harinakshi Agate,dayitawalla@example.net,5525687088,Katni,Bihar,East,Regular,2025-12-08
4197,Inaya Srinivasan,yahvidin@example.org,04137282912,Gwalior,Jammu & Kashmir,Central,New,2025-07-28
4198,Vincent Choudhry,znatt@example.net,0068411602,Rajkot,West Bengal,East,Premium,2024-04-23
4199,Hitesh Devan,darika72@example.org,7484893698,Warangal,Kerala,South,Regular,2023-05-01
4200,Chakradhar Cheema,kashvisibal@example.net,8137421415,Lucknow,West Bengal,East,Occasional,2023-04-28
4201,Kevin Das,latanetra@example.org,09899261104,Shivpuri,Jammu & Kashmir,Central,Premium,2025-01-09
4202,Ikbal Mangal,ryan40@example.com,+911368194575,Mirzapur,Gujarat,West,Premium,2025-10-10
4203,Diya Prabhakar,ldass@example.com,00552411087,Anantapur,Odisha,East,Premium,2023-04-29
4204,Omkaar Gera,bimalarout@example.com,+919725483545,Malda,Chhattisgarh,Central,Regular,2023-11-29
4205,Sarthak Mital,gautami00@example.org,+910972967828,Burhanpur,Himachal Pradesh,North,Regular,2023-05-29
4206,Yauvani Narang,luthrabenjamin@example.com,+910943410230,Thiruvananthapuram,Uttar Pradesh,North,Regular,2022-12-13
4207,Ekaraj Konda,lopakhurana@example.org,8868496668,Karawal Nagar,Odisha,East,Premium,2022-10-30
4208,Yauvani Dash,wriddhish91@example.org,+911904360569,Agartala,Uttar Pradesh,North,Occasional,2023-06-20
4209,Nitara Mitter,aarini69@example.com,02110670990,Dhule,Bihar,East,Premium,2025-11-02
4210,Veer Garg,vchakraborty@example.org,8710404464,Berhampur,Tamil Nadu,South,Regular,2025-04-21
4211,Lohit Varughese,balvan14@example.net,09790573580,Agartala,Uttarakhand,Central,Premium,2024-11-14
4212,Yagnesh Cheema,sachiparikh@example.org,+916921539005,Erode,Madhya Pradesh,West,Premium,2023-01-29
4213,Bhavika Thakur,sehgalchristopher@example.org,3039375813,Salem,Kerala,South,New,2025-08-18
4214,Gaurav Sharaf,manebhanumati@example.net,07181341029,Junagadh,Uttarakhand,Central,Premium,2026-03-08
4215,Guneet Natarajan,ojasvibose@example.org,07076967025,Bikaner,Goa,West,Regular,2023-02-10
4216,Upma Srivastava,nakulrao@example.net,5781052894,Alappuzha,Telangana,South,Regular,2024-08-18
4217,Vivaan Borah,kamya25@example.com,06787905411,Nadiad,Goa,West,Occasional,2026-01-28
4218,Gabriel Parmar,bhavyabail@example.net,02426996969,Bulandshahr,Maharashtra,West,Regular,2025-02-23
4219,Advaith Behl,gghosh@example.org,00413796404,Kalyan-Dombivli,Kerala,South,New,2024-10-22
4220,Dalaja Chandran,khareekaraj@example.org,+915577018307,Pudukkottai,Chhattisgarh,Central,Occasional,2023-07-05
4221,Yamini Golla,hiral60@example.net,9432013022,Jehanabad,Chhattisgarh,Central,Regular,2026-07-08
4222,Idika Madan,koshykashvi@example.com,+913384472781,Bhubaneswar,West Bengal,East,Occasional,2025-11-18
4223,Dhriti Srinivasan,kalachada@example.com,4960660766,Shivpuri,Bihar,East,New,2025-02-22
4224,Anita Kadakia,nidhi83@example.com,5497515798,Nagpur,Madhya Pradesh,West,Regular,2022-12-30
4225,Manbir Sami,zkhanna@example.org,03017982109,Belgaum,Himachal Pradesh,North,Regular,2023-12-12
4226,Viraj Gola,keya83@example.com,01161065151,Kottayam,Kerala,South,Regular,2024-09-25
4227,Nitesh Sagar,ronithraghavan@example.com,8349960520,Bongaigaon,Karnataka,South,New,2023-04-01
4228,Edhitha Dhillon,rshukla@example.net,+913885158694,Pudukkottai,Maharashtra,West,New,2024-12-05
4229,Faras Wadhwa,farissibal@example.net,+917661545806,Saharsa,Telangana,South,New,2023-11-18
4230,Avi Buch,odikamurthy@example.org,+912016357691,Machilipatnam,West Bengal,East,Premium,2024-06-27
4231,Qabil Narula,lavanya84@example.org,+912289853541,Sambalpur,West Bengal,East,Premium,2023-12-05
4232,Zashil Gokhale,oshenoy@example.com,+912515310430,Jalna,Gujarat,West,Occasional,2022-10-08
4233,Gaurav Bandi,gardeekiya@example.net,+914754769171,Hapur,Madhya Pradesh,West,New,2023-12-22
4234,Ekansh Tripathi,nitara91@example.com,+918471271992,Tirunelveli,Punjab,North,Regular,2025-01-04
4235,Frederick Zacharia,myohannan@example.org,+913065597613,Tiruvottiyur,Andhra Pradesh,South,New,2025-12-19
4236,Aayush Dube,sachisaraf@example.org,7700128085,Jabalpur,Jharkhand,East,Premium,2023-03-03
4237,Anika Kota,ishwarchanda@example.net,9683540525,Rohtak,Chhattisgarh,Central,Regular,2024-07-15
4238,Arjun Om,nmohanty@example.org,0088950915,Mangalore,Chhattisgarh,Central,Regular,2022-09-13
4239,Aarush Sankar,nitaragarde@example.org,8225053865,Tiruchirappalli,Chhattisgarh,Central,New,2024-09-25
4240,Diya Lata,mitesh09@example.com,+918444620424,Panchkula,Odisha,East,Regular,2023-02-28
4241,Rachit Sem,gagankibe@example.net,2118082938,Berhampore,Rajasthan,North,Premium,2025-04-24
4242,Hemal Shanker,chakradevkaul@example.org,+916515567337,Srinagar,Maharashtra,West,Premium,2023-10-13
4243,Lakshit Sarna,usundaram@example.com,5973246057,Karnal,Andhra Pradesh,South,Regular,2022-10-26
4244,Gautam Chandran,gangaanne@example.net,08368251702,Nagercoil,Kerala,South,Regular,2022-09-08
4245,Manbir Prashad,bkumer@example.net,3443222837,Aurangabad,Jharkhand,East,New,2025-05-26
4246,Abhiram Goyal,lkade@example.org,+914484000453,Tumkur,Gujarat,West,Regular,2026-07-25
4247,Qasim Gara,gdeol@example.org,02724334772,Bilaspur,Madhya Pradesh,West,Regular,2023-10-12
4248,Bhavini Khatri,zrajagopal@example.org,8255994848,Mehsana,Gujarat,West,Regular,2026-04-14
4249,Janya Pillay,xsaraf@example.net,9413008710,Siliguri,Chhattisgarh,Central,Premium,2024-02-05
4250,Imaran Ramesh,hritiktiwari@example.org,4464956656,Hyderabad,Haryana,North,New,2023-07-19
4251,Wakeeta Sandhu,atimunshi@example.org,+910961273485,Khora ,Himachal Pradesh,North,New,2023-05-24
4252,Chanchal Borde,chanchal26@example.com,4953705754,Gwalior,Uttar Pradesh,North,Regular,2025-11-16
4253,Damyanti Madan,omadvik@example.org,+912951858976,Aurangabad,Jammu & Kashmir,Central,Regular,2024-01-07
4254,Indira Ahluwalia,mukherjeedavid@example.net,06991574800,Dibrugarh,Maharashtra,West,Premium,2024-03-24
4255,Caleb Vohra,dubeykrisha@example.com,8224909342,Agartala,Madhya Pradesh,West,New,2025-06-20
4256,Yamini Merchant,knagi@example.org,1551562499,Unnao,Jharkhand,East,Regular,2026-06-15
4257,Krishna Banerjee,samuel01@example.com,+914263759972,Pali,Rajasthan,North,New,2023-03-16
4258,Yashoda Om,broy@example.com,+915759975392,Katihar,Goa,West,New,2025-04-13
4259,Aachal Baria,avni84@example.com,5291893580,Bongaigaon,Assam,East,Occasional,2024-11-09
4260,Chandresh Sawhney,rdevan@example.org,04260244211,Ambattur,Uttar Pradesh,North,Occasional,2026-06-08
4261,Lekha Dube,plala@example.net,6848507013,Kolhapur,Uttarakhand,Central,New,2025-10-21
4262,Vedant Nair,arjun44@example.net,0571062080,Delhi,Uttar Pradesh,North,Regular,2026-01-02
4263,Charan Kunda,dhawanjanaki@example.net,6049602250,Ludhiana,Uttarakhand,Central,Regular,2023-02-03
4264,Yadavi Nair,nihal61@example.com,+918270261259,Gandhidham,Jammu & Kashmir,Central,New,2023-02-20
4265,Nidra Agrawal,chakradev27@example.org,3010084952,Bhilwara,Maharashtra,West,Premium,2025-01-29
4266,Siddharth Patla,upadhyaysimon@example.com,5764947897,Kharagpur,Delhi,North,New,2022-10-11
4267,Fiyaz Ravel,royaarna@example.com,06326631882,Ambala,Goa,West,Regular,2025-08-02
4268,Lavanya Doctor,kamala84@example.net,01662635754,Ozhukarai,Jammu & Kashmir,Central,Regular,2026-02-08
4269,Azaan Pal,isaiah68@example.org,+911421472380,Sangli-Miraj & Kupwad,Goa,West,New,2023-05-07
4270,Eshana Natarajan,arya02@example.com,01243205892,Fatehpur,Rajasthan,North,Regular,2024-07-11
4271,Advika Doctor,gsarin@example.net,3676348528,Ulhasnagar,Odisha,East,Regular,2025-03-15
4272,Yochana Amble,girishdoctor@example.org,+913279685596,Sangli-Miraj & Kupwad,Goa,West,Regular,2025-03-14
4273,Vamakshi Suri,apteoliver@example.net,+910593903064,Gandhinagar,Rajasthan,North,Regular,2022-12-09
4274,Nitesh Butala,quincy90@example.com,3401077250,Bhilai,Rajasthan,North,New,2024-09-25
4275,Hamsini Kalla,saniaarav@example.net,03829135394,Kochi,Karnataka,South,Regular,2026-01-19
4276,Luke Sibal,owen93@example.org,+917561363115,Narasaraopet,Uttar Pradesh,North,New,2024-10-16
4277,Jalsa Modi,shankerdarpan@example.net,5576341625,Bhubaneswar,Madhya Pradesh,West,New,2026-01-05
4278,Amaira Balakrishnan,shauryaseshadri@example.org,3045741298,Jaipur,Jharkhand,East,New,2026-06-11
4279,Vaishnavi Srinivasan,nayakaashi@example.org,03170277721,Kottayam,Telangana,South,Premium,2025-09-23
4280,Mitesh Zacharia,jtrivedi@example.com,00031235483,Bidar,Delhi,North,Regular,2025-01-01
4281,Utkarsh Puri,jchowdhury@example.org,+913953021559,Gaya,Uttar Pradesh,North,Premium,2023-04-12
4282,Vivaan Cherian,fariq05@example.net,+918507972281,Proddatur,Punjab,North,Premium,2023-04-11
4283,Yamini Sawhney,varughesegauri@example.org,+910388911320,Silchar,Haryana,North,Occasional,2025-01-27
4284,Ayush Halder,wakeetamajumdar@example.net,01269072807,Baranagar,Jharkhand,East,Regular,2022-09-15
4285,Pushti Purohit,chowdhurychanakya@example.org,+911937980446,Kolkata,Kerala,South,New,2026-03-05
4286,Zayyan Garde,gangadutta@example.org,+917304997805,Ranchi,Punjab,North,Occasional,2024-09-17
4287,Arunima Kanda,chaudharihemang@example.org,6705121075,Pondicherry,Telangana,South,Regular,2023-01-24
4288,Chaaya Ganesh,prishaprabhakar@example.net,+917558491282,Tirupati,Assam,East,Premium,2023-06-14
4289,Finn Luthra,mohini18@example.net,06585473989,Kanpur,Tamil Nadu,South,Regular,2023-05-24
4290,Jagat Gokhale,tdhar@example.org,02811507168,Tiruppur,Gujarat,West,New,2022-12-20
4291,Vidhi Choudhury,mallickkritika@example.com,03015705570,Panipat,Goa,West,New,2023-03-25
4292,Madhav Savant,psethi@example.net,9182440428,Warangal,Kerala,South,Premium,2023-08-27
4293,Atharv Barman,amaira10@example.net,02979676426,Berhampur,Rajasthan,North,Regular,2023-09-09
4294,Jason Jain,ishanvisagar@example.org,+912741405516,Mahbubnagar,Kerala,South,Regular,2025-08-21
4295,Max Biswas,rdasgupta@example.com,3496174648,Ambala,Gujarat,West,Regular,2024-08-08
4296,Urmi Narayanan,danieltara@example.com,00464837153,Nellore,Gujarat,West,Regular,2023-05-28
4297,Ranveer Choudhury,zmall@example.net,+916743121827,Karnal,Goa,West,Regular,2024-09-06
4298,Suhani Kapoor,widisha53@example.net,+917841647560,Bathinda,Tamil Nadu,South,New,2025-01-04
4299,Aradhana Cheema,suhani96@example.org,4282342820,Hajipur,Tamil Nadu,South,Premium,2024-08-08
4300,Jeremiah Dube,eshanakarpe@example.com,2213286879,Bellary,Uttarakhand,Central,Premium,2024-10-01
4301,Lipika Behl,baghyawatitalwar@example.com,5989344328,Navi Mumbai,Uttarakhand,Central,Premium,2023-04-23
4302,Akshay Mandal,ethan77@example.net,+911715489495,Serampore,Maharashtra,West,Regular,2025-02-22
4303,Jonathan Khare,catwal@example.com,2637406859,Chandrapur,Odisha,East,New,2023-09-04
4304,Lakshit Bhavsar,veda24@example.net,5665464398,Khora ,Andhra Pradesh,South,New,2024-05-15
4305,Ridhi Agrawal,mandmekhala@example.com,00522612471,Lucknow,Gujarat,West,Premium,2023-07-15
4306,Aarush Rana,atharv91@example.net,1706693548,Lucknow,Andhra Pradesh,South,Regular,2024-01-07
4307,Gagan Das,ayush91@example.com,08167383399,Mumbai,Himachal Pradesh,North,New,2026-04-16
4308,Zansi Hayer,nikita32@example.com,00361932887,Durgapur,Himachal Pradesh,North,Premium,2026-03-07
4309,Prisha Sinha,pratyush64@example.org,09797525421,Mysore,West Bengal,East,Regular,2023-12-17
4310,Ojasvi Vora,gaurangi98@example.org,6349459053,Bharatpur,Uttarakhand,Central,Regular,2025-11-11
4311,Christopher Majumdar,jagdish14@example.org,+911089872690,Tadipatri,Jharkhand,East,New,2025-12-13
4312,Shivani Chatterjee,wakeetahans@example.net,+916669598183,Kolkata,Uttar Pradesh,North,Premium,2025-12-14
4313,Warhi Kant,goyalforum@example.com,7075149767,Allahabad,Telangana,South,Regular,2023-06-04
4314,Nidra Sunder,girish60@example.com,+911985047882,Mirzapur,Madhya Pradesh,West,Occasional,2022-11-09
4315,Henry Goyal,chamelibawa@example.net,+918727406470,Visakhapatnam,Haryana,North,Premium,2024-04-01
4316,Finn Ray,subramaniamrayaan@example.org,+917587943205,Ludhiana,Gujarat,West,Regular,2023-09-11
4317,Teerth Ramachandran,priya07@example.com,05422336069,Nellore,Chhattisgarh,Central,Regular,2022-10-11
4318,Sachi Desai,kkanda@example.org,02995961708,Agartala,Delhi,North,Regular,2025-11-30
4319,Yasti Devi,mloke@example.net,0941254724,Kurnool,Tamil Nadu,South,Premium,2024-12-03
4320,Ronith Mittal,bhavika09@example.net,4308943666,Kumbakonam,Karnataka,South,New,2023-07-10
4321,Gaurangi Mukherjee,ychatterjee@example.net,6130695707,Rajahmundry,Madhya Pradesh,West,Regular,2026-04-10
4322,Mohammed Trivedi,uwali@example.org,02440695351,Jodhpur,Andhra Pradesh,South,Occasional,2022-09-10
4323,Jai Upadhyay,lukebrahmbhatt@example.org,+917236132800,Vasai-Virar,Odisha,East,New,2024-08-03
4324,Chandani Agrawal,nkrishnan@example.com,+913346705773,Shimoga,Himachal Pradesh,North,New,2025-03-01
4325,Darpan Gill,lipikapall@example.com,+910948461802,Bellary,Assam,East,Premium,2023-02-02
4326,Reyansh Soman,gdass@example.org,3185175309,Dehradun,Gujarat,West,New,2025-01-02
4327,Aarna Tella,gyohannan@example.net,+910412925069,Mangalore,Madhya Pradesh,West,Regular,2026-08-09
4328,Anya Pau,nsami@example.org,06870411516,Ballia,Gujarat,West,Occasional,2022-11-19
4329,Rushil Deshpande,wasonhardik@example.net,+912464880788,Panchkula,Andhra Pradesh,South,Regular,2024-01-19
4330,Waida Keer,khannaojas@example.org,+918210215234,Bhilai,Uttarakhand,Central,New,2022-11-03
4331,Warinder Dass,garimasem@example.org,07918506419,Mehsana,Tamil Nadu,South,Regular,2024-07-23
4332,Arjun Kalla,earora@example.org,09870378445,Vellore,Madhya Pradesh,West,Regular,2023-07-27
4333,Radha Kala,mandaljai@example.net,+911929932239,Kumbakonam,Rajasthan,North,Regular,2025-06-09
4334,Benjamin Bawa,ayushman67@example.org,06636856880,Vadodara,Jammu & Kashmir,Central,Premium,2025-12-04
4335,Samesh Lall,champakmalhotra@example.com,+915732663056,Raurkela Industrial Township,Rajasthan,North,Premium,2025-01-27
4336,Manbir Dayal,vanshabajwa@example.net,+914428845831,Chennai,Maharashtra,West,Regular,2025-10-19
4337,Balveer Chopra,samarthanand@example.com,02629287504,Muzaffarpur,Karnataka,South,Premium,2023-11-03
4338,Logan Mittal,yauvani02@example.net,07699858939,Bhatpara,Maharashtra,West,Occasional,2025-12-30
4339,Ayush Wason,tsarkar@example.org,02885518955,Khora ,Himachal Pradesh,North,Premium,2024-01-31
4340,Hiral Jain,hiral23@example.net,5214611105,Hindupur,Gujarat,West,New,2026-02-10
4341,Avni Goyal,yatinmajumdar@example.org,+912426289893,Ratlam,Andhra Pradesh,South,Regular,2025-08-29
4342,Nitara Naidu,ishanvi60@example.org,06619739964,Nangloi Jat,Karnataka,South,Premium,2023-02-06
4343,Hamsini Sibal,sulesaumya@example.net,09120032586,Jammu,Kerala,South,Regular,2026-08-06
4344,Patrick Buch,evasa@example.org,1266717382,Tiruppur,Delhi,North,Regular,2024-09-01
4345,Gopal Kala,duttavasatika@example.org,5133269018,Jhansi,Madhya Pradesh,West,Regular,2024-08-12
4346,Yatan Tank,egola@example.com,+910860021912,Solapur,Uttarakhand,Central,Occasional,2025-12-09
4347,Anika Shah,iverma@example.org,08932317484,Firozabad,Andhra Pradesh,South,Premium,2024-04-30
4348,Luke Arya,gopalmistry@example.com,04880617473,Tenali,Rajasthan,North,New,2023-02-03
4349,Bhavani Sura,varkeyshaurya@example.com,09985647255,Khandwa,Karnataka,South,Premium,2025-12-11
4350,Dipta Raman,oakpeter@example.org,+918925169130,Hosur,Delhi,North,New,2023-12-15
4351,Qabil Dey,bakhshi34@example.org,+915907067151,Sangli-Miraj & Kupwad,Madhya Pradesh,West,New,2023-07-28
4352,Leena Gopal,sureshbalvan@example.org,7813299111,Deoghar,Punjab,North,Occasional,2026-04-10
4353,Triveni Modi,pillaiyachana@example.org,03459986598,Howrah,Chhattisgarh,Central,New,2026-05-12
4354,Pratyush Loyal,gaurangi03@example.net,+916307335998,Malda,Jammu & Kashmir,Central,Occasional,2024-12-09
4355,Elijah Deo,ikshitajain@example.com,09848282410,Mira-Bhayandar,Punjab,North,Premium,2026-07-13
4356,George Baral,palomya@example.org,+919180757644,Malegaon,Haryana,North,New,2022-09-06
4357,Raghav Bali,kmore@example.org,+918931049880,Buxar,Haryana,North,Regular,2023-03-27
4358,Balhaar Reddy,triyadevi@example.org,3661592822,Giridih,Jammu & Kashmir,Central,Premium,2023-11-18
4359,Neel Peri,gsastry@example.com,9175541330,Arrah,Maharashtra,West,Regular,2024-06-15
4360,Ekapad Kari,baradfaris@example.org,5899114434,Chandrapur,Assam,East,New,2025-06-27
4361,Ekansh Nazareth,mdasgupta@example.com,06639073875,Satara,Himachal Pradesh,North,Regular,2025-01-22
4362,Jai Bora,gerachaitaly@example.net,9040127241,Nagercoil,Goa,West,Regular,2025-06-27
4363,Yashodhara Shankar,yagneshbhatti@example.com,05498562757,Hospet,Andhra Pradesh,South,Regular,2022-09-27
4364,Ronith Ganguly,vyaslibni@example.com,+913726568372,Ghaziabad,Haryana,North,Premium,2025-06-11
4365,Dhruv Ramesh,ishanvi91@example.com,+917827335021,Ujjain,Punjab,North,New,2023-11-03
4366,Krish Chahal,thomassavant@example.org,+914282344290,Jamshedpur,Gujarat,West,New,2023-01-13
4367,William Balasubramanian,hamsinikala@example.net,+910723248444,Allahabad,Odisha,East,New,2023-05-09
4368,Harrison Hora,omanda@example.net,7055480057,Ozhukarai,Jharkhand,East,New,2026-06-25
4369,Zehaan Mohan,charlesvenkataraman@example.net,+913321532823,Saharanpur,Uttarakhand,Central,Premium,2025-11-13
4370,Frado Tiwari,wchokshi@example.com,+916456098078,Cuttack,Karnataka,South,Premium,2025-12-08
4371,Devansh Kapoor,vedika04@example.org,+912749300382,Arrah,Uttar Pradesh,North,New,2025-05-19
4372,Umang Buch,turvi37@example.org,+918857726033,Gandhinagar,Uttarakhand,Central,New,2023-07-29
4373,Pallavi Hari,ayaan67@example.net,+912317508105,Bathinda,Bihar,East,Premium,2026-04-08
4374,Radha Goel,nikitaparikh@example.org,+911198644713,Alwar,Jharkhand,East,New,2023-03-10
4375,Nathaniel Chaudhary,dratti@example.com,+915361381848,Hajipur,Bihar,East,New,2022-12-21
4376,Xalak Singhal,eborah@example.org,0933207625,Kakinada,Karnataka,South,Premium,2026-01-03
4377,Kamala Sani,ekantachacko@example.com,1582091003,Bhiwani,Goa,West,Premium,2022-12-24
4378,Banjeet Golla,okarpe@example.com,09979315893,Anantapur,Uttar Pradesh,North,Premium,2024-08-07
4379,Zansi Nayar,vverma@example.net,03257443387,Jhansi,Telangana,South,Regular,2024-08-14
4380,Zehaan Din,ikbalbuch@example.net,6862113759,Ichalkaranji,Assam,East,New,2023-09-07
4381,Parth Bandi,mtaneja@example.com,2384281826,Tumkur,Uttarakhand,Central,Premium,2024-09-27
4382,Darsh Borde,karakshay@example.org,+911924463302,Ambattur,Kerala,South,Premium,2025-01-30
4383,Mitesh Suri,chakradhar33@example.net,+911328390684,Howrah,Jammu & Kashmir,Central,Regular,2026-02-21
4384,Gavin Narain,kjayaraman@example.org,01303994920,Jhansi,Jharkhand,East,New,2025-10-20
4385,Chandresh Jayaraman,mason28@example.net,5182432565,Ramgarh,Gujarat,West,New,2026-04-19
4386,Nimrat Memon,jalsa69@example.net,0336545315,Aizawl,Gujarat,West,Premium,2023-10-29
4387,Upadhriti Srinivasan,oni43@example.org,03329996043,Allahabad,Maharashtra,West,New,2023-08-28
4388,Jacob Chana,jaisha@example.net,+914379650843,Surendranagar Dudhrej,Haryana,North,Regular,2025-05-14
4389,Zashil Chhabra,lmohanty@example.org,7827698171,Tumkur,Karnataka,South,Regular,2026-08-05
4390,Vedika Krishnan,upadhritimutti@example.net,+917778425108,Bhiwani,Jammu & Kashmir,Central,New,2023-03-25
4391,Sai Bose,rameshvansha@example.com,7753162797,Chinsurah,Kerala,South,Premium,2024-01-21
4392,Kala Panchal,nazarethbhavika@example.org,+912892624753,Bulandshahr,Jammu & Kashmir,Central,Occasional,2025-10-11
4393,Abhiram Gaba,nimrat14@example.com,04511755958,Chapra,Chhattisgarh,Central,New,2026-01-07
4394,Girik Palla,lbabu@example.com,6462956723,Guna,West Bengal,East,Regular,2025-06-11
4395,Anya Menon,nishamistry@example.com,3747908876,Anand,Haryana,North,Premium,2024-01-02
4396,Guneet Sanghvi,vdara@example.com,06289480633,Hubli–Dharwad,Assam,East,Occasional,2025-11-01
4397,Lohit Ravel,upadhriti78@example.net,+919367661772,Nagpur,Chhattisgarh,Central,Occasional,2026-01-10
4398,Isaac Keer,dyalchandran@example.org,+914501624440,Tadipatri,Punjab,North,Premium,2023-04-27
4399,Upadhriti Datta,chavvishanker@example.org,02430569605,Kishanganj,Karnataka,South,Regular,2022-09-30
4400,Dalbir Balakrishnan,kshroff@example.net,+918463955564,Ulhasnagar,Karnataka,South,Regular,2023-03-21
4401,Ishwar Sem,triya01@example.net,+919080479490,Chandigarh,Gujarat,West,Regular,2024-04-10
4402,Zansi Virk,kashishtoor@example.net,+912027258114,Chinsurah,Uttarakhand,Central,Premium,2024-03-13
4403,Baljiwan Rau,saanvi31@example.org,+918515529742,Bulandshahr,Himachal Pradesh,North,Regular,2024-10-19
4404,Jackson Basu,rishiguha@example.net,08287808970,Ballia,Uttar Pradesh,North,Premium,2024-08-19
4405,Nakul Bhagat,kiaan91@example.net,07508639277,Gudivada,Uttar Pradesh,North,Regular,2023-12-05
4406,Raghav Dash,gandhibhavini@example.net,+919860436689,Kumbakonam,Jammu & Kashmir,Central,Premium,2025-12-23
4407,Jackson Cheema,utkarsh56@example.com,+913164219634,Vijayawada,Rajasthan,North,New,2022-09-11
4408,Sanya Nagarajan,cbajwa@example.net,03812405792,Suryapet,Haryana,North,New,2025-10-30
4409,Yashoda Khalsa,fnatt@example.com,+916140351957,Agra,Uttar Pradesh,North,Premium,2023-03-16
4410,Brinda Sabharwal,kevin48@example.org,08311450645,Kakinada,Maharashtra,West,Premium,2022-08-13
4411,Nikita Doshi,agastya13@example.net,5986468480,Durgapur,Rajasthan,North,Premium,2023-11-20
4412,Noah Mitra,omemon@example.org,+913629825995,Guwahati,Uttarakhand,Central,Regular,2026-07-28
4413,Azad Puri,charles00@example.com,09471991201,Moradabad,Rajasthan,North,Regular,2023-01-08
4414,Madhav Vig,champakpall@example.com,6419903970,Agra,Himachal Pradesh,North,New,2026-03-26
4415,Oscar Chandra,narasimhannitara@example.org,2199975254,Ghaziabad,Telangana,South,New,2023-11-19
4416,Januja Mann,suhani25@example.org,+911208655099,Nangloi Jat,Uttarakhand,Central,Occasional,2024-06-26
4417,Chasmum Kakar,pillaichavvi@example.com,+916344151361,Aizawl,Jharkhand,East,Premium,2022-10-10
4418,Samaksh Sandal,dasguptarachit@example.com,8270917602,Bangalore,Gujarat,West,Regular,2026-02-06
4419,Warinder Naidu,lsharaf@example.com,02991006291,Ghaziabad,Goa,West,Occasional,2023-03-03
4420,Vasana Barman,luckykarpe@example.net,08250834001,Ranchi,Odisha,East,New,2026-05-16
4421,Nandini Mangat,arorazaid@example.net,1606032612,Bhilwara,Kerala,South,Regular,2023-12-05
4422,Shivani Morar,oni88@example.net,08273470724,South Dumdum,Jammu & Kashmir,Central,Regular,2023-06-10
4423,Zansi Sane,ddeep@example.com,5067282360,Naihati,Maharashtra,West,Occasional,2024-01-08
4424,Siddharth Bumb,pdevi@example.net,07028748928,Latur,Andhra Pradesh,South,Regular,2023-05-05
4425,Rayaan Buch,ichandran@example.org,+916553351749,Sagar,Uttarakhand,Central,Premium,2025-11-19
4426,Dayamai Sani,vcheema@example.net,07143951617,Shimoga,Tamil Nadu,South,New,2026-02-22
4427,Diya Konda,tanvi72@example.net,+911333614345,Barasat,West Bengal,East,Occasional,2025-11-22
4428,Warda Bose,oakraghav@example.net,07303341604,Rourkela,Goa,West,Premium,2024-11-16
4429,Vasatika Bandi,baljiwan14@example.org,05526354057,Gwalior,Chhattisgarh,Central,Regular,2025-02-02
4430,Nirja Kothari,aarnakara@example.net,4571596699,Jalna,Uttar Pradesh,North,Regular,2025-09-13
4431,Harita Bhandari,niharika16@example.org,01327147118,Pali,Uttarakhand,Central,Regular,2025-02-08
4432,Oni Bedi,psaran@example.org,+911212988746,Kadapa,Uttarakhand,Central,Regular,2023-08-20
4433,Harsh Raghavan,deolranveer@example.com,01192633930,Bhiwani,Assam,East,Regular,2023-08-15
4434,Zinal Dhaliwal,veeragrawal@example.org,4634818695,Amaravati,Kerala,South,Regular,2026-06-16
4435,Gagan Sarkar,latabrijesh@example.net,8992120308,Jaunpur,Gujarat,West,New,2025-05-15
4436,Sai Raj,odika75@example.com,6542095822,Ratlam,Jammu & Kashmir,Central,Regular,2023-07-16
4437,Bhavna Sama,lakshmi70@example.org,6299885849,Machilipatnam,Uttarakhand,Central,New,2022-08-23
4438,Chameli Bhatnagar,bina16@example.net,00525734998,Ahmedabad,Goa,West,Regular,2025-12-29
4439,Zilmil Jhaveri,abhaluthra@example.net,0091542218,Davanagere,Jharkhand,East,Occasional,2023-07-12
4440,Shivansh Agrawal,gmaharaj@example.com,05340107490,Serampore,Odisha,East,Regular,2025-07-23
4441,Ranveer Prasad,igaba@example.org,06674649325,Gandhinagar,Odisha,East,New,2026-06-18
4442,Aarini Gour,ebala@example.net,9723985879,Rewa,Jharkhand,East,Regular,2023-12-08
4443,Ishanvi Nagar,alkavarty@example.net,03034686730,Meerut,Uttarakhand,Central,New,2024-06-17
4444,Charles Prabhakar,keyapall@example.net,07372926876,Durgapur,Punjab,North,Regular,2026-07-09
4445,Anita Choudhary,joshua53@example.net,+916028690887,Satna,Goa,West,Premium,2025-11-18
4446,Vinaya Issac,anamika46@example.org,02853574620,Vellore,Andhra Pradesh,South,New,2026-02-17
4447,Vrishti Kara,lajita55@example.org,9800176966,Panchkula,Himachal Pradesh,North,Regular,2024-01-23
4448,Ekani Rout,anirudhsarna@example.net,09257977668,Visakhapatnam,Odisha,East,New,2025-08-17
4449,Onkar Sen,girishkhare@example.com,+916512558579,Dindigul,Haryana,North,Regular,2025-12-30
4450,Yatin Lalla,gollafrado@example.org,9064369779,Bardhaman,Goa,West,Premium,2026-07-03
4451,Udyati Mangat,calebpalla@example.org,+911827369219,Haldia,Karnataka,South,Premium,2026-03-13
4452,Ubika Butala,viswanathanmekhala@example.com,4793802839,Madhyamgram,Goa,West,Regular,2025-09-03
4453,Upma Viswanathan,parth78@example.com,0300451297,Vijayanagaram,Karnataka,South,Regular,2026-02-26
4454,Girik Rama,koshyvasana@example.org,+918110735527,Arrah,Madhya Pradesh,West,Occasional,2025-10-02
4455,Luke Savant,agatekamala@example.net,3883498778,Moradabad,Himachal Pradesh,North,Regular,2025-08-19
4456,Vamakshi Sawhney,toorradha@example.net,07625996723,Farrukhabad,Gujarat,West,Regular,2024-02-02
4457,Upadhriti Vaidya,swamyvansha@example.org,+912037864118,Bidhannagar,Jammu & Kashmir,Central,Regular,2024-04-03
4458,Faras Shankar,nehavarma@example.com,7863824698,Mysore,Delhi,North,Premium,2023-10-05
4459,Indali Palla,kapurfrederick@example.org,07315281590,Nellore,Assam,East,Regular,2025-04-15
4460,Logan Cheema,jacob63@example.net,4512858913,Orai,West Bengal,East,Premium,2024-05-03
4461,Widisha Chaudhuri,narainyashvi@example.com,+914834306741,Unnao,Haryana,North,Occasional,2026-06-01
4462,Warinder Viswanathan,kalawishi@example.net,08878997243,Cuttack,Gujarat,West,New,2023-02-07
4463,Radha Shukla,jonathan35@example.com,+917108973356,Jammu,Uttarakhand,Central,Premium,2023-12-06
4464,Gauri Dhaliwal,widisha19@example.com,+915307721871,Thiruvananthapuram,Chhattisgarh,Central,Regular,2025-04-25
4465,Vidhi Varghese,yochana39@example.net,7413531234,Khora ,Assam,East,Premium,2023-11-08
4466,Yauvani Kara,ebawa@example.org,07101038333,Jodhpur,Assam,East,Premium,2023-04-29
4467,Upadhriti Kulkarni,harinakshi27@example.net,09662428237,Rewa,West Bengal,East,Regular,2023-04-12
4468,Yasti Krish,kapoorbalhaar@example.com,07123786894,Kollam,Himachal Pradesh,North,New,2023-07-18
4469,Priya Lala,deepa82@example.com,+919548166149,Jalandhar,Odisha,East,Occasional,2024-12-31
4470,Rachita Tiwari,joshuamukhopadhyay@example.net,09094721556,Ajmer,Gujarat,West,Regular,2022-09-23
4471,Manbir Prakash,yashvi21@example.org,4023814049,Kavali,Gujarat,West,Premium,2026-03-27
4472,Wahab Chadha,sakshamchokshi@example.net,+915680963489,Vijayanagaram,Bihar,East,New,2024-11-20
4473,Kashish Palla,fagate@example.net,7278539874,Mehsana,Odisha,East,Premium,2024-01-23
4474,Amara Dara,liam86@example.com,0181012900,Gwalior,Uttar Pradesh,North,Regular,2023-07-07
4475,Omaja Kohli,mramanathan@example.org,+910510932821,Raichur,Madhya Pradesh,West,Regular,2022-09-24
4476,Jagrati Golla,dayalxiti@example.org,+915283388285,Shivpuri,Maharashtra,West,New,2023-03-07
4477,Vanya Ram,chaturadutta@example.org,09886000004,Hazaribagh,Rajasthan,North,Regular,2024-12-31
4478,Maanas Modi,norichristopher@example.com,05233570191,Imphal,Uttarakhand,Central,Occasional,2023-06-22
4479,Chatura Raval,guneet52@example.com,+911274012967,Shimoga,Uttarakhand,Central,New,2022-10-23
4480,Edhitha Mital,fsachar@example.org,2247822132,Bongaigaon,Goa,West,Premium,2023-03-08
4481,Xalak Ravel,dattakai@example.com,+916536612112,Surendranagar Dudhrej,Himachal Pradesh,North,Regular,2024-10-31
4482,Yadavi Chana,champak22@example.net,3587474412,Pune,Rajasthan,North,New,2026-06-19
4483,Aashi Grover,wriddhishpalla@example.net,1158270245,Nagaon,Chhattisgarh,Central,New,2023-10-20
4484,Thomas Mann,osha33@example.org,+911194701172,Jehanabad,Rajasthan,North,Occasional,2024-03-06
4485,Frederick Badal,basaktara@example.net,02378556712,Ranchi,Jammu & Kashmir,Central,Occasional,2024-03-27
4486,Widisha Mohanty,bahadurjitdua@example.org,+910663267395,Anand,Himachal Pradesh,North,Regular,2022-12-08
4487,Zinal Prashad,nisha41@example.org,06305968328,Muzaffarpur,Jharkhand,East,Premium,2023-08-26
4488,Varsha Sodhi,bkashyap@example.net,09335468175,Fatehpur,Kerala,South,Regular,2023-07-19
4489,Wishi Batta,gpurohit@example.net,06096850756,Bhagalpur,Uttarakhand,Central,Premium,2026-07-25
4490,Owen Kara,amrutaborra@example.org,1795804956,Meerut,Maharashtra,West,Regular,2024-11-20
4491,Pooja Golla,aryandube@example.com,05781794632,Bhiwandi,West Bengal,East,Premium,2023-07-16
4492,Nimrat Shan,suhani02@example.org,05619042446,Avadi,Maharashtra,West,Regular,2026-07-20
4493,Pooja Tara,turvi48@example.net,5839604831,Amritsar,Jharkhand,East,Regular,2025-10-14
4494,Jairaj Misra,azad61@example.net,09963440608,Tirupati,Telangana,South,New,2026-03-09
4495,Lohit Gala,zwalia@example.org,+919917922939,Anand,Assam,East,Premium,2024-08-11
4496,Udarsh Edwin,rtaneja@example.com,00550371819,Asansol,Telangana,South,Occasional,2024-02-09
4497,Prisha Reddy,abhimanyu53@example.com,7574451015,Mau,Chhattisgarh,Central,Regular,2023-12-03
4498,Zayan Natt,ndeshpande@example.org,+917914018643,Nandyal,Karnataka,South,Regular,2024-02-23
4499,Faqid Tara,dhillonurmi@example.org,02029455469,Malegaon,Delhi,North,Premium,2022-12-06
4500,Aishani Dhar,darika83@example.net,01757230896,Kolhapur,Uttar Pradesh,North,Premium,2024-06-11
4501,Barkha Maharaj,xpall@example.com,+917372342382,Bongaigaon,Haryana,North,New,2025-05-03
4502,Gauri Rege,zayyan66@example.net,+917682874259,Davanagere,Karnataka,South,Regular,2025-03-19
4503,Kala Dada,pallayashawini@example.org,4994766273,Bikaner,Andhra Pradesh,South,Occasional,2024-08-26
4504,Rayaan Nagarajan,pratyushchoudhury@example.com,3375361432,Ghaziabad,Karnataka,South,New,2023-09-23
4505,Tejas Singh,ivala@example.net,+914091941229,Baranagar,Uttar Pradesh,North,New,2025-10-13
4506,Xavier Kunda,gagangoyal@example.com,4992898217,Baranagar,Maharashtra,West,New,2024-07-16
4507,Ishita Trivedi,nsubramanian@example.net,+911121961872,Allahabad,Maharashtra,West,Regular,2025-03-30
4508,Laksh Goyal,ichoudhary@example.org,+919094467507,Bhopal,Andhra Pradesh,South,Regular,2022-12-02
4509,Netra Bora,jeremiahkrishnan@example.com,+914116739645,Tenali,Madhya Pradesh,West,Regular,2026-04-05
4510,Faris Mohanty,gchoudhary@example.com,06969391109,Narasaraopet,Maharashtra,West,Regular,2024-09-25
4511,Rayaan Nazareth,tanvikalla@example.net,07413045047,Panipat,Telangana,South,Occasional,2026-04-01
4512,Ranveer Vohra,riyakhare@example.net,+910713659106,Hajipur,Chhattisgarh,Central,Regular,2023-03-13
4513,Hiral Lad,rlad@example.com,+910792359551,Malda,Tamil Nadu,South,Occasional,2023-06-25
4514,Aachal Prabhu,kamble@example.com,8929214762,Kadapa,Uttarakhand,Central,New,2023-04-25
4515,Avni Ghosh,horahardik@example.net,+918461759265,Kottayam,Jharkhand,East,Regular,2025-04-03
4516,Yasti Warrior,laksh81@example.net,9667271850,Bijapur,Rajasthan,North,Regular,2025-04-19
4517,Idika Zacharia,aurorajanuja@example.net,09163392829,Srinagar,Assam,East,Regular,2024-05-31
4518,Onveer Loyal,anthonychandran@example.org,8038650306,Machilipatnam,Maharashtra,West,Regular,2024-11-08
4519,Harita Taneja,guneet84@example.net,+913814900666,Durgapur,Madhya Pradesh,West,Occasional,2025-05-19
4520,Imaran Sarin,davemason@example.org,07994505495,Jamnagar,Haryana,North,Regular,2023-03-02
4521,Lipika Shere,nathaniel20@example.com,8592775130,Shivpuri,West Bengal,East,Regular,2023-03-04
4522,Urmi Ganesan,mistrydavid@example.org,2680814635,Pune,Bihar,East,Occasional,2023-08-04
4523,Pushti Sandal,bhanumati07@example.net,+913705711327,Muzaffarpur,Himachal Pradesh,North,Premium,2026-05-15
4524,Nisha Gala,triveni83@example.org,1684456552,Navi Mumbai,Madhya Pradesh,West,Regular,2023-12-19
4525,Onveer Agate,vrishti37@example.org,9402071277,Bhiwandi,Odisha,East,Regular,2023-06-11
4526,Dalbir Chaudhari,pkulkarni@example.com,+918282192726,Jaunpur,Karnataka,South,Premium,2025-04-04
4527,Oscar Krish,vrishtisankar@example.com,+913022930848,Mysore,Telangana,South,Regular,2024-01-15
4528,Faris Rau,vartyzilmil@example.com,2164942027,Sasaram,Maharashtra,West,Regular,2025-07-08
4529,Rachit Nair,devikamodi@example.net,03172682155,Morbi,Kerala,South,Regular,2025-07-18
4530,Kiaan Anne,gollaabha@example.net,04171544396,Deoghar,Gujarat,West,Regular,2025-05-25
4531,Vrinda Gupta,murthymohammed@example.org,09937269951,Jammu,Telangana,South,Occasional,2025-02-16
4532,Gauri Virk,tanay74@example.net,08048276423,Vellore,Kerala,South,New,2023-05-28
4533,Aayush Chowdhury,udyati20@example.org,0912573782,Ranchi,Uttar Pradesh,North,Regular,2025-01-26
4534,Tripti Kata,yochanabali@example.com,05256705534,Satara,Kerala,South,Regular,2024-01-06
4535,Mohini Nori,dewanpanini@example.com,+915345574044,Ongole,Odisha,East,Premium,2023-08-26
4536,Chaitanya Vala,vasatikabhatia@example.net,09804186567,Motihari,Delhi,North,Regular,2022-12-19
4537,Charita Venkatesh,bajwajacob@example.net,+915390532159,Thiruvananthapuram,Maharashtra,West,New,2024-02-28
4538,Ayush Master,dayalbhavika@example.com,1719494528,Solapur,Andhra Pradesh,South,Regular,2026-02-15
4539,Wriddhish Thakkar,gapte@example.net,+915282275349,Kadapa,Gujarat,West,Regular,2024-01-05
4540,Ishani Sagar,tmore@example.net,03632250324,Bidhannagar,Haryana,North,New,2025-06-16
4541,Xalak Kar,jeremiahrao@example.com,01141873477,Kottayam,Punjab,North,Occasional,2024-08-23
4542,Lajita Murty,yvenkataraman@example.com,+916201711142,Howrah,Punjab,North,Premium,2023-12-01
4543,Veer Seshadri,lajitabhasin@example.net,3463178902,Sambhal,Madhya Pradesh,West,Regular,2025-10-09
4544,Xavier Samra,radhikasane@example.net,+917870017453,Mira-Bhayandar,Jammu & Kashmir,Central,Regular,2026-03-12
4545,Urvi More,dubeyashodhara@example.org,+911643035901,Anand,Madhya Pradesh,West,New,2023-04-04
4546,Nathan Dash,palladarpan@example.org,03812044697,Ozhukarai,Bihar,East,Regular,2022-12-04
4547,Mekhala Randhawa,abha55@example.org,+918085954486,Bihar Sharif,Uttarakhand,Central,Occasional,2025-03-28
4548,Dev Vala,pratyushnatarajan@example.org,00810998452,Vijayanagaram,Punjab,North,Premium,2024-12-01
4549,Oscar Lala,vasudhaloke@example.org,01842435048,Jalna,Chhattisgarh,Central,Regular,2022-12-26
4550,Vincent Ranganathan,fitanpau@example.net,+914934737257,Thiruvananthapuram,Chhattisgarh,Central,New,2024-12-04
4551,Viraj Prakash,lakshmi19@example.org,0634258797,Ujjain,Karnataka,South,New,2022-09-08
4552,Hemal Suri,idugal@example.net,08248918245,Ambattur,Himachal Pradesh,North,Regular,2024-03-19
4553,Onveer Mand,balvanbhakta@example.net,+919969528070,Berhampore,Chhattisgarh,Central,Regular,2025-08-26
4554,Harini Wagle,nitesh27@example.net,3562559165,Nellore,Bihar,East,New,2022-11-27
4555,Turvi Bhardwaj,gkarnik@example.net,+919112811018,Chandigarh,Odisha,East,New,2023-09-23
4556,Janaki Dhar,sagarrishi@example.com,02434404890,Hubli–Dharwad,Goa,West,New,2023-08-10
4557,Patrick Bhasin,tmandal@example.com,+912764391172,Kishanganj,Kerala,South,Regular,2024-07-11
4558,Eshana Dar,yashviseshadri@example.org,08595938978,Saharanpur,Telangana,South,New,2023-08-06
4559,Henry Sant,uborah@example.com,7754118476,Guntakal,Himachal Pradesh,North,Occasional,2026-07-07
4560,Zayan Sem,ravijackson@example.com,+910276309015,Kamarhati,Maharashtra,West,New,2024-06-29
4561,Chaitaly Parmer,raghavbutala@example.net,+913437574676,Imphal,Tamil Nadu,South,Regular,2025-09-19
4562,Madhav Bhat,zpurohit@example.com,00707318144,Madurai,Uttar Pradesh,North,Regular,2026-07-30
4563,Aadi Barad,randhawaurvashi@example.com,03619353858,Sagar,West Bengal,East,Premium,2022-09-21
4564,Zinal Om,zinalchakraborty@example.net,+915246247021,Sultan Pur Majra,Goa,West,Regular,2022-09-01
4565,Garima Jain,prishatank@example.com,1099220896,Guna,Uttarakhand,Central,Premium,2022-11-09
4566,Januja Bhatnagar,nmanda@example.org,05592534605,Bareilly,Andhra Pradesh,South,Premium,2025-12-27
4567,Lakshit Kapadia,pchokshi@example.com,05342459125,Nadiad,Uttarakhand,Central,Regular,2026-05-10
4568,Pallavi Loyal,reyanshcontractor@example.org,05939207708,Ghaziabad,Assam,East,Occasional,2024-11-18
4569,Abeer Sankaran,ekantikachatterjee@example.com,+919841454830,Panvel,Bihar,East,Regular,2024-02-28
4570,Pallavi Nair,gagan28@example.org,+911840766739,Jalna,Madhya Pradesh,West,New,2024-06-19
4571,Sara Goel,theodore36@example.org,00630258366,Anantapuram,Assam,East,Regular,2025-01-16
4572,Shaurya Vasa,bhavikasaraf@example.com,+911749538767,Bulandshahr,Jharkhand,East,Premium,2022-11-07
4573,Sarthak Kashyap,ganesandhriti@example.com,05608007937,Gulbarga,Chhattisgarh,Central,Regular,2023-11-25
4574,Jason Mohanty,yohannanhenry@example.net,+912507853733,Kolkata,Maharashtra,West,Regular,2023-05-20
4575,Advik Sankaran,mdua@example.net,2781469676,Vijayawada,Bihar,East,New,2026-01-14
4576,Mekhala Mohanty,sverma@example.net,7381294657,Visakhapatnam,Jharkhand,East,Regular,2023-11-18
4577,Anjali Chandran,darikarege@example.net,+912596816640,Morbi,Rajasthan,North,Regular,2025-05-10
4578,Benjamin D’Alia,arjungour@example.net,08332067146,Ghaziabad,Chhattisgarh,Central,Regular,2023-09-30
4579,Kevin Vaidya,rchad@example.org,2147525284,Siwan,Tamil Nadu,South,Regular,2023-06-06
4580,Qasim Dhar,ekavirsubramaniam@example.org,5075780479,Amritsar,Assam,East,Premium,2024-06-05
4581,Amara Datta,dseth@example.com,3268667901,Hazaribagh,Telangana,South,New,2023-04-15
4582,Hitesh Chaudhry,upadhriti62@example.org,+911471195266,Maheshtala,Chhattisgarh,Central,New,2026-07-22
4583,Manya Sarraf,nkanda@example.net,04475568254,Bhind,Assam,East,Regular,2023-06-20
4584,Jeet Natt,faras68@example.net,07001848456,Hazaribagh,Chhattisgarh,Central,Regular,2025-06-18
4585,Udarsh Pingle,vsarma@example.com,+911564058734,Ujjain,Himachal Pradesh,North,Regular,2025-07-23
4586,Jagrati Gulati,qcontractor@example.net,+917314309020,Sasaram,Chhattisgarh,Central,New,2025-07-25
4587,Priya Dar,zashilvenkataraman@example.net,7137388724,Patna,Telangana,South,Occasional,2022-12-08
4588,Chanchal Khurana,aariniahuja@example.com,+914911380818,Ahmednagar,Uttarakhand,Central,New,2025-12-19
4589,Mason Mand,senaachal@example.org,+916548851010,Rajkot,West Bengal,East,Occasional,2024-08-15
4590,Thomas Jain,banjeet78@example.org,02663275934,Pondicherry,Goa,West,Regular,2025-10-23
4591,Eshana Oza,xzacharia@example.com,9963238664,Aurangabad,Uttarakhand,Central,New,2024-02-29
4592,Nachiket Dubey,deepa17@example.com,+919677536210,Shivpuri,Goa,West,Regular,2024-07-21
4593,Dev Bhasin,jbhasin@example.com,05670770214,Rampur,West Bengal,East,Regular,2023-08-01
4594,Diya Banerjee,mahajanlogan@example.org,07993184575,Maheshtala,Jammu & Kashmir,Central,Regular,2025-10-28
4595,Daksh Sanghvi,yhegde@example.com,00696879928,New Delhi,Jammu & Kashmir,Central,Occasional,2022-12-25
4596,Onveer Nagy,balendrabahl@example.com,03167040492,Dehradun,Punjab,North,Regular,2025-08-23
4597,Rajata Saran,xbahri@example.com,00646278866,Hazaribagh,Gujarat,West,New,2023-09-08
4598,Samar Hayre,hansurishilla@example.com,7807767758,Bhubaneswar,Andhra Pradesh,South,New,2022-08-29
4599,Maanas Suresh,gautami29@example.com,08939886113,North Dumdum,Madhya Pradesh,West,Premium,2023-06-25
4600,Bhavini Bhandari,amrita16@example.net,+915580817869,Morena,Kerala,South,Regular,2023-10-08
4601,Tanmayi Kar,xbala@example.org,+910353583995,North Dumdum,Bihar,East,New,2026-06-23
4602,Charles Bal,fhari@example.net,+910986331665,Bidhannagar,Himachal Pradesh,North,New,2024-09-29
4603,Chandresh Chand,kadakiazilmil@example.org,+916195873019,Dewas,Karnataka,South,Regular,2023-07-16
4604,Jason Dugar,aryawalia@example.org,+912471551515,Anand,Odisha,East,Regular,2025-06-01
4605,Bhanumati Pant,fchander@example.net,09021386861,Tinsukia,Rajasthan,North,Regular,2026-04-22
4606,Xalak Nagi,vrittichaudhry@example.org,0424082746,Phagwara,Himachal Pradesh,North,Premium,2023-08-10
4607,Panini Mukhopadhyay,vivaan37@example.org,+919009062991,Narasaraopet,Andhra Pradesh,South,Regular,2024-11-10
4608,Harish Arya,chatresh63@example.org,+914767300916,Eluru,Rajasthan,North,New,2022-10-23
4609,Dhriti Parekh,balvanvenkataraman@example.net,07463194523,Warangal,Gujarat,West,Regular,2022-12-05
4610,Rayaan Rout,ramagaurika@example.com,+918441263262,Morena,Odisha,East,Occasional,2023-01-21
4611,Samarth Luthra,lopa26@example.org,03522774807,Tenali,Punjab,North,New,2025-04-10
4612,Nikita Nagar,isha92@example.net,5449517642,Giridih,West Bengal,East,Premium,2024-05-14
4613,Varsha Khatri,urvi61@example.org,+915948270690,Gorakhpur,Gujarat,West,New,2023-08-20
4614,Triya Dugal,yauvani02@example.org,2064602883,Hazaribagh,Goa,West,Regular,2023-07-07
4615,Nirja Barad,palabhiram@example.com,+919398818696,Thoothukudi,Delhi,North,Occasional,2024-02-23
4616,Chanchal Mistry,omadan@example.net,+910772078028,Jaunpur,Jammu & Kashmir,Central,New,2026-02-06
4617,Chakradev Warrior,umang77@example.com,06930451058,Morbi,Andhra Pradesh,South,New,2025-10-01
4618,Yochana Sanghvi,bhatkavya@example.com,+915188689055,Pallavaram,Madhya Pradesh,West,Regular,2024-12-14
4619,Utkarsh Pingle,chaudhurifariq@example.com,8350265287,Pondicherry,Haryana,North,New,2024-08-12
4620,Tristan Agrawal,fsathe@example.net,+910881305754,Jaipur,Odisha,East,Premium,2025-03-21
4621,Guneet Sachar,edugal@example.net,3923816514,Chandrapur,Jharkhand,East,New,2022-08-26
4622,Anvi Dutta,damyantiandra@example.com,05338452479,Aligarh,Odisha,East,Regular,2023-07-07
4623,Samaksh Nath,ichokshi@example.net,+918533231951,Navi Mumbai,Himachal Pradesh,North,New,2025-03-05
4624,Amruta Wali,csunder@example.net,04674090614,Ratlam,Telangana,South,Premium,2025-07-26
4625,Yug Bhatt,yogimichael@example.org,+911115082486,Navi Mumbai,Uttarakhand,Central,New,2026-03-13
4626,Nimrat Kalla,gautami57@example.net,4145747355,Dehri,Himachal Pradesh,North,Premium,2023-11-16
4627,Wishi Raju,ybrahmbhatt@example.org,04779873311,Hapur,Jammu & Kashmir,Central,Regular,2025-05-09
4628,Zaid Bhatia,eshana37@example.org,04713143969,Bulandshahr,Jammu & Kashmir,Central,Regular,2024-07-08
4629,Omkaar Shroff,baljiwansathe@example.net,00475709741,Amravati,Chhattisgarh,Central,Premium,2022-12-21
4630,Ekta Balasubramanian,chaudharigauri@example.net,09318571975,Rewa,Rajasthan,North,Regular,2024-09-19
4631,Sanya Wali,chavvi43@example.net,06210897485,Rourkela,Kerala,South,Premium,2023-09-30
4632,Jagdish Kaur,ikbal90@example.com,07186730856,Burhanpur,Uttarakhand,Central,New,2022-10-19
4633,Pranit Loke,parekhgaurang@example.org,00174971364,Warangal,Haryana,North,Premium,2023-05-17
4634,Jacob Venkatesh,andrew81@example.net,6487739786,Kota,Madhya Pradesh,West,Premium,2023-12-23
4635,Irya Dewan,maanas74@example.net,00465717377,Karimnagar,Chhattisgarh,Central,Occasional,2024-07-11
4636,Saanvi Gokhale,aarnavraman@example.org,9819209382,Dhule,Maharashtra,West,Regular,2026-01-09
4637,Dhriti Kata,gaurithakkar@example.com,8702212446,Kota,Tamil Nadu,South,Premium,2026-01-31
4638,Indrajit Rai,vloyal@example.net,08307413991,Raichur,West Bengal,East,Regular,2025-09-26
4639,Madhav Uppal,nlanka@example.net,07629611713,Varanasi,Maharashtra,West,New,2023-09-19
4640,Zansi Datta,saranpriya@example.net,+912416567386,Khammam,Odisha,East,New,2026-06-29
4641,Abhiram Raj,jeetsharma@example.net,06269233833,Siliguri,Odisha,East,Occasional,2024-06-19
4642,Vasudha Prashad,utank@example.org,09889008438,Kishanganj,Kerala,South,Regular,2023-11-30
4643,Jyoti Purohit,kadekaran@example.org,1249543299,Maheshtala,Haryana,North,Premium,2024-03-13
4644,Tanay Salvi,muniarya@example.org,0515895277,Jalna,Bihar,East,Regular,2023-04-06
4645,Nimrat Sahota,daksh46@example.net,3828232668,Motihari,Jammu & Kashmir,Central,Regular,2022-11-15
4646,Saksham Butala,nathan71@example.com,06746620356,Ghaziabad,Goa,West,New,2024-03-22
4647,Anjali Raja,zpingle@example.com,+910479626257,Vellore,Andhra Pradesh,South,New,2025-01-05
4648,Madhav Ravi,dhaliwalekalinga@example.org,7176821565,Jamalpur,Odisha,East,Premium,2023-02-15
4649,Onveer Samra,atisolanki@example.org,01136317762,Kolkata,Kerala,South,New,2022-09-12
4650,Jagvi Soni,jeet70@example.net,7014506580,Tenali,Himachal Pradesh,North,Regular,2023-01-08
4651,Urvashi Narasimhan,eesha26@example.net,06641557099,Tadipatri,Goa,West,Premium,2026-02-21
4652,Ati Palan,shereamaira@example.net,+918818040095,Tiruppur,Andhra Pradesh,South,Regular,2022-10-31
4653,Adweta Narula,masondugar@example.org,08415166175,Maheshtala,Goa,West,Regular,2025-06-22
4654,Samesh Rout,sai96@example.net,+911976403932,Cuttack,Goa,West,New,2026-03-31
4655,Dominic Mander,girishkumar@example.com,07816896552,Siwan,Kerala,South,Regular,2024-06-27
4656,Balhaar Sen,ksant@example.com,+911700018894,Hapur,Telangana,South,Regular,2024-04-14
4657,Nicholas Bhatnagar,wadhwaikbal@example.net,03602096286,Dhanbad,Jammu & Kashmir,Central,Premium,2024-07-11
4658,Anusha Aggarwal,wpalla@example.com,+916185168862,Aizawl,Assam,East,Premium,2026-07-30
4659,Yoshita Varma,nadiggirindra@example.com,+910882652575,Kavali,Maharashtra,West,Regular,2023-07-08
4660,Onkar Issac,charita80@example.net,4873405717,Malda,Himachal Pradesh,North,Premium,2022-10-06
4661,Abha Rau,bhavinihayre@example.org,02082580298,Bathinda,Goa,West,Regular,2024-01-25
4662,Oliver Warrior,rameshtamanna@example.net,2796641001,Guna,Assam,East,Regular,2022-12-26
4663,Anita Gandhi,survivaan@example.org,+918370890537,Gangtok,Andhra Pradesh,South,Regular,2023-08-09
4664,Dhruv Rana,michael84@example.com,04064977689,Giridih,Assam,East,Premium,2025-08-08
4665,Simon Divan,chanchalcontractor@example.net,00001596935,Gwalior,Haryana,North,Occasional,2026-04-15
4666,Parth Barman,poojanaik@example.net,05236626437,Srinagar,Maharashtra,West,Regular,2025-02-08
4667,Vihaan Taneja,hayervansha@example.org,02178829314,Karaikudi,Kerala,South,Regular,2023-12-17
4668,Devika Sidhu,jkhatri@example.com,7260449092,Jalgaon,Karnataka,South,Regular,2026-07-21
4669,Banjeet Karnik,agarwalnachiket@example.com,3523484712,Barasat,Andhra Pradesh,South,Premium,2025-12-06
4670,Vasudha Zacharia,bgoda@example.net,06550528430,Sagar,Karnataka,South,Regular,2025-01-30
4671,Mason Maharaj,wlanka@example.com,+912039480533,Jorhat,Tamil Nadu,South,New,2023-08-26
4672,Xavier Swaminathan,pavanigarg@example.com,9458385214,Sirsa,Madhya Pradesh,West,Regular,2024-03-15
4673,Vansha Ramaswamy,brastogi@example.org,04011432054,Rajahmundry,Jammu & Kashmir,Central,Regular,2025-07-28
4674,Nitesh Cheema,cverma@example.net,04150568286,Fatehpur,Telangana,South,Premium,2026-05-30
4675,Rachit Uppal,xsharma@example.com,04228392472,Katihar,Uttarakhand,Central,New,2023-09-06
4676,Nathan Tandon,ikshita25@example.net,3942596237,Kota,Odisha,East,Regular,2022-12-31
4677,Henry Golla,kotaeesha@example.org,+916737497622,Akola,Bihar,East,Regular,2026-06-08
4678,Amruta Mody,xavierwali@example.net,3475843740,Morbi,West Bengal,East,Occasional,2023-01-06
4679,Ladli Date,dhaliwalnitesh@example.com,01589552304,Moradabad,Kerala,South,New,2025-05-24
4680,Neel Mistry,nsarin@example.com,+910999641249,Munger,Telangana,South,Premium,2025-07-27
4681,Devansh Das,deyfaras@example.net,04269411172,Nizamabad,Rajasthan,North,New,2025-12-20
4682,Mahika Babu,abeerbalakrishnan@example.org,+911718718036,Aurangabad,Uttarakhand,Central,Regular,2025-05-25
4683,Saumya Dua,bassitimothy@example.net,+918717185606,Raipur,Chhattisgarh,Central,New,2023-07-27
4684,Janya Kaul,azadchaudry@example.org,7355831062,Nanded,Chhattisgarh,Central,Premium,2023-10-12
4685,Nitara Mistry,krishnamurthykeya@example.org,6508829031,Suryapet,Chhattisgarh,Central,Premium,2024-10-16
4686,David Chowdhury,yramakrishnan@example.com,00856245553,Faridabad,Madhya Pradesh,West,Premium,2024-05-28
4687,Amara Dube,mekhala58@example.com,+913797275458,Ichalkaranji,Uttar Pradesh,North,Regular,2025-03-25
4688,Madhav Hans,ikshita99@example.net,+917466216785,Ozhukarai,Maharashtra,West,New,2023-08-04
4689,Omisha Ahluwalia,yamini78@example.net,+917639029640,Bareilly,Gujarat,West,Regular,2025-11-01
4690,Kala Warrior,ravalanamika@example.com,9631887187,Jhansi,West Bengal,East,Occasional,2024-10-11
4691,Isaiah Sarkar,prabhakaryashawini@example.com,+915055814791,Udaipur,Assam,East,Regular,2026-05-23
4692,Gaurika Sood,teerth80@example.net,+915884902891,Bardhaman,Himachal Pradesh,North,Premium,2024-03-07
4693,Chakradhar Shroff,rudraramaswamy@example.org,08404093373,Yamunanagar,Gujarat,West,Occasional,2023-01-13
4694,Yashoda Goda,xgolla@example.org,8565665486,Allahabad,Andhra Pradesh,South,Regular,2022-10-03
4695,Teerth Raghavan,zarna00@example.org,4891685841,Sri Ganganagar,Odisha,East,Regular,2023-02-28
4696,Fitan Sant,sakshamchaudry@example.net,03308689397,Mango,Uttarakhand,Central,Regular,2026-05-23
4697,Charita Grover,jairaj99@example.com,+919030695694,Ghaziabad,Jammu & Kashmir,Central,Premium,2025-07-22
4698,Ishaan Muni,hitesh87@example.org,05158543459,Ahmedabad,Rajasthan,North,Regular,2024-09-16
4699,Yatan Memon,christopherghose@example.com,03383280287,North Dumdum,Assam,East,Regular,2023-04-08
4700,Jason Cherian,wkeer@example.com,+917845875862,Bhalswa Jahangir Pur,Rajasthan,North,Regular,2023-08-07
4701,Shivansh Chandran,sachdevaati@example.com,9610536074,Patiala,Gujarat,West,New,2023-10-07
4702,Abdul Sibal,chanakya43@example.net,+911599988704,Warangal,Telangana,South,New,2025-01-25
4703,Forum Krish,krishnathaman@example.net,3011606416,Sasaram,Karnataka,South,Regular,2026-06-01
4704,Yatin Oza,psangha@example.org,+919792183160,Dewas,Maharashtra,West,Regular,2025-12-25
4705,Hemani Chacko,nsandhu@example.net,08477267950,Pondicherry,Punjab,North,Premium,2024-02-21
4706,Yochana Barman,tejas32@example.com,07597488769,Varanasi,Madhya Pradesh,West,Regular,2026-07-29
4707,Praneel Baral,chavvimand@example.com,8902370240,Rampur,Gujarat,West,New,2023-11-30
4708,Yashoda Subramanian,utiwari@example.net,+918686714916,Proddatur,Tamil Nadu,South,Regular,2025-05-14
4709,Gaurang Patla,harish01@example.net,+918425264051,Srikakulam,Andhra Pradesh,South,New,2025-07-31
4710,Ekaraj Chaudhuri,lperi@example.com,+911462097591,Fatehpur,Maharashtra,West,Regular,2024-01-10
4711,Deepa Barad,sawhneykalpit@example.org,+912258572828,Tadepalligudem,Gujarat,West,Regular,2024-05-07
4712,Lohit Contractor,upasna85@example.com,+914868049875,Narasaraopet,Haryana,North,Premium,2024-09-04
4713,Karan Chokshi,eghose@example.com,06797717593,Bhopal,Rajasthan,North,Regular,2025-12-22
4714,Tamanna Tank,damini45@example.org,7030368733,Aligarh,Chhattisgarh,Central,Occasional,2024-03-27
4715,Samar Bassi,kashyapdev@example.org,08742274993,Ulhasnagar,Himachal Pradesh,North,Regular,2024-01-10
4716,Bina Kari,anirudh10@example.com,8807448801,Jaunpur,Tamil Nadu,South,Occasional,2023-11-22
4717,Shivani Thakkar,jgera@example.net,+915099424145,Ballia,Chhattisgarh,Central,Regular,2024-05-29
4718,Aachal Guha,bhasinamruta@example.net,+916388698475,Chandigarh,Goa,West,Regular,2026-05-17
4719,Harinakshi Radhakrishnan,krishnananthony@example.org,04406005325,Sagar,Jammu & Kashmir,Central,Regular,2024-10-15
4720,Wakeeta Biswas,elijahamble@example.com,8357739783,Guwahati,Uttar Pradesh,North,Regular,2024-11-22
4721,Charles Venkatesh,brindapandya@example.com,+910711025296,Hospet,Uttarakhand,Central,Regular,2023-05-27
4722,Sara Kaul,chamelibora@example.com,2050465784,Katni,Kerala,South,Regular,2025-06-18
4723,Maanas Sastry,jayaramandevansh@example.org,4013265373,Buxar,Telangana,South,Regular,2026-02-04
4724,Jhalak Behl,revapathak@example.org,+913554992086,Khammam,Andhra Pradesh,South,New,2026-04-05
4725,William Hayre,daksha36@example.com,9153276395,Hazaribagh,Telangana,South,Regular,2022-10-05
4726,Anjali Desai,vasudhabera@example.com,8551313843,Nadiad,Maharashtra,West,Premium,2024-02-08
4727,Robert Parsa,ishita77@example.net,5029759989,Ghaziabad,Chhattisgarh,Central,New,2022-12-04
4728,Ethan Yadav,nattayush@example.com,+918589308210,Ramgarh,Odisha,East,Regular,2022-12-09
4729,Yashawini Sridhar,jbasak@example.com,05634737283,Vadodara,Telangana,South,Premium,2022-11-28
4730,Baljiwan Saini,victorprashad@example.net,+916022274217,Bhind,Punjab,North,Regular,2025-01-18
4731,Dakshesh Parekh,buchvihaan@example.org,05121383083,Jammu,Telangana,South,Occasional,2024-06-27
4732,Rachana Dhawan,nilimakrishnamurthy@example.org,00017425914,Nangloi Jat,Madhya Pradesh,West,New,2023-07-11
4733,Tristan Kala,csoni@example.com,02809956052,Bijapur,Himachal Pradesh,North,Premium,2023-08-18
4734,Widisha Savant,badamibalhaar@example.org,05789868778,Jamshedpur,Bihar,East,Regular,2022-08-27
4735,Chandran Dass,reyansh89@example.com,05367630728,Bikaner,Andhra Pradesh,South,Regular,2024-06-15
4736,Suhani Kalita,gokhalehredhaan@example.org,+913386079274,Durgapur,Maharashtra,West,Regular,2024-08-04
4737,Krishna Narang,charvi63@example.net,03926691976,Thiruvananthapuram,Maharashtra,West,New,2023-04-16
4738,Qabil Mani,murthyaarna@example.com,6794847167,Munger,Himachal Pradesh,North,New,2023-06-12
4739,Yashvi Patil,pmohan@example.net,+910988908155,Nadiad,Jammu & Kashmir,Central,Premium,2025-01-17
4740,Daniel Jaggi,isharajagopal@example.net,+916408595514,Malda,Jammu & Kashmir,Central,Regular,2025-10-11
4741,Harish Radhakrishnan,naironi@example.org,02671697781,Pali,Jammu & Kashmir,Central,Regular,2023-03-14
4742,Jairaj Modi,dugalalka@example.com,5605020651,Bidhannagar,Bihar,East,Regular,2024-07-19
4743,Aryan Gole,isaiah90@example.com,+916263963856,Mirzapur,Kerala,South,Occasional,2026-06-05
4744,Krishna Dube,odika65@example.com,1901170782,Aligarh,Madhya Pradesh,West,Regular,2025-05-09
4745,Anjali Khosla,zbali@example.com,02475071297,Raichur,Punjab,North,Regular,2024-08-22
4746,Hredhaan Kibe,owenvarkey@example.com,04289005674,Kadapa,Haryana,North,Premium,2024-12-03
4747,Samuel Baral,baljiwan44@example.net,+919173008657,Gangtok,Uttarakhand,Central,Regular,2023-03-21
4748,Ati Chatterjee,urvashi42@example.net,4321596682,Karawal Nagar,West Bengal,East,Premium,2024-09-14
4749,Vasudha Krish,saumyabalay@example.com,+914856758499,Pimpri-Chinchwad,Uttar Pradesh,North,Occasional,2023-07-07
4750,Aahana Kanda,cpai@example.net,+917085531665,Jalna,Assam,East,New,2025-08-19
4751,Chanchal Madan,nandini61@example.net,+917716230248,Chapra,Jammu & Kashmir,Central,Regular,2026-06-14
4752,Siddharth Goswami,davewakeeta@example.org,5752262554,Kochi,West Bengal,East,Premium,2026-03-16
4753,Logan Kale,choudharygopal@example.com,6851450854,Kolhapur,Haryana,North,Regular,2023-12-16
4754,Qushi Sant,bhardwajikbal@example.com,03143770143,Kanpur,Assam,East,Regular,2026-07-24
4755,Chakrika Raval,eiravatiwason@example.com,+911101799207,Agra,Gujarat,West,Premium,2025-09-01
4756,Vanya Divan,mprasad@example.org,+915657329460,Jalgaon,Uttar Pradesh,North,Regular,2024-02-08
4757,Hema Goyal,okashyap@example.net,4726970727,Bongaigaon,Karnataka,South,New,2025-09-22
4758,Samesh Guha,purivansha@example.net,00783886558,Tiruppur,Himachal Pradesh,North,Regular,2024-09-03
4759,Chandani Rao,jpadmanabhan@example.org,9753396886,Jabalpur,Telangana,South,Premium,2026-03-12
4760,Harinakshi Rao,revasampath@example.net,9714689896,Bikaner,Delhi,North,Occasional,2022-10-23
4761,Geetika Madan,narasimhanjyoti@example.com,+918348403628,North Dumdum,Tamil Nadu,South,Occasional,2024-08-05
4762,Abha Subramanian,vasatikaahuja@example.net,+916898121185,Muzaffarnagar,Uttar Pradesh,North,New,2023-10-24
4763,Nihal Pingle,traju@example.com,+919525630800,Vadodara,Bihar,East,Occasional,2026-02-01
4764,Aryan Sethi,imaran26@example.net,0091031280,Ajmer,Kerala,South,Occasional,2023-08-16
4765,Baghyawati Seth,lavanya22@example.com,6407638631,Ambattur,Maharashtra,West,Regular,2025-02-20
4766,Januja Murthy,urishilla06@example.org,7805407129,Tezpur,Chhattisgarh,Central,Premium,2023-09-12
4767,Faris Swaminathan,fdhawan@example.com,8731450331,Guntur,Jharkhand,East,New,2022-08-25
4768,Omkaar Naik,pratyushdivan@example.org,1274993919,Chennai,Bihar,East,Occasional,2023-07-05
4769,Girik De,chatura17@example.org,+914467795268,Katihar,Jharkhand,East,New,2025-09-30
4770,Netra Vaidya,nadkarniadya@example.org,+918291969880,Gangtok,Madhya Pradesh,West,Regular,2026-06-14
4771,Ekalinga Sule,badaljackson@example.com,1977074434,Guna,Andhra Pradesh,South,Regular,2026-04-22
4772,Gabriel Shukla,jackmander@example.com,00564202446,Bhatpara,Himachal Pradesh,North,New,2026-07-04
4773,Kala Dhawan,noah92@example.com,+910904258432,Maheshtala,Himachal Pradesh,North,New,2024-11-01
4774,Baljiwan Srinivasan,jdesai@example.com,01463327884,Muzaffarnagar,Karnataka,South,Regular,2025-09-05
4775,Abhiram Sarkar,hprasad@example.net,02572492598,Erode,Delhi,North,Regular,2022-09-20
4776,Caleb Rana,bkunda@example.net,+911644237014,Naihati,Maharashtra,West,Regular,2023-09-27
4777,Dominic Basu,indrajit77@example.com,08612358766,Singrauli,Bihar,East,Occasional,2026-04-22
4778,Frederick Chacko,xkhosla@example.org,+916253786307,Jamshedpur,Jharkhand,East,Regular,2025-03-20
4779,Jatin Ramanathan,dvyas@example.org,+912316495864,Kumbakonam,Odisha,East,New,2025-04-14
4780,Alexander Kale,subramaniangirindra@example.net,06010995872,Sagar,West Bengal,East,New,2022-10-07
4781,Fariq Kibe,akata@example.org,+910519681469,Bangalore,Gujarat,West,Occasional,2022-11-17
4782,Adya Khalsa,neelimajhaveri@example.org,02438224429,Vasai-Virar,Uttarakhand,Central,Regular,2024-07-02
4783,Chameli Chandran,godadevika@example.org,7526066543,Navi Mumbai,Chhattisgarh,Central,Premium,2024-03-16
4784,Nimrat Khare,ssrinivasan@example.org,1942285220,Kollam,Delhi,North,Regular,2023-07-24
4785,Abdul Rama,vincentbhasin@example.com,+914782773457,Anantapuram,Gujarat,West,Regular,2023-08-09
4786,Madhav Sant,nmuni@example.net,8351991773,Chinsurah,Uttar Pradesh,North,Regular,2024-05-31
4787,Priya Gandhi,samarth77@example.org,05744153966,Hajipur,Jharkhand,East,New,2024-05-02
4788,Chaitanya Mohan,abdul18@example.com,+914968736894,Eluru,Maharashtra,West,New,2025-12-06
4789,Wahab Mangal,georgeraja@example.com,05031093888,Tadipatri,Chhattisgarh,Central,New,2022-12-24
4790,Rehaan Shah,vkari@example.com,08988019622,Bareilly,West Bengal,East,Premium,2024-02-27
4791,Harshil Chaudhary,gangakhurana@example.com,+914444072111,Imphal,Kerala,South,New,2023-09-25
4792,Mekhala Sethi,nirja11@example.org,3530193633,Gudivada,Bihar,East,Regular,2025-02-08
4793,Vamakshi Som,ttailor@example.com,+912765149241,Allahabad,Tamil Nadu,South,Regular,2024-09-06
4794,Balendra Bahl,frado81@example.net,+916620666102,Jodhpur,Kerala,South,Premium,2026-01-08
4795,Anjali Pau,tiwariyatan@example.com,07310110600,Chennai,Karnataka,South,Premium,2023-01-01
4796,Urvashi Kapur,ybassi@example.org,+914555195132,Guntur,Jharkhand,East,Regular,2025-10-19
4797,Gauri Basak,daravanya@example.net,0569490457,Pallavaram,Maharashtra,West,New,2024-05-27
4798,Shivansh Pandya,gillagastya@example.org,05158284365,Guna,Jammu & Kashmir,Central,Regular,2023-02-12
4799,Lipika Subramanian,alka30@example.org,08911745618,Rajkot,Karnataka,South,Premium,2025-09-10
4800,Kashvi Lala,loyalyashoda@example.org,05768254132,Anantapuram,West Bengal,East,Regular,2023-04-24
4801,Balendra Sridhar,jborra@example.net,03939578476,Delhi,Punjab,North,Premium,2025-07-06
4802,Xalak Prashad,zlalla@example.com,5313867823,Mangalore,Rajasthan,North,New,2024-01-22
4803,Anita Divan,vamakshiminhas@example.org,01717573228,Bhiwani,Odisha,East,Regular,2026-07-14
4804,Imaran Morar,amolbera@example.org,7340362756,Adoni,Himachal Pradesh,North,Regular,2023-01-29
4805,Kabir Menon,tristandhillon@example.com,04520826075,Amroha,Maharashtra,West,Premium,2024-01-30
4806,Faqid Chaudhari,fbal@example.net,+914036036082,Hazaribagh,Maharashtra,West,New,2025-11-04
4807,Sachi Parmar,vaishnavi55@example.net,+918109319938,Kamarhati,Rajasthan,North,Premium,2023-01-31
4808,Quincy Kashyap,kariwridesh@example.com,6268503850,Agartala,Himachal Pradesh,North,New,2024-02-27
4809,Chandran Cherian,brarnidra@example.net,+912900042199,Hindupur,Madhya Pradesh,West,Regular,2026-01-16
4810,Vritti Hari,isaiahgoswami@example.com,06142062140,Agartala,Uttarakhand,Central,Regular,2024-04-04
4811,Brinda Dass,tandonishaan@example.net,+915223128415,Jaunpur,Andhra Pradesh,South,Premium,2025-01-23
4812,Ishanvi Parmer,jagvikothari@example.org,02547595762,Adoni,Jharkhand,East,Premium,2024-08-25
4813,Hitesh Vig,knarang@example.net,2817026245,Warangal,Andhra Pradesh,South,Premium,2023-05-14
4814,Upkaar Buch,isem@example.org,3888461086,South Dumdum,Bihar,East,Regular,2023-04-01
4815,Fariq Manda,sagarrajeshri@example.net,02505562975,Giridih,Andhra Pradesh,South,Occasional,2024-05-04
4816,Aachal D’Alia,hgandhi@example.net,5155388469,Karnal,Kerala,South,New,2023-08-01
4817,Chaaya Shetty,lekhaom@example.net,+917661131761,Orai,Goa,West,Regular,2026-02-16
4818,Jasmit Agate,yamini70@example.net,02840106764,Panipat,Madhya Pradesh,West,New,2025-10-19
4819,Pavani Basu,dalbirbhatnagar@example.net,03285658090,Patiala,Chhattisgarh,Central,Occasional,2022-10-02
4820,Ijaya Kapadia,oni50@example.org,+914030703088,Panipat,Kerala,South,Regular,2024-10-16
4821,Viraj Mukherjee,urishillasachar@example.org,9560897365,Unnao,Madhya Pradesh,West,New,2025-10-14
4822,Odika Bhargava,chadbachittar@example.net,03990163587,Vasai-Virar,Madhya Pradesh,West,Regular,2024-06-26
4823,Anmol Bhagat,divyajain@example.org,+919584034499,Jehanabad,Madhya Pradesh,West,Regular,2023-09-13
4824,Aarush D’Alia,sshenoy@example.net,00354492530,Saharsa,Jharkhand,East,Regular,2024-02-29
4825,Ranveer Nair,indrajit26@example.net,00089387559,Hosur,Chhattisgarh,Central,Regular,2025-09-28
4826,Maya Ravi,mmajumdar@example.org,07387502787,Pali,Telangana,South,Regular,2026-03-13
4827,Chakrika Uppal,sentara@example.com,05848911661,New Delhi,Uttarakhand,Central,Occasional,2023-04-23
4828,Waida Manne,quincyborah@example.net,1431509707,Varanasi,Uttarakhand,Central,Regular,2025-05-17
4829,Nachiket Kalla,pranav50@example.net,6183038628,Kishanganj,Bihar,East,Regular,2023-04-07
4830,Nathaniel Kunda,bhaktaubika@example.net,+916931324191,Faridabad,Maharashtra,West,Premium,2025-03-23
4831,Kabir Pai,sahaudarsh@example.org,4534210558,Madurai,Goa,West,Occasional,2025-07-04
4832,Jason Bassi,chaturaparikh@example.org,00344184404,Sasaram,Uttarakhand,Central,Regular,2025-03-18
4833,Watika Pant,anjali05@example.net,5586445264,Bharatpur,Kerala,South,Premium,2025-08-09
4834,Nitesh Jhaveri,krishanjali@example.org,1628844835,Naihati,Andhra Pradesh,South,Occasional,2022-09-18
4835,Chandani Agrawal,bedinathaniel@example.com,+913332961930,Mira-Bhayandar,Gujarat,West,Occasional,2023-07-19
4836,Abhiram Rama,sanaya39@example.net,08008174411,Kalyan-Dombivli,Himachal Pradesh,North,Regular,2022-10-17
4837,Naksh Khosla,merchantneha@example.com,02981997883,Sasaram,Jammu & Kashmir,Central,Regular,2025-11-15
4838,Rehaan Majumdar,singhrachita@example.com,+913602919305,Bhatpara,Chhattisgarh,Central,Premium,2025-05-02
4839,Faras Bhasin,aishani65@example.org,08826523430,Kalyan-Dombivli,Chhattisgarh,Central,Regular,2024-08-04
4840,Joshua Pall,kamalarajagopalan@example.net,+910352415447,Saharsa,Jharkhand,East,Regular,2024-04-01
4841,Abeer Contractor,anmolvohra@example.org,9211634701,Bharatpur,Andhra Pradesh,South,Regular,2022-11-30
4842,William Varma,kevin93@example.net,03176197301,Coimbatore,Jammu & Kashmir,Central,New,2023-09-06
4843,Chakradev Menon,narayanannisha@example.com,8586490796,Siwan,Himachal Pradesh,North,Regular,2023-01-05
4844,Anika Grewal,chandaomisha@example.net,+913401663313,Muzaffarnagar,Delhi,North,Regular,2023-12-04
4845,Rishi Ratti,tandonbrinda@example.com,8998358744,Kollam,Haryana,North,New,2025-11-21
4846,Amrita Bhatnagar,nprasad@example.org,6489704640,Raipur,Odisha,East,Regular,2023-02-15
4847,Farhan Iyengar,vinayabedi@example.net,4726216315,Surendranagar Dudhrej,Karnataka,South,Regular,2025-11-17
4848,Gagan Pandey,zmani@example.org,05136493016,Serampore,Haryana,North,Premium,2025-12-01
4849,Qushi Sarraf,dayamaikhalsa@example.com,7014927910,Gandhinagar,Assam,East,Occasional,2026-05-18
4850,Deepa Divan,ramakrishnanmekhala@example.net,+914636430449,Narasaraopet,Madhya Pradesh,West,Regular,2025-03-27
4851,Tanmayi Chandra,ridhi60@example.com,00012800243,Miryalaguda,Kerala,South,Regular,2024-06-09
4852,Balhaar Aurora,janyakalita@example.org,03659470281,Udaipur,Chhattisgarh,Central,Occasional,2026-01-29
4853,Leela Narula,pavani79@example.net,01468574945,Kadapa,Karnataka,South,Regular,2025-06-09
4854,Ekaja Batta,samarranganathan@example.com,0922735587,Amroha,Jammu & Kashmir,Central,Regular,2024-12-04
4855,Matthew Nigam,zgulati@example.net,7468639840,Satna,Jammu & Kashmir,Central,Premium,2023-03-27
4856,Pranit Thakur,tarak93@example.net,+913403607377,Tiruvottiyur,Bihar,East,Occasional,2023-07-04
4857,Lopa Borah,chandreshrajagopal@example.com,0028807338,Faridabad,Andhra Pradesh,South,Regular,2026-07-17
4858,Bina Tailor,gaurang61@example.org,+916528939335,Imphal,Uttar Pradesh,North,New,2023-10-23
4859,Aadhya Memon,neel57@example.com,+913772043934,Dhule,Madhya Pradesh,West,Premium,2025-10-10
4860,Kala Chaudry,madhavi87@example.net,01395038543,Khandwa,Rajasthan,North,New,2022-09-05
4861,Zansi Bora,onveeragarwal@example.net,06721625685,Siwan,Jharkhand,East,Premium,2024-04-13
4862,Shivansh Misra,jnarasimhan@example.com,+918086105726,Ulhasnagar,Andhra Pradesh,South,New,2024-11-20
4863,Megha Buch,meghana54@example.org,1051065688,Bahraich,Goa,West,New,2024-10-02
4864,Oliver Raju,ishani99@example.net,9331299315,Sambalpur,Haryana,North,Regular,2023-08-27
4865,Anthony Nayar,samranirja@example.net,02343194657,Srikakulam,Telangana,South,Regular,2026-07-17
4866,Oni Manne,megha24@example.net,+911435603411,Haldia,Gujarat,West,Regular,2026-02-21
4867,Gaurangi Mallick,dixityachana@example.org,9493055340,Guntakal,Kerala,South,Regular,2023-05-21
4868,Sudiksha Mangal,maharajhitesh@example.org,05753395157,Haldia,Haryana,North,Premium,2023-11-29
4869,Ucchal Thakkar,haldergirik@example.org,06530722995,Ulhasnagar,Maharashtra,West,Premium,2022-09-06
4870,Sanaya Garg,hardikkuruvilla@example.net,9755596841,Begusarai,Uttarakhand,Central,Occasional,2022-11-26
4871,Udyati Nayak,jaurora@example.net,06920283528,Burhanpur,Odisha,East,Regular,2025-01-10
4872,Falguni Raj,nsodhi@example.net,+915841714796,Jodhpur,Assam,East,Occasional,2026-01-29
4873,Unnati Rao,jagdish52@example.org,+915083686067,Tirupati,Punjab,North,Regular,2025-02-25
4874,Advika Chada,khannajeevika@example.net,9270069821,Medininagar,Tamil Nadu,South,Premium,2025-02-10
4875,Bhavani Nadig,sarraflakshmi@example.org,08644998159,Navi Mumbai,Odisha,East,Regular,2022-11-10
4876,Vasatika Madan,bhavikabehl@example.org,+919702063483,Rajahmundry,Goa,West,Regular,2025-04-27
4877,Robert Lanka,paunicholas@example.org,+918674171448,Tadipatri,Maharashtra,West,Regular,2023-11-30
4878,Ekalinga Konda,gauri68@example.com,08616248438,Ahmednagar,Uttar Pradesh,North,New,2022-08-24
4879,Zayan Mangal,vigeiravati@example.net,+912386739796,Indore,Chhattisgarh,Central,New,2025-07-24
4880,Aadi Sur,mannanbalendra@example.org,+912631251776,Vellore,Haryana,North,Regular,2024-11-06
4881,Jai Khatri,pateldaksh@example.net,04240128273,Arrah,Madhya Pradesh,West,Regular,2026-04-13
4882,Gagan Deep,yutika87@example.org,05702445209,Sagar,Jharkhand,East,Regular,2023-11-09
4883,Kashish Merchant,pauadvay@example.org,9851685052,Thoothukudi,Uttarakhand,Central,Regular,2024-10-21
4884,Anthony Setty,sanyadoctor@example.org,8225746544,Chinsurah,Bihar,East,Occasional,2023-09-12
4885,Chakrika Rana,gabawazir@example.com,+917026726018,Noida,Assam,East,Regular,2023-06-15
4886,Bina Mutti,takagastya@example.com,8248149441,Kochi,Odisha,East,Regular,2024-11-02
4887,Odika Krishna,upasna09@example.com,4965459000,Unnao,Maharashtra,West,New,2024-04-20
4888,Chakradev Chanda,tejas48@example.com,+919814897839,Srikakulam,Assam,East,New,2023-08-23
4889,Turvi Comar,ibandi@example.net,+912801332780,Chandigarh,Uttar Pradesh,North,New,2022-08-16
4890,Chanchal Vaidya,ubikasuresh@example.org,06719495568,Vijayawada,Uttar Pradesh,North,Regular,2026-05-26
4891,Nisha Ben,atharv38@example.com,03596623546,Pudukkottai,West Bengal,East,Regular,2025-09-15
4892,Samar Sastry,vde@example.net,07405793760,Karaikudi,Tamil Nadu,South,New,2024-02-16
4893,Jhalak Dhaliwal,bariajoshua@example.com,01412258048,Tezpur,Himachal Pradesh,North,Regular,2024-12-01
4894,Ishwar Aggarwal,janya96@example.com,2878418567,Thrissur,Assam,East,Regular,2024-02-21
4895,Lila Ganesh,labansalvi@example.com,7244438077,Bhilwara,Jammu & Kashmir,Central,Occasional,2023-05-09
4896,Chaitaly Natarajan,mohantyshravya@example.net,07644150795,Thiruvananthapuram,Goa,West,New,2023-05-19
4897,Libni Dayal,orinder87@example.net,+916944424987,Patiala,Rajasthan,North,Regular,2023-03-24
4898,Zansi Mangal,gbhatt@example.org,4513029990,Nagpur,Karnataka,South,Occasional,2024-01-08
4899,Krish Bal,oeshi25@example.org,07521497421,Bhusawal,Uttar Pradesh,North,Regular,2023-06-25
4900,Arya Ramakrishnan,osanghvi@example.com,00760694202,South Dumdum,Delhi,North,Regular,2025-06-06
4901,Jyoti Dass,anvidasgupta@example.com,4979847401,Karawal Nagar,Karnataka,South,Regular,2025-05-18
4902,Veer Bahl,agrawalvivaan@example.com,01494923611,Jaunpur,Punjab,North,Regular,2024-05-07
4903,Sara Sibal,ekavirkapadia@example.net,+914117027293,Etawah,Chhattisgarh,Central,Premium,2024-09-04
4904,Xavier Dubey,esule@example.com,7502483991,Agra,Andhra Pradesh,South,Premium,2025-01-14
4905,Faraj Nazareth,zansi92@example.net,+917752235655,Satna,Andhra Pradesh,South,Regular,2026-02-20
4906,Lucky Tandon,avni10@example.com,05858834625,Jalna,Chhattisgarh,Central,Regular,2026-07-24
4907,Ekapad Choudhury,jthaman@example.org,+918125954250,Sambalpur,Chhattisgarh,Central,Regular,2023-02-03
4908,Krish Samra,arinmahajan@example.com,+914890804947,Kollam,Kerala,South,Regular,2023-11-21
4909,Warjas Bhagat,bramaswamy@example.com,+914523692382,Vadodara,Jammu & Kashmir,Central,Occasional,2023-11-16
4910,Advay Goswami,darsh28@example.net,06830537894,Giridih,Himachal Pradesh,North,New,2026-04-07
4911,Pahal Thaman,warriorlipika@example.com,8646659352,Nagaon,Karnataka,South,New,2024-11-05
4912,Harish Gaba,dugalnaveen@example.net,00119235737,Kavali,Karnataka,South,Regular,2024-02-28
4913,Kamala Barad,ghosenakul@example.com,1967031053,Kochi,Uttarakhand,Central,Premium,2023-08-07
4914,Manan Bail,yug37@example.net,05312847943,Gwalior,Jammu & Kashmir,Central,Regular,2025-11-19
4915,Faris Ravel,rkurian@example.com,4507421787,Bhopal,Goa,West,New,2024-03-01
4916,Urishilla Parekh,gautamitaneja@example.com,8364928966,Bangalore,Telangana,South,Regular,2022-10-28
4917,Veer Anand,srivastavanitesh@example.org,2653538218,Bhopal,Odisha,East,New,2026-03-28
4918,Bhavini Deshpande,viraj21@example.com,04935494109,Serampore,Delhi,North,Regular,2024-12-03
4919,Vinaya Saran,zrandhawa@example.org,7099935427,Cuttack,West Bengal,East,Premium,2024-10-21
4920,Fiyaz Shetty,fbanik@example.com,+913096694162,Kulti,Maharashtra,West,New,2025-03-04
4921,Jatin Narayan,ghayre@example.com,+910596160505,Shahjahanpur,Maharashtra,West,Occasional,2023-02-02
4922,Zansi Jani,sbarman@example.net,+910819822283,Miryalaguda,Haryana,North,Premium,2024-01-10
4923,Advay Ravel,indali64@example.org,05819723961,Ramagundam,Assam,East,New,2025-04-21
4924,Parth Sarkar,rattaraksha@example.org,+916605389445,Durg,Rajasthan,North,Regular,2023-04-27
4925,Ekantika Master,kandanaveen@example.org,01535795394,Bharatpur,Jharkhand,East,Regular,2025-03-22
4926,Ikbal Nagy,nagardeepa@example.com,+916531933665,Mumbai,Goa,West,Premium,2025-03-07
4927,Anjali Ravi,dharyutika@example.org,04391322556,Dhanbad,Goa,West,Premium,2023-08-19
4928,Isaiah Master,damini78@example.org,04374826232,Jalandhar,Karnataka,South,Premium,2023-01-17
4929,Yamini Ramesh,indiraborah@example.org,07043124021,Pimpri-Chinchwad,Himachal Pradesh,North,Regular,2024-12-25
4930,Baghyawati Dua,lallageorge@example.com,+910191540224,Vijayanagaram,Madhya Pradesh,West,Regular,2025-04-01
4931,Advay Mukherjee,nhayer@example.net,+910026839700,Jhansi,Madhya Pradesh,West,New,2023-09-06
4932,Rehaan Yadav,andrajackson@example.org,01150647566,Jammu,Madhya Pradesh,West,Regular,2023-10-03
4933,Ekbal Buch,srinivasanmeghana@example.net,07340361840,Bareilly,Madhya Pradesh,West,Occasional,2025-03-17
4934,Anita Saran,bediyochana@example.org,+918465032077,Machilipatnam,Kerala,South,Regular,2023-10-14
4935,Falguni Sankar,veer31@example.net,07684638834,Dhule,Andhra Pradesh,South,Regular,2026-01-04
4936,Ekbal Viswanathan,devika50@example.net,+915284312954,Jamshedpur,Gujarat,West,Regular,2025-07-09
4937,Wriddhish Prakash,deepaseshadri@example.org,3900672825,Tumkur,Karnataka,South,Regular,2023-07-30
4938,Qabil Jhaveri,gavinchadha@example.org,+917734217697,Faridabad,Madhya Pradesh,West,Regular,2025-12-08
4939,Janya Gandhi,ayushmannarasimhan@example.net,7988455427,Delhi,Bihar,East,Regular,2026-04-19
4940,Nirja Kaul,toorfaqid@example.net,3281595726,Haldia,Gujarat,West,Regular,2024-02-02
4941,Ucchal Rau,omgavin@example.net,+917972882463,Miryalaguda,Uttarakhand,Central,Regular,2025-06-11
4942,Tejas Dhillon,bhargavagarima@example.com,05768017829,Bhusawal,Madhya Pradesh,West,Regular,2025-06-09
4943,Fitan Pandya,harrison96@example.com,08169172314,Bilaspur,Andhra Pradesh,South,Occasional,2024-10-07
4944,Yatin Palla,zilmil13@example.com,+912689200582,Pudukkottai,Haryana,North,Occasional,2023-02-19
4945,Shravya Manne,dhruv81@example.com,09507141580,Erode,Haryana,North,New,2023-08-23
4946,Karan Brahmbhatt,sekhonmanbir@example.net,8435979035,Hapur,Uttarakhand,Central,Regular,2024-02-09
4947,Oni Thaker,faggarwal@example.com,8403105953,Mirzapur,Uttarakhand,Central,New,2023-01-29
4948,Yashica Parsa,lalllogan@example.com,02696682494,Agartala,Madhya Pradesh,West,Regular,2025-08-03
4949,Eta Sarma,qdave@example.com,5840352621,Howrah,Bihar,East,Regular,2024-03-19
4950,Urvashi Mohan,wridesh71@example.org,+913153912040,Machilipatnam,Assam,East,Regular,2023-11-03
4951,Maya Kant,nayaryamini@example.com,0451329311,Malda,Rajasthan,North,Regular,2023-06-18
4952,Bhavani Khalsa,vaidyalajita@example.net,+917012677079,Rajkot,Odisha,East,New,2023-01-21
4953,Praneel Lad,gaganmorar@example.com,6820401807,Kavali,Kerala,South,Premium,2023-10-15
4954,Akshay Sachdev,kavya34@example.com,5765139601,Bareilly,Maharashtra,West,Regular,2024-10-11
4955,Gautam Balakrishnan,varora@example.org,+914727122463,Dehri,Jharkhand,East,Regular,2023-07-28
4956,Chaaya Thaman,ukara@example.org,+918501468977,Etawah,Bihar,East,Occasional,2023-09-23
4957,Yutika Samra,zsankar@example.net,6170277591,Jaipur,Jharkhand,East,New,2023-06-23
4958,Aahana Vora,diyacherian@example.net,6701037756,Bettiah,Uttarakhand,Central,Premium,2024-07-13
4959,Ekaja Mahal,ssrinivasan@example.org,5221976645,Bhind,Bihar,East,Occasional,2025-10-20
4960,Nilima Mammen,turvi00@example.org,06295668051,Adoni,Assam,East,Occasional,2022-12-24
4961,Mason Nadkarni,yutika77@example.net,01268531400,Bokaro,Telangana,South,Premium,2023-11-26
4962,Priya Sood,radhabalakrishnan@example.com,+917136445923,Bardhaman,Andhra Pradesh,South,Premium,2023-08-08
4963,Jagvi Buch,chamelirau@example.org,2559569231,Gorakhpur,Haryana,North,Premium,2026-01-21
4964,Parth Prakash,mbarad@example.com,+918373391848,Lucknow,Punjab,North,New,2026-05-18
4965,Ekansh Narasimhan,majumdarjalsa@example.com,7439002089,Rampur,Uttarakhand,Central,Regular,2026-05-29
4966,Arya Rau,lmalhotra@example.com,4182754307,Barasat,Madhya Pradesh,West,Premium,2022-11-09
4967,Sara Mody,wcherian@example.com,04996472366,Aurangabad,West Bengal,East,Regular,2025-04-16
4968,Ekbal Magar,kaurora@example.com,4049861117,Shimoga,Kerala,South,New,2024-07-26
4969,Jairaj Kumer,ppalla@example.net,06192400120,Adoni,West Bengal,East,Premium,2025-12-28
4970,Ishita Morar,sharmaparth@example.com,03129340472,Srinagar,Tamil Nadu,South,Regular,2024-09-30
4971,Kamala Samra,dhillonoeshi@example.com,+914062096317,Nizamabad,Uttarakhand,Central,Premium,2024-08-09
4972,Gopal Krishnan,radhikasachar@example.net,0098678000,Latur,Odisha,East,Premium,2024-12-16
4973,Rayaan Mannan,gokhaleishita@example.com,01081939015,Lucknow,Assam,East,New,2023-06-20
4974,Omkaar Rege,kashvi19@example.com,03989547690,Tiruchirappalli,Karnataka,South,Occasional,2023-12-17
4975,Udant Cheema,chandran35@example.com,9062248139,Dharmavaram,Jammu & Kashmir,Central,Regular,2024-01-17
4976,Quincy Venkataraman,fdatta@example.com,01140200731,Eluru,Himachal Pradesh,North,New,2025-10-25
4977,Nitesh Purohit,zsuresh@example.com,03917104341,Sikar,Jammu & Kashmir,Central,Regular,2025-06-15
4978,Zayan Tara,saichada@example.com,6114788244,Khammam,Madhya Pradesh,West,New,2023-03-03
4979,Arya Deo,mmerchant@example.net,6945915116,Sambalpur,Haryana,North,Regular,2026-01-04
4980,Yoshita Sarraf,narayangauri@example.org,06230137189,Siliguri,Kerala,South,Regular,2023-01-16
4981,Mekhala Sandal,kiaan68@example.com,+910744014366,Rohtak,Maharashtra,West,Regular,2026-03-27
4982,Advik Edwin,priya66@example.net,05029971893,Amravati,Andhra Pradesh,South,Premium,2025-09-20
4983,Reva Dass,gaurangigala@example.net,08807196314,Tezpur,Chhattisgarh,Central,Premium,2025-03-02
4984,Falan Ramachandran,hdubey@example.org,03908159732,Karaikudi,West Bengal,East,Occasional,2022-11-18
4985,Isaac Chacko,aashi29@example.com,9457299872,Pune,Goa,West,Regular,2025-06-11
4986,Zarna Tailor,savanthemal@example.org,5132909713,Rajpur Sonarpur,Uttarakhand,Central,Regular,2024-09-09
4987,Eiravati Varty,aarinikhare@example.com,4972779134,Dhanbad,Chhattisgarh,Central,Regular,2024-12-16
4988,Yatan Dhawan,zbose@example.com,04568794685,Pali,Delhi,North,Regular,2025-01-25
4989,Yatan Lata,panditmaanas@example.net,0970468322,Rajpur Sonarpur,Assam,East,Premium,2024-08-03
4990,Bhavani Tandon,mohantyishita@example.net,03401099866,Raiganj,Kerala,South,New,2025-07-04
4991,Suhani Handa,sbahl@example.com,4348750029,Ghaziabad,Maharashtra,West,Premium,2025-01-15
4992,Hamsini Bandi,patrick16@example.net,01635772089,Udupi,Jharkhand,East,Regular,2024-05-12
4993,Nimrat Buch,xmitter@example.net,09398216119,Saharsa,Chhattisgarh,Central,Premium,2023-01-21
4994,Aradhana Deshmukh,vwalia@example.org,0830007537,Anantapuram,Assam,East,New,2025-08-25
4995,Urmi Rattan,kiberajeshri@example.org,04433278855,Rohtak,Rajasthan,North,Regular,2023-04-28
4996,Lakshmi Dhawan,ushanker@example.com,+910236031650,Serampore,Andhra Pradesh,South,Regular,2025-06-26
4997,Watika Kanda,balendramurthy@example.org,7718887494,Belgaum,Uttar Pradesh,North,Regular,2024-01-30
4998,Zaitra Dara,mammendaksh@example.net,7319197568,Akola,Chhattisgarh,Central,Occasional,2023-07-14
4999,Amol Loyal,radhika98@example.com,03486547223,Nellore,Tamil Nadu,South,New,2024-04-27
5000,Udarsh Tara,parmerpooja@example.com,08020347233,Bhavnagar,Odisha,East,Regular,2022-09-25
